amino_acid,metal,length,provenance,total_free_energy,spec_50,spec_55,spec_60,spec_65,spec_70,spec_75,spec_80,spec_85,spec_90,spec_95,spec_100,spec_105,spec_110,spec_115,spec_120,spec_125,spec_130,spec_135,spec_140,spec_145,spec_150,spec_155,spec_160,spec_165,spec_170,spec_175,spec_180,spec_185,spec_190,spec_195,spec_200,spec_205,spec_210,spec_215,spec_220,spec_225,spec_230,spec_235,spec_240,spec_245,spec_250,spec_255,spec_260,spec_265,spec_270,spec_275,spec_280,spec_285,spec_290,spec_295,spec_300,spec_305,spec_310,spec_315,spec_320,spec_325,spec_330,spec_335,spec_340,spec_345,spec_350,spec_355,spec_360,spec_365,spec_370,spec_375,spec_380,spec_385,spec_390,spec_395,spec_400,spec_405,spec_410,spec_415,spec_420,spec_425,spec_430,spec_435,spec_440,spec_445,spec_450,spec_455,spec_460,spec_465,spec_470,spec_475,spec_480,spec_485,spec_490,spec_495,spec_500,spec_505,spec_510,spec_515,spec_520,spec_525,spec_530,spec_535,spec_540,spec_545,spec_550,spec_555,spec_560,spec_565,spec_570,spec_575,spec_580,spec_585,spec_590,spec_595,spec_600,spec_605,spec_610,spec_615,spec_620,spec_625,spec_630,spec_635,spec_640,spec_645,spec_650,spec_655,spec_660,spec_665,spec_670,spec_675,spec_680,spec_685,spec_690,spec_695,spec_700,spec_705,spec_710,spec_715,spec_720,spec_725,spec_730,spec_735,spec_740,spec_745,spec_750,spec_755,spec_760,spec_765,spec_770,spec_775,spec_780,spec_785,spec_790,spec_795,spec_800,spec_805,spec_810,spec_815,spec_820,spec_825,spec_830,spec_835,spec_840,spec_845,spec_850,spec_855,spec_860,spec_865,spec_870,spec_875,spec_880,spec_885,spec_890,spec_895,spec_900,spec_905,spec_910,spec_915,spec_920,spec_925,spec_930,spec_935,spec_940,spec_945,spec_950,spec_955,spec_960,spec_965,spec_970,spec_975,spec_980,spec_985,spec_990,spec_995,spec_1000,spec_1005,spec_1010,spec_1015,spec_1020,spec_1025,spec_1030,spec_1035,spec_1040,spec_1045,spec_1050,spec_1055,spec_1060,spec_1065,spec_1070,spec_1075,spec_1080,spec_1085,spec_1090,spec_1095,spec_1100,spec_1105,spec_1110,spec_1115,spec_1120,spec_1125,spec_1130,spec_1135,spec_1140,spec_1145,spec_1150,spec_1155,spec_1160,spec_1165,spec_1170,spec_1175,spec_1180,spec_1185,spec_1190,spec_1195,spec_1200,spec_1205,spec_1210,spec_1215,spec_1220,spec_1225,spec_1230,spec_1235,spec_1240,spec_1245,spec_1250,spec_1255,spec_1260,spec_1265,spec_1270,spec_1275,spec_1280,spec_1285,spec_1290,spec_1295,spec_1300,spec_1305,spec_1310,spec_1315,spec_1320,spec_1325,spec_1330,spec_1335,spec_1340,spec_1345,spec_1350,spec_1355,spec_1360,spec_1365,spec_1370,spec_1375,spec_1380,spec_1385,spec_1390,spec_1395,spec_1400,spec_1405,spec_1410,spec_1415,spec_1420,spec_1425,spec_1430,spec_1435,spec_1440,spec_1445,spec_1450,spec_1455,spec_1460,spec_1465,spec_1470,spec_1475,spec_1480,spec_1485,spec_1490,spec_1495,spec_1500,spec_1505,spec_1510,spec_1515,spec_1520,spec_1525,spec_1530,spec_1535,spec_1540,spec_1545,spec_1550,spec_1555,spec_1560,spec_1565,spec_1570,spec_1575,spec_1580,spec_1585,spec_1590,spec_1595,spec_1600,spec_1605,spec_1610,spec_1615,spec_1620,spec_1625,spec_1630,spec_1635,spec_1640,spec_1645,spec_1650,spec_1655,spec_1660,spec_1665,spec_1670,spec_1675,spec_1680,spec_1685,spec_1690,spec_1695,spec_1700,spec_1705,spec_1710,spec_1715,spec_1720,spec_1725,spec_1730,spec_1735,spec_1740,spec_1745,spec_1750,spec_1755,spec_1760,spec_1765,spec_1770,spec_1775,spec_1780,spec_1785,spec_1790,spec_1795,spec_1800,spec_1805,spec_1810,spec_1815,spec_1820,spec_1825,spec_1830,spec_1835,spec_1840,spec_1845,spec_1850,spec_1855,spec_1860,spec_1865,spec_1870,spec_1875,spec_1880,spec_1885,spec_1890,spec_1895,spec_1900,spec_1905,spec_1910,spec_1915,spec_1920,spec_1925,spec_1930,spec_1935,spec_1940,spec_1945,spec_1950,spec_1955,spec_1960,spec_1965,spec_1970,spec_1975,spec_1980,spec_1985,spec_1990,spec_1995,spec_2000,spec_2005,spec_2010,spec_2015,spec_2020,spec_2025,spec_2030,spec_2035,spec_2040,spec_2045,spec_2050,spec_2055,spec_2060,spec_2065,spec_2070,spec_2075,spec_2080,spec_2085,spec_2090,spec_2095,spec_2100,spec_2105,spec_2110,spec_2115,spec_2120,spec_2125,spec_2130,spec_2135,spec_2140,spec_2145,spec_2150,spec_2155,spec_2160,spec_2165,spec_2170,spec_2175,spec_2180,spec_2185,spec_2190,spec_2195,spec_2200,spec_2205,spec_2210,spec_2215,spec_2220,spec_2225,spec_2230,spec_2235,spec_2240,spec_2245,spec_2250,spec_2255,spec_2260,spec_2265,spec_2270,spec_2275,spec_2280,spec_2285,spec_2290,spec_2295,spec_2300,spec_2305,spec_2310,spec_2315,spec_2320,spec_2325,spec_2330,spec_2335,spec_2340,spec_2345,spec_2350,spec_2355,spec_2360,spec_2365,spec_2370,spec_2375,spec_2380,spec_2385,spec_2390,spec_2395,spec_2400,spec_2405,spec_2410,spec_2415,spec_2420,spec_2425,spec_2430,spec_2435,spec_2440,spec_2445,spec_2450,spec_2455,spec_2460,spec_2465,spec_2470,spec_2475,spec_2480,spec_2485,spec_2490,spec_2495,spec_2500,spec_2505,spec_2510,spec_2515,spec_2520,spec_2525,spec_2530,spec_2535,spec_2540,spec_2545,spec_2550,spec_2555,spec_2560,spec_2565,spec_2570,spec_2575,spec_2580,spec_2585,spec_2590,spec_2595,spec_2600,spec_2605,spec_2610,spec_2615,spec_2620,spec_2625,spec_2630,spec_2635,spec_2640,spec_2645,spec_2650,spec_2655,spec_2660,spec_2665,spec_2670,spec_2675,spec_2680,spec_2685,spec_2690,spec_2695,spec_2700,spec_2705,spec_2710,spec_2715,spec_2720,spec_2725,spec_2730,spec_2735,spec_2740,spec_2745,spec_2750,spec_2755,spec_2760,spec_2765,spec_2770,spec_2775,spec_2780,spec_2785,spec_2790,spec_2795,spec_2800,spec_2805,spec_2810,spec_2815,spec_2820,spec_2825,spec_2830,spec_2835,spec_2840,spec_2845,spec_2850,spec_2855,spec_2860,spec_2865,spec_2870,spec_2875,spec_2880,spec_2885,spec_2890,spec_2895,spec_2900,spec_2905,spec_2910,spec_2915,spec_2920,spec_2925,spec_2930,spec_2935,spec_2940,spec_2945,spec_2950,spec_2955,spec_2960,spec_2965,spec_2970,spec_2975,spec_2980,spec_2985,spec_2990,spec_2995,spec_3000,spec_3005,spec_3010,spec_3015,spec_3020,spec_3025,spec_3030,spec_3035,spec_3040,spec_3045,spec_3050,spec_3055,spec_3060,spec_3065,spec_3070,spec_3075,spec_3080,spec_3085,spec_3090,spec_3095,spec_3100,spec_3105,spec_3110,spec_3115,spec_3120,spec_3125,spec_3130,spec_3135,spec_3140,spec_3145,spec_3150,spec_3155,spec_3160,spec_3165,spec_3170,spec_3175,spec_3180,spec_3185,spec_3190,spec_3195,spec_3200,spec_3205,spec_3210,spec_3215,spec_3220,spec_3225,spec_3230,spec_3235,spec_3240,spec_3245,spec_3250,spec_3255,spec_3260,spec_3265,spec_3270,spec_3275,spec_3280,spec_3285,spec_3290,spec_3295,spec_3300,spec_3305,spec_3310,spec_3315,spec_3320,spec_3325,spec_3330,spec_3335,spec_3340,spec_3345,spec_3350,spec_3355,spec_3360,spec_3365,spec_3370,spec_3375,spec_3380,spec_3385,spec_3390,spec_3395,spec_3400,spec_3405,spec_3410,spec_3415,spec_3420,spec_3425,spec_3430,spec_3435,spec_3440,spec_3445,spec_3450,spec_3455,spec_3460,spec_3465,spec_3470,spec_3475,spec_3480,spec_3485,spec_3490,spec_3495,spec_3500,spec_3505,spec_3510,spec_3515,spec_3520,spec_3525,spec_3530,spec_3535,spec_3540,spec_3545,spec_3550,spec_3555,spec_3560,spec_3565,spec_3570,spec_3575,spec_3580,spec_3585,spec_3590,spec_3595,spec_3600,spec_3605,spec_3610,spec_3615,spec_3620,spec_3625,spec_3630,spec_3635,spec_3640,spec_3645,spec_3650,spec_3655,spec_3660,spec_3665,spec_3670,spec_3675,spec_3680,spec_3685,spec_3690,spec_3695,spec_3700,spec_3705,spec_3710,spec_3715,spec_3720,spec_3725,spec_3730,spec_3735,spec_3740,spec_3745,spec_3750,spec_3755,spec_3760,spec_3765,spec_3770,spec_3775,spec_3780,spec_3785,spec_3790,spec_3795,spec_3800,spec_3805,spec_3810,spec_3815,spec_3820,spec_3825,spec_3830,spec_3835,spec_3840,spec_3845,spec_3850,spec_3855,spec_3860,spec_3865,spec_3870,spec_3875,spec_3880,spec_3885,spec_3890,spec_3895,spec_3900,spec_3905,spec_3910,spec_3915,spec_3920,spec_3925,spec_3930,spec_3935,spec_3940,spec_3945,spec_3950,spec_3955,spec_3960,spec_3965,spec_3970,spec_3975,spec_3980,spec_3985,spec_3990,spec_3995,spec_4000
A,Co+2,1,xtb,-49.1277,36.5145,0,0,1.04418,0,5.67296,0,1.77487,0,0,0,16.2241,0,0,4.75714,0,0.44076,0,16.7866,0,11.3063,0,7.78738,4.89664,0,0,25.463,2.51589,0,0,19.9593,0,2.97087,0,29.8199,0,0,11.1854,0,0,0,12.3663,0,0,182.718,0,0,30.0033,9.66162,0,25.6992,0,0,38.927,0,0,0,0,155.121,3.79864,0,0,0,0,0,0,0,0,0,0,42.8883,0,0,0,0,0,0,78.3857,0,0,0,0,0,0,51.2582,0,66.2227,0,0,0,21.2823,0,0,77.5146,0,174.225,0,0,0,0,124.589,0,0,98.6367,0,0,0,232.886,0,291.497,0,0,0,0,360.467,0,0,0,0,0,0,0,319.207,0,0,0,252.891,0,0,0,0,0,0,0,0,184.262,0,0,0,0,0,0,0,0,0,0,0,0,0,0,0,0,0,49.9859,0,0,0,0,0,0,0,0,0,0,0,0,0,0,0,0,0,0,0,0,0,0,0,0,0,0,6.62761,0,0,0,0,0,0,0,0,0,0,2.13855,0,0,0,0,0,0,0,0,0,0,0,16.0211,0,0,0,0,0,0,9.77375,0,0,0,142.18,0,0,0,0,53.1215,0,0,0,0,0,0,0,0,0,14.5265,0,0,0,0,0,0,0,0.89437,0,0,0,0,0,0,72.5542,0,0,0,0,0,0,0,0,0,0,118.257,0,0,0,0,0,0,0,0,0,0,0,0,0,0,0,0,15.3504,0,0,0,0,0,0,0,0,0,157.959,1.47553,31.6251,0,241.483,94.7001,286.688,0,0,127.803,0,0,0,0,0,0,0,0,0,0,0,0,0,0,0,0,0,0,0,0,0,0,0,0,0,0,0,0,0,0,0,0,0,0,0,0,0,0,0,0,0,0,0,0,0,0,519.531,0,0,0,0,0,0,0,0,0,0,0,0,0,0,0,0,0,0,0,0,0,0,0,0,0,0,0,0,0,0,0,0,0,0,0,0,0,0,0,0,0,0,0,0,0,0,0,0,0,0,0,0,0,0,0,0,0,0,0,0,0,0,0,0,0,0,0,0,0,0,0,0,0,0,0,0,0,0,0,0,0,0,0,0,0,0,0,0,0,0,0,0,0,0,0,0,0,0,0,0,0,0,0,0,0,0,0,0,0,0,0,0,0,0,0,0,0,0,0,0,0,0,0,0,0,0,0,0,0,0,0,0,0,0,0,0,0,0,0,0,0,0,0,0,0,0,0,0,0,0,0,0,0,0,0,0,0,0,0,0,0,0,0,0,0,0,0,0,0,0,0,0,0,0,0,0,0,0,0,0,0,0,0,0,0,0,0,0,0,0,0,0,0,0,0,0,0,0,0,0,0,0,0,0,0,0,0,0,0,0,0,0,0,0,0,0,0,0,0,0,0,0,0,0,0,0,0,0,0,0,0,0,0,0,0,0,0,0,1.95178,0,0,0,0,0,0,0,0,0,0,0,0,0,0,0,0,0,0,0,0,0,0,0,5.70507,4.69197,0,0,3.04107,0,0,0,0,0,0,0,0,0,0,0,0,0,0,0,0,0,0,0,0,0,0,0,0,0,0,0,0,0,0,0,0,0,0,0,0,0,409.22,0,0,0,0,20.0735,0,23.746,0,0,0,0,0,0,0,0,0,0,0,0,0,0,120.631,0,0,0,0,0,0,0,0,0,0,0,0,0,0,0,0,0,0,0,0,0,0,0,0,0,0,96.9706,117.295,0,0,0,87.6228,0,72.1404,69.4649,126.354,0,0,0,58.5976,103.533,0,0,0,34.5512,0,0,0,0,0,0,0,0,0,0,0,0,0,0,0,0,0,0,0,0,0,0,0,0,0,0,0,0,0,0,0,0,0,0,0,0,0,0,0,0,0,0,0,0,0,0,0,0,0,0,0,0,0,0,0,0,0,0,0,0,0,0,0,0,0,0,0,0,0,0,0,0,0,0,0,0,0,0,0,0
A,Cu+2,1,xtb,-39.1701,5.51864,0.42527,0,19.7158,0,0,0,3.09406,0,0,22.2551,0,0,48.7794,0,0,20.913,0,0,6.01924,0,0,0,13.055,0,12.8791,0,0,0,0.05608,0,0.3209,0,0,0,0,0,0,0,0,0.331,0,0,0,0,0,0,0,0,23.4071,0,0,11.4128,0,0,0,0,0,9.68119,0,11.1905,0,0,0,0,0,0,0,0,0,0,0,0,0,0,283.92,0,10.6252,0,0,0,0,0,0,20.0224,0,0,0,8.8972,0,0,0,0,0,0,24.6132,63.8361,0,0,0,0,169.452,0,0,274.951,0,348.215,0,171.718,0,0,0,0,0,0,0,0,0,0,0,0,0,0,0,0,0,66.513,0,0,0,0,0,0,0,0,0,0,225.546,0,0,0,0,0,0,0,0,0,0,0,0,0,0,53.4148,0,0,0,0,0,0,0,0,0,0,0,0,0,0,0,0,0,0,0,0,0,0,0,18.0447,0,0,0,0,0,0,0,0,0,0.24033,0,0,0,62.7944,0,0,0,0,0,0,0,0,0,0,0,0,0,56.0475,0,0,0,0,0,0,28.91,0,0,81.8001,0,0,0,0,24.0686,0,0,0,0,0,0,0,0,0,0,0,0,2.2199,0,0,0,0,0,0,0,0,0,10.5027,0,0,0,0,0,0,0,0,0,0,0,0,0,0,0,0,0,0,0,0,0,103.601,0,0,0,69.1345,0,0,0,0,0,0,0,89.7323,0,0,0,8.52039,0,0,189.26,206.242,60.7871,0,194.268,0,0,0,0,0,0,0,0,0,0,0,0,0,0,0,0,0,0,0,0,0,0,0,0,0,321.527,0,0,0,0,0,0,0,0,0,0,0,0,0,0,0,0,0,0,0,0,0,0,0,0,0,0,0,0,0,0,0,0,0,0,0,0,0,0,0,0,0,0,0,0,0,0,0,0,0,0,0,0,0,0,0,0,0,0,0,0,0,0,0,0,0,0,0,0,0,0,0,0,0,0,0,0,0,0,0,0,0,0,0,0,0,0,0,0,0,0,0,0,0,0,0,0,0,0,0,0,0,0,0,0,0,0,0,0,0,0,0,0,0,0,0,0,0,0,0,0,0,0,0,0,0,0,0,0,0,0,0,0,0,0,0,0,0,0,0,0,0,0,0,0,0,0,0,0,0,0,0,0,0,0,0,0,0,0,0,0,0,0,0,0,0,0,0,0,0,0,0,0,0,0,0,0,0,0,0,0,0,0,0,0,0,0,0,0,0,0,0,0,0,0,0,0,0,0,0,0,0,0,0,0,0,0,0,0,0,0,0,0,0,0,0,0,0,0,0,0,0,0,0,0,0,0,0,0,0,0,0,0,0,0,0,0,0,0,0,0,0,0,0,0,0,0,0,0,0,0,0,0,0,0,0,0,0,0,7.29222,0,0,0,0,0,0,0,0,0,0,0,0,0,0,0,0,0,0,0,0,0,0,0,0,78.7553,0,0,0,38.0472,0,0,0,0,0,0,0,0,0,0,0,0,0,0,0,0,0,0,0,0,0,0,0,0,0,0,0,0,0,0,0,0,0,0,0,0,0,0,0,0,0,0,0,0,0,0,0,0,0,195.821,0,35.8836,0,0,0,0,0,0,0,61.3433,0,0,0,0,0,0,0,0,0,0,0,0,0,0,0,0,0,0,0,0,0,0,0,0,0,0,109.04,149.566,0,0,0,84.5064,225.27,0,0,123.351,0,0,0,87.5978,0,0,0,0,0,0,0,0,0,0,0,0,0,0,0,0,0,0,0,0,0,0,0,0,0,0,0,0,0,0,0,0,0,0,0,0,0,0,0,0,0,0,0,0,0,0,0,0,0,0,0,0,0,0,0,0,0,0,0,0,0,0,0,0,0,0,0,0,0,0,0,0,0,0,0,0,0,0,0,0,0,0,0,0,0,0,0,0,0
A,Ni+2,1,xtb,-50.286,0.70937,0.71555,0.88219,0,1.38499,0,0,0,23.8584,7.00567,0,0,0,3.21561,4.29191,0,19.1979,5.26373,0,0,0,6.02852,0,7.97499,0,0,0,9.62288,0,11.0838,0,16.4111,12.9933,0,0,53.259,0,1.63024,44.5566,0,5.91897,0,0,0,2.74863,0,0,27.3251,0,0,0,0,27.5329,0,14.3131,0,2.48188,0,0,5.60444,0,0,0,0,0,0,53.7131,0,0,0,96.1206,18.9816,0,354.539,0,0,0,0,41.7827,0,0,0,0,0,345.134,0,0,48.7118,0,190.493,44.8077,0,0,0,376.428,0,0,0,0,0,0,0,66.6343,0,341.343,0,156.184,0,0,0,0,0,0,0,50.6018,0,0,0,0,0,0,0,0,0,0,0,144.857,0,0,0,0,0,0,0,0,161.46,0,0,0,0,0,0,0,0,0,0,0,0,0,0,0,0,35.7544,0,0,0,0,0,0,0,0,0,0,0,0,0,0,0,0,0,0,0,0,0,0,0,0,0,8.78924,0,0,0,0,0,0,0,0,0,0,1.19328,0,0,0,0,0,0,0,0,0,0,22.4816,0,0,0,0,0,0,0,0,0,73.2455,72.5702,0,0,0,0,67.7652,0,0,0,0,0,0,0,5.02053,0,0,0,0,0,0,0,0,0,0,3.79759,0,0,0,0,0,0,20.9626,0,0,0,0,0,0,0,0,0,0,0,0,0,0,0,141.444,0,0,0,0,0,0,0,0,0,0,0,0,17.1187,0,0,0,0,0,0,0,0,0,21.5344,44.8624,155.014,0,0,172.21,154.385,0,0,261.346,115.271,0,0,0,0,0,0,0,0,0,0,0,0,0,0,0,0,0,0,0,0,0,0,0,0,0,0,0,0,0,0,0,0,0,0,0,559.815,0,0,0,0,0,0,0,0,0,0,0,0,0,0,0,0,0,0,0,0,0,0,0,0,0,0,0,0,0,0,0,0,0,0,0,0,0,0,0,0,0,0,0,0,0,0,0,0,0,0,0,0,0,0,0,0,0,0,0,0,0,0,0,0,0,0,0,0,0,0,0,0,0,0,0,0,0,0,0,0,0,0,0,0,0,0,0,0,0,0,0,0,0,0,0,0,0,0,0,0,0,0,0,0,0,0,0,0,0,0,0,0,0,0,0,0,0,0,0,0,0,0,0,0,0,0,0,0,0,0,0,0,0,0,0,0,0,0,0,0,0,0,0,0,0,0,0,0,0,0,0,0,0,0,0,0,0,0,0,0,0,0,0,0,0,0,0,0,0,0,0,0,0,0,0,0,0,0,0,0,0,0,0,0,0,0,0,0,0,0,0,0,0,0,0,0,0,0,0,0,0,0,0,0,0,0,0,0,0,0,0,0,0,0,0,0,0,0,0,0,0,0,0,0,0,0,0,0,0,0,0,0,0,0,0,0,0,0,0,0,0,0,0,0,0,0,2.37723,0,0,0,0,0,0,0,0,0,0,0,0,0,0,0,0,0,0,0,0,0,0,0,0,0,0,3.8648,0,1.90069,7.90116,0,0,0,0,0,0,0,0,0,0,0,0,0,0,0,0,0,0,0,0,0,0,0,0,0,0,0,0,0,0,0,33.5719,0,0,0,0,0,0,0,0,0,0,44.8748,0,0,0,0,0,0,0,0,0,0,0,0,0,0,140.186,0,0,0,0,0,0,0,0,0,0,0,0,0,0,0,0,0,0,0,0,0,0,0,0,102.272,0,0,0,0,93.9358,0,0,0,0,0,102.952,0,0,0,0,70.064,0,75.3443,150.793,82.1943,58.3482,35.913,0,0,0,0,0,0,0,0,0,0,0,0,0,0,0,0,0,0,0,0,0,0,0,0,0,0,0,0,0,0,0,0,0,0,0,0,0,0,0,0,0,0,0,0,0,0,0,0,0,0,0,0,0,0,0,0,0,0,0,0,0,0,0,0,0,0,0,0,0,0,0,0,0,0,0,0,0,0,0,0,0
A,Zn+2,1,xtb,-35.8693,11.4605,0,0,1.78358,2.15205,0,0,0,0,11.7248,0,0,0,3.56555,0,0,0,3.06374,0,4.75504,0,3.75023,0,0,4.81067,0,0,1.85928,0,0,0,0,1.47165,0,0.30155,0,0,0,0,0,0,0,0.45781,42.7917,30.4134,0,27.0006,0,0,0,0,54.302,0,0,0,0,0,264.615,0,0,0,78.6395,0,0,0,200.362,0,0,0,0,0,0,0,0,0,0,0,0,0,123.013,0,0,0,333.061,0,0,59.2786,0,0,197.174,0,230.925,0,0,0,0,0,0,138.465,0,0,0,0,0,0,0,0,0,0,0,59.6561,0,0,0,0,0,0,0,0,0,0,0,0,0,0,92.9581,0,0,0,0,0,0,0,0,0,0,0,222.732,0,0,0,0,0,0,0,0,0,0,0,0,0,0,44.6041,0,0,0,0,0,0,0,0,0,0,0,0,0,0,0,0,0,0,0,0,0,0,0,0,0,0,6.03659,0,0,0,0,0,0,0,0,0,0,0,12.3846,0,0,0,0,0,0,8.51073,0,0,0,0,0,0,0,0,0,0,0,185.909,0,0,0,0,88.4301,0,0,24.9965,0,0,0,0,0,0,0,40.4672,0,0,0,0,0,0,0,0,4.86297,0,0,0,0,0,0,19.0284,0,0,0,0,0,0,0,0,0,0,0,0,0,0,0,0,0,0,0,0,0,144.135,0,0,0,0,0,0,0,27.7725,0,0,0,0,0,0,0,0,0,20.7591,46.4259,196.506,156.047,0,88.0254,149.717,0,0,0,0,0,0,0,0,0,0,0,0,0,0,0,0,0,0,0,0,0,0,0,0,0,0,0,0,0,0,0,716.38,0,0,0,0,0,0,0,0,0,0,0,0,0,0,0,0,0,0,0,0,0,0,0,0,0,0,0,0,0,0,0,0,0,0,0,0,0,0,0,0,0,0,0,0,0,0,0,0,0,0,0,0,0,0,0,0,0,0,0,0,0,0,0,0,0,0,0,0,0,0,0,0,0,0,0,0,0,0,0,0,0,0,0,0,0,0,0,0,0,0,0,0,0,0,0,0,0,0,0,0,0,0,0,0,0,0,0,0,0,0,0,0,0,0,0,0,0,0,0,0,0,0,0,0,0,0,0,0,0,0,0,0,0,0,0,0,0,0,0,0,0,0,0,0,0,0,0,0,0,0,0,0,0,0,0,0,0,0,0,0,0,0,0,0,0,0,0,0,0,0,0,0,0,0,0,0,0,0,0,0,0,0,0,0,0,0,0,0,0,0,0,0,0,0,0,0,0,0,0,0,0,0,0,0,0,0,0,0,0,0,0,0,0,0,0,0,0,0,0,0,0,0,0,0,0,0,0,0,0,0,0,0,0,0,0,0,0,0,0,0,0,0,0,0,0,0,0,0,0,0,0,0,4.88913,0,0,0,0,0,0,0,0,0,0,0,0,0,0,0,0,0,0,0,0,0,0,0,0,0,0,3.74599,0,0.4748,0,0,2.00827,0,0,0,0,0,0,0,0,0,0,0,0,0,0,0,0,0,0,0,0,0,0,0,0,0,0,0,0,0,0,0,0,0,0,0,0,0,0,44.7905,0,0,0,0,0,0,0,0,0,0,177.337,0,0,46.1792,0,0,0,0,0,0,0,0,0,0,0,0,0,0,0,0,0,0,0,0,0,0,0,0,0,0,0,0,259.356,0,0,117.412,0,0,0,0,192.914,0,0,91.1489,0,0,0,0,0,0,0,0,0,0,0,0,0,0,0,0,0,0,0,0,0,0,0,0,0,0,0,0,0,0,0,0,0,0,0,0,0,0,0,0,0,0,0,0,0,0,0,0,0,0,0,0,0,0,0,0,0,0,0,0,0,0,0,0,0,0,0,0,0,0,0,0,0,0,0,0,0,0,0,0,0,0,0,0,0,0,0,0,0,0,0,0
A,none,1,xtb,-20.9713,2.93637,0,0,0,0,0,0,0,0,0,0,0,0,0,0,0,0,0,0,0,0,0,0,0,0,0,0,0,0,0,2.28035,19.9681,0,22.2456,0,0,0,0,0,0,0,0,0,0,0,13.5942,0,0,0,0,0,0,0,0,0,0,0,0,0,0,0,8.38149,0,0,0,0,0,0,0,0,0,0,0,0,0,0,0,0,0,0,0,0,0,0,18.3776,0,0,0,0,0,0,0,0,0,0,0,0,0,0,0,0,0,0,0,0,0,0,0,63.614,0,0,0,0,0,0,58.2136,0,0,0,0,0,0,0,0,0,0,0,0,0,0,0,0,0,106.698,0,0,0,0,0,0,0,0,0,0,0,0,0,0,0,0,0,37.5951,0,0,0,0,0,0,0,0,0,0,0,0,0,0,0,0,0,0,0,0,0,0,0,0,0,0,0,0,17.2173,0,0,0,115.811,0,0,0,0,5.02214,0,0,0,0,0,0,0,0,0,0,0,0,0,61.5584,0,0,0,0,0,0,0,0,0,0,319.956,0,0,0,0,0,0,7.09575,0,0,0,0,0,0,0,0,0,51.3795,0,0,0,8.57724,0,0,0,0,0,0,0,24.3151,0,0,0,0,0,0,0,0,0,0,4.62858,0,0,0,0,0,0,0,0,0,0,0,0,0,0,3.86806,0,0,0,0,0,0,0,0,0,0,0,0,0,0,0,0,4.02965,0,6.55032,0,0,0,0,0,0,0,0,0,0,0,0,0,0,30.69,0,0,0,0,0,0,0,0,0,0,0,0,0,0,0,0,0,0,0,0,0,0,0,0,0,0,0,0,0,0,0,0,0,0,0,0,0,0,0,0,0,0,0,463.339,0,0,0,0,0,0,0,0,0,0,0,0,0,0,0,0,0,0,0,0,0,0,0,0,0,0,0,0,0,0,0,0,0,0,0,0,0,0,0,0,0,0,0,0,0,0,0,0,0,0,0,0,0,0,0,0,0,0,0,0,0,0,0,0,0,0,0,0,0,0,0,0,0,0,0,0,0,0,0,0,0,0,0,0,0,0,0,0,0,0,0,0,0,0,0,0,0,0,0,0,0,0,0,0,0,0,0,0,0,0,0,0,0,0,0,0,0,0,0,0,0,0,0,0,0,0,0,0,0,0,0,0,0,0,0,0,0,0,0,0,0,0,0,0,0,0,0,0,0,0,0,0,0,0,0,0,0,0,0,0,0,0,0,0,0,0,0,0,0,0,0,0,0,0,0,0,0,0,0,0,0,0,0,0,0,0,0,0,0,0,0,0,0,0,0,0,0,0,0,0,0,0,0,0,0,0,0,0,0,0,0,0,0,0,0,0,0,0,0,0,0,0,0,0,0,0,0,0,24.9731,0,0,0,0,0,0,0,0,0,0,0,0,0,0,0,0,0,0,0,0,25.2696,0,0,0,32.7053,0,0,0,0,0,0,0,0,0,0,0,0,0,0,0,0,0,0,0,0,0,0,0,0,0,0,0,0,0,0,0,0,0,0,0,0,0,0,0,0,0,0,0,0,0,0,0,0,0,0,0,0,0,0,0,0,0,0,0,0,0,0,0,0,0,0,6.21371,0,0,0,0,3.42195,0,0,25.5135,0,0,0,0,0,0,0,0,0,0,0,0,0,0,0,0,0,0,0,0,0,0,0,0,0,0,0,0,0,0,0,0,0,0,0,0,0,0,0,0,0,0,0,0,0,0,0,0,0,0,0,0,0,0,0,0,0,0,0,0,0,0,0,0,0,0,0,0,0,0,0,0,0,0,0,0,0,0,0,0,0,0,0,0,0,0,0,0,0,0,0,0,0,0,0,0,0,0,0,0,0,0,0,0,0,0,0,0,0,0,0,0,0,0
C,Co+2,1,xtb,-47.3092,3.76172,2.46361,0,0,3.62008,0,7.73293,7.23859,0,4.43069,0,0,2.80568,0,6.81402,0,0,18.8148,0,5.15703,0,0,19.0914,0,0,0,16.4637,18.7243,6.70011,0,2.45868,0,0,0,15.7576,0,0,14.7651,0,0,0,0,0,0,0,146.355,7.06611,0,0,0,0,0,0,9.10399,22.5567,12.9575,0,0,0,0,0,0,0,40.9203,0,0,0,54.6938,0,0,0,0,0,353.897,0,0,72.9589,0,0,115.068,0,0,0,0,0,162.142,0,0,90.4799,0,0,0,319.75,0,40.0825,0,0,0,0,0,0,0,0,0,51.5333,0,0,0,0,0,0,638.3,0,84.1828,0,0,0,0,35.6759,0,0,0,0,0,0,0,0,0,0,0,136.146,0,0,0,0,0,0,0,0,0,0,0,23.196,0,0,0,0,0,0,0,0,0,0,0,0,0,0,0,0,0,15.8951,0,0,0,0,0,0,0,0,16.9949,0,0,0,0,0,0,0,0,0,0,0,0,0,0,16.8201,0,0,0,0,0,0,0,0,0,0,0,0,0,0,0,0,1.69941,0,0,0,0,0,0,0,56.808,0,0,0,0,0,68.0526,0,0,0,0,0,164.125,0,0,0,0,49.4768,0,0,0,1.71221,0,0,0,0,0,0,72.4868,0,0,0,0,0,110.128,0,0,0,0,0,0,0,34.6941,0,0,0,0,0,0,0,0,0,0,0,0,0,0,0,0,0,0,0,0,0,0,0,0,5.86532,0,0,0,0,0,0,0,0,0,0,0,236.093,145.708,91.8838,0,78.5229,64.1623,0,0,0,0,0,0,0,0,0,0,0,0,0,0,0,0,0,0,0,0,0,0,0,0,0,0,0,0,0,0,0,0,0,0,0,0,0,0,0,0,0,0,0,0,0,0,0,0,0,0,0,0,0,0,0,427.17,0,0,0,0,0,0,0,0,0,0,0,0,0,0,0,0,0,0,0,0,0,0,0,0,0,0,0,0,0,0,0,0,0,0,0,0,0,0,0,0,0,0,0,0,0,0,0,0,0,0,0,0,0,0,0,0,0,0,0,0,0,0,0,0,0,0,0,0,0,0,0,0,0,0,0,0,0,0,0,0,0,0,0,0,0,0,0,0,0,0,0,0,0,0,0,0,0,0,0,0,0,0,0,0,0,0,0,0,0,0,0,0,0,0,0,0,0,0,0,0,0,0,0,0,0,0,0,0,0,0,0,0,0,0,0,0,0,0,0,0,0,0,0,0,0,0,0,0,0,0,0,0,0,0,0,0,0,0,0,0,0,0,0,0,0,0,0,0,0,0,0,0,0,0,0,0,0,0,0,0,0,0,0,0,0,0,0,0,0,0,0,0,0,0,0,0,0,0,0,0,0,0,0,0,0,0,0,0,0,0,0,0,0,0,0,0,0,0,0,0,0,0,0,0,0,0,0,0,0,0,0,0,7.50256,0,11.5627,0,0,0,0,0,0,0.19134,0,0,0,0,0,0,0,0,0,0,0,0,0,0,0,0,0,0,0,0,0,0,0,0,0,0,0,0,0,0,0,0,0,0,0,0,0,0,0,0,0,0,36.1378,0,0,0,0,0,0,0,0,0,0,0,0,0,0,0,0,0,0,21.1912,0,0,0,0,0,0,0,0,0,0,0,0,0,0,0,0,0,0,78.65,0,0,0,0,0,0,0,0,0,0,0,0,0,0,0,0,0,0,109.493,0,0,0,0,0,0,0,24.1098,0,0,0,0,0,71.7354,0,10.7731,0,51.8871,0,60.5915,0,29.8341,0,41.4539,0,0,0,0,0,0,0,0,0,0,0,0,0,0,0,0,0,0,0,0,0,0,0,0,0,0,0,0,0,0,0,0,0,0,0,0,0,0,0,0,0,0,0,0,0,0,0,0,0,0,0,0,0,0,0,0,0,0,0,0,0,0,0,0,0,0,0,0,0,0,0,0,0,0,0
C,Cu+2,1,xtb,-37.3899,6.51783,0,0,2.50786,0,6.63879,0,0,0,5.00862,37.6043,0,0,39.1512,0,2.44116,0,0,0,0,0,0,1.08554,0,12.171,0,0,58.7882,0,0,0,1.61117,0,0,0,0,0,0,0,0,0,0,0,0,0,0,9.61417,0,12.7627,0,0,0,0,0,0,30.3892,0,0,0,0,0,9.63438,0,0,0,18.9081,0,0,0,0,0,0,0,0,0,0,0,0,0,0,0,0,0,0,3.91336,0,3.74133,0,0,0,0,0,56.7066,0,0,0,42.6975,0,0,0,480.49,0,0,566.302,0,0,0,0,0,0,0,0,0,0,0,0,0,0,96.0483,0,0,0,0,0,67.0944,0,0,0,0,0,0,69.4352,0,0,0,0,0,0,77.0452,0,0,0,0,0,0,0,0,0,0,0,0,0,0,0,10.1749,0,0,0,0,0,0,0,0,0,0,0,2.59618,0,0,0,0,0,0,0,0,0,0,0,0,18.6903,0,0,0,0,0,0,0,138.493,0,0,0,0,0,0,0,0,0,0,0,0,0,6.20083,0,0,0,0,0,0,0,0,0,53.4133,0,0,0,0,0,0,0,138.314,0,0,0,0,0,0,0,0,0,0,6.03356,0,0,0,0,0,0,0,53.529,0,17.3389,0,0,0,0,0,0,0,0,0,0,0,0,0,0,0,0,159.132,0,0,0,0,0,0,0,0,0,0,0,0,0,0,0,0,24.6903,0,0,0,0,0,0,0,0,0,0,0,114.87,182.055,0,0,80.4219,0,0,0,0,0,0,0,0,0,0,0,0,0,0,0,0,0,0,0,0,0,0,0,0,0,0,0,0,0,0,0,0,0,0,0,0,0,0,0,0,0,0,379.201,0,0,0,0,0,0,0,0,0,0,0,0,0,0,0,0,0,0,0,0,0,0,0,0,0,0,0,0,0,0,0,0,0,0,0,0,0,0,0,0,0,0,0,0,0,0,0,0,0,0,0,0,0,0,0,0,0,0,0,0,0,0,0,0,0,0,0,0,0,0,0,0,0,0,0,0,0,0,0,0,0,0,0,0,0,0,0,0,0,0,0,0,0,0,0,0,0,0,0,0,0,0,0,0,0,0,0,0,0,0,0,0,0,0,0,0,0,0,0,0,0,0,0,0,0,0,0,0,0,0,0,0,0,0,0,0,0,0,0,0,0,0,0,0,0,0,0,0,0,0,0,0,0,0,0,0,0,0,0,0,0,0,0,0,0,0,0,0,0,0,0,0,0,0,0,0,0,0,0,0,0,0,0,0,0,0,0,0,0,0,0,0,0,0,0,0,0,0,0,0,0,0,0,0,0,0,0,0,0,0,0,0,0,0,0,0,0,0,0,0,0,0,0,0,0,0,0,0,0,0,0,0,0,0,0,0,8.12701,0,0,0,0,0,0,0,0,0,0,0,0,0,0.49005,0,0,0,2.4535,0,0,0,0,0,0,0,0,0,0,0,0,0,0,0,0,0,0,0,0,0,0,0,0,0,0,0,0,0,0,0,0,0,0,0,0,0,0,0,0,0,0,0,0,0,0,0,0,0,0,0,0,0,0,0,0,0,0,0,0,0,0,0,0,0,0,0,0,0,0,0,0,0,0,0,0,0,95.5852,0,0,39.5949,0,0,22.5875,0,0,0,0,0,0,0,0,0,0,0,0,0,0,0,0,0,0,0,0,0,0,0,0,0,56.3424,0,75.2065,52.8798,0,97.6971,0,0,0,0,0,0,0,0,0,0,0,0,0,0,0,0,0,0,0,0,0,0,0,0,0,0,0,0,0,0,0,0,0,0,0,0,0,0,0,0,0,0,0,0,0,0,0,0,0,0,0,0,0,0,0,0,0,0,0,0,0,0,0,0,0,0,0,0,0,0,0,0,0,0,0,0,0,0,0,0,0,0,0,0,0,0,0
C,Ni+2,1,xtb,-48.4716,4.00416,1.09481,0,0.81362,0,0,3.94515,0.27484,0,0,26.279,0,5.0559,0,2.18015,0,0,6.16732,0,0,0,2.74723,0,0,0,0,0,0.40128,16.9875,21.1691,0,7.07174,0,0,0,0,12.2149,0,26.2924,0,0.80551,0,0,0,0,0,0,8.62638,3.37413,0,0,0,0,7.06489,0,124.733,0,97.6212,0,0,0,451.249,0,0,0,19.3762,0,0,0,0,0,0,0,19.6299,0,0,0,39.6275,0,0,0,0,101.166,0,0,70.1408,0,109.092,0,176.361,0,0,0,166.809,0,0,0,202.707,0,0,0,0,0,0,0,0,0,0,482.861,180.747,0,0,0,0,0,0,0,0,0,0,0,91.6656,0,0,0,0,0,0,0,120.709,0,0,0,0,0,0,0,0,0,41.4184,0,0,0,0,0,0,0,0,0,0,0,0,0,0,0,0,0,17.2508,0,0,0,0,0,0,0,0,0,0,0,0.99121,0,0,0,0,0,0,0,0,0,0,0,0,0,0,0,6.21909,0,0,0,0,0,0,0,0,0,0,0,0,0,0,0,1.0186,0,63.2283,0,0,0,0,0,0,0,40.6561,0,0,0,0,0,0,0,60.9742,88.9564,0,0,0,0,0,0,0,0,0,0,0,1.87955,0,0,0,0,70.0828,0,0,0,20.4529,0,0,0,0,0,0,0,0,0,0,0,74.4528,0,0,0,0,0,0,0,0,0,0,0,0,0,0,0,0,0,0,0,0,0,5.71925,0,0,0,0,0,0,131.374,70.5262,0,0,0,0,0,254.73,85.9853,0,112.895,0,0,0,0,0,0,0,0,0,0,0,0,0,0,0,0,0,0,0,0,0,0,0,0,0,0,0,0,0,0,0,0,0,0,0,0,0,0,0,0,0,0,0,0,0,0,0,0,0,0,0,0,385.819,0,0,0,0,0,0,0,0,0,0,0,0,0,0,0,0,0,0,0,0,0,0,0,0,0,0,0,0,0,0,0,0,0,0,0,0,0,0,0,0,0,0,0,0,0,0,0,0,0,0,0,0,0,0,0,0,0,0,0,0,0,0,0,0,0,0,0,0,0,0,0,0,0,0,0,0,0,0,0,0,0,0,0,0,0,0,0,0,0,0,0,0,0,0,0,0,0,0,0,0,0,0,0,0,0,0,0,0,0,0,0,0,0,0,0,0,0,0,0,0,0,0,0,0,0,0,0,0,0,0,0,0,0,0,0,0,0,0,0,0,0,0,0,0,0,0,0,0,0,0,0,0,0,0,0,0,0,0,0,0,0,0,0,0,0,0,0,0,0,0,0,0,0,0,0,0,0,0,0,0,0,0,0,0,0,0,0,0,0,0,0,0,0,0,0,0,0,0,0,0,0,0,0,0,0,0,0,0,0,0,0,0,0,0,0,0,0,0,19.7619,0,0,0,0,0,0,0,0,0,0,0,0,0,0,0,0,0,0,0,0,7.46379,0,0,0,0,0,0.43051,0,0,0,0,0,0,0,0,0,0,0,0,0,0,0,0,0,0,0,0,0,0,0,0,0,0,0,0,0,0,0,0,0,0,0,0,0,0,0,0,0,0,0,0,0,0,0,0,0,0,0,0,0,0,0,0,0,0,34.5947,0,0,18.5521,0,0,0,0,0,0,0,0,0,0,0,0,0,0,0,0,0,0,0,84.7074,0,0,0,0,0,0,0,0,159.171,0,0,0,0,0,0,0,0,0,104.851,0,0,0,0,0,0,0,0,0,35.7294,77.6071,0,0,0,20.7608,0,0,0,0,74.0751,51.6942,0,0,0,0,0,0,0,0,0,0,0,0,0,0,0,0,0,0,0,0,0,0,0,0,0,0,0,0,0,0,0,0,0,0,0,0,0,0,0,0,0,0,0,0,0,0,0,0,0,0,0,0,0,0,0,0,0,0,0,0,0,0,0,0,0,0,0,0,0,0,0,0,0,0,0,0,0
C,Zn+2,1,xtb,-39.1565,0.50278,5.70053,3.93919,0,6.23321,0,6.06663,0,6.36479,0,0,0,1.74187,0,7.87422,0,0,2.13355,0,103.181,0,0,18.9441,0,0,9.0577,7.25678,3.75095,0,0,2.9352,22.9596,0,0,0,22.3319,0,0,0,0,0,0,139.355,0,0,91.1249,0,0,0,0,0,0,0,12.0252,0,0,0,7.62119,0,0,0,42.3379,0,0,0,0,23.0408,0,0,0,0,0,0,16.8746,0,0,0,0,0,185.841,0,0,0,0,0,0,0,42.8235,432.256,0,0,0,0,238.135,301.726,0,0,0,0,0,0,0,0,0,0,0,0,0,0,0,0,0,0,0,0,0,84.7432,0,0,0,0,0,0,53.7639,0,0,0,0,0,111.611,0,0,0,0,0,0,0,0,69.3367,0,0,0,0,0,0,0,0,0,0,0,0,0,0,0,0,0,0,0,0,8.03229,0,0,0,0,0,0,0,0,0,0.35467,0,0,0,0,0,0,0,0,0,0,23.9023,0,0,0,0,0,0,0,0,0,0,0,0,0,0,0,0,0,124.017,0,0,0,0,5.16796,0,0,0,0,0,0,0,0,0,0,92.2695,0,0,0,0,0,80.8063,12.3215,0,0,0,0,0,0,0,0,0,0,6.07081,0,0,0,0,0,0,72.9538,0,0,18.1768,0,0,0,0,0,0,0,0,0,0,0,0,0,0,0,137.584,0,0,0,0,0,0,0,0,0,0,0,0,0,0,0,0,0,0,0,3.62743,0,0,0,0,0,0,0,160.081,0,0,0,175.098,0,187.416,0,0,0,0,0,0,0,0,0,0,0,0,0,0,0,0,0,0,0,0,0,0,0,0,0,0,0,0,0,0,0,0,0,0,0,0,0,0,0,0,418.863,0,0,0,0,0,0,0,0,0,0,0,0,0,0,0,0,0,0,0,0,0,0,0,0,0,0,0,0,0,0,0,0,0,0,0,0,0,0,0,0,0,0,0,0,0,0,0,0,0,0,0,0,0,0,0,0,0,0,0,0,0,0,0,0,0,0,0,0,0,0,0,0,0,0,0,0,0,0,0,0,0,0,0,0,0,0,0,0,0,0,0,0,0,0,0,0,0,0,0,0,0,0,0,0,0,0,0,0,0,0,0,0,0,0,0,0,0,0,0,0,0,0,0,0,0,0,0,0,0,0,0,0,0,0,0,0,0,0,0,0,0,0,0,0,0,0,0,0,0,0,0,0,0,0,0,0,0,0,0,0,0,0,0,0,0,0,0,0,0,0,0,0,0,0,0,0,0,0,0,0,0,0,0,0,0,0,0,0,0,0,0,0,0,0,0,0,0,0,0,0,0,0,0,0,0,0,0,0,0,0,0,0,0,0,0,0,0,0,0,0,0,0,0,0,0,0,0,0,0,0,0,0,0,0,0,0,0,14.6904,0,0,0,0,0,0,0,0,0,0,0,5.56694,0,0,0,0,0,0,0.6761,0,0,0,0,0,0,0,0,0,0,0,0,0,0,0,0,0,0,0,0,0,0,0,0,0,0,0,0,0,0,0,0,0,0,0,0,0,0,0,0,0,0,0,0,0,0,0,0,0,0,0,0,0,0,0,0,0,0,0,0,0,0,0,0,0,0,0,0,0,0,0,0,0,0,14.9241,0,91.8317,15.2381,0,0,0,0,0,0,0,0,0,0,0,0,0,0,0,0,0,0,0,0,0,0,0,0,0,0,0,0,0,62.2039,0,0,0,42.4855,133.691,0,0,33.9402,0,59.6082,0,0,0,0,0,0,0,0,0,0,0,0,0,0,0,0,0,0,0,0,0,0,0,0,0,0,0,0,0,0,0,0,0,0,0,0,0,0,0,0,0,0,0,0,0,0,0,0,0,0,0,0,0,0,0,0,0,0,0,0,0,0,0,0,0,0,0,0,0,0,0,0,0,0,0,0,0,0,0,0,0,0
C,none,1,xtb,-24.2176,4.45034,0,0,0,0,0,0,4.69562,0,0,0,0,0,0,0,0,0,0,0,0,0.83731,0,0,0,0,0,0,0,0,0,0,0,0,5.22079,6.95138,0,0,0,0,0,0,0,0,0,0,24.3047,0,0,0,66.0134,0,0,0,0,0,0,0,0,0,0,0,0,0,18.5412,0,0,0,0,0,0,0,0,0,0,0,0,0,0,0,0,0,0,0,0,0,0,0,11.5228,0,0,0,0,0,0,0,0,0,0,0,0,0,0,0,0,0,0,0,0,78.6737,0,0,0,0,0,0,0,28.9022,0,0,0,0,0,0,0,0,0,0,0,111.264,0,0,0,0,0,0,0,0,0,0,18.7029,0,0,0,0,0,0,0,27.1457,0,0,0,0,0,0,0,0,0,0,0,0,0,0,0,46.4639,0,0,0,0,0,0,0,0,0,0,1.76055,0,0,0,0,0,0,0,63.9517,0,0,0,0,0,0,0,0,85.4289,0,0,0,0,0,0,0,0,0,0,0,0,0,0,23.3824,0,0,0,0,0,0,0,227.231,0,0,0,40.4662,0,0,0,0,0,0,0,5.64619,0,0,0,0,0,0,0,0,0,4.95624,74.2466,0,0,0,0,0,47.5124,0,0,0,0,0,0,0,0,0,0,5.10299,0,0,0,0,0,0,0,0,0,0,0,0,0,0,0,0,0,0,0,0,0,0.86815,0,0,0,0,0,0,0,0,0,0,0,0,0,0,0,0,0,0,0,0,0,0,0,0,0,43.1341,0,0,0,0,0,0,0,0,0,0,0,0,0,0,0,0,0,0,0,0,0,0,0,0,0,0,0,0,0,0,0,0,0,0,0,0,0,0,0,0,0,0,0,0,0,478.065,0,0,0,0,0,0,0,0,0,0,0,0,0,0,0,0,0,0,0,0,0,0,0,0,0,0,0,0,0,0,0,0,0,0,0,0,0,0,0,0,0,0,0,0,0,0,0,0,0,0,0,0,0,0,0,0,0,0,0,0,0,0,0,0,0,0,0,0,0,0,0,0,0,0,0,0,0,0,0,0,0,0,0,0,0,0,0,0,0,0,0,0,0,0,0,0,0,0,0,0,0,0,0,0,0,0,0,0,0,0,0,0,0,0,0,0,0,0,0,0,0,0,0,0,0,0,0,0,0,50.999,0,0,0,0,0,0,0,0,0,0,0,0,0,0,0,0,0,0,0,0,0,0,0,0,0,0,0,0,0,0,0,0,0,0,0,0,0,0,0,0,0,0,0,0,0,0,0,0,0,0,0,0,0,0,0,0,0,0,0,0,0,0,0,0,0,0,0,0,0,0,0,0,0,0,0,0,0,0,0,0,0,0,0,0,0,0,0,0,0,0,0,0,0,0,0,0,0,0,0,0,10.5135,0,0,0,0,0,16.0409,0,0,0,0,0,0,0,0,4.98704,0,0,0,0,0,0,0,0,0,0,0,0,0,0,0,0,0,0,0,0,0,0,0,0,0,0,0,0,0,0,0,0,0,0,0,0,0,0,0,0,0,0,0,0,0,0,0,0,0,0,0,0,0,0,0,0,0,0,0,0,0,0,0,0,0,0,0,0,0,0,0,4.78476,0,0,0,0,0,0,0,0.99848,34.2152,0,0,0,0,0,0,0,0,0,0,0,0,0,0,0,0,0,0,0,0,0,0,0,0,0,0,0,0,0,0,0,0,0,0,0,0,0,0,0,0,0,0,0,0,0,0,0,0,0,0,0,0,0,0,0,0,0,0,0,0,0,0,0,0,0,0,0,0,0,0,0,0,0,0,0,0,0,0,0,0,0,0,0,0,0,0,0,0,0,0,0,0,0,0,0,0,0,0,0,0,0,0,0,0,0,0,0,0,0,0,0,0,0,0,0
D,Co+2,1,xtb,-59.4281,6.13335,0.60189,0,1.04178,0,2.60667,0,0,0,2.58652,0,0,3.12839,5.18691,0,3.10232,0,0.47578,0,1.71328,0,0,22.9446,15.3207,0,0,0,0,9.56594,0,0,0,0,3.95403,7.16886,16.9018,0,0,8.91328,0,0,0,17.0372,52.4597,0,5.11484,11.2192,0,0,30.0313,0,0,0,44.6569,0,0,0,31.8057,0,0,38.2602,4.86922,0,0,22.3442,0,0,0,0,0,0,76.3624,0,0,0,16.9314,0,0,0,23.0663,0,78.0115,0,0,33.5914,0,0,0,329.899,0,48.7089,0,0,0,0,0,32.9585,0,0,0,30.1592,0,0,0,0,87.4446,0,0,0,182.563,0,0,0,0,89.6385,0,0,12.4091,0,0,223.343,0,0,0,0,0,0,208.316,92.0316,0,0,0,0,0,210.651,0,0,980.498,0,33.0671,0,0,0,0,0,0,0,0,0,0,0,0,81.6224,64.6387,0,0,0,0,0,0,0,0,0,0,0,33.8791,0,0,0,0,0,0,20.355,0,0,0,0,0,0,0,0,0,0,0,0,0,0,0,0,0,0,0,0,25.4423,0,0,0,0,0,0,0,0,0,25.3899,0,0,0,0,0,0,0,77.0104,99.0097,0,0,0,0,0,225.484,0,0,0,0,0,10.3968,0,0,0,0,0,0,0,0,3.45469,0,0,0,0,0,0,30.3322,0,0,0,30.9559,0,0,0,0,0,0,0,0,0,0,126.374,0,0,243.574,0,0,0,0,0,0,0,0,0,0,0,0,70.9832,0,0,0,0,0,0,0,0,0,0,0,0,150.947,0,213.792,0,160.573,0,321.271,0,82.4818,0,0,0,0,0,0,0,0,0,0,0,0,0,0,0,0,0,0,0,0,0,0,0,0,0,0,0,0,0,0,0,0,0,0,0,0,0,0,0,120.764,0,0,0,0,0,1023.7,0,0,0,0,0,0,0,0,0,0,0,0,0,0,0,0,0,0,0,0,0,0,0,0,0,0,0,0,0,0,0,0,0,0,0,0,0,0,0,0,0,0,0,0,0,0,0,0,0,0,0,0,0,0,0,0,0,0,0,0,0,0,0,0,0,0,0,0,0,0,0,0,0,0,0,0,0,0,0,0,0,0,0,0,0,0,0,0,0,0,0,0,0,0,0,0,0,0,0,0,0,0,0,0,0,0,0,0,0,0,0,0,0,0,0,0,0,0,0,0,0,0,0,0,0,0,0,0,0,0,0,0,0,0,0,0,0,0,0,0,0,0,0,0,0,0,0,0,0,0,0,0,0,0,0,0,0,0,0,0,0,0,0,0,0,0,0,0,0,0,0,0,0,0,0,0,0,0,0,0,0,0,0,0,0,0,0,0,0,0,0,0,0,0,0,0,0,0,0,0,0,0,0,0,0,0,0,0,0,0,0,0,0,0,0,0,0,0,0,0,0,0,0,0,0,0,0,0,0,0,0,0,0,0,0,0,0,0,3.03575,0,0,0,0,0,0,0,0,0,2.35546,0,0,0,8.19215,0,0,0,0,0,0,0,0,0,0,0,0,0,0,0,0,0,0,0,0,0,0,0,0,0,0,0,0,300.085,0,0,0,0,0,0,0,0,0,0,0,0,0,0,1396.99,0,0,364.189,0,0,0,0,0,0,0,0,0,0,0,0,0,0,0,0,0,41.5988,0,0,0,0,0,30.4124,139,0,0,0,0,106.108,0,0,0,0,0,0,0,0,0,0,0,0,0,0,0,0,0,0,0,0,0,0,0,0,0,85.5983,0,0,0,0,0,0,16.1099,131.992,0,201.341,0,0,0,22.7769,56.7102,0,0,0,0,0,0,0,0,0,0,0,0,0,0,0,0,0,0,0,0,0,0,0,0,0,0,0,0,0,0,0,0,0,0,0,0,0,0,0,0,0,0,0,0,0,0,0,0,0,0,0,0,0,0,0,0,0,0,0,0,0,0,0,0,0,0,0,0,0,0,0,0,0,0,0,0,0,0,0,0,0
D,Cu+2,1,xtb,-49.4733,0.94888,1.94847,0.01528,0.0152,0,0.76448,0,0,0,8.15496,0,0,7.01589,0,0,0,0,2.2889,0.71584,0,0,13.8671,0,0,16.7987,39.1948,0,27.74,0,0,46.5874,0,8.98766,0,0,0,0,0,0,0,0,0,0,9.88665,0,0,0,0,14.3801,0,27.328,0,0,0,0,0,15.3058,0,13.005,0,0,0,0,2.75004,0,0,0,0,0,0,0,0,0,0,0,0,0,0,40.9991,96.6081,0,0,156.514,0,0,0,0,0,0,19.2094,0,0,2.84375,28.5081,0,0,0,37.9764,0,0,198.79,0,388.596,0,0,0,0,0,0,0,0,400.775,0,0,0,0,73.6669,80.2098,0,0,0,0,0,0,0,0,0,0,0,0,0,166.621,0,0,200.614,0,0,0,0,0,130.197,0,0,0,0,0,0,0,0,0,0,46.0147,0,0,0,0,0,0,0,0,0,0,0,32.0134,0,0,0,0,0,0,0,22.4376,0,0,0,0,0,0,0,0,20.349,0,0,0,0,0,0,20.9755,0,0,0,0,0,0,0,0,0,0,0,0,0,0,0,0,0,25.5355,0,0,0,0,0,0,68.4718,0,0,0,89.9843,162.542,0,0,0,0,3.07439,0,0,0,0,0,0,0,0,0,0,0,0,8.03139,0,0,0,7.47435,0,0,0,16.1141,0,0,0,0,0,0,0,0,0,215.73,0,0,0,0,0,156.187,0,0,0,0,0,0,0,0,0,120.942,0,0,0,0,0,0,0,0,0,0,0,0,0,0,349.077,119.629,0,0,157.843,0,0,0,0,0,0,0,0,0,0,0,0,0,0,0,0,0,0,0,0,0,0,0,0,0,0,0,0,0,381.021,0,0,0,0,0,0,0,0,0,0,0,0,0,0,0,0,0,468.661,0,0,0,0,0,0,0,0,0,0,0,0,0,0,0,0,0,0,0,0,0,0,0,0,0,0,0,0,0,0,0,0,0,0,0,0,0,0,0,0,0,0,0,0,0,0,0,0,0,0,0,0,0,0,0,0,0,0,0,0,0,0,0,0,0,0,0,0,0,0,0,0,0,0,0,0,0,0,0,0,0,0,0,0,0,0,0,0,0,0,0,0,0,0,0,0,0,0,0,0,0,0,0,0,0,0,0,0,0,0,0,0,0,0,0,0,0,0,0,0,0,0,0,0,0,0,0,0,0,0,0,0,0,0,0,0,0,0,0,0,0,0,0,0,0,0,0,0,0,0,0,0,0,0,0,0,0,0,0,0,0,0,0,0,0,0,0,0,0,0,0,0,0,0,0,0,0,0,0,0,0,0,0,0,0,0,0,0,0,0,0,0,0,0,0,0,0,0,0,0,0,0,0,0,0,0,0,0,0,0,0,0,0,0,0,0,0,0,0,0,0,0,0,0,0,0,0,0,21.0503,0,0,0,0,0,0,0,0,0,0,0,0,12.5032,0,0,0,0,0,0,0,0,23.4092,0,0,0,0,0,0,0,0,0,0,0,0,0,0,0,0,0,0,0,0,0,0,0,0,0,0,0,0,0,0,0,0,0,0,0,0,0,0,0,0,0,0,0,0,0,0,0,0,0,0,0,0,0,0,0,0,0,0,0,0,0,0,0,0,0,0,0,0,0,168.918,155.559,0,0,0,0,0,0,0,59.0918,0,47.1087,0,0,0,0,0,0,0,0,0,0,0,0,0,0,0,0,0,0,0,0,117.956,0,0,0,83.8671,0,131.85,0,103.485,0,0,104.31,0,0,0,75.2298,0,0,0,0,0,0,0,0,0,0,0,0,0,0,0,0,0,0,0,0,0,0,0,0,0,0,0,0,0,0,0,0,0,0,0,0,0,0,0,0,0,0,0,0,0,0,0,0,0,0,0,0,0,0,0,0,0,0,0,0,0,0,0,0,0,0,0,0,0,0,0,0,0,0,0,0,0,0,0,0,0,0,0,0,0,0
D,Ni+2,1,xtb,-60.5803,23.2161,0,1.17182,0,0,38.8201,0,0.86975,2.97022,0,0,0,0.69831,22.6557,3.05666,9.72106,6.12321,0,0,0,13.5041,0,3.9927,10.7873,0,0,0,15.1292,0,50.3721,0,12.3703,0,2.77262,0,0,0,6.07198,0,0,0,6.60808,14.6749,29.7355,0,0,153.212,0,11.3493,0,0,10.1065,0,0,0,0,0,99.9709,0,0,0,14.562,0,24.4469,0,0,0,0,0,13.1273,89.7249,0,0,78.1464,0,0,0,264.786,0,0,0,41.1191,0,0,0,0,0,238.197,34.4531,49.9187,0,0,0,0,0,439.346,0,26.0055,0,0,0,117.592,0,0,0,63.303,0,130.934,0,0,0,0,0,0,0,0,0,65.9832,0,0,0,0,82.1671,0,0,0,0,260.929,0,0,147.829,0,0,0,0,0,0,0,0,95.66,0,0,0,0,0,0,0,0,0,0,216.173,0,0,141.87,0,0,0,0,0,0,0,0,0,0,0,36.2953,0,0,0,0,0,0,0,25.8037,0,0,0,0,0,0,0,0,0,0,0,13.7363,0,0,0,0,0,0,0,0,0,0,0,0,0,0,30.4576,0,0,0,0,0,7.56115,0,0,0,0,0,40.5846,0,0,0,0,0,119.982,148.807,0,0,0,0,0,3.71628,0,0,0,0,0,3.62653,0,0,0,0,0,0,0,0,36.2589,0,0,0,32.9943,0,0,0,0,0,0,0,0,150.184,0,0,0,0,227.878,0,0,0,0,0,0,0,0,0,0,0,66.8146,0,0,0,0,0,0,0,0,0,0,0,169.547,0,237.542,0,205.797,16.8268,0,0,135.134,127.437,0,0,0,0,0,0,0,0,0,0,0,0,0,0,0,0,0,0,0,0,0,0,0,0,0,0,0,0,0,0,0,0,0,0,0,0,0,0,0,0,0,19.9477,0,0,0,1001.12,0,0,0,0,0,0,0,0,0,0,0,0,0,0,0,0,0,0,0,0,0,0,0,0,0,0,0,0,0,0,0,0,0,0,0,0,0,0,0,0,0,0,0,0,0,0,0,0,0,0,0,0,0,0,0,0,0,0,0,0,0,0,0,0,0,0,0,0,0,0,0,0,0,0,0,0,0,0,0,0,0,0,0,0,0,0,0,0,0,0,0,0,0,0,0,0,0,0,0,0,0,0,0,0,0,0,0,0,0,0,0,0,0,0,0,0,0,0,0,0,0,0,0,0,0,0,0,0,0,0,0,0,0,0,0,0,0,0,0,0,0,0,0,0,0,0,0,0,0,0,0,0,0,0,0,0,0,0,0,0,0,0,0,0,0,0,0,0,0,0,0,0,0,0,0,0,0,0,0,0,0,0,0,0,0,0,0,0,0,0,0,0,0,0,0,0,0,0,0,0,0,0,0,0,0,0,0,0,0,0,0,0,0,0,0,0,0,0,0,0,0,0,0,0,0,0,0,0,0,0,0,0,0,0,0,0,0,3.20194,0,0,0,0,0,0,0,0,0,0,2.23856,0,0,0,0,11.0692,0,0,0,0,0,0,0,0,0,0,0,0,0,0,780.577,0,0,0,0,0,0,0,0,0,0,0,0,0,0,0,0,0,0,0,0,0,0,0,0,0,0,0,0,0,0,0,0,0,0,0,0,0,0,0,0,0,0,0,0,0,0,0,0,0,0,0,0,0,0,0,0,0,46.8293,116.321,0,0,142.349,0,0,0,0,0,0,0,0,0,0,0,0,0,0,125.707,0,0,103.871,0,0,0,0,79.5687,0,0,0,0,0,0,0,0,0,0,0,125.071,34.1427,0,86.3529,0,61.5096,0,78.8498,31.9174,0,0,0,0,0,0,0,0,0,0,0,0,0,0,0,0,0,0,0,0,0,0,0,0,0,0,0,0,0,0,0,0,0,0,0,0,0,0,0,0,0,0,0,0,0,0,0,0,0,0,0,0,0,0,0,0,0,0,0,0,0,0,0,0,0,0,0,0,0,0,0,0,0,0,0,0,0,0,0
D,Zn+2,1,xtb,-46.1826,0.79243,0,0,0.59052,0,9.03203,6.08384,0,2.56988,0,0,0,0,0.86075,12.7474,0,5.94679,0,5.30874,34.2125,0,4.78058,0,13.2121,5.90079,0,3.40248,0,0,0,0,0.93099,0,0,4.58074,0,0,0,0,0,0,0,6.32734,5.47437,31.9319,0,0,3.33397,0,0,0,0,0,0,28.5168,0,0,0,138.571,0,0,0,0,0,0,0,28.465,25.5688,0,0,0,0,0,0,188.591,0,0,0,0,31.8896,0,0,0,0,0,382.519,0,0,0,124.561,594.396,0,19.3574,0,0,0,112.604,0,0,68.5307,0,0,0,0,0,0,0,0,0,0,0,0,0,0,72.2566,0,0,0,69.2625,0,0,0,0,0,0,0,0,0,0,0,214.023,0,0,0,198.492,0,0,0,0,0,0,112.66,0,0,0,0,0,0,0,0,0,0,0,0,39.3969,0,0,0,0,0,0,0,0,0,0,37.569,0,0,0,0,0,0,0,0,17.0453,0,0,0,0,0,0,0,0,0,0,0,0,0,1.42656,0,0,0,0,0,0,0,0,0,0,0,0,0,0,0,30.0284,0,0,0,0,0,0,0,192.262,0,146.872,0,29.1058,0,0,26.9071,0,13.9595,0,0,0,0,0,0,0,0,0,0,0,0,0,0,0,0,0,14.8193,0,27.7505,0,0,25.867,0,0,0,0,0,0,0,0,0,0,0,0,0,0,0,210.785,0,155.777,0,0,0,0,0,0,0,106.073,0,0,0,0,0,0,0,0,0,0,0,0,0,0,0,219.264,0,113.32,194.917,109.103,0,0,0,0,0,0,0,0,0,0,0,0,0,0,0,0,0,0,0,0,0,0,0,0,0,0,0,0,0,249.076,0,0,0,0,0,0,0,0,0,0,0,1023.11,0,0,0,0,0,0,0,0,0,0,0,0,0,0,0,0,0,0,0,0,0,0,0,0,0,0,0,0,0,0,0,0,0,0,0,0,0,0,0,0,0,0,0,0,0,0,0,0,0,0,0,0,0,0,0,0,0,0,0,0,0,0,0,0,0,0,0,0,0,0,0,0,0,0,0,0,0,0,0,0,0,0,0,0,0,0,0,0,0,0,0,0,0,0,0,0,0,0,0,0,0,0,0,0,0,0,0,0,0,0,0,0,0,0,0,0,0,0,0,0,0,0,0,0,0,0,0,0,0,0,0,0,0,0,0,0,0,0,0,0,0,0,0,0,0,0,0,0,0,0,0,0,0,0,0,0,0,0,0,0,0,0,0,0,0,0,0,0,0,0,0,0,0,0,0,0,0,0,0,0,0,0,0,0,0,0,0,0,0,0,0,0,0,0,0,0,0,0,0,0,0,0,0,0,0,0,0,0,0,0,0,0,0,0,0,0,0,0,0,0,0,0,0,0,0,0,0,0,0,0,0,0,0,0,0,0,0,0,0,0,0,2.9198,0,0,0,0,0,8.55446,0,0,0,0,0,0,11.2665,0,0,0,0,0,0,0,0,0,0,0,0,0,0,0,0,0,0,0,0,0,0,0,0,0,0,0,0,0,0,0,0,0,0,0,0,0,0,0,0,0,0,0,0,0,0,0,0,0,0,0,0,0,0,0,0,0,0,0,0,0,0,0,0,0,0,0,0,159.508,33.5447,0,0,0,163.927,0,0,0,0,0,0,0,0,0,0,0,0,0,0,0,0,0,0,0,0,0,0,0,0,0,0,0,0,0,0,0,76.2154,128.001,105.441,0,0,0,0,79.0108,89.9007,83.6946,0,0,0,0,0,0,0,0,0,0,0,0,0,0,0,0,0,0,0,0,0,0,0,0,0,0,0,0,0,0,0,0,0,0,0,0,0,0,0,0,0,0,0,0,0,0,0,0,0,0,0,0,0,0,0,0,0,0,0,0,0,0,0,0,0,0,0,0,0,0,0,0,0,0,0,0,0,0,0,0,0,0,0,0,0,0,0,0
D,none,1,xtb,-31.248,4.78716,0,0,0,0,2.19606,0,0,0,0,0,0,0,0,0,0,0,0,2.89891,0,0,0,0,0,0,0,0,0,0,0,0,0,0,38.6052,0,0,0,9.53016,0,0,0,0,0,0,0,0,12.0573,0,0,0,0,0,0,0,0,0,2.19341,0,0,0,0,0,0,0,0,0,0,0,0,0,0,2.4584,0,0,0,0,0,0,0,0,0,0,0,0,0,33.0934,0,0,0,0,0,0,0,7.91043,0,0,0,0,0,0,0,0,0,0,0,59.3357,0,0,0,0,0,0,0,80.389,0,0,0,0,101.267,0,0,0,0,0,0,0,128.427,0,0,0,0,0,74.028,0,0,0,0,0,0,0,0,0,0,0,0,0,0,0,0,0,0,55.8621,0,0,0,0,0,0,0,0,0,0,0,0,0,0,0,0,0,0,0,0,2.07322,0,0,0,0,0,41.7303,0,0,0,0,0,0,0,0,0,0,117.842,0,0,0,0,61.3575,0,0,0,0,0,0,0,0,0,0,0,0,0,123.091,0,0,0,0,0,169.162,0,112.588,0,0,0,0,0,36.3736,0,105.181,0,0,0,0,0,0,0,33.8151,0,0,138.643,0,0,0,0,0,0,16.0707,0,0,0,0,0,0,71.5051,0,0,0,0,0,65.3327,0,0,0,0,0,0,0,0,0,0,0,0,0,0,0,0,0,0,0,0,13.2382,0,0,0,0,0,0,0,0,0,0,0,0,0,0,0,0,0,0,0,0,0,0,0,0,0,31.7237,0,0,0,0,0,0,0,0,0,0,0,0,0,0,0,0,0,0,0,0,0,0,0,0,0,0,0,0,0,0,0,0,0,0,0,0,0,0,0,0,0,0,0,0,462.351,0,0,473.14,0,0,0,0,0,0,0,0,0,0,0,0,0,0,0,0,0,0,0,0,0,0,0,0,0,0,0,0,0,0,0,0,0,0,0,0,0,0,0,0,0,0,0,0,0,0,0,0,0,0,0,0,0,0,0,0,0,0,0,0,0,0,0,0,0,0,0,0,0,0,0,0,0,0,0,0,0,0,0,0,0,0,0,0,0,0,0,0,0,0,0,0,0,0,0,0,0,0,0,0,0,0,0,0,0,0,0,0,0,0,0,0,0,0,0,0,0,0,0,0,0,0,0,0,0,0,0,0,0,0,0,0,0,0,0,0,0,0,0,0,0,0,0,0,0,0,0,0,0,0,0,0,0,0,0,0,0,0,0,0,0,0,0,0,0,0,0,0,0,0,0,0,0,0,0,0,0,0,0,0,0,0,0,0,0,0,0,0,0,0,0,0,0,0,0,0,0,0,0,0,0,0,0,0,0,0,0,0,0,0,0,0,0,0,0,0,0,0,0,5.75434,0,0,0,0,0,0,0,0,0,0,0,0,0,0,2.11086,0,0,0,0,0,0,11.587,0,0,0,0,0,0,0,0,0,0,0,0,0,0,0,0,0,0,0,0,0,0,0,0,0,0,0,0,0,0,0,0,0,0,0,0,0,0,0,0,0,0,0,0,0,0,0,0,0,0,0,0,0,0,0,0,0,0,0,0,0,0,0,0,0,0,0,0,0,0,0,0,0,0,5.89156,0,0,0,0,0,1.02727,0,29.8384,0,0,0,32.6325,0,0,0,0,0,0,0,0,0,0,0,0,0,0,0,0,0,0,0,0,0,0,0,0,0,0,0,0,0,0,0,0,0,0,0,0,0,0,0,0,0,0,0,0,0,0,0,0,0,0,0,0,0,0,0,0,0,0,0,0,0,0,0,0,0,0,0,0,0,0,0,0,0,0,0,0,0,0,0,0,0,0,0,0,0,0,0,0,0,0,0,0,0,0,0,0,0,0,0,0,0,0,0,0,0,0,0,0,0,0,0
E,Co+2,1,xtb,-62.5672,11.8038,0,0,3.7872,0,0,2.16393,0,2.02545,3.48568,0,8.12909,0,6.2079,0,0,0,2.1636,7.13152,4.05571,0,0,0,0,5.09425,10.1617,0,0,2.89724,0,0,5.68697,23.85,0,34.5269,0,0,7.29379,0,0,6.30594,0,0,0,0,10.1653,0,4.51499,3.14607,0,0,0,13.6535,59.1887,28.4492,0,39.5468,0,0,64.5734,0,0,21.1698,0,418.558,0,0,0,0,0,0,0,0,54.0787,0,0,0,0,0,0,117.865,0,0,0,47.1343,0,0,26.3421,0,107.15,0,56.3167,57.9773,0,0,96.004,0,0,57.9523,0,0,0,0,0,99.8546,0,0,0,0,15.6949,0,298.246,0,0,0,0,244.038,72.9854,0,0,0,0,0,0,0,141.421,0,0,0,0,378.437,0,587.597,0,161.923,0,0,0,35.9509,0,0,0,0,0,0,0,0,0,0,0,0,0,0,0,87.9279,0,0,0,0,9.13261,0,0,0,0,0,0,0,0,0,0,0,0,0,0,21.686,0,0,17.9219,0,0,0,0,0,0,0,0,0,0,0,0,0,0,0,0,0,0,0,0,4.59908,0,0,0,0,0,10.5718,0,0,8.19844,0,0,0,0,0,16.6446,0,0,0,197.577,106.114,0,32.761,0,0,0,0,0,0,0,0,0,0,19.9002,0,0,0,5.16106,0,0,0,30.8774,0,0,132.815,0,0,0,14.8811,0,0,0,0,0,0,125.998,0,0,0,0,2.47461,0,0,0,187.265,0,0,0,0,0,0,0,0,0,0,66.7631,0,0,0,0,0,148.764,0,32.3512,0,0,181.862,154.128,0,0,92.1157,0,0,212.824,100.885,0,0,0,0,0,0,0,0,0,0,0,0,0,0,0,0,0,0,0,0,0,0,0,0,0,0,0,0,0,0,0,0,0,0,0,0,0,580.37,0,0,0,0,0,0,0,0,0,589.999,0,0,0,0,0,0,0,0,0,0,0,0,0,0,0,0,0,0,0,0,0,0,0,0,0,0,0,0,0,0,0,0,0,0,0,0,0,0,0,0,0,0,0,0,0,0,0,0,0,0,0,0,0,0,0,0,0,0,0,0,0,0,0,0,0,0,0,0,0,0,0,0,0,0,0,0,0,0,0,0,0,0,0,0,0,0,0,0,0,0,0,0,0,0,0,0,0,0,0,0,0,0,0,0,0,0,0,0,0,0,0,0,0,0,0,0,0,0,0,0,0,0,0,0,0,0,0,0,0,0,0,0,0,0,0,0,0,0,0,0,0,0,0,0,0,0,0,0,0,0,0,0,0,0,0,0,0,0,0,0,0,0,0,0,0,0,0,0,0,0,0,0,0,0,0,0,0,0,0,0,0,0,0,0,0,0,0,0,0,0,0,0,0,0,0,0,0,0,0,0,0,0,0,0,0,0,0,0,0,0,0,0,0,0,0,0,0,0,0,0,0,0,0,0,0,0,0,0,0,0,0,0,0,0,1.43949,0,0,0,0,0,0,0.69731,0,0,0,0,0,0,8.87847,0,0,2.29757,0,0,1.33704,0,0,0,0,0,0,0,0,0,0,0,0,0,0,0,0,0,0,0,0,327.686,0,0,0,0,0,0,0,0,0,0,0,0,0,0,0,0,0,471.456,0,0,0,0,0,0,0,0,0,0,0,0,0,639.631,0,0,0,15.6488,0,0,0,0,0,0,0,0,0,0,0,0,0,123.722,0,0,82.0978,0,0,0,0,0,0,0,0,0,0,0,0,0,0,0,0,0,0,0,0,0,0,0,0,0,0,0,99.3575,0,0,0,91.687,83.2157,19.7438,133.449,0,0,156.66,0,0,41.2436,0,0,0,0,0,0,0,0,0,0,0,0,0,0,0,0,0,0,0,0,0,0,0,0,0,0,0,0,0,0,0,0,0,0,0,0,0,0,0,0,0,0,0,0,0,0,0,0,0,0,0,0,0,0,0,0,0,0,0,0,0,0,0,0,0,0,0,0,0,0,0,0,0,0,0,0,0,0,0,0
E,Cu+2,1,xtb,-52.6099,9.91507,2.18831,0,0,2.48301,19.5801,0,0,0,3.69066,3.99013,0,0,0,7.70407,0,3.81697,0,0,0,0,35.5874,0,2.80801,6.07197,0,55.3984,0,0,7.48436,0,0,0,0.2875,0,0,0,0,0,4.56084,0,0,0,0,0,4.41813,0,0,12.5128,0,0,0,0,0,23.6984,0,0,0,0,29.4471,0,0,0,0,18.1889,0,0,0,0,0,0,0,0,0,0,1.07509,0,0,0,0,0,0,0,0,58.568,16.9231,0,0,0,191.192,0,0,0,94.0811,0,20.2061,0,101.392,0,112.16,158.458,0,0,539.36,0,0,0,0,0,0,0,0,56.2372,0,0,109.871,0,0,0,0,8.72871,0,0,0,0,0,0,81.8537,0,0,0,230.074,0,0,0,232.632,0,0,0,0,0,0,0,0,0,0,0,0,0,0,0,0,0,0,29.8391,0,0,0,0,56.6117,0,0,0,0,0,0,0,0,0,0,0,0,0,0,12.1995,0,17.1013,0,0,0,0,0,0,0,0,0,0,0,0,18.5656,0,0,0,0,0,0,0,0,0,0,0,0,0,0,36.1461,0,0,0,0,55.1581,12.0095,0,0,0,0,135.509,83.269,0,262.437,0,0,0,0,0,0,0,0,2.79742,0,0,18.4483,0,0,3.97039,0,0,0,0,0,0,0,0,62.7116,0,45.019,0,0,0,0,0,0,0,0,0,22.6534,355.329,0,0,0,0,0,0,0,0,121.904,0,0,0,0,0,0,68.0864,0,0,0,55.7352,0,0,0,0,142.274,0,0,95.2926,179.394,0,0,201.035,0,0,0,0,0,0,0,0,0,0,0,0,0,0,0,0,0,0,0,0,0,0,0,0,0,0,0,0,321.374,0,0,0,0,0,0,0,0,0,0,0,629.047,0,0,0,0,0,0,0,0,0,0,0,0,0,0,0,0,0,0,0,0,0,0,0,0,0,0,0,0,0,0,0,0,0,0,0,0,0,0,0,0,0,0,0,0,0,0,0,0,0,0,0,0,0,0,0,0,0,0,0,0,0,0,0,0,0,0,0,0,0,0,0,0,0,0,0,0,0,0,0,0,0,0,0,0,0,0,0,0,0,0,0,0,0,0,0,0,0,0,0,0,0,0,0,0,0,0,0,0,0,0,0,0,0,0,0,0,0,0,0,0,0,0,0,0,0,0,0,0,0,0,0,0,0,0,0,0,0,0,0,0,0,0,0,0,0,0,0,0,0,0,0,0,0,0,0,0,0,0,0,0,0,0,0,0,0,0,0,0,0,0,0,0,0,0,0,0,0,0,0,0,0,0,0,0,0,0,0,0,0,0,0,0,0,0,0,0,0,0,0,0,0,0,0,0,149.937,0,0,0,0,0,0,0,0,0,0,0,0,0,0,0,0,0,0,0,0,0,0,0,0,0,0,0,0,0,0,0,0,0,0,0,0,0,2.35973,0,0,0,0,0,0,0,0,0,0,0,0,2.32935,0,0,0,0,7.37626,5.54978,37.617,0,0,0,0,0,0,0,0,0,0,0,0,0,0,0,0,0,0,0,0,0,0,0,0,0,0,0,0,0,0,0,0,0,0,0,0,0,0,0,0,0,0,0,0,0,0,0,0,0,0,0,0,0,0,0,0,0,0,0,0,0,0,211.396,0,0,0,0,0,0,0,0,0,215.63,0,0,0,0,0,0,0,0,0,0,0,0,0,0,0,0,0,0,0,0,0,0,0,0,0,0,128.448,0,115.761,0,0,0,179.792,266.77,0,0,158.414,0,0,0,0,0,0,0,0,0,0,0,0,0,0,0,0,0,0,0,0,0,0,0,0,0,0,0,0,0,0,0,0,0,0,0,0,0,0,0,0,0,0,0,0,0,0,0,0,0,0,0,0,0,0,0,0,0,0,0,0,0,0,0,0,0,0,0,0,0,0,0,0,0,0,0,0,0,0,0,0,0,0,0,0,0,0,0,0,0
E,Ni+2,1,xtb,-63.7227,1.19512,0,0.17693,2.53448,0,1.86613,0,0,2.89473,0,19.7924,0,0,2.14623,0,0,2.04116,0,0.72737,0,3.15853,0.88545,5.15124,0,0,0,25.1605,0,5.17331,13.5188,0,3.87641,0,4.06364,100.018,0,0,10.8408,0,0,0,0,19.9972,0,2.38014,0,0,6.5134,0,12.6591,18.4354,0,0,10.8166,16.2147,0,0,12.8751,0,0,0,0,0,21.613,0,0,0,0,0,0,179.903,183.521,0,0,0,221.163,0,0,0,0,0,171.108,0,0,169.346,0,204.177,0,223.889,13.0513,0,0,0,73.9261,0,0,29.1093,0,273.754,16.793,179.958,0,0,252.354,0,0,0,57.4103,0,0,0,0,0,0,0,0,0,0,83.4561,0,0,0,0,0,56.7411,0,0,0,0,0,0,155.107,0,0,0,250.669,0,0,96.2202,0,0,0,0,0,0,0,0,0,0,0,0,0,0,80.3309,0,0,0,0,1.08475,0,0,0,0,0,0,0,0,0,0,0,0,0,0,0,46.3069,0,0,30.0109,0,0,0,0,0,0,0,0,0,0,0,0,0,0,0,0,0,0,0,0,0,2.14916,0,0,0,11.2123,0,24.1567,0,0,0,0,0,0,13.79,0,0,0,0,402.269,0,0,4.13319,0,0,0,0,0,0,0,0,20.732,0,0,8.24727,0,0,0,0,3.87448,0,0,0,0,87.2799,0,28.896,0,0,0,0,0,0,0,0,0,0,10.17,0,165.245,0,0,184.237,0,0,0,0,0,0,0,0,0,0,0,0,75.8062,0,98.244,0,0,0,0,9.91848,0,0,126.662,0,0,257.91,0,0,148.806,0,290.366,0,0,0,0,0,0,0,0,0,0,0,0,0,0,0,0,0,0,0,0,0,0,0,0,0,0,0,0,0,0,0,0,0,0,0,0,0,0,44.6136,0,1032.04,0,0,0,0,0,0,0,0,0,0,0,0,0,0,0,0,0,0,0,0,0,0,0,0,0,0,0,0,0,0,0,0,0,0,0,0,0,0,0,0,0,0,0,0,0,0,0,0,0,0,0,0,0,0,0,0,0,0,0,0,0,0,0,0,0,0,0,0,0,0,0,0,0,0,0,0,0,0,0,0,0,0,0,0,0,0,0,0,0,0,0,0,0,0,0,0,0,0,0,0,0,0,0,0,0,0,0,0,0,0,0,0,0,0,0,0,0,0,0,0,0,0,0,0,0,0,0,0,0,0,0,0,0,0,0,0,0,0,0,0,0,0,0,0,0,0,0,0,0,0,0,0,0,0,0,0,0,0,0,0,0,0,0,0,0,0,0,0,0,0,0,0,0,0,0,0,0,0,0,0,0,0,0,0,0,0,0,0,0,0,0,0,0,0,0,0,0,0,0,0,0,0,0,0,0,0,0,0,0,0,0,0,0,0,0,0,0,0,0,0,0,0,0,0,0,0,0,0,0,0,0,0,0,0,0,0,1.32487,0,0,0,0,0,0,0,0,0,0,0,801.53,20.3968,0,0,0,0,0,0,8.28221,0,0,1.38724,7.74702,0,0,0,0,0,0,0,0,0,0,0,0,0,0,0,0,0,0,0,0,0,0,0,0,0,0,0,0,0,0,0,0,0,0,0,0,0,0,0,0,0,0,0,0,0,21.936,0,0,0,0,0,0,0,0,0,0,0,0,0,0,0,0,0,0,0,0,0,0,0,134.489,0,0,0,0,0,89.3984,0,0,0,0,0,0,0,0,0,0,0,0,0,0,0,0,0,0,0,0,259.832,0,0,0,0,97.9462,0,0,0,0,87.2914,0,65.2302,0,78.2622,62.196,71.7683,0,0,50.4247,0,75.5296,0,0,0,0,0,0,0,0,0,0,0,0,0,0,0,0,0,0,0,0,0,0,0,0,0,0,0,0,0,0,0,0,0,0,0,0,0,0,0,0,0,0,0,0,0,0,0,0,0,0,0,0,0,0,0,0,0,0,0,0,0,0,0,0,0,0,0,0,0,0,0,0,0,0,0,0,0,0,0
E,Zn+2,1,xtb,-49.3208,1.36394,0,0,0,0,1.67761,0,0,1.80657,1.39552,0,4.22086,0,0,13.2189,8.79199,0,2.37938,3.42293,0,0,5.73314,26.6963,51.1929,0,2.58039,0,0,1.47289,18.7171,0,0,0,0,0,0,3.19406,0,0,0,0,0,16.2869,0,4.8071,27.8835,0,0,0,0,0,0,1.91599,0,0,0,0,0,0,86.1317,0,0,0,0,0,0,0,15.4202,60.5966,0,0,61.1039,0,193.561,0,0,0,0,0,0,0,0,0,0,515.229,14.6363,0,0,67.6444,0,462.261,0,23.4217,0,239.217,0,0,0,0,21.9565,0,0,0,0,0,0,0,0,142.445,0,0,0,0,0,32.7384,0,0,25.9714,0,0,0,0,0,0,0,0,0,0,0,0,125.238,0,0,0,0,0,216.578,0,0,0,0,0,0,0,0,0,0,0,0,2.67888,0,0,0,0,0,0,0,0,0,0,0,0,0,13.2632,0,0,7.18708,0,0,0,0,0,0,0,0,0,0,0,0,2.16943,0,0,0,0,0,0,0,0,15.5678,0,0,0,0,0,0,0,0,0,0,0,0,0,0,0,40.4314,0,0,112.204,105.395,0,0,0,0,0,172.743,0,0,33.6294,0,0,0,6.01643,0,0,0,7.99112,0,0,0,0,0,0,0,0,0,8.91116,0,0,0,0,58.9204,0,0,0,0,91.4337,0,194.887,0,0,0,0,0,0,0,0,85.3908,0,0,0,0,188.335,95.8338,0,0,0,0,0,0,0,0,0,50.9931,0,0,0,0,0,0,14.5195,0,0,0,0,0,0,184.822,0,139.452,183.452,142.93,0,0,0,0,0,0,0,0,0,0,0,0,0,0,0,0,0,0,0,0,0,0,0,0,0,0,0,0,0,0,0,267.255,0,0,0,0,0,0,0,881.614,0,0,0,0,0,0,0,0,0,0,0,0,0,0,0,0,0,0,0,0,0,0,0,0,0,0,0,0,0,0,0,0,0,0,0,0,0,0,0,0,0,0,0,0,0,0,0,0,0,0,0,0,0,0,0,0,0,0,0,0,0,0,0,0,0,0,0,0,0,0,0,0,0,0,0,0,0,0,0,0,0,0,0,0,0,0,0,0,0,0,0,0,0,0,0,0,0,0,0,0,0,0,0,0,0,0,0,0,0,0,0,0,0,0,0,0,0,0,0,0,0,0,0,0,0,0,0,0,0,0,0,0,0,0,0,0,0,0,0,0,0,0,0,0,0,0,0,0,0,0,0,0,0,0,0,0,0,0,0,0,0,0,0,0,0,0,0,0,0,0,0,0,0,0,0,0,0,0,0,0,0,0,0,0,0,0,0,0,0,0,0,0,0,0,0,0,0,0,0,0,0,0,0,0,0,0,0,0,0,0,0,0,0,0,0,0,0,0,0,0,0,0,0,0,0,0,0,0,0,0,0,0,0,0,0,0,0,0,0,0,0,0,0,2.80763,0,0,0,0,0.42467,0,0,0,0,0,1.32152,0,0,0,3.45768,0,0,0,0.45193,0,0,0,0,0,0,0,0,0,0,0,0,0,0,0,0,0,0,0,0,0,0,0,0,0,0,0,0,0,0,0,0,0,0,0,0,0,0,0,0,0,0,0,0,0,0,0,0,0,0,0,0,0,0,0,0,0,0,0,0,0,0,0,0,0,173.635,0,0,30.0859,0,0,0,0,0,0,0,0,0,128.959,0,0,0,0,0,0,0,0,0,0,0,0,0,0,0,0,0,0,0,0,83.9164,0,108.571,103.565,0,0,71.9625,0,80.8207,91.9298,0,0,0,0,0,0,0,0,0,0,0,0,0,0,0,0,0,0,0,0,0,0,0,0,0,0,0,0,0,0,0,0,0,0,0,0,0,0,0,0,0,0,0,0,0,0,0,0,0,0,0,0,0,0,0,0,0,0,0,0,0,0,0,0,0,0,0,0,0,0,0,0,0,0,0,0,0,0,0,0,0,0,0,0,0,0,0,0
E,none,1,xtb,-34.3889,5.93934,0,0,0,0,0,1.70267,0,0,0,0,0,0,0,0,0,0,0,0,0,0,0,0,0.22477,0,0,0,0,0,0,0,0,2.81555,37.9277,0,0,0,0,0,0,7.87777,0,0,0,0,0,0,0,4.49986,0,0,0,0,0,0,0,0,0,0,0,0,0,0,0,8.56544,0,0,0,0,0,0,0,0,0,0,0,0,0,0,0,0,0,25.6439,0,0,0,0,0,0,27.1159,0,0,0,16.9082,0,0,0,0,0,0,0,0,0,0,0,0,0,79.695,0,0,0,0,23.4237,0,0,0,22.6269,0,0,0,0,202.101,0,0,0,0,0,0,0,0,0,104.117,0,0,0,0,0,0,0,0,0,0,0,0,0,0,0,0,0,0,0,35.3077,0,0,0,0,0,0,0,0,4.55901,0,0,0,0,0,0,0,0,0,0,90.2632,0,0,0,0,0,0,0,0,8.48794,0,0,0,0,0,0,18.4657,0,0,0,0,0,110.278,0,0,0,0,0,0,0,0,0,0,0,0,21.6658,0,0,0,95.3739,0,0,241.243,0,262.068,0,0,0,0,0,15.7159,0,0,0,0,10.721,0,0,13.1124,0,0,0,78.8605,0,0,0,0,57.7676,0,0,0,0,37.1065,0,0,0,0,0,0,0,0,0,9.11314,0,0,74.3545,5.26314,0,0,0,0,0,0,0,0,0,0,0,0,0,0,25.7748,0,0,0,0,0,0,0,0,2.19524,0,0,0,0,0,0,0,0,0,0,0,0,0,0,0,0,0,0,0,0,0,34.5556,0,0,0,0,0,0,0,0,0,0,0,0,0,0,0,0,0,0,0,0,0,0,0,0,0,0,0,0,0,0,0,0,0,0,0,0,0,0,0,0,0,0,454.889,0,0,0,471.356,0,0,0,0,0,0,0,0,0,0,0,0,0,0,0,0,0,0,0,0,0,0,0,0,0,0,0,0,0,0,0,0,0,0,0,0,0,0,0,0,0,0,0,0,0,0,0,0,0,0,0,0,0,0,0,0,0,0,0,0,0,0,0,0,0,0,0,0,0,0,0,0,0,0,0,0,0,0,0,0,0,0,0,0,0,0,0,0,0,0,0,0,0,0,0,0,0,0,0,0,0,0,0,0,0,0,0,0,0,0,0,0,0,0,0,0,0,0,0,0,0,0,0,0,0,0,0,0,0,0,0,0,0,0,0,0,0,0,0,0,0,0,0,0,0,0,0,0,0,0,0,0,0,0,0,0,0,0,0,0,0,0,0,0,0,0,0,0,0,0,0,0,0,0,0,0,0,0,0,0,0,0,0,0,0,0,0,0,0,0,0,0,0,0,0,0,0,0,0,0,0,0,0,0,0,0,0,0,0,0,0,0,0,0,0,0,0,0,0,0,0,0,0,0,0,0,0,0,0,3.95023,0,0,0,0,0,0.78766,28.6709,20.7559,0,0,0,12.842,0,0,0,0,0,0,0,0,0,0,0,0,0,0,0,0,0,0,0,0,0,0,0,0,0,0,0,0,0,0,0,0,0,0,0,0,0,0,0,0,0,0,0,0,0,0,0,0,0,0,0,0,0,0,0,0,0,0,0,0,0,0,0,0,0,0,0,0,0,0,0,0,0,5.26342,0,0,0,0,0,0,2.58363,0,0,0,27.4765,0,0,0,30.3882,0,0,0,0,0,0,0,0,0,0,0,0,0,0,0,0,0,0,0,0,0,0,0,0,0,0,0,0,0,0,0,0,0,0,0,0,0,0,0,0,0,0,0,0,0,0,0,0,0,0,0,0,0,0,0,0,0,0,0,0,0,0,0,0,0,0,0,0,0,0,0,0,0,0,0,0,0,0,0,0,0,0,0,0,0,0,0,0,0,0,0,0,0,0,0,0,0,0,0,0,0,0,0,0,0,0,0,0,0
F,Co+2,1,xtb,-63.9444,4.99622,0,0,1.17759,0,8.71191,0.78311,1.44482,0,0,0,4.80623,0,19.7984,0,6.31629,0,0,7.66185,8.2978,0,11.3456,16.295,0,0,0,26.2143,18.1796,0,0,0,18.6113,0,0,0,34.3587,0,11.7187,0,0,19.3539,0,0,0,0,0,21.3628,0,31.0542,0,0,0,0,98.0314,0,0,92.6123,0,68.6166,0,24.7234,0,0,0,2.58073,0,0,0,54.0983,0,0,0,0,0,85.256,0,0,0,0,19.0878,0,0,150.451,0,11.0154,0,0,0,0,28.5418,0,53.272,0,0,170.868,0,0,0,183.91,0,0,0,0,0,69.9756,207.627,0,0,242.935,0,0,0,0,0,0,251.249,0,0,0,0,113.73,0,0,0,234.833,0,0,0,184.066,0,0,0,0,0,0,0,90.0041,0,0,0,0,27.2866,0,0,0,0,0,0,20.9101,0,0,0,0,0,0,0,0,0,0,0,13.8323,0,0,0,0,0,0,0,0,0,0,0.39861,0,0,2.89166,0.85529,0,0.15991,0,0,0,0,0,0,0,0,10.258,0,0,0,36.0379,0,0,0,0,0,0,0,0,0,4.556,0,0,0,0,54.2997,0,0,0,0,0,30.711,0,0,24.2766,0,53.7611,0,30.4815,0,0,0,60.8692,0,1.12893,0,0,0,19.4318,0,0,0,0,5.14809,16.8822,0,0,0,0,0,0,0,0,80.0315,0,0,3.37966,0,0,0,14.5035,0,0,0,2.16049,0,0,81.5504,0,0,0,0,0,0,0,0,0,0,0,0,0,0,0,0,0,0,1.7986,0,0,0,0,22.071,0,74.2692,20.397,0,196.443,81.7862,253.356,0,140.953,115.175,0,0,0,0,0,133.578,0,0,0,0,0,0,0,0,0,0,0,0,0,0,0,0,0,0,0,0,0,0,0,0,0,0,0,0,0,0,0,0,0,0,0,0,0,0,0,0,0,354.759,0,0,0,0,0,0,0,0,0,0,0,0,0,0,0,0,0,0,0,0,0,0,0,0,0,0,0,0,0,0,0,0,0,0,0,0,0,0,0,0,0,0,0,0,0,0,0,0,0,0,0,0,0,0,0,0,0,0,0,0,0,0,0,0,0,0,0,0,0,0,0,0,0,0,0,0,0,0,0,0,0,0,0,0,0,0,0,0,0,0,0,0,0,0,0,0,0,0,0,0,0,0,0,0,0,0,0,0,0,0,0,0,0,0,0,0,0,0,0,0,0,0,0,0,0,0,0,0,0,0,0,0,0,0,0,0,0,0,0,0,0,0,0,0,0,0,0,0,0,0,0,0,0,0,0,0,0,0,0,0,0,0,0,0,0,0,0,0,0,0,0,0,0,0,0,0,0,0,0,0,0,0,0,0,0,0,0,0,0,0,0,0,0,0,0,0,0,0,0,0,0,0,0,0,0,0,0,0,0,0,0,0,0,0,0,0,0,0,0,0,0,0,0,0,0,0,0,0,0,0,0,0,0,0,0,0,0,0,0,7.64929,0,0,0,0,0,0,0,0,0,9.51511,0,0,0,0,0.51401,0,0,0,0,0,0,0,22.79,0,0,0,0,0,0,8.08315,0,7.2482,8.64304,0,1.65889,0,0,0,0,0,0,0,0,0,0,0,0,0,0,0,0,0,0,0,0,0,0,54.0698,0,0,0,0,272.712,0,0,0,0,0,0,0,0,0,75.576,0,0,0,0,0,0,0,0,0,0,0,0,0,0,106.548,0,0,0,0,0,0,0,0,0,0,0,0,0,0,0,0,0,0,0,0,0,0,0,0,0,103.671,0,105.205,0,0,0,249.469,0,272.529,78.254,0,0,142.162,0,0,146.194,0,0,47.6248,0,0,0,0,0,0,0,0,0,0,0,0,0,0,0,0,0,0,0,0,0,0,0,0,0,0,0,0,0,0,0,0,0,0,0,0,0,0,0,0,0,0,0,0,0,0,0,0,0,0,0,0,0,0,0,0,0,0,0,0,0,0,0,0,0,0,0,0,0,0,0,0,0,0,0,0,0,0,0
F,Cu+2,1,xtb,-54.0114,4.68031,0,0,1.62354,9.78399,6.1778,0,4.48188,0,0,6.33066,0,1.28809,0,44.6861,0,0,0,82.9118,0,0,0,92.3232,4.20606,0,0,0,0,0,0,2.07093,0,0,0,0,2.37575,0,0,0,0,0,7.02511,0,0,5.89951,0,0,0,0,0,0,0,0,12.4732,47.8817,0,0,48.5859,0,16.6175,0,14.3248,0,0,0,0,0,0,0,0,0,0,0,0,333.319,0,0,0,123.123,0,0,0,0,15.6508,59.3075,0,0,0,135.066,0,0,58.0061,0,228.472,85.7081,67.3287,0,0,0,10.2911,334.529,0,0,0,68.5729,0,0,0,0,0,0,0,21.2075,0,0,0,0,0,0,0,0,0,0,0,0,97.0177,0,0,0,0,0,0,0,0,173.605,0,0,50.3039,0,0,0,0,6.60907,0,0,0,0,0,0,0,0,0,0,0,30.2479,0,0,0,0,0,17.4337,0,0,0,0,14.0749,0,0,0,42.3087,0,0,0,8.4493,0,0.03277,0,0,0,0,0,60.6436,0,0,0,13.02,0,0,0,0,0,0,0,0,0,29.0809,0,0,0,0,0,81.9611,0,0,8.00175,0,0,1.39577,0,0,0,5.57936,0,0,0,0,0,114.834,0,0,7.91113,0,0,0,6.33558,0,89.5437,0,0,0,0,3.8362,0,0,0,53.7054,0,0,0,0,0,9.00506,0,0,0,55.4403,0,0,0,31.6644,0,0,0,0,0,0,89.6727,91.003,0,0,0,0,8.8107,0,0,0,0,0,0,0,0,0,0,0,0,41.0169,10.0825,31.2075,0,0,0,0,0,0,0,403.894,100.047,0,431.1,83.1264,0,0,0,0,39.6643,0,0,0,0,0,0,0,0,0,0,0,0,0,0,0,0,0,0,0,0,0,0,0,0,0,0,0,0,0,0,0,160.101,0,0,0,0,0,0,0,0,0,0,0,0,0,0,0,0,0,0,0,0,0,0,0,0,0,0,0,0,0,0,0,0,0,0,0,0,0,0,0,0,0,0,0,0,0,0,0,0,0,0,0,0,0,0,0,0,0,0,0,0,0,0,0,0,0,0,0,0,0,0,0,0,0,0,0,0,0,0,0,0,0,0,0,0,0,0,0,0,0,0,0,0,0,0,0,0,0,0,0,0,0,0,0,0,0,0,0,0,0,0,0,0,0,0,0,0,0,0,0,0,0,0,0,0,0,0,0,0,0,0,0,0,0,0,0,0,0,0,0,0,0,0,0,0,0,0,0,0,0,0,0,0,0,0,0,0,0,0,0,0,0,0,0,0,0,0,0,0,0,0,0,0,0,0,0,0,0,0,0,0,0,0,0,0,0,0,0,0,0,0,0,0,0,0,0,0,0,0,0,0,0,0,0,0,0,0,0,0,0,0,0,0,0,0,0,0,0,0,0,0,0,0,0,0,0,0,0,0,0,0,0,0,0,0,0,0,0,0,0,0,0,0,0,0,0,0,2.23962,0,0,0,0,0,0,0,0,0,0,18.6749,0,0,0,0,13.2223,0,0,0,0,0,0,0,0,0,0,0,0,0,0,0,0,0,0,65.7531,0,49.1694,0,1.23784,4.63259,0,0,0,0,0,0,0,0,0,0,0,0,0,0,0,0,0,0,0,0,0,0,0,0,0,0,0,0,0,0,0,0,0,0,0,0,0,0,0,0,0,0,0,0,0,0,438.178,0,0,0,19.9747,0,0,0,0,0,0,0,0,0,17.7715,0,0,0,0,0,0,0,0,0,0,0,0,0,0,0,0,0,0,0,0,0,0,0,73.5414,59.8258,143.205,0,150.768,526.218,0,0,0,0,0,0,0,0,0,0,0,0,0,0,0,0,0,0,0,0,0,0,0,0,0,0,0,0,0,0,0,0,0,0,0,0,0,0,0,0,0,0,0,0,0,0,0,0,0,0,0,0,0,0,0,0,0,0,0,0,0,0,0,0,0,0,0,0,0,0,0,0,0,0,0,0,0,0,0,0,0,0,0,0,0,0,0
F,Ni+2,1,xtb,-65.1056,0.89152,1.5212,0,0,8.28449,5.46246,0,22.5091,0,14.3396,0,0,4.43924,0,0,23.2148,4.89907,0,0,5.14024,0,0,5.57082,0,11.6316,3.05065,0,10.5992,15.4148,0,1.0143,25.0834,0,47.7179,0,0,0,0,0,65.6453,0,0,41.7037,0,0,0,0,37.6972,0,0,29.8496,0,0,34.324,0,10.5633,0,0,0,0,0,2.19582,2.00129,0,0,0,0,76.9148,0,218.851,5.3277,0,0,0,270.995,147.03,50.8696,0,0,0,0,0,0,398.509,46.5746,0,0,63.1001,112.951,0,0,0,0,167.636,0,0,0,0,295.137,0,285.03,0,0,0,0,4.98442,55.7566,0,0,0,52.8141,0,0,0,0,0,0,0,22.4661,0,0,0,0,0,124.816,0,0,0,0,0,0,0,0,136.991,0,0,0,0,0,52.2785,0,0,0,0,0,0,0,0,0,0,0,0,0,0,0,12.0377,0,2.04969,0,0,0,0,11.302,0,0,0,0,0,0,22.6942,0,4.38899,0,0,0,3.39382,0.58877,0,0,0,0,0,0,0,0,0,31.5016,0,0,0,4.75012,0,0,0,0,0,0,0,0,0,0,86.5731,0,0,42.7824,9.01816,0,0,0,20.3369,0,0,0,0,5.74238,0,132.509,0,0,0,0,0,0,0,2.77017,3.10999,0,0,63.8902,0,0,0,3.21575,0,0,42.4037,0,0,0,0,0,79.9867,0,0,0,0,12.837,0,0,15.7144,0,0,0,0,164.611,0,0,4.95187,0,0,0,0,0,0,0,0,0,0,0,0,0,0,0,0,0,0,2.57748,0,0,2.05543,18.9351,0,0,0,147.279,0,0,317.622,178.739,0,268.53,93.5937,0,73.1306,0,0,0,0,0,0,0,0,0,0,211.832,0,0,0,0,0,0,0,0,0,0,0,0,0,0,0,0,0,0,0,0,0,0,0,0,0,141.946,0,0,0,0,0,0,0,0,0,0,0,0,0,0,0,0,0,0,0,0,0,0,0,0,0,0,0,0,0,0,0,0,0,0,0,0,0,0,0,0,0,0,0,0,0,0,0,0,0,0,0,0,0,0,0,0,0,0,0,0,0,0,0,0,0,0,0,0,0,0,0,0,0,0,0,0,0,0,0,0,0,0,0,0,0,0,0,0,0,0,0,0,0,0,0,0,0,0,0,0,0,0,0,0,0,0,0,0,0,0,0,0,0,0,0,0,0,0,0,0,0,0,0,0,0,0,0,0,0,0,0,0,0,0,0,0,0,0,0,0,0,0,0,0,0,0,0,0,0,0,0,0,0,0,0,0,0,0,0,0,0,0,0,0,0,0,0,0,0,0,0,0,0,0,0,0,0,0,0,0,0,0,0,0,0,0,0,0,0,0,0,0,0,0,0,0,0,0,0,0,0,0,0,0,0,0,0,0,0,0,0,0,0,0,0,0,0,0,0,0,0,0,0,0,0,0,0,0,0,0,0,0,0,0,0,0,0,0,0,0,0,0,0,11.7413,0,0,0,0,0,0,0,0,0,0,0,0,0,0,42.1589,0,0,0,0,0,0,0,0,0,0,0,0,0,0,0,39.2482,0,17.5721,0,0,0,43.8794,0,10.7271,0.59897,0,0,0,0,0,0,0,0,0,0,0,0,0,0,0,0,0,0,0,0,0,0,0,0,0,0,44.3107,0,0,0,0,0,0,0,0,0,0,0,18.3383,0,0,0,0,0,0,0,0,0,0,0,202.998,0,0,0,0,0,0,0,0,0,0,0,0,0,0,0,0,0,0,0,0,0,0,0,0,0,0,0,0,85.8455,0,0,0,0,46.4001,0,90.2312,0,70.8166,0,0,372.021,206.55,181.297,61.6518,0,31.1887,0,0,0,0,0,0,0,0,0,0,0,0,0,0,0,0,0,0,0,0,0,0,0,0,0,0,0,0,0,0,0,0,0,0,0,0,0,0,0,0,0,0,0,0,0,0,0,0,0,0,0,0,0,0,0,0,0,0,0,0,0,0,0,0,0,0,0,0,0,0,0,0,0,0,0,0,0,0,0
F,Zn+2,1,xtb,-50.7004,11.1204,0,8.18819,0,0.90491,0.42977,0,0,0,0,7.09115,2.99346,0,2.85285,4.04127,0,6.64212,0.81666,0,3.50448,0,0,32.7643,0,0,28.6914,0,0,0,4.55241,0,0,0,2.10063,0,0,11.7198,0,0,0,24.562,0,8.15817,0,0,0,5.24935,0,0,0,0,0,213.125,2.31985,0,0,0,0,0,0,0,0,0,0,15.2698,34.6033,34.0708,0,0,77.8015,101.897,0,0,0,0,0,0,0,0,0,0,227.205,0,9.70467,0,0,0,350.72,356.957,0,0,31.6034,0,0,0,0,0,0,0,0,20.6874,0,0,76.9688,0,0,0,0,0.08158,0,0,0,0,0,0,0,0,0,0,0,85.6711,0,19.452,0,0,0,0,0,0,0,0,0,147.038,0,0,0,0,0,105.148,0,0,0,0,48.3252,0,0,0,0,0,27.5194,0,0,0,0,0,0,0,0,0,0,0,0,0,0,0,15.9384,31.2517,0,0,0,13.8251,0,0,5.89139,0,0,0,2.67613,0,0.09551,0,5.77715,0,0,0,0,0,0.79977,0,0,0,0,0,0,0,0,0,0,0,0,0,0,3.7258,0,1.8828,0,0,0,0,0,0,209.203,28.0386,7.51932,0,0,0,54.6203,0,0,1.40542,0,0,0,0,0.13399,0,2.92799,0,0,0,4.75248,0,0,0,0,14.2564,0,0,0,0,35.7827,0,0,3.05515,0,0,0,0,0,2.13673,0,0,0,5.16342,0,0,0,0,0,0,0,0,0,155.853,0,0,0,0,0,0,0,3.70783,0,0,0,0,0,0,0,3.31565,24.8674,0,0,0,202.853,0,114.612,0,272.073,0,0,0,0,0,0,0,0,0,0,0,2.89376,0,0,20.8022,0,0,0,0,0,0,0,0,0,0,0,0,0,0,0,0,0,0,0,0,557.748,0,0,0,0,0,0,0,0,0,0,0,0,0,0,0,0,0,0,0,0,0,0,0,0,0,0,0,0,0,0,0,0,0,0,0,0,0,0,0,0,0,0,0,0,0,0,0,0,0,0,0,0,0,0,0,0,0,0,0,0,0,0,0,0,0,0,0,0,0,0,0,0,0,0,0,0,0,0,0,0,0,0,0,0,0,0,0,0,0,0,0,0,0,0,0,0,0,0,0,0,0,0,0,0,0,0,0,0,0,0,0,0,0,0,0,0,0,0,0,0,0,0,0,0,0,0,0,0,0,0,0,0,0,0,0,0,0,0,0,0,0,0,0,0,0,0,0,0,0,0,0,0,0,0,0,0,0,0,0,0,0,0,0,0,0,0,0,0,0,0,0,0,0,0,0,0,0,0,0,0,0,0,0,0,0,0,0,0,0,0,0,0,0,0,0,0,0,0,0,0,0,0,0,0,0,0,0,0,0,0,0,0,0,0,0,0,0,0,0,0,0,0,0,0,0,0,0,0,0,0,0,0,0,0,0,0,0,0,0,0,0,0,0,0,0,0,0,0,0,0,0,0,0,2.22803,0,0,0,0,0,0,0,0.75478,0,0,0,2.23137,0,0.27988,0,0,0,0,0,0,0,0,0,0,0,0,0,1.60247,0,1.87285,0.38024,0,0,0.33646,0,0,0,0,0,0,0,0,0,0,0,0,0,0,0,0,0,0,0,0,0,0,0,0,0,0,0,0,0,0,0,0,0,0,0,0,0,0,0,0,0,31.7672,0,0,183.021,0,0,0,0,0,0,0,0,0,0,0,0,0,0,0,0,0,0,0,0,0,0,0,0,0,0,0,0,87.257,0,0,0,0,0,0,0,143.352,105.597,0,0,0,0,77.1054,71.0729,0,0,0,0,0,0,0,0,0,0,0,0,0,0,0,0,0,0,0,0,0,0,0,0,0,0,0,0,0,0,0,0,0,0,0,0,0,0,0,0,0,0,0,0,0,0,0,0,0,0,0,0,0,0,0,0,0,0,0,0,0,0,0,0,0,0,0,0,0,0,0,0,0,0,0,0,0,0,0,0,0,0,0,0,0,0,0,0
F,none,1,xtb,-35.7792,1.55556,0,1.47144,0,0,0,0,0,0.48804,0,0,0,0,0,0,0,0,0,0,0,0,0,0.24336,0,0,0,0,0,0,0,0,0,0,0,0,0,25.7104,0,0,0,0,0,28.1539,0,0,0,2.41633,6.29614,0,0,0,0,0,0,0,0,0,0,0,1.10988,0,0,0,0,0,0,0,0,0,0,0,0,0,0,0,0,0,0,0,0,12.3773,0,0,0,0,0,0,4.87982,0,0,0,0,0,0,0,0,0,0,0,0,0,0,0,4.13691,0,0,0,0,0.01105,0,0,0,0,107.087,0,0,31.3665,0,0,0,0,0,0,0,14.5556,0,0,0,0,0,0,0,0,0,71.7756,0,0,0,0,0,0,20.6358,0,0,0,0,0,0,0,0,0,33.9786,0,0,0,0,0,1.1995,0,0,0,0,0,0,0,0,0.06775,0,0,0,0,0.53367,0,0,0,0,0.05994,0.25598,0,79.1025,0,0,0,0,45.4049,0,0,0,10.6203,0,0,0,63.7917,0,0,0,0,0,0,0,0,0,0,0,0,0,0,0.32516,0,0,14.7993,0,0,241.218,0,0,10.8656,2.48467,0,0,0,0,0,0,12.9489,0,0,0.06444,0,0,0.18141,0,61.2126,0,0,0,0,5.74927,0,0,0,0,0,0,0,0,16.8178,0,0.7155,0,4.71602,0,0,0,0,12.1707,0,0,0,0,0,0,0,0,0,0,0,0,0,0,0,0,0,0,0,0,0,0,0.07692,0,0,0,0,0,0,2.40631,0,3.98819,0,0,0,0,0,0,0,0,0,0,0,0,0,0,34.7596,0,0,0,0,0,0,0.17088,0,6.36961,0,0,0,0,0,0,0,0,0,0,0,0,0,0,0,0,0,0,0,0,0,0,0,0,0,0,0,0,0,0,0,0,0,0,434.671,0,0,0,0,0,0,0,0,0,0,0,0,0,0,0,0,0,0,0,0,0,0,0,0,0,0,0,0,0,0,0,0,0,0,0,0,0,0,0,0,0,0,0,0,0,0,0,0,0,0,0,0,0,0,0,0,0,0,0,0,0,0,0,0,0,0,0,0,0,0,0,0,0,0,0,0,0,0,0,0,0,0,0,0,0,0,0,0,0,0,0,0,0,0,0,0,0,0,0,0,0,0,0,0,0,0,0,0,0,0,0,0,0,0,0,0,0,0,0,0,0,0,0,0,0,0,0,0,0,0,0,0,0,0,0,0,0,0,0,0,0,0,0,0,0,0,0,0,0,0,0,0,0,0,0,0,0,0,0,0,0,0,0,0,0,0,0,0,0,0,0,0,0,0,0,0,0,0,0,0,0,0,0,0,0,0,0,0,0,0,0,0,0,0,0,0,0,0,0,0,0,0,0,0,0,0,0,0,0,0,0,0,0,0,0,0,0,0,0,0,0,0,0,0,0,0,0,0,0,0,0,0,0,0,17.911,0,0,0,0,0,27.7437,0,17.8636,0,0,0,0,0,0,0,0,0,0,0,0,0,14.3312,5.55324,22.2473,0,96.0308,43.9116,0,0,0,0,0,0,0,0,0,0,0,0,0,0,0,0,0,0,0,0,0,0,0,0,0,0,0,0,0,0,0,0,0,0,0,0,0,0,0,0,0,0,0,0,0,0,0,0,0,0,0,0,0,0,0,0,0,7.26181,0,0,0,0,0,4.60964,0,0,24.3199,0,0,0,0,0,0,0,0,0,0,0,0,0,0,0,0,0,0,0,0,0,0,0,0,0,0,0,0,0,0,0,0,0,0,0,0,0,0,0,0,0,0,0,0,0,0,0,0,0,0,0,0,0,0,0,0,0,0,0,0,0,0,0,0,0,0,0,0,0,0,0,0,0,0,0,0,0,0,0,0,0,0,0,0,0,0,0,0,0,0,0,0,0,0,0,0,0,0,0,0,0,0,0,0,0,0,0,0,0,0,0,0,0,0,0
G,Co+2,1,xtb,-45.9796,0.21305,6.34224,0,0,0.81159,0,0,0.86913,0,3.86534,0,0,1.33183,0,1.39434,0,13.0039,1.46896,0,0,0,0,1.22412,0,4.78389,0,0,17.943,0,28.6683,0,0,44.1178,0,0,0,13.1138,0,0.67624,0,51.3861,0,0,0,22.1746,0,0,0,8.91992,0,0,0,0,6.53701,0,0,0,129.293,0,0,44.6246,0,0,92.6007,0,0,0,0,81.8808,0,147.062,0,0,0,0,0,112.15,0,182.872,0,0,0,62.7321,0,0,0,0,0,0,196.743,0,0,0,0,92.4839,0,0,154.25,0,203.303,0,244.027,0,0,0,0,0,0,0,0,289.876,0,0,85.4581,0,0,0,0,0,0,0,0,144.924,0,0,0,0,0,0,9.25428,0,0,0,488.645,0,0,0,0,0,0,0,0,0,0,0,0,0,0,0,0,0,0,0,0,0,0,0,0,0,0,0,0,45.2736,0,0,0,0,0,0,0,0,0,0,0,0,18.7569,0,0,0,0,0,0,0,0,0,0,0,0,0,0,0,0,0,0,0,0,0,0,0,0,0,0,0,0,0,7.82346,0,0,0,0,0,1.22835,0,0,0,183.806,0,0,0,0,15.8785,0,0,0,0,0,0,0,0,0,0,0,0,0,0,6.70716,0,0,0,0,0,0,0,0,73.7763,0,0,0,0,0,0,0,0,0,0,0,0,0,0,150.347,0,0,0,0,0,0,0,0,0,0,55.6718,0,0,0,0,0,0,0,0,0,0,144.87,0,0,187.573,84.8325,101.357,0,0,0,407.617,0,0,0,0,0,0,0,0,0,0,0,0,0,0,0,0,0,0,0,0,0,0,0,0,0,0,0,0,0,0,0,0,0,0,0,0,0,0,0,0,0,0,0,0,0,0,0,561.37,0,0,0,0,0,0,0,0,0,0,0,0,0,0,0,0,0,0,0,0,0,0,0,0,0,0,0,0,0,0,0,0,0,0,0,0,0,0,0,0,0,0,0,0,0,0,0,0,0,0,0,0,0,0,0,0,0,0,0,0,0,0,0,0,0,0,0,0,0,0,0,0,0,0,0,0,0,0,0,0,0,0,0,0,0,0,0,0,0,0,0,0,0,0,0,0,0,0,0,0,0,0,0,0,0,0,0,0,0,0,0,0,0,0,0,0,0,0,0,0,0,0,0,0,0,0,0,0,0,0,0,0,0,0,0,0,0,0,0,0,0,0,0,0,0,0,0,0,0,0,0,0,0,0,0,0,0,0,0,0,0,0,0,0,0,0,0,0,0,0,0,0,0,0,0,0,0,0,0,0,0,0,0,0,0,0,0,0,0,0,0,0,0,0,0,0,0,0,0,0,0,0,0,0,0,0,0,0,0,0,0,0,0,0,0,0,0,0,0,0,0,0,0,0,0,0,0,0,0,0,0,0,0,0,0,0,0,0,0,0,5.16456,0,0,0,0,0,3.58869,0,0,0,0,0,0,0,0,0,0,0,0,0,0,0,0,0,0,0,0,0,0,0,0,0,0,0,0,0,0,0,0,0,0,0,0,0,0,0,0,0,0,0,0,0,0,0,0,0,0,0,0,0,0,0,0,0,0,0,377.779,0,0,0,0,29.7268,0,0,0,31.5472,0,0,0,0,0,0,0,0,130.861,0,0,0,0,0,0,0,0,0,0,0,0,0,0,0,0,0,0,0,0,0,0,0,0,0,0,0,114.8,147.521,0,0,214.925,0,82.1342,0,0,0,75.9549,0,0,0,103.093,75.5607,0,37.016,0,0,0,0,0,0,0,0,0,0,0,0,0,0,0,0,0,0,0,0,0,0,0,0,0,0,0,0,0,0,0,0,0,0,0,0,0,0,0,0,0,0,0,0,0,0,0,0,0,0,0,0,0,0,0,0,0,0,0,0,0,0,0,0,0,0,0,0,0,0,0,0,0,0,0,0,0,0,0,0,0,0
G,Cu+2,1,xtb,-36.0197,1.26173,0,0.17091,0,2.51189,0,0,0,0,5.48574,4.91242,0,0,53.295,19.3037,0,19.1088,0,0,0.65873,0,0,0,0,22.5501,0,9.53098,0,0,0,0,0.64185,0,0,0,0,0,0,0,0,0,0,0,0,0,0,0,0,15.5948,0,0,0,0,5.98275,0,0,0,0,0,34.4884,0,0,0,0,38.7635,0,0,0,259.444,0,0,0,0,0,0,0,0,0,0,0,0,0,48.1936,0,57.9917,0,0,0,0,0,0,0,0,0,0,22.7863,20.5636,0,19.2167,0,0,0,325.254,0,193.983,0,0,362.681,0,0,0,0,0,0,0,0,0,0,0,0,0,0,87.2423,0,0,0,0,0,0,0,0,0,0,254.051,0,0,0,0,0,0,0,0,0,0,0,0,0,0,0,0,0,0,0,0,0,0,0,0,0,0,0,0,40.1538,0,0,0,0,0,0,0,0,16.5067,0,0,0,0,0,0,0,0,0,0,0,0,0,0,0,0,0,0,0,0,71.9885,0,0,0,0,0,0,0,0,0,0,12.5775,0,0,0,12.068,0,0,0,0,0,135.386,0,0,0,0,0,0,0,0,0,0,0,8.4859,0,0,0,0,0,0,0,0,0,0,0,0,0,0,0,0,0,3.83188,0,0,0,0,0,0,0,0,0,0,0,0,0,0,0,0,0,135.091,0,0,0,0,0,0,0,0,100.08,0,0,0,0,0,0,0,0,0,0,0,342.856,71.2995,0,0,0,0,204.738,0,0,0,0,0,0,0,0,0,0,0,0,0,0,0,0,0,0,0,0,0,0,0,0,0,638.227,0,0,0,0,0,0,0,0,0,0,0,0,0,0,0,0,0,0,0,0,0,0,0,0,0,0,0,0,0,0,0,0,0,0,0,0,0,0,0,0,0,0,0,0,0,0,0,0,0,0,0,0,0,0,0,0,0,0,0,0,0,0,0,0,0,0,0,0,0,0,0,0,0,0,0,0,0,0,0,0,0,0,0,0,0,0,0,0,0,0,0,0,0,0,0,0,0,0,0,0,0,0,0,0,0,0,0,0,0,0,0,0,0,0,0,0,0,0,0,0,0,0,0,0,0,0,0,0,0,0,0,0,0,0,0,0,0,0,0,0,0,0,0,0,0,0,0,0,0,0,0,0,0,0,0,0,0,0,0,0,0,0,0,0,0,0,0,0,0,0,0,0,0,0,0,0,0,0,0,0,0,0,0,0,0,0,0,0,0,0,0,0,0,0,0,0,0,0,0,0,0,0,0,0,0,0,0,0,0,0,0,0,0,0,0,0,0,0,0,0,0,0,0,0,0,0,0,0,0,0,0,0,0,0,0,0,0,0,0,0,0,0,0,0,0,0,0,0,0,0,0,0,0,0,0,0,0,0,44.1896,0,0,0,0,0,34.6129,0,0,0,0,0,0,0,0,0,0,0,0,0,0,0,0,0,0,0,0,0,0,0,0,0,0,0,0,0,0,0,0,0,0,0,0,0,0,0,0,0,0,0,0,0,0,0,0,0,0,0,0,0,0,0,0,0,0,0,0,0,0,0,0,0,0,0,0,0,0,0,209.078,0,0,0,0,63.1483,0,0,0,0,84.3559,0,0,0,0,0,0,0,0,0,0,0,0,0,0,0,0,0,0,0,0,0,0,131.751,0,0,146.96,0,0,0,0,267.003,0,0,0,131.564,0,0,0,0,68.0026,0,0,0,0,0,0,0,0,0,0,0,0,0,0,0,0,0,0,0,0,0,0,0,0,0,0,0,0,0,0,0,0,0,0,0,0,0,0,0,0,0,0,0,0,0,0,0,0,0,0,0,0,0,0,0,0,0,0,0,0,0,0,0,0,0,0,0,0,0,0,0,0,0,0,0,0,0,0,0,0,0,0,0,0,0,0,0,0,0
G,Ni+2,1,xtb,-47.1378,0.72523,10.8148,0.49794,0,0,0,0,0,4.62158,0,0,2.78926,0,4.80944,7.60161,14.1571,0,0,6.2087,0,9.98404,0,14.5793,0,9.95102,23.3392,0,6.66396,21.663,0,35.9403,0,15.417,0,0,0,80.7355,7.33531,0,0,0,0,0,0,0,0,0,7.0194,4.54431,0,0,84.6397,0,0,0,48.6903,0,160.838,35.4862,0,0,0,0,17.5524,153.961,0,0,0,0,0,0,106.668,0,0,0,0,403.081,0,0,0,0,0,0,66.6803,209.558,0,0,0,0,0,0,0,0,88.9422,0,0,0,20.4772,0,89.8801,0,0,0,0,0,107.236,0,189.424,0,0,0,0,0,0,0,0,0,0,79.2449,314.684,0,0,0,0,0,0,0,0,0,279.414,0,0,0,0,0,0,0,0,0,0,0,0,0,0,0,0,0,0,0,0,0,0,0,0,0,0,0,0,0,0,0,43.9186,0,0,0,0,0,0,0,0,0,0,0,20.8815,0,0,0,0,0,0,0,0,0,0,0,0,0,0,0,0,0,0,0,0,0,24.6242,0,0,0,0,0,0,0,0,0,0,0,0,14.4024,0,0,0,6.87871,0,0,0,0,160.29,0,0,0,0,0,0,0,0,0,0,0,0,5.58289,0,0,0,0,0,0,0,0,0,0,0,0,0,23.8387,0,0,0,0,0,0,0,0,0,0,216.196,0,0,0,0,0,0,0,0,0,0,0,0,0,58.4456,0,0,0,0,0,0,0,0,0,0,0,139.677,0,181.634,141.572,24.3273,0,0,272.756,0,0,0,150.899,0,0,0,0,0,0,0,0,0,0,0,0,0,0,0,0,0,0,0,0,0,0,0,0,0,0,0,0,0,0,0,0,0,0,0,0,0,0,0,0,0,473.376,0,0,0,0,0,0,0,0,0,0,0,0,0,0,0,0,0,0,0,0,0,0,0,0,0,0,0,0,0,0,0,0,0,0,0,0,0,0,0,0,0,0,0,0,0,0,0,0,0,0,0,0,0,0,0,0,0,0,0,0,0,0,0,0,0,0,0,0,0,0,0,0,0,0,0,0,0,0,0,0,0,0,0,0,0,0,0,0,0,0,0,0,0,0,0,0,0,0,0,0,0,0,0,0,0,0,0,0,0,0,0,0,0,0,0,0,0,0,0,0,0,0,0,0,0,0,0,0,0,0,0,0,0,0,0,0,0,0,0,0,0,0,0,0,0,0,0,0,0,0,0,0,0,0,0,0,0,0,0,0,0,0,0,0,0,0,0,0,0,0,0,0,0,0,0,0,0,0,0,0,0,0,0,0,0,0,0,0,0,0,0,0,0,0,0,0,0,0,0,0,0,0,0,0,0,0,0,0,0,0,0,0,0,0,0,0,0,0,0,0,0,0,0,0,0,0,0,0,0,0,0,0,0,0,0,0,0,0,0,0,0,0,0,9.52548,0,0,0,0,0,9.55343,0,0,0,0,0,0,0,0,0,0,0,0,0,0,0,0,0,0,0,0,0,0,0,0,0,0,0,0,0,0,0,0,0,0,0,0,0,0,0,0,0,0,0,0,0,0,0,0,0,0,0,0,0,0,0,0,0,0,0,0,0,0,0,0,0,0,0,0,0,0,0,0,40.1536,0,0,0,0,0,0,176.721,0,0,0,0,0,0,0,0,0,0,0,113.583,0,0,0,0,0,136.463,0,87.9216,0,0,0,0,0,104.218,0,0,0,0,0,0,0,0,0,108.816,0,0,0,0,66.6364,0,0,65.6309,7.6416,124.193,36.1931,0,0,0,0,0,0,0,0,0,0,0,0,0,0,0,0,0,0,0,0,0,0,0,0,0,0,0,0,0,0,0,0,0,0,0,0,0,0,0,0,0,0,0,0,0,0,0,0,0,0,0,0,0,0,0,0,0,0,0,0,0,0,0,0,0,0,0,0,0,0,0,0,0,0,0,0,0,0,0
G,Zn+2,1,xtb,-32.7207,0.55777,0,2.21617,0,0,0,31.8289,0,0,7.83948,4.13083,0,0,8.51683,0,0,0,3.94093,20.4717,0,1.12654,0,12.082,0,0,0,0,0,3.10799,0,0,0,0,0,0,2.36889,0,0,0,0,0,148.443,0,0,3.46876,23.5752,0,0,0,0,175.32,0,0,0,0,0,0,0,0,0,0,0,0,133.961,0,0,0,29.3634,0,0,0,0,0,202.107,0,0,0,0,0,0,0,0,0,0,217.503,240.033,0,0,95.3202,0,0,0,0,347.825,33.0213,87.1677,0,0,0,0,0,0,0,0,0,0,0,0,0,0,0,0,0,0,0,0,0,0,0,0,92.2522,0,0,0,0,0,0,0,0,0,0,0,0,281.695,0,0,0,0,0,0,0,0,0,0,0,0,0,0,0,0,0,0,0,0,0,0,0,0,0,0,0,0,0,0,29.4858,0,0,0,0,0,0,25.2703,0,0,0,0,0,0,0,0,0,0,0,0,0,0,0,0,0,0,0,0,0,0,0,0,0,0,0,0,0,0,0,0,0,0,0,77.6206,0,0,0,5.17332,0,0,182.048,0,0,0,42.2989,0,0,0,0,0,0,0,0,0,0,0,0,0,11.4749,0,0,0,0,0,0,0,0,0,0,0,7.34315,0,0,0,0,0,0,0,0,0,0,0,0,0,0,0,172.799,0,0,0,0,0,0,0,0,0,0,0,106.129,0,0,0,0,0,0,0,0,0,0,0,142.47,184.921,0,173.788,92.4678,0,0,0,0,0,0,0,0,0,0,0,0,0,0,0,0,0,0,0,0,0,0,0,0,0,0,0,0,0,0,0,747.368,0,0,0,0,0,0,0,0,0,0,0,0,0,0,0,0,0,0,0,0,0,0,0,0,0,0,0,0,0,0,0,0,0,0,0,0,0,0,0,0,0,0,0,0,0,0,0,0,0,0,0,0,0,0,0,0,0,0,0,0,0,0,0,0,0,0,0,0,0,0,0,0,0,0,0,0,0,0,0,0,0,0,0,0,0,0,0,0,0,0,0,0,0,0,0,0,0,0,0,0,0,0,0,0,0,0,0,0,0,0,0,0,0,0,0,0,0,0,0,0,0,0,0,0,0,0,0,0,0,0,0,0,0,0,0,0,0,0,0,0,0,0,0,0,0,0,0,0,0,0,0,0,0,0,0,0,0,0,0,0,0,0,0,0,0,0,0,0,0,0,0,0,0,0,0,0,0,0,0,0,0,0,0,0,0,0,0,0,0,0,0,0,0,0,0,0,0,0,0,0,0,0,0,0,0,0,0,0,0,0,0,0,0,0,0,0,0,0,0,0,0,0,0,0,0,0,0,0,0,0,0,0,0,0,0,0,0,0,0,0,0,0,0,0,0,0,0,0,0,0,0,0,0,0,0,0,0,0,14.751,0,0,0,16.0672,0,0,0,0,0,0,0,0,0,0,0,0,0,0,0,0,0,0,0,0,0,0,0,0,0,0,0,0,0,0,0,0,0,0,0,0,0,0,0,0,0,0,0,0,0,0,0,0,0,0,0,0,0,0,0,0,0,0,0,0,0,0,0,0,0,0,0,0,0,194.49,0,47.4504,0,0,0,0,57.0227,0,0,0,0,0,0,0,0,0,0,0,0,0,0,0,0,0,0,0,0,0,0,124.652,0,0,144.387,0,0,131.065,0,0,99.7116,0,97.8847,0,93.7093,0,0,0,0,0,0,0,0,0,0,0,0,0,0,0,0,0,0,0,0,0,0,0,0,0,0,0,0,0,0,0,0,0,0,0,0,0,0,0,0,0,0,0,0,0,0,0,0,0,0,0,0,0,0,0,0,0,0,0,0,0,0,0,0,0,0,0,0,0,0,0,0,0,0,0,0,0,0,0,0,0,0,0,0,0,0,0,0,0,0,0,0,0,0
G,none,1,xtb,-17.8301,0,0,0,3.89776,0,0,0,0,0,0,0,0,0,0,0,0,0,0,0,0,0,0,0,0,0,0,0,0,0,0,0,0,0,0,44.4281,8.14904,0,0,0,0,0,0,0,0,0,0,0,0,0,0,0,0,0,0,0,0,0,0,0,0,0,0,0,0,0,0,0,0,0,0,0,0,0,0,0,0,0,0,0,29.1125,0,0,0,0,0,0,0,0,0,0,0,31.2231,0,0,0,0,0,0,0,0,0,0,0,0,0,0,0,0,0,0,0,0,0,0,10.9737,0,0,0,0,0,0,179.554,0,0,0,0,0,0,0,0,0,0,0,0,0,0,0,0,0,0,0,0,0,0,0,0,0,0,0,0,0,0,0,0,0,0,0,0,0,0,53.5467,0,0,0,0,0,28.6305,0,0,0,0,0,0,0,0,0,0,0,0,0,0,0,0,0,0,0,0,0,0,174.733,0,0,0,0,0,0,0,0,0,0,0,0,0,0,0,0,0,2.35748,0,0,0,0,0,271.57,0,0,0,0,44.8992,0,0,0,0,0,0,0,0,0,0,0,0,0,0,73.1943,0,0,0,0,0,0,0,0,0,0,0,0,0,0,20.7003,1.85442,0,0,0,0,0,0,0,0,0,0,0,0,0,0,0,0,0,0,0,0,0,0,0,0,0,23.2458,0,0,0,0,0,0,0,0,0,0,0,0,0,0,0,0,0,0,0,0,0,0,0,0,0,0,0,0,26.9695,0,0,0,0,0,0,0,0,0,0,0,0,0,0,0,0,0,0,0,0,0,0,0,0,0,0,0,0,0,0,0,0,0,0,0,0,0,0,0,0,0,0,0,474.189,0,0,0,0,0,0,0,0,0,0,0,0,0,0,0,0,0,0,0,0,0,0,0,0,0,0,0,0,0,0,0,0,0,0,0,0,0,0,0,0,0,0,0,0,0,0,0,0,0,0,0,0,0,0,0,0,0,0,0,0,0,0,0,0,0,0,0,0,0,0,0,0,0,0,0,0,0,0,0,0,0,0,0,0,0,0,0,0,0,0,0,0,0,0,0,0,0,0,0,0,0,0,0,0,0,0,0,0,0,0,0,0,0,0,0,0,0,0,0,0,0,0,0,0,0,0,0,0,0,0,0,0,0,0,0,0,0,0,0,0,0,0,0,0,0,0,0,0,0,0,0,0,0,0,0,0,0,0,0,0,0,0,0,0,0,0,0,0,0,0,0,0,0,0,0,0,0,0,0,0,0,0,0,0,0,0,0,0,0,0,0,0,0,0,0,0,0,0,0,0,0,0,0,0,0,0,0,0,0,0,0,0,0,0,0,0,0,0,0,0,0,0,0,0,0,0,0,0,0,0,0,11.5961,0,0,16.9858,0,0,0,0,0,0,0,0,0,0,0,0,0,0,0,0,0,0,0,0,0,0,0,0,0,0,0,0,0,0,0,0,0,0,0,0,0,0,0,0,0,0,0,0,0,0,0,0,0,0,0,0,0,0,0,0,0,0,0,0,0,0,0,0,0,0,0,0,0,0,0,0,0,0,0,0,0,0,0,0,0,0,0,0,5.45041,0,0,0,0,2.03537,0,0,0,28.076,0,0,0,0,0,0,0,0,0,0,0,0,0,0,0,0,0,0,0,0,0,0,0,0,0,0,0,0,0,0,0,0,0,0,0,0,0,0,0,0,0,0,0,0,0,0,0,0,0,0,0,0,0,0,0,0,0,0,0,0,0,0,0,0,0,0,0,0,0,0,0,0,0,0,0,0,0,0,0,0,0,0,0,0,0,0,0,0,0,0,0,0,0,0,0,0,0,0,0,0,0,0,0,0,0,0,0,0,0,0,0,0,0
H,Co+2,1,xtb,-57.3562,6.30673,0,0.54321,6.38397,0,0,12.1936,0,1.17558,0,3.21937,0,9.56079,0,7.06941,0,0,10.9993,3.83771,0,15.6488,0,0.86339,0,9.86977,0,0,0,0,4.67559,7.10079,0,4.25844,12.1744,0,0,2.97484,0,0,0,0,0.62834,0,0,35.4604,0,0,0,46.4868,0,0,0,18.4611,0,54.6643,20.665,0,0,0,5.18442,0,0,0,0,0,0,0,31.8442,56.3003,0,0,0,0,40.5995,0,49.6989,0,221.849,0,0,0,0,266.638,0,0,0,0,0,249.923,0,0,0,0,148.864,0,0,0,0,0,10.7266,0,0,0,0,422.996,0,0,0,0,0,0.14073,30.8457,0,230.557,0,0,0,50.1996,0,0,126.853,0,0,0,0,101.006,0,0,0,0,0,0,0,70.9844,0,0,169.769,0,0,0,0,50.3469,0,0,0,0,0,10.2763,0,0,0,14.2891,0,0,0,0,27.4606,0,0,0,0,0,0,0,0,0,0,0,0,2.55816,0,0,0,0,0,0,0,0,6.36344,0,0,0,0,24.9012,0,0,0,0,0,0,0,0.12578,0,0,0,0,0,0,0,0,0,0,0,0,0,0,12.8174,0,0,0,8.39076,0,0,131.822,0,0,3.26154,11.0942,0,0,112.377,0,0,0,0,0,0,0,7.0959,0,0,0,0,0,0,16.4664,0,0,0,0,0,0,34.1383,0,0,0,0,11.4981,0,0,0,59.0869,0,0,0,0,132.425,0,1.91486,0,0,0,0,0,0,0,0,0,0,0,0,0,1.65876,0,0,0,0,19.6317,0,0,0,0,0,0,291.048,0,0,0,301.705,85.1976,0,0,129.38,0,0,0,0,0,0,0,0,0,0,0,11.4333,0,0,0,0,0,0,0,0,0,0,0,0,0,0,0,0,0,0,0,0,0,0,0,0,0,0,0,0,0,0,0,0,0,0,0,0,459.765,0,0,0,0,0,0,0,0,0,0,0,0,0,0,0,0,0,0,0,0,0,0,0,0,0,0,0,0,0,0,0,0,0,0,0,0,0,0,0,0,0,0,0,0,0,0,0,0,0,0,0,0,0,0,0,0,0,0,0,0,0,0,0,0,0,0,0,0,0,0,0,0,0,0,0,0,0,0,0,0,0,0,0,0,0,0,0,0,0,0,0,0,0,0,0,0,0,0,0,0,0,0,0,0,0,0,0,0,0,0,0,0,0,0,0,0,0,0,0,0,0,0,0,0,0,0,0,0,0,0,0,0,0,0,0,0,0,0,0,0,0,0,0,0,0,0,0,0,0,0,0,0,0,0,0,0,0,0,0,0,0,0,0,0,0,0,0,0,0,0,0,0,0,0,0,0,0,0,0,0,0,0,0,0,0,0,0,0,0,0,0,0,0,0,0,0,0,0,0,0,0,0,0,0,0,0,0,0,0,0,0,0,0,0,0,0,0,0,0,0,0,0,0,0,0,0,0,0,0,0,0,0,0,0,0,0.75336,0,0,0,0,0,2.87205,0,0,0,0,0,0,0,0,0,0,0,0,0,0.35843,0,0,0,0,0,0,0,0,0,0,0,0,0,0,0,0,0,0,0,0,0,0,0,0,0,4.46081,0,0,0,0,16.4894,0,0,0,0,0,0,0,0,0,0,0,0,0,0,0,0,0,0,0,0,0,0,0,0,29.7343,0,0,22.5976,0,0,0,0,0,0,0,0,142.336,0,0,0,0,0,0,0,0,0,151.789,0,0,133.747,0,0,0,0,0,0,0,0,0,0,0,0,0,0,0,141.137,66.9758,0,0,0,0,0,0,91.0089,0,0,61.1184,77.1203,0,0,0,95.3869,0,0,0,0,0,0,0,0,0,0,0,0,0,0,0,0,0,0,0,0,0,0,0,0,0,0,0,0,0,0,0,0,0,0,0,0,0,0,0,0,0,0,0,0,0,0,0,0,0,0,0,0,0,0,0,0,0,0,0,0,0,0,0,0,0,0,0,0,0,0,0,0,0,0,0,0,0,0,0,0
H,Cu+2,1,xtb,-47.3995,0.21096,1.36585,0,0,0,4.93661,0,0,2.56792,0,3.89327,0,0,0,0,0.17188,0,0,1.30601,0,0.31048,0,0,5.50857,0,6.61712,0,14.8431,0,0,0,0,5.87574,69.462,0,0,14.5703,0,0,0,0,0,0,0,0,16.626,0,0,0,10.4681,0,0,0,0,16.693,0,0,0,19.5061,0,0,0,0,0,137.303,0,0,0,257.186,0,0,0,0,0,0,14.4844,0,0,0,0,0,0,0,0,0,36.6679,0,0,0,0,0,0,0,0,0,41.4149,40.8822,0,37.8755,0,0,0,0,0,0,0,292.921,0,0,6.96384,0,0,0,0,0,11.8906,0,0,75.7325,0,0,0,0,21.493,0,0,0,0,0,0,0,0,0,0,166.235,0,98.2128,0,0,0,98.7833,0,0,0,0,2.69256,0,0,0,27.3912,0,0,0,0,0,0,0,0,18.6817,0,0,0,0,0,0,0,0,0,0,1.26162,0,0,0,6.3516,0,0,0,0,0,0,5.18428,0,0,0,0,0,0,0,53.141,0,9.2876,0,0,0,0,0,0,0,0,0,0,0,0,0,0,0,11.0973,0,19.5615,0,0,0,11.0848,0,0,0,54.3443,0,122.216,0,25.2798,0,0,0,3.21491,0,0,0,0,0,0,0,0,0,0,0,0,0,21.2168,0,0,0,0,0,0,0,0,0,9.47333,0,4.23628,0,0,0,0,0,189.121,0,0,10.4189,0,0,0,0,0,0,0,0,0,0,0,0,0,15.5425,0,0,0,31.8754,0,0,0,85.7706,205.27,113.682,0,0,86.117,0,0,0,0,0,0,0,0,0,0,0,0,10.1685,0,0,0,0,0,0,0,0,0,0,0,0,0,0,0,0,0,0,0,0,0,0,0,0,0,0,0,0,0,0,0,0,410.091,0,0,0,0,0,0,0,0,0,0,0,0,0,0,0,0,0,0,0,0,0,0,0,0,0,0,0,0,0,0,0,0,0,0,0,0,0,0,0,0,0,0,0,0,0,0,0,0,0,0,0,0,0,0,0,0,0,0,0,0,0,0,0,0,0,0,0,0,0,0,0,0,0,0,0,0,0,0,0,0,0,0,0,0,0,0,0,0,0,0,0,0,0,0,0,0,0,0,0,0,0,0,0,0,0,0,0,0,0,0,0,0,0,0,0,0,0,0,0,0,0,0,0,0,0,0,0,0,0,0,0,0,0,0,0,0,0,0,0,0,0,0,0,0,0,0,0,0,0,0,0,0,0,0,0,0,0,0,0,0,0,0,0,0,0,0,0,0,0,0,0,0,0,0,0,0,0,0,0,0,0,0,0,0,0,0,0,0,0,0,0,0,0,0,0,0,0,0,0,0,0,0,0,0,0,0,0,0,0,0,0,0,0,0,0,0,0,0,0,0,0,0,0,0,0,0,0,0,0,0,0,0,0,0,0,0,14.5949,0,0,0,0,0,0,0,0,0,0,0.21152,0,0,0,0,0,0,0,0,0,0,2.72023,0,0,0,0,0,0,0,0,0,0,0,0,0,0,0,0,0,0,0,0,0,0,0,0,0,0,0,0,0,0,0,0,0,0,13.1353,26.0876,0,0,0,0,0,0,0,0,0,0,0,0,0,0,0,0,0,0,0,0,0,0,0,0,0,0,0,0,0,0,162.059,0,0,0,0,70.7369,0,0,0,41.212,0,0,0,171.69,0,0,0,0,0,0,0,0,0,0,0,0,0,0,0,0,0,0,120.057,0,0,0,111.2,0,140.64,0,0,85.4016,0,0,0,0,0,0,0,0,0,0,0,0,0,0,0,0,0,0,0,0,0,0,0,0,0,0,0,0,0,0,0,0,0,0,0,0,0,0,0,0,0,0,0,0,0,0,0,0,0,0,0,0,0,0,0,0,0,0,0,0,0,0,0,0,0,0,0,0,0,0,0,0,0,0,0,0,0,0,0,0,0,0,0,0,0,0,0,0,0,0,0
H,Ni+2,1,xtb,-58.5217,35.6749,0,0,25.9765,0,0,0,0,0,25.2328,0,0,31.1882,4.45953,0,2.45455,0,0,0,1.80777,14.132,31.7188,8.19935,0,0,10.9063,0,14.1579,0,5.16912,0,14.7303,0,0,0,0,0,34.3944,2.96622,0,0,0,0,95.0817,41.5863,0,56.5548,0,0,20.1528,0,24.1719,0,0,0,17.9198,0,0,12.0269,0,42.6725,0,0,33.1069,0,0,0,0,133.526,0,0,0,0,0,12.5642,0,0,0,273.097,0,0,161.18,0,0,0,0,0,0,0,0,0,0,310.015,0,142.077,11.2471,0,0,0,0,197.351,84.4004,0,0,0,0,0,0,0,0,8.48163,0,0,0,0,0,78.4821,23.4396,0,0,0,0,39.0009,0,0,0,0,0,0,0,0,0,167.437,0,92.6888,0,0,0,0,0,0,64.9619,0,0,0,0,0,7.2668,0,0,23.7083,0,0,0,0,0,0,0,0,0,10.9766,0,0,0,0,0,0,0,0,2.48424,0,0,0,0,0,9.04266,0,0,0,0,0,0,2.25917,0,0,0,0,0,0,0,0,0,4.01871,0,0,0,0,64.2414,0,0,0,0,0,0,0,0,13.4744,0,12.4319,0,0,0,0,0,31.5373,0,16.8869,0,123.366,0,16.7772,0,0,0,3.55625,0,0,0,0,0,0,0,0,0,0,0,0,0,50.5159,5.1693,0,0,0,0,0,0,0,9.76685,0,0,4.0816,0,0,0,0,148.407,0,0,15.4839,0,0,0,0,0,0,0,0,0,0,0,0,0,0,13.3523,0,0,0,27.0744,0,0,0,0,62.363,0,0,80.9045,365.125,0,0,0,0,194.95,93.1834,0,0,0,0,0,0,0,9.19816,0,0,0,0,0,0,0,0,0,0,0,0,0,0,0,0,0,0,0,0,0,0,0,0,0,0,0,0,0,0,0,0,0,0,0,0,0,404.441,0,0,0,0,0,0,0,0,0,0,0,0,0,0,0,0,0,0,0,0,0,0,0,0,0,0,0,0,0,0,0,0,0,0,0,0,0,0,0,0,0,0,0,0,0,0,0,0,0,0,0,0,0,0,0,0,0,0,0,0,0,0,0,0,0,0,0,0,0,0,0,0,0,0,0,0,0,0,0,0,0,0,0,0,0,0,0,0,0,0,0,0,0,0,0,0,0,0,0,0,0,0,0,0,0,0,0,0,0,0,0,0,0,0,0,0,0,0,0,0,0,0,0,0,0,0,0,0,0,0,0,0,0,0,0,0,0,0,0,0,0,0,0,0,0,0,0,0,0,0,0,0,0,0,0,0,0,0,0,0,0,0,0,0,0,0,0,0,0,0,0,0,0,0,0,0,0,0,0,0,0,0,0,0,0,0,0,0,0,0,0,0,0,0,0,0,0,0,0,0,0,0,0,0,0,0,0,0,0,0,0,0,0,0,0,0,0,0,0,0,0,0,0,0,0,0,0,0,0,0,0,0,0,0,2.14173,0,0,0,0,0,0,0,0,0.94431,0,0,0,0,0,0,0,0,0,0,0.28415,0,0,0,0,0,0,0,0,0,0,0,0,0,0,0,0,0,0,0,0,0,0,0,0,0,0,24.4129,0,0,0,0,0,0,0,19.0784,0,0,0,0,0,0,0,0,0,0,0,0,0,0,0,0,0,0,0,0,0,0,0,0,0,0,0,0,0,40.6169,0,0,34.1524,0,0,0,0,113.657,0,0,0,0,0,0,0,148.252,0,0,0,0,0,0,0,0,0,0,0,0,0,0,0,0,0,92.9064,0,0,0,0,0,0,78.8047,85.2953,0,0,0,0,80.8894,0,72.4434,0,0,55.7766,0,43.1625,35.4365,0,0,0,0,0,0,0,0,0,0,0,0,0,0,0,0,0,0,0,0,0,0,0,0,0,0,0,0,0,0,0,0,0,0,0,0,0,0,0,0,0,0,0,0,0,0,0,0,0,0,0,0,0,0,0,0,0,0,0,0,0,0,0,0,0,0,0,0,0,0,0,0,0,0,0,0,0
H,Zn+2,1,xtb,-49.1743,0.69281,0,1.00654,0,0,0,3.37987,0.80439,0,0,0,0.93714,0,0,0.58702,0.65062,0,1.72949,0,0,5.42389,2.97157,0,0,19.1301,4.59229,0,0,0,0,0,0,0,0.89015,0,8.40744,0,0,0,0,37.9656,5.65343,0,0,0,0,80.6118,23.2151,121.789,0,22.2136,0,0,0,0,127.236,0,0,0,96.2504,0,0,0,130.104,85.4046,0,0,0,50.7038,0,0,0,0,52.5677,0,0,0,0,0,212.731,0,0,0,0,225.709,0,0,0,0,0,0,47.9063,0,0,0,0,0,0,0,0,0,0,0,0,0,0,0,0,0,0,0,15.5396,0,0,0,0,0,0,17.8359,0,0,0,29.2215,0,192.117,0,54.933,0,0,0,0,0,0,0,0,0,91.1029,0,118.17,0,0,0,114.897,0,0,0,0,0,0,0,15.6277,0,7.48554,0,41.1003,0,0,0,0,0,0,0,0,211.69,0,0,0,0,0,0,0.98097,0,0,0,0,10.1441,0,0,0,0,0,0,0,0,7.6459,0,0,0,0,0,0,0,0,15.3077,0,0,0,0,0,0,0,146.795,0,0,0,0,16.1917,0,5.14993,0,0,0,0,0,0,125.428,0,13.3851,0,0,61.1543,0,10.2513,0,0,0,0,0,0,6.21217,0,0,0,0,0,0,0,0,0,0,26.587,0,0,0,22.6355,0,0,2.40699,0,0,0,0,41.3734,0,0,0,0,0,2.51367,0,0,0,121.853,0,0,0,0,0,0,0,0,0,0,9.1957,0,0,16.9278,0,0,0,0,0,0,0,179.401,238.19,0,0,151.743,0,0,0,0,0,104.996,0,0,0,0,0,0,0,0,0,0,17.4966,0,0,0,0,0,0,0,0,0,0,0,0,0,0,0,0,0,0,0,0,0,490.71,0,0,0,0,0,0,0,0,0,0,0,0,0,0,0,0,0,0,0,0,0,0,0,0,0,0,0,0,0,0,0,0,0,0,0,0,0,0,0,0,0,0,0,0,0,0,0,0,0,0,0,0,0,0,0,0,0,0,0,0,0,0,0,0,0,0,0,0,0,0,0,0,0,0,0,0,0,0,0,0,0,0,0,0,0,0,0,0,0,0,0,0,0,0,0,0,0,0,0,0,0,0,0,0,0,0,0,0,0,0,0,0,0,0,0,0,0,0,0,0,0,0,0,0,0,0,0,0,0,0,0,0,0,0,0,0,0,0,0,0,0,0,0,0,0,0,1683.98,0,0,0,0,0,0,0,0,0,0,0,0,0,0,0,0,0,0,0,0,0,0,0,0,0,0,0,0,0,0,0,0,0,0,0,0,0,0,0,0,0,0,0,0,0,0,0,0,0,0,0,0,0,0,0,0,0,0,0,0,0,0,0,0,0,0,0,0,0,0,0,0,0,0,0,0,0,0,0,0,0,0,0,0,0,0,0,0,0,0,0,0,0,0,0,0,0,0,6.71999,0,0,0,0,0,0,0,4.7825,0,0,0,0,0,0,0,0,0,0,0,0,0.3557,0,0,0,0,0,0,0,0,0,0,0,0,0,0,0,0,0,0,0,0,0,0,0,0,0,0,13.5402,0,0,0,0,0,0,17.8348,0,0,0,0,0,0,0,0,0,0,0,0,0,0,0,0,0,0,0,0,0,0,0,0,0,0,0,0,0,0,104.613,0,0,0,0,0,11.592,0,11.9477,0,0,0,0,147.75,0,0,0,0,0,0,0,0,0,0,0,0,0,0,0,0,0,0,0,0,119.842,0,97.2585,0,0,0,74.5641,0,0,162.927,0,0,0,0,0,0,0,0,0,0,0,0,0,0,0,0,0,0,0,0,0,0,0,0,0,0,0,0,0,0,0,0,0,0,0,0,0,0,0,0,0,0,0,0,0,0,0,0,0,0,0,0,0,0,0,0,0,0,0,0,0,0,0,0,0,0,0,0,0,0,0,0,0,0,0,0,0,0,0,0,0,0,0,0,0,0,0,0
H,none,1,xtb,-34.225,9.69154,2.88946,0,0,0,0,0,0,0,0,0,0,0,0,0,0,3.05349,0,0,0,0,0,0,0,0,0,0,0,0,0,0.14963,0,0,0,0,0,0,0,0,0,0,0,0,0.70363,0,0,0,2.32588,0,0,0,0,0,0,0,0,13.6475,0,0,53.4437,0,0,0,0,0,0,0,0,0,0,0,0,0,0,0,0,0,0,0,6.10841,0,0,0,0,0,0,0,0,0,0,0,14.7042,0,0,0,0,0,41.766,0,0,0,0,0,0,0,48.0149,0,0,0,0,0,0,0,0,83.0495,0,51.6544,0,0,0,0,8.41844,0,0,0,0,0,0,72.3714,0,0,0,0,0,0,0,0,0,0,0,42.1596,0,0,0,0,0,0,0,0,6.11575,0,0,0,0,0,0,0,36.4627,0,0,0,0,0,0,0,0,0,0,0,0,0.50841,0,12.7768,0,0,0,0,0,0,0,0,0,0,15.055,0,0,0,0,0,0,18.6721,0,0,0,0,176.817,0,0,0,0,0,0,0,0,0,7.93295,0,0,0,0,0,0,11.9414,15.9754,212.265,0,62.1756,0,0,0,0,8.41638,0,0,0,0,0,0,0,0,0,26.2362,0,0,71.1755,0,0,0,0,0,0,30.9848,0,0,0,0,27.2104,0,0,0,0,0,20.0479,4.77876,0,0,0,0,0,21.2861,0,0,0,0,0,0,0,0,0,0.51509,0,0,0,0,0,0,0,3.55131,0,0,0,0,0,0,0,0,0,83.2305,0,0,0,0,0,0,0,0,0,0,0,0,50.8719,0,0,0,0,20.2142,0,0,0,0,0,0,0,0,0,0,0,0,0,0,0,0,0,0,0,0,0,0,0,0,0,0,0,0,0,0,0,0,0,0,0,0,0,0,0,0,366.735,0,0,0,0,0,0,0,0,0,0,0,0,0,0,0,0,0,0,0,0,0,0,0,0,0,0,0,0,0,0,0,0,0,0,0,0,0,0,0,0,0,0,0,0,0,0,0,0,0,0,0,0,0,0,0,0,0,0,0,0,0,0,0,0,0,0,0,0,0,0,0,0,0,0,0,0,0,0,0,0,0,0,0,0,0,0,0,0,0,0,0,0,0,0,0,0,0,0,0,0,0,0,0,0,0,0,0,0,0,0,0,0,0,0,0,0,0,0,0,0,0,0,0,0,0,0,0,0,0,0,0,0,0,0,0,0,0,0,0,0,0,0,0,0,0,0,0,0,0,0,0,0,0,0,0,0,0,0,0,0,0,0,0,0,0,0,0,0,0,0,0,0,0,0,0,0,0,0,0,0,0,0,0,0,0,0,0,0,0,0,0,0,0,0,0,0,0,0,0,0,0,0,0,0,0,0,0,0,0,0,0,0,0,0,0,0,36.6213,0,0,0,0,0,0,0,0,0,0,0,0,0,0,0,0,0,0,0,0,0,0,17.4652,0,0,0,0,0,21.2965,0,0,0,0,0,0,0,0,0,0,0,0,0,0,0,0,0,0,0,0,0,0,0,0,0,0,0,0,0,0,0,14.9809,0,0,0,10.9712,0,0,0,0,0,0,0,0,0,0,0,0,0,0,0,0,0,0,0,0,0,0,0,0,0,0,0,0,0,0,0,0,38.3067,0,0,0,0,0,0,0,0,0,0,0,2.51965,0,0,0,0,0,0,24.5108,0,0,0,6.99425,0,0,0,0,0,0,0,0,0,0,0,0,0,0,0,0,0,0,0,0,0,0,0,0,0,0,0,0,0,0,0,0,0,0,0,0,0,0,0,0,0,0,0,0,0,0,0,0,0,0,0,0,0,0,0,0,0,0,0,0,0,0,0,0,0,0,0,0,0,0,0,0,0,0,0,0,0,0,0,0,0,0,0,0,0,0,0,0,0,0,0,0,0,0,0,0,0,0,0,0,0,0,0,0,0,0
I,Co+2,1,xtb,-58.547,2.10946,0,0,2.62276,0,0,0.90389,0.78361,0,0,0,3.94365,4.77998,0,0,12.9754,0,2.22457,0,2.73433,0,5.07957,0,11.8736,0,5.60147,31.7644,0,12.8866,2.21353,0,15.9477,0,0,0,0,21.6834,0,0.45781,29.1297,0,5.93851,4.03982,0,0,0,0,11.1086,19.3706,0,0,0,0,4.86636,21.2241,0,0,27.2949,0,0,0,0,42.1567,0,0,0,0,17.11,0,0,0,40.9161,23.9408,0,10.2181,0,475.506,0,0,0,0,0,327.102,0,0,205.231,0,0,44.911,0,0,0,2.23513,0,0,0,0,0,0,190.973,0,0,0,333.222,0,0,0,0,0,0,0,0,317.022,0,0,8.20571,0,0,0,0,71.8982,0,0,0,0,0,0,64.6781,0,0,0,238.467,0,0,0,0,246.295,0,0,0,0,0,0,0,0,0,0,0,0,6.86652,0,0,0,8.42879,0,0,0,0,0,0,0,0,0,0,0,21.6632,0,0,0,0,0,0,0,0,0,0,0,0,0,0,0,7.90416,0,0,0,0,0,0,0,0,0,4.86127,0,0,0,3.58037,0,11.5745,0,0,0,14.4117,0,0,0,0,13.399,0,0,0,0,0,0,72.0351,0,0,44.1116,0,0,0,0,34.4367,0,117.424,0,0,12.0215,0,0,0,0,0,0,3.01558,0,0,0,0,0,0,0,0,8.89629,0,64.7181,0,0,0,0,0,44.0817,0,1.22037,0,0,0,106.489,0,0,0,3.72117,0,0,0,0,0,0,0,0,0,0,0,0,4.53144,0,11.6424,0,0,0,0,0,169.53,0,0,137.389,165.806,4.68226,218.477,17.5692,0,89.7327,42.7321,89.7177,0,0,9.05624,0,0,0,0,0,0,0,0,0,0,0,0,0,0,0,0,0,0,0,0,0,0,0,0,0,0,0,0,0,0,0,0,0,0,0,0,0,0,0,436.794,0,0,0,0,0,0,0,0,0,0,0,0,0,0,0,0,0,0,0,0,0,0,0,0,0,0,0,0,0,0,0,0,0,0,0,0,0,0,0,0,0,0,0,0,0,0,0,0,0,0,0,0,0,0,0,0,0,0,0,0,0,0,0,0,0,0,0,0,0,0,0,0,0,0,0,0,0,0,0,0,0,0,0,0,0,0,0,0,0,0,0,0,0,0,0,0,0,0,0,0,0,0,0,0,0,0,0,0,0,0,0,0,0,0,0,0,0,0,0,0,0,0,0,0,0,0,0,0,0,0,0,0,0,0,0,0,0,0,0,0,0,0,0,0,0,0,0,0,0,0,0,0,0,0,0,0,0,0,0,0,0,0,0,0,0,0,0,0,0,0,0,0,0,0,0,0,0,0,0,0,0,0,0,0,0,0,0,0,0,0,0,0,0,0,0,0,0,0,0,0,0,0,0,0,0,0,0,0,0,0,0,0,0,0,0,0,0,0,0,0,0,0,0,0,0,0,0,0,0,0,0,0,0,0,0,0,0,0,1.94201,0,0,0,0,0,0,0,0,2.31666,0,0,44.264,0,0,0,19.0196,0,0,3.18446,0,0,7.15074,0,65.9372,0,0,0,3.07894,0,1.07025,0,0,0,0,0,0,0,0,0,0,0,0,0,0,0,0,0,0,0,0,0,0,0,0,0,0,0,0,0,0,365.716,0,0,0,150.681,0,0,0,0,0,0,0,0,0,55.0014,0,0,0,0,0,0,0,0,0,0,0,0,0,0,0,0,118.481,0,0,0,0,0,0,0,0,0,0,0,0,0,0,0,0,0,0,0,0,0,0,0,0,0,0,0,87.7156,0,132.448,0,0,164.942,0,89.0338,0,93.9218,0,97.7075,0,0,75.6925,42.8685,0,0,0,0,0,0,0,0,0,0,0,0,0,0,0,0,0,0,0,0,0,0,0,0,0,0,0,0,0,0,0,0,0,0,0,0,0,0,0,0,0,0,0,0,0,0,0,0,0,0,0,0,0,0,0,0,0,0,0,0,0,0,0,0,0,0,0,0,0,0,0,0,0,0,0,0,0,0,0,0,0
I,Cu+2,1,xtb,-48.6019,1.04042,0,0.79311,0,2.34997,0,0.37402,2.74387,0,0,1.44096,0,0,0.65902,2.47694,0,0,38.5173,0,0,0,51.3717,0,0,6.89194,59.9456,0,0,0,0,0,2.13361,0,0,0,0,0,0,0,0,4.51782,0.56088,0,14.0898,0,2.70772,0,0,0,0,2.09526,0,0,0,26.0995,0,0,13.3918,0,0,0,0,0,0,0,0,0,0,0,5.52451,0,0,0,0,318.414,0,0,137.457,0,0,0,0,0,0,0,24.8404,0,0,13.747,50.585,0,0,0,0,405.274,7.0088,0,28.2529,0,0,0,0,284.693,0,0,0,0,0,0,0,0,79.3382,0,0,0,0,0,0,0,0,0,0,0,0,0,0,73.6609,0,0,0,0,0,0,0,184.98,0,0,0,0,0,0,0,0,0,0,0,29.518,0,0,0,13.5131,0,0,0,0,0,0,0,0,0,0,0,0,25.8884,0,0,0,0,0,0,0,0,0,0,0,0,5.11,0,0,0,0,0,0,0,0,6.48678,0,0,0,8.62205,0,0,0,0,7.53946,17.333,0,0,0,0,23.1777,0,0,0,26.9888,0,0,0,0,0,0,58.2147,0,0,15.1774,0,83.0196,0,0,47.4997,0,0,0,26.1082,0,0,0,0,0,7.1554,0,0,0,0,0,0,0,0,0,0,14.693,0,0,0,0,0,23.509,0,6.05595,0,0,0,0,0,0,19.2404,0,0,0,148.144,0,0,0,0,0,0,0,0,140.023,0,0,66.3119,123.214,0,0,0,30.5438,0,0,3.3308,0,42.5222,0,0,298.508,141.195,44.8253,0,189.152,0,0,0,0,0,0,0,0,0,0,0,0,0,0,0,0,0,0,0,0,0,0,0,0,0,0,0,0,0,0,0,0,0,151.243,0,0,0,0,0,0,0,0,0,0,0,0,0,0,0,0,0,0,0,0,0,0,0,0,0,0,0,0,0,0,0,0,0,0,0,0,0,0,0,0,0,0,0,0,0,0,0,0,0,0,0,0,0,0,0,0,0,0,0,0,0,0,0,0,0,0,0,0,0,0,0,0,0,0,0,0,0,0,0,0,0,0,0,0,0,0,0,0,0,0,0,0,0,0,0,0,0,0,0,0,0,0,0,0,0,0,0,0,0,0,0,0,0,0,0,0,0,0,0,0,0,0,0,0,0,0,0,0,0,0,0,0,0,0,0,0,0,0,0,0,0,0,0,0,0,0,0,0,0,0,0,0,0,0,0,0,0,0,0,0,0,0,0,0,0,0,0,0,0,0,0,0,0,0,0,0,0,0,0,0,0,0,0,0,0,0,0,0,0,0,0,0,0,0,0,0,0,0,0,0,0,0,0,0,0,0,0,0,0,0,0,0,0,0,0,0,0,0,0,0,0,0,0,0,0,0,0,0,0,0,0,0,0,0,0,0,0,0,0,0,0,0,0,0,0,0,0,0,3.11945,71.2852,0,55.5973,0,0,0,0,0,0,65.8705,0,21.6761,0,0,0,0,0,0,0,0,0,0,0,83.944,51.8977,0,0,0,20.6165,0,12.8075,0,0,0,0,0,0,0,0,0,0,0,0,0,0,0,0,0,0,0,0,0,0,0,0,0,0,0,0,0,0,0,0,0,0,0,0,0,0,0,0,0,0,0,0,0,0,0,0,0,0,0,0,17.3118,0,200.102,0,0,0,0,0,0,0,0,0,0,0,42.0444,0,0,0,0,0,0,0,0,0,0,0,0,0,0,0,0,0,0,0,0,0,0,0,0,0,87.4924,0,207.972,0,167.971,0,407.151,0,0,0,0,0,0,0,0,0,0,0,0,0,0,0,0,0,0,0,0,0,0,0,0,0,0,0,0,0,0,0,0,0,0,0,0,0,0,0,0,0,0,0,0,0,0,0,0,0,0,0,0,0,0,0,0,0,0,0,0,0,0,0,0,0,0,0,0,0,0,0,0,0,0,0,0,0,0,0,0,0,0,0,0,0,0,0,0,0
I,Ni+2,1,xtb,-59.7086,1.15727,1.80765,0,0,0.52914,0,0,3.85256,0,3.41862,7.52824,0,0,0,2.6419,4.78347,0,3.96282,0,2.5928,6.35261,10.9372,0,11.6603,0,0,0,0.69725,0.16686,2.65798,0,0,9.00918,36.6465,0,16.8189,0,0,0.33824,0,0,53.1821,0,26.2746,7.37591,0,0,5.56981,0,6.73838,0,11.7721,0,11.3528,0,19.6703,0,0,0,21.5927,0,0,0,0,0,285.75,0,0,0,48.497,0,0,106.727,0,136.493,0,0,145.751,0,0,0,47.739,36.8646,0,212.007,0,0,0,0,94.218,232.582,0,0,199.85,0,209.909,0,115.27,0,0,0,127.22,0,0,0,0,0,0,0,0,54.1648,0,0,0,37.4948,0,0,0,0,0,0,0,0,0,0,0,140.109,0,0,0,0,0,172.953,0,0,0,0,0,0,0,0,0,0,0,0,0,0,0,0,0,0,0,14.3037,0,0,0,0,13.0478,0,0,0,0,0,0,0,0,15.1922,0,0,0,0,0,0,0,0,0,0,0,0,0,0,0,0,4.66237,0,0,0,7.80743,0,0,0,0,0,0,1.93247,0,0,54.1545,0,0,0,0,0,3.04513,0,0,1.31925,0,0,0,32.0463,0,0,41.7078,0,0,21.9555,0,0,155.476,0,0,0,0,25.4855,0,0,0,0,0,0,31.4201,0,0,0,0,0,0,0.3583,0,0,0,22.4681,0,0,0,2.91524,0,0,0,45.7973,0,0,0,0,0,0,156.592,0,0,7.23899,0,0,0,0,0,0,0,0,0,0,0,0,0,5.4927,27.0567,0,0,0,0,0,89.0659,0,108.493,0,0,19.5452,227.284,4.91848,10.2473,261.291,171.437,0,0,69.4371,0,0,0,0,0,0,0,0,0,0,0,0,0,0,0,0,0,0,0,0,0,0,0,0,0,0,0,0,0,0,381.135,0,0,0,0,0,0,0,0,0,0,0,0,0,0,0,0,0,0,0,0,0,0,0,0,0,0,0,0,0,0,0,0,0,0,0,0,0,0,0,0,0,0,0,0,0,0,0,0,0,0,0,0,0,0,0,0,0,0,0,0,0,0,0,0,0,0,0,0,0,0,0,0,0,0,0,0,0,0,0,0,0,0,0,0,0,0,0,0,0,0,0,0,0,0,0,0,0,0,0,0,0,0,0,0,0,0,0,0,0,0,0,0,0,0,0,0,0,0,0,0,0,0,0,0,0,0,0,0,0,0,0,0,0,0,0,0,0,0,0,0,0,0,0,0,0,0,0,0,0,0,0,0,0,0,0,0,0,0,0,0,0,0,0,0,0,0,0,0,0,0,0,0,0,0,0,0,0,0,0,0,0,0,0,0,0,0,0,0,0,0,0,0,0,0,0,0,0,0,0,0,0,0,0,0,0,0,0,0,0,0,0,0,0,0,0,0,0,0,0,0,0,0,0,0,0,0,0,0,0,0,0,0,0,0,0,0,0,0,0,0,0,0,0,0,0,0,1.63912,0,0,0,0,0,0,0,0,0,19.2587,0,16.15,0,0,0,0,0,44.73,0,0,8.53143,0,0,24.0856,0,0,0,0,25.708,0,4.9151,3.26268,0,0,0,0,0,0,0,0,0,0,0,0,0,0,0,0,0,0,0,0,0,0,0,0,0,0,0,52.6679,0,0,0,0,0,0,0,0,0,0,0,0,0,0,0,30.1715,0,0,0,0,0,0,0,0,0,0,0,0,0,0,0,134.621,0,0,0,0,0,0,0,0,0,0,0,0,0,0,0,0,0,0,0,0,0,0,0,0,0,0,94.1384,0,0,0,112.86,0,0,0,0,0,0,56.2343,0,175.449,61.9401,78.6138,77.4726,58.2668,58.5426,0,0,0,0,0,0,0,0,0,0,0,0,0,0,0,0,0,0,0,0,0,0,0,0,0,0,0,0,0,0,0,0,0,0,0,0,0,0,0,0,0,0,0,0,0,0,0,0,0,0,0,0,0,0,0,0,0,0,0,0,0,0,0,0,0,0,0,0,0,0,0,0,0,0,0,0,0,0,0,0,0
I,Zn+2,1,xtb,-45.2962,8.15598,19.8176,0,1.45507,0,0.47482,0,0.84115,3.24845,0,0,0.52415,0,0,0.21107,0,6.2684,13.2485,2.9662,0,0,8.67731,0,2.86824,0,0,5.43255,0,0,0,0,0,2.61322,0,0,0,0,0,3.61814,59.4659,5.68226,0,9.91687,14.3235,0,0,0,65.0432,0,0,202.757,0,0,149.78,0,0,0,0,5.0392,0,0,11.2555,0,0,0,0,0,32.0535,0,100.877,0,0,0,0,19.4244,0,0,0,0,0,0,275.931,0,0,0,171.014,0,0,0,130.45,333.667,0,0,0,0,0,0,0,80.0004,0,0,0,0,0,0,0,0,0,0,0,0,0,8.31331,0,0,0,79.0602,0,0,0,0,0,0,0,0,0,0,0,0,0,97.7151,0,0,0,0,207.157,0,0,0,0,0,0,0,0,0,0,0,0,3.72118,0,0,0,0,2.79243,0,0,0,0,0,0,0,0,0,0,0,0,0,0,15.4338,0,0,0,0,0,0,0,21.1137,0,0,0,0,0,0,0,0,0,0,0,0,0,9.18264,0,0,8.00473,0,0,23.091,0,0,0,13.812,0,0,0,0,0,0,0,0,150.611,0,0,0,0,30.1918,130.782,0,0,0,0,4.09152,19.6767,0,0,0,24.3513,0,0,0,0,0,0,2.82585,0,0,0,0,0,0,0,0,0.81787,0,0,49.8263,0,0,0,0,0,3.06482,0,0.65085,0,0,0,0,0,0,3.74423,0,0,0,0,178.584,0,0,0,6.71762,0,0,0,0,0,8.80957,5.61355,0,0,0,0,0,0,0,0,84.7197,0,323.244,9.82361,0,200.307,37.5185,0,0,0,0,0,0,0,0,0,0,0,0,0,0,0,0,0,0,0,0,0,0,0,0,0,0,0,0,0,622.53,0,0,0,0,0,0,0,0,0,0,0,0,0,0,0,0,0,0,0,0,0,0,0,0,0,0,0,0,0,0,0,0,0,0,0,0,0,0,0,0,0,0,0,0,0,0,0,0,0,0,0,0,0,0,0,0,0,0,0,0,0,0,0,0,0,0,0,0,0,0,0,0,0,0,0,0,0,0,0,0,0,0,0,0,0,0,0,0,0,0,0,0,0,0,0,0,0,0,0,0,0,0,0,0,0,0,0,0,0,0,0,0,0,0,0,0,0,0,0,0,0,0,0,0,0,0,0,0,0,0,0,0,0,0,0,0,0,0,0,0,0,0,0,0,0,0,0,0,0,0,0,0,0,0,0,0,0,0,0,0,0,0,0,0,0,0,0,0,0,0,0,0,0,0,0,0,0,0,0,0,0,0,0,0,0,0,0,0,0,0,0,0,0,0,0,0,0,0,0,0,0,0,0,0,0,0,0,0,0,0,0,0,0,353.775,0,0,0,0,0,0,0,0,0,0,0,0,0,0,0,0,0,0,0,0,0,0,0,0,0,0,0,0,0,0,0,0,0,0,0,0,0,0,0,0,0,1.49402,0,0,0,0,0,0,1.20151,0,0,0,0,21.0421,0,0,0,3.15151,0,23.6823,0,0,0,0,0,7.888,14.1835,0,0,0.60616,0,0,0,0,0,0,0,0,0,0,0,0,0,0,0,0,0,0,0,0,0,0,0,0,0,0,0,0,0,0,0,0,0,0,0,0,0,0,0,0,0,0,95.0491,0,0,0,0,0,0,0,0,31.9952,0,164.222,0,0,0,0,0,0,0,0,0,0,0,0,0,0,0,0,0,0,0,0,0,0,0,0,0,0,0,0,0,0,0,0,224.513,105.84,0,0,0,0,0,50.3306,197.977,0,0,0,0,0,0,0,0,0,0,0,0,0,0,0,0,0,0,0,0,0,0,0,0,0,0,0,0,0,0,0,0,0,0,0,0,0,0,0,0,0,0,0,0,0,0,0,0,0,0,0,0,0,0,0,0,0,0,0,0,0,0,0,0,0,0,0,0,0,0,0,0,0,0,0,0,0,0,0,0,0,0,0,0,0,0,0,0,0,0,0
I,none,1,xtb,-30.385,3.51683,0,0,0,0,0,0.02543,0,0,0,0,0,0,0,0,0,0,0,0,0,1.15608,0,0,0,0,0,0,0,0,0,2.43991,0,0,0.64914,0,22.2999,0,0,0,0,0,5.24925,0,0,14.8992,0,0,0,6.43569,0,0,0,0,0,0,0,0,0,0,0,0,0,0,3.69305,0,0,0,0,0,0,0,0,0,0.82616,0,0,0,0,0,0,0,0,0,0,0,0,6.59651,0,0,0,0,0,0,0,0,32.5736,0,0,0,0,0,0,0,0,0,0,28.6915,0,0,0,0,0,0,0,0,0,0,0,101.778,0,0,0,0,0,0,0,0,0,0,0,0,105.916,0,0,0,0,0,0,0,0,0,0,0,0,0,0,0,0,0,9.59074,0,0,0,0,0,0,0,0,0,0,26.3197,0,0,0,20.2902,0,0,0,0,0,0,0,0,0,0,0,0,28.7621,0,0,0,0,0,0,0,0,0,126.71,20.8437,0,0,0,0,0,0,0,0,7.48871,0,0,0,4.42038,0,0,0,0,35.2416,0,0,0,0,35.6757,0,0,236.364,0,0,0,0,0,0,5.8455,0,0,0,0,2.55095,0,23.6728,0,0,0,0,0,46.0558,0,0,64.0857,0,0,0,2.96121,0,0,0,0,0,0,0,0,0.13509,0,0,0,17.3597,4.85862,0,0,0,0,0,0,0.70218,0,0,0,0,0,0,0,0,0,1.96248,2.07627,0,0,0,0,0,0,0,0,0,0,0,0.49873,0,0,0,0,6.71336,0,5.66654,0,0,0,0,0,0,0,0,0,0,46.0411,0,0,0,0,0,0,0,0,0,0,0,0,0,0,0,0,0,0,0,0,0,0,0,0,0,0,0,0,0,0,0,0,0,0,0,0,0,0,0,0,0,0,390.87,0,0,0,0,0,0,0,0,0,0,0,0,0,0,0,0,0,0,0,0,0,0,0,0,0,0,0,0,0,0,0,0,0,0,0,0,0,0,0,0,0,0,0,0,0,0,0,0,0,0,0,0,0,0,0,0,0,0,0,0,0,0,0,0,0,0,0,0,0,0,0,0,0,0,0,0,0,0,0,0,0,0,0,0,0,0,0,0,0,0,0,0,0,0,0,0,0,0,0,0,0,0,0,0,0,0,0,0,0,0,0,0,0,0,0,0,0,0,0,0,0,0,0,0,0,0,0,0,0,0,0,0,0,0,0,0,0,0,0,0,0,0,0,0,0,0,0,0,0,0,0,0,0,0,0,0,0,0,0,0,0,0,0,0,0,0,0,0,0,0,0,0,0,0,0,0,0,0,0,0,0,0,0,0,0,0,0,0,0,0,0,0,0,0,0,0,0,0,0,0,0,0,0,0,0,0,0,0,0,0,0,0,0,0,0,0,0,0,0,0,0,0,0,0,0,0,16.5897,0,0,0,0,0,24.7697,0,0,0,0,0,0,34.4156,0,0,0,0,10.7965,0,0,0,37.2538,0,87.1465,75.3532,0,34.0246,0,0,0,0,0,0,0,0,0,0,0,0,0,0,0,0,0,0,0,0,0,0,0,0,0,0,0,0,0,0,0,0,0,0,0,0,0,0,0,0,0,0,0,0,0,0,0,0,0,0,0,0,0,0,0,0,0,0,0,0,0,0,0,0,0,0,0,0,0,0,6.55284,0,0,0,0,2.07005,0,0,0,0,29.4104,0,0,0,0,0,0,0,0,0,0,0,0,0,0,0,0,0,0,0,0,0,0,0,0,0,0,0,0,0,0,0,0,0,0,0,0,0,0,0,0,0,0,0,0,0,0,0,0,0,0,0,0,0,0,0,0,0,0,0,0,0,0,0,0,0,0,0,0,0,0,0,0,0,0,0,0,0,0,0,0,0,0,0,0,0,0,0,0,0,0,0,0,0,0,0,0,0,0,0,0,0,0,0,0,0,0,0,0,0
K,Co+2,1,xtb,-61.9669,16.5603,0,3.71611,3.96205,5.77429,0,0,0,0,1.40726,0,6.08628,12.1066,17.0953,0,0,8.01045,0,12.1676,0,0,19.0584,11.5419,0,11.1362,0,55.2062,0,0,0,8.6753,0,0,0,45.9176,0,29.8225,0,24.5317,0,0,0,0,9.55888,6.52004,19.5101,37.1721,0,83.277,0,22.7063,0,0,108.093,0,0,66.0843,56.5898,9.70677,0,0,0,0,0,0,0,103.614,2.94853,0,0,0,0,115.714,0,0,0,0,0,0,0,148.371,0,0,11.4139,0,0,0,0,87.4163,9.6319,0,0,48.9361,0,121.341,0,242.478,0,0,0,0,0,0,89.436,0,170.953,0,309.184,0,0,0,0,0,0,276.25,0,0,0,0,0,0,0,172.026,0,0,0,0,216.891,0,0,0,0,0,0,0,0,91.6004,0,0,0,0,0,0,0,0,0,0,0,36.58,0,0,0,165.804,0,0,50.4569,0,0,0,0,0,0,12.1148,0,0,0,0,0,0,0,0,0,3.09377,0,0,228.546,0,0,0,0,0,0,0,0,6.33579,0,0,0,0,0,0,0,11.1857,0,0,0,0,38.7711,0,0,0,0,12.9152,0,0,0,0,0,0,0,13.2982,0,71.1129,0,0,96.3991,0,27.8815,0,0,0,58.3841,0,0,9.42003,0,0,0,23.6096,0,0,0,0,0,20.1221,33.3748,0,0,0,9.99242,0,0,88.7453,0,30.2354,0,0,0,0,0,5.09054,0,0,0,0,89.264,0,2.19378,0,0,0,19.0435,4.02406,0,0,0,0,0,0,0,0,0,0,0,0,0,0,0,50.6412,0,0,0,0,26.9005,0,128.831,47.9157,177.456,267.772,0,39.3906,0,271.866,0,0,0,0,0,0,0,0,0,0,0,0,0,0,0,0,0,0,0,0,0,0,0,0,0,0,0,0,0,0,0,0,0,0,0,0,0,0,0,0,0,0,0,0,0,0,288.974,0,0,0,0,0,0,0,0,0,0,0,0,0,0,0,0,0,0,0,0,0,0,0,0,0,0,0,0,0,0,0,0,0,0,0,0,0,0,0,0,0,0,0,0,0,0,0,0,0,0,0,0,0,0,0,0,0,0,0,0,0,0,0,0,0,0,0,0,0,0,0,0,0,0,0,0,0,0,0,0,0,0,0,0,0,0,0,0,0,0,0,0,0,0,0,0,0,0,0,0,0,0,0,0,0,0,0,0,0,0,0,0,0,0,0,0,0,0,0,0,0,0,0,0,0,0,0,0,0,0,0,0,0,0,0,0,0,0,0,0,0,0,0,0,0,0,0,0,0,0,0,0,0,0,0,0,0,0,0,0,0,0,0,0,0,0,0,0,0,0,0,0,0,0,0,0,0,0,0,0,0,0,0,0,0,0,0,0,0,0,0,0,0,0,0,0,0,0,0,0,0,0,0,0,0,0,0,0,0,0,0,0,0,0,0,0,0,0,3.90422,0,0,0,0,0,0,0,0,0,0,0,0,0,0,0,0,0,0,0,5.92348,0,0,0,17.7582,26.7557,0,13.7637,0,0,0,0,47.5748,0,0,18.949,0,20.8477,0,0,0,0,0,0,0,0,0,0,0,0,0,0,0,0,0,0,0,0,0,0,0,0,0,0,0,0,0,0,0,0,0,0,0,0,0,0,0,0,0,0,0,0,0,0,0,0,0,0,0,0,281.031,0,0,0,0,10.4879,9.97054,0,0,0,0,0,0,0,0,0,0,0,0,0,107.385,0,0,0,62.7842,0,0,0,0,0,0,0,6.92072,0,0,0,0,0,0,0,0,0,0,0,0,0,0,0,90.7876,130.434,0,0,0,148.366,87.2024,0,51.9838,0,0,0,93.7508,59.5792,186.344,0,72.7654,0,0,0,0,0,0,0,0,0,0,0,0,0,0,0,0,0,0,0,0,0,0,0,0,0,0,0,0,0,0,0,0,0,0,0,0,0,0,0,0,0,0,0,0,0,0,0,0,0,0,0,0,0,0,0,0,0,0,0,0,0,0,0,0,0,0,0,0,0,0,0,0,0,0,0,0,0,0
K,Cu+2,1,xtb,-52.04,14.0353,0,0.57868,0,16.0056,0,0,11.5963,0,0,3.59983,0,5.25542,0,1.22569,0,0,100.571,19.6165,0,0,18.5846,10.0933,0,4.959,0,0,0,0,115.197,0,0,0,0,0,0,0.19714,0,0,0,0,28.2554,0,0,0,10.0142,0,0,0,0,12.212,0,0,0,5.46506,0,0,122.861,0,0,0,0,0,0,0,0,0,0,4.33211,0,0,0,0,0,0,0,0,0,0,3.41514,70.8566,0,0,46.1425,0,0,0,0,30.2133,0,0,310.784,0,31.698,412.69,408.537,0,0,0,0,0,320.967,0,0,0,0,0,0,0,0,0,71.6134,0,0,0,173.098,0,0,0,0,0,0,0,0,0,0,0,0,92.8985,0,0,0,0,0,0,121.89,0,0,0,0,0,0,0,0,25.9049,0,0,0,0,0,0,18.3094,0,0,0,0,0,0,0,128.491,7.3821,0,0,0,0,0,0,0,0,0,0,0,0,0,0,0,0,5.31593,0,0,0,0,34.5051,0,0,0,0,0,0,11.8887,0,0,0,0,0,0,11.2598,0,0,33.925,0,0,0,0,155.001,0,0,0,3.56505,0,0,0,0,0,0,24.3416,73.6898,0,0,65.4559,0,0,54.2862,0,43.4117,0,0,0,0,76.5368,0,0,0,12.5317,0,0,0,0,0,0,0,0,3.59926,3.77179,34.5483,0,29.4886,0,0,0,0,0,0,1.89097,0,0,0,0,82.3799,49.6187,0,18.3243,0,0,0,0,0,89.993,0,0,0,0,0,0,0,0,0,0,0,0,51.3914,0,19.0384,0,0,16.3873,3.47002,141.283,319.358,0,0,120.216,0,0,0,0,0,0,0,0,0,0,0,0,0,0,0,0,0,0,0,0,0,0,0,0,0,0,0,0,0,0,0,0,0,210.697,0,0,0,0,0,0,0,0,0,0,0,0,0,0,0,0,0,0,0,0,0,0,0,0,0,0,0,0,0,0,0,0,0,0,0,0,0,0,0,0,0,0,0,0,0,0,0,0,0,0,0,0,0,0,0,0,0,0,0,0,0,0,0,0,0,0,0,0,0,0,0,0,0,0,0,0,0,0,0,0,0,0,0,0,0,0,0,0,0,0,0,0,0,0,0,0,0,0,0,0,0,0,0,0,0,0,0,0,0,0,0,0,0,0,0,0,0,0,0,0,0,0,0,0,0,0,0,0,0,0,0,0,0,0,0,0,0,0,0,0,0,0,0,0,0,0,0,0,0,0,0,0,0,0,0,0,0,0,0,0,0,0,0,0,0,0,0,0,0,0,0,0,0,0,0,0,0,0,0,0,0,0,0,0,0,0,0,0,0,0,0,0,0,0,0,0,0,0,0,0,0,0,0,0,0,0,0,0,0,0,0,0,0,0,0,0,0,101.662,0,0,0,0,0,0,0,0,0,0,0,0,0,0,0,0,0,0,0,0,0,0,0,0,0,43.5066,0,0,0,0,0,0,0,0,0,67.6164,0,0,0,0,21.5512,0,0,0,50.8293,0,25.9894,15.861,0,44.2636,29.3289,0,0,0,0,0,0,0,0,0,0,0,0,0,0,0,0,0,0,0,0,0,0,0,0,0,0,0,0,0,0,0,0,0,0,0,0,0,0,0,0,0,0,0,0,0,0,0,0,0,0,0,0,0,0,0,0,0,0,0,0,0,0,0,0,0,0,122.749,0,0,0,36.9226,0,0,0,0,0,183.738,0,636.989,0,0,0,0,0,0,0,0,0,0,32.5454,0,0,0,0,0,0,0,0,0,0,0,0,0,218.068,107.567,0,116.055,0,200.312,212.888,0,140.14,0,0,0,0,0,0,0,0,0,0,0,0,0,0,0,0,0,0,0,0,0,0,0,0,0,0,0,0,0,0,0,0,0,0,0,0,0,0,0,0,0,0,0,0,0,0,0,0,0,0,0,0,0,0,0,0,0,0,0,0,0,0,0,0,0,0,0,0,0,0,0,0,0,0,0,0,0,0,0,0,0,0,0,0
K,Ni+2,1,xtb,-63.1297,13.8935,0,0,8.83432,2.31888,0,0,0,52.6393,9.41548,5.4184,0,0,0,12.7542,19.3903,0,0,9.77958,0,4.80972,0,17.908,34.2054,0,0,10.1313,0,3.0605,0,0,31.8618,20.1801,0,0,0,26.8515,0,0,21.2882,0,8.0886,0,15.686,0,0,105.833,31.3191,0,0,0,0,32.3885,0,11.6945,10.1085,0,0,0,0,12.6392,0,0,0,0,0,51.3571,0,99.3398,32.7888,10.9754,0,203.794,0,0,0,220.593,0,0,0,0,0,549.288,0,105.713,22.008,0,155.708,0,0,0,0,174.984,269.381,0,317.183,0,0,0,0,0,93.2705,0,0,335.352,0,0,0,0,0,0,0,0,52.595,0,0,0,0,0,0,0,0,0,0,0,0,180.987,0,0,0,0,0,0,0,0,63.8123,0,0,0,0,0,0,0,0,0,0,0,104.297,0,0,0,63.6117,0,42.1936,0,0,0,0,0,0,0,0,0,71.261,0,0,0,0,0,0,49.6059,0,0,0,0,97.3998,0,0,0,0,0,0,0,0,0,21.3932,0,0,0,30.5783,0,0,0,0,0,0,0,0.43837,0,0,0,22.2799,0,0,0,0,61.3919,0,0,1.66474,0,0,0,0,19.5859,0,51.0284,0,0,99.0453,42.27,0,0,0,0,0,0,0,0,131.154,0,0,0.2335,34.446,0,0,0,47.0774,0,0,0,0,0,14.1318,33.6413,0,0,0,0,33.9761,0,0,0,0,0,35.3311,53.8079,0,0,28.2434,0,2.87231,0,0,0,0,0,0,0,0,0,0,0,0,0,0,13.2042,0,0,0,99.1038,0,0,7.77559,44.3663,0,0,89.7667,137.65,270.156,0,141.488,201.824,36.2694,0,0,0,0,0,0,0,0,0,0,0,0,0,0,0,0,0,0,0,0,0,0,0,0,0,0,0,0,0,0,0,0,0,0,0,0,0,0,82.1176,0,0,0,0,0,0,0,0,0,0,0,0,0,0,0,0,0,0,0,0,0,0,0,0,0,0,0,0,0,0,0,0,0,0,0,0,0,0,0,0,0,0,0,0,0,0,0,0,0,0,0,0,0,0,0,0,0,0,0,0,0,0,0,0,0,0,0,0,0,0,0,0,0,0,0,0,0,0,0,0,0,0,0,0,0,0,0,0,0,0,0,0,0,0,0,0,0,0,0,0,0,0,0,0,0,0,0,0,0,0,0,0,0,0,0,0,0,0,0,0,0,0,0,0,0,0,0,0,0,0,0,0,0,0,0,0,0,0,0,0,0,0,0,0,0,0,0,0,0,0,0,0,0,0,0,0,0,0,0,0,0,0,0,0,0,0,0,0,0,0,0,0,0,0,0,0,0,0,0,0,0,0,0,0,0,0,0,0,0,0,0,0,0,0,0,0,0,0,0,0,0,0,0,0,0,0,0,0,0,0,0,0,0,0,0,0,0,0,0,0,0,0,0,0,0,0,0,2.9498,0,0,0,0,0,0,0,0,0,0,0,1.67644,2.57743,0,0,0,0,0,0,0,0,0,19.5162,0,13.1168,0,6.00931,0,1.89468,0,80.1329,0,0,51.2692,0,0,0,0,0,0,0,0,0,0,0,0,0,0,0,0,0,0,0,0,0,0,0,0,0,0,0,0,0,0,0,0,0,0,0,0,0,0,0,0,0,0,0,0,0,0,0,0,0,0,0,0,0,46.8821,0,0,0,0,0,0,0,0,27.0912,0,0,0,0,0,0,0,0,0,169.37,0,0,0,116.586,0,0,0,0,0,0,0,0,17.6604,0,0,0,0,0,0,0,0,0,0,0,0,0,0,0,69.5835,0,0,0,0,171.777,0,0,0,153.694,0,80.0067,88.8198,111.973,181.352,39.8892,0,0,0,0,0,0,0,0,0,0,0,0,0,0,0,0,0,0,0,0,0,0,0,0,0,0,0,0,0,0,0,0,0,0,0,0,0,0,0,0,0,0,0,0,0,0,0,0,0,0,0,0,0,0,0,0,0,0,0,0,0,0,0,0,0,0,0,0,0,0,0,0,0,0,0,0,0,0,0
K,Zn+2,1,xtb,-48.7294,22.3027,1.35397,0,0,0.18316,0,0,4.25272,0,1.63355,0,5.21006,0,4.38179,0,0,8.77673,0,3.19996,0,17.4211,0,0,4.88578,0,0,40.3245,0,0,17.7797,0,0,0,11.9102,0,0,8.87321,0,0,6.73595,0,5.74642,0,0,0,74.239,8.84539,0,0,14.1263,0,0,160.358,0,0,0,0,216.569,0,0,0,0,7.9574,0,0,29.5172,0,0,0,0,0,0,0,108.605,0,0,0,171.693,0,0,0,0,0,0,0,271.835,0,77.9364,253.797,0,0,0,0,0,0,0,45.8033,0,25.3522,0,0,0,119.078,0,0,0,0,0,0,0,0,0,0,0,0,0,0,0,0,0,83.534,66.2826,0,0,0,0,0,0,0,0,0,0,0,0,0,0,239.61,0,0,0,0,0,0,0,0,0,0,0,0.37406,0,0,0,0,0,0,0,11.4854,0,0,0,0,0,0,6.43398,0,0,0,0,0,0,0,16.3975,0,0,0,18.3667,0,0,0,0,0,0,0,0,0,0,7.93554,0,0,9.52501,0,0,0,0,0,0,0,1.89233,0,0,0,0,0,0,0,0,69.1642,0,93.3556,0,0,0,0,0,72.5092,132.125,0,0,23.599,0,0,0,20.6253,0,0,0,0,0,0,58.3165,16.4104,0,0,0,2.97266,0,4.84222,0,0,0,0,0,0,19.7136,16.0262,0,43.9762,0,0,0,0,0,0,0,0,0.85621,0,0,0,12.8419,0,0,37.9722,0,154.204,0,0,0,0,0,0,0,0,0,0,0,0,0,0,0,0,10.061,0,0,12.1834,9.93597,146.006,0,0,296.835,0,0,65.4287,0,215.71,0,0,0,0,0,0,0,0,0,0,0,0,0,0,0,0,0,0,0,0,0,0,0,0,0,0,0,0,0,0,627.446,0,0,0,0,0,0,0,0,0,0,0,0,0,0,0,0,0,0,0,0,0,0,0,0,0,0,0,0,0,0,0,0,0,0,0,0,0,0,0,0,0,0,0,0,0,0,0,0,0,0,0,0,0,0,0,0,0,0,0,0,0,0,0,0,0,0,0,0,0,0,0,0,0,0,0,0,0,0,0,0,0,0,0,0,0,0,0,0,0,0,0,0,0,0,0,0,0,0,0,0,0,0,0,0,0,0,0,0,0,0,0,0,0,0,0,0,0,0,0,0,0,0,0,0,0,0,0,0,0,0,0,0,0,0,0,0,0,0,0,0,0,0,0,0,0,0,0,0,0,0,0,0,0,0,0,0,0,0,0,0,0,0,0,0,0,0,0,0,0,0,0,0,0,0,0,0,0,0,0,0,0,0,0,0,0,0,0,0,0,0,0,0,0,0,0,0,0,0,0,0,0,0,0,0,0,0,0,0,0,0,0,0,0,0,0,0,0,0,0,0,0,0,0,0,0,0,0,0,0,0,0,0,0,0,0,0,0,0,0,0,0,0,0,0,0,0,0,0,0,0,0,0,0,2.04614,0,0,0,0,32.5793,0,0,6.61847,0,0,1.1137,16.88,0,17.7161,8.47322,0,2.32368,0,0,0,0,0,0,0,0,0,0,0,0,0,0,0,0,0,0,0,0,0,0,0,0,0,0,0,0,0,0,0,0,0,0,0,0,0,0,0,0,0,0,0,0,0,0,0,0,0,0,0,0,0,0,0,0,0,0,0,0,40.6837,0,0,163.373,0,0,43.4354,0,0,0,0,0,0,0,0,0,0,0,0,0,0,0,0,0,0,0,0,0,0,0,0,0,0,0,0,0,0,0,80.2761,87.1026,0,0,0,79.1888,56.7685,0,0,64.8876,0,0,0,67.6493,0,0,0,0,0,0,0,0,0,0,0,0,0,0,0,0,0,0,0,0,0,0,0,0,0,0,0,0,0,0,0,0,0,0,0,0,0,0,0,0,0,0,0,0,0,0,0,0,0,0,0,0,0,0,0,0,0,0,0,0,0,0,0,0,0,0,0,0,0,0,0,0,0,0,0,0,0,0,0,0,0,0
K,none,1,xtb,-33.7887,4.9211,0,4.93026,0,0,0,0.26505,0,0,0,0,0,0,0,1.0279,0,1.00148,0,0,0,0,0,0,0,0,2.05612,0,0,0,0,0,0,39.7205,0,0,0,1.82795,0,0,0,0,0,0,0,40.2418,19.7326,0,0,0,0,0,0,0,0,0,0,0,0,0,0,0,0,9.95863,0,0,0,0,3.6012,0,0,0,0,0,0,0,0,0,0,0,9.76694,0,0,0,0,0,0,0,0,0,0,0,13.0548,0,0,0,0,0,0,0,0,0,0,0,0,0,0,0,0,0,0,88.1765,0,0,0,0,0,0,46.2827,0,0,0,0,0,0,0,0,0,0,0,0,0,0,0,97.6133,0,0,0,0,0,0,0,0,0,0,0,0,7.63103,0,0,0,0,0,0,0,5.44766,0,0,0,0,0,0,0,0,38.1331,0,0,0,0,0,0,71.2908,0,0,0,0,0,0,0,0,83.248,0,0,0,22.1634,0,0,0,0,0,43.552,81.0147,0,0,0,0,0,0,3.44466,0,0,0,0,0,0,4.7735,0,0,0,0,0,2.28856,0,0,125.551,163.764,0,52.3337,0,0,0,7.20281,0,0,0,0,0,0,9.31319,0,0,0,9.03234,0,0,9.638,0,0,0,72.5336,0,0,0,0,8.29615,13.876,2.21701,0,0,0.52338,0,0,0,0,4.81949,0,0,1.69986,0,0,0,0,0,3.06029,0,0,0,13.1848,0,0,0,0,0,0,0,0,0,0,0,0,0,0,0,0,0,0,0.67164,0,0,1.40706,0.2201,0.43775,0,0,0,0,0,0,0,0,0,0,0,0,63.4621,0,0,0,0,0,0,0,0,0,0,0,0,0,0,0,0,0,0,0,0,0,0,0,0,0,0,0,0,0,0,0,0,0,0,0,0,0,0,0,0,0,0,0,483.578,0,0,0,0,0,0,0,0,0,0,0,0,0,0,0,0,0,0,0,0,0,0,0,0,0,0,0,0,0,0,0,0,0,0,0,0,0,0,0,0,0,0,0,0,0,0,0,0,0,0,0,0,0,0,0,0,0,0,0,0,0,0,0,0,0,0,0,0,0,0,0,0,0,0,0,0,0,0,0,0,0,0,0,0,0,0,0,0,0,0,0,0,0,0,0,0,0,0,0,0,0,0,0,0,0,0,0,0,0,0,0,0,0,0,0,0,0,0,0,0,0,0,0,0,0,0,0,0,0,0,0,0,0,0,0,0,0,0,0,0,0,0,0,0,0,0,0,0,0,0,0,0,0,0,0,0,0,0,0,0,0,0,0,0,0,0,0,0,0,0,0,0,0,0,0,0,0,0,0,0,0,0,0,0,0,0,0,0,0,0,0,0,0,0,0,0,0,0,0,0,0,0,0,0,106.55,0,0,0,0,0,0,0,0,0,0,0,0,0,0,0,0,0,0,0,0,0,0,0,18.3102,0,0,0,0,13.3797,0,39.8558,4.3512,0,0,108.846,38.3738,0,0,64.8893,0,0,0,0,0,0,0,0,0,0,0,0,0,0,0,0,0,0,0,0,0,0,0,0,0,0,0,0,0,0,0,0,0,0,0,0,0,0,0,0,0,0,0,0,0,0,0,0,0,0,0,0,0,0,0,0,0,0,0,0,0,0,0,0,0,0,0,0,0,0,0,0,0,0,0,19.0965,0,0,0,0,0,17.3819,0,0,26.8501,0,0,0,0,0,0,0,0,0,0,0,0,0,0,0,0,0,0,0,0,0,0,0,0,0,0,0,0,0,0,0,0,0,0,0,0,0,0,0,0,0,0,0,0,0,0,0,0,0,0,0,0,0,0,0,0,0,0,0,0,0,0,0,0,0,0,0,0,0,0,0,0,0,0,0,0,0,0,0,0,0,0,0,0,0,0,0,0,0,0,0,0,0,0,0,0,0,0,0,0,0,0,0,0,0,0,0,0,0,0,0,0,0,0
L,Co+2,1,xtb,-58.5489,3.19234,1.64377,0,0,3.50276,1.17503,0,1.2794,0,2.96898,0,0,0,2.66551,0.59015,0,2.2726,18.9951,0,0,0,10.3937,0.23837,0,12.2721,4.76158,0,0,2.37352,0,0,38.5581,0,26.085,12.347,0,18.4164,0,1.03952,16.4112,0,20.1083,0,0,6.01005,0,0,8.58882,0,0,24.7501,0,0,4.50614,0,64.1967,0,0,0,0,21.6019,0,85.1604,0,164.775,0,0,0,0,0,11.0218,0,183.523,0,0,9.65139,95.0889,0,17.6542,0,0,0,0,468.525,0,0,52.749,0,0,0,0,0,33.7737,0,0,0,0,0,0,136.478,0,0,0,0,0,0,206.737,0,0,152.924,0,237.075,0,0,0,0,0,82.3336,0,0,0,0,0,0,0,143.414,0,0,105.018,0,0,0,0,0,0,318.924,0,0,0,0,0,0,0,0,0,0,0,0,0,0,0,0,0,0,0,0,0,0,0,13.4556,0,0,0,0,0,0,4.13038,0,0,12.0932,0,0,0,0,0,0,0,0,0,0,0,2.96525,0,0,0,0,0.40047,0.58599,0,0,0,0,4.46824,0,0,0,0,0,0,0,0,0,0,0,0,11.554,11.9302,0,0,0,0,0,0,76.9143,0,0,0,0,95.7525,15.1501,0,0,0,0,0,16.2645,0,1.07285,0,0,0.7389,0,0,0,0,0,0,0,0,10.4975,0,0,46.3284,0,0,0,0,0,0,28.6487,0,0,0,0,0,137.808,11.2643,4.36765,0,0,0,0,0,0,0,0,0,0,0,0,0,0,0,20.1837,0,0,26.5705,0,0,0,0,185.668,0,6.4272,194.414,41.3664,200.754,274.172,0,15.5907,102.614,0,26.4023,0,0,0,0,0,0,0,0,0,0,0,0,0,0,0,0,0,0,0,0,0,0,0,0,0,0,0,0,0,0,0,0,0,0,0,0,0,0,0,0,0,0,400.543,0,0,0,0,0,0,0,0,0,0,0,0,0,0,0,0,0,0,0,0,0,0,0,0,0,0,0,0,0,0,0,0,0,0,0,0,0,0,0,0,0,0,0,0,0,0,0,0,0,0,0,0,0,0,0,0,0,0,0,0,0,0,0,0,0,0,0,0,0,0,0,0,0,0,0,0,0,0,0,0,0,0,0,0,0,0,0,0,0,0,0,0,0,0,0,0,0,0,0,0,0,0,0,0,0,0,0,0,0,0,0,0,0,0,0,0,0,0,0,0,0,0,0,0,0,0,0,0,0,0,0,0,0,0,0,0,0,0,0,0,0,0,0,0,0,0,0,0,0,0,0,0,0,0,0,0,0,0,0,0,0,0,0,0,0,0,0,0,0,0,0,0,0,0,0,0,0,0,0,0,0,0,0,0,0,0,0,0,0,0,0,0,0,0,0,0,0,0,0,0,0,0,0,0,0,0,0,0,0,0,0,0,0,0,0,0,0,0,0,0,0,0,0,0,0,0,0,0,0,0,0,0,0,64.7172,0,0,0,0,0,0,0,0,3.06806,0,0,0,0,0,0,0,0,16.4152,0,0,0,43.4153,0,0.89881,0,0,0,0,0,0,12.2431,31.1772,0,3.25193,7.84696,0,0,0,0,0,0,0,0,0,0,0,0,0,0,0,0,0,0,0,0,0,0,0,0,0,0,0,0,0,0,0,0,349.47,0,0,0,0,0,0,0,0,39.85,0,13.9116,0,0,0,0,0,0,0,0,0,0,0,0,0,0,0,0,124.456,0,0,0,0,0,0,0,0,0,0,0,0,0,0,0,0,0,0,0,0,0,0,0,0,0,0,93.7171,0,0,0,126.222,0,83.1515,0,106.109,98.3293,119.26,0,0,0,100.546,82.638,0,33.8166,0,0,0,0,0,0,0,0,0,0,0,0,0,0,0,0,0,0,0,0,0,0,0,0,0,0,0,0,0,0,0,0,0,0,0,0,0,0,0,0,0,0,0,0,0,0,0,0,0,0,0,0,0,0,0,0,0,0,0,0,0,0,0,0,0,0,0,0,0,0,0,0,0,0,0,0,0,0,0,0,0
L,Cu+2,1,xtb,-48.608,12.2911,1.11842,0,1.13929,0,0,2.45033,4.35678,0,0,2.1657,0,47.2074,33.6798,0,0,61.9009,0,6.88321,0,2.66763,0,46.5693,0,36.4245,0,8.13774,0,0,0,6.22757,0,0,0,0,0,0,0,0,0,2.70944,0,0,16.1422,0,0,5.36352,0,0,0,0,0,0,0,38.2357,29.264,0,0,0,0,6.68282,0,0,0,0,0,0,84.1566,0,0,458.894,0,0,32.998,0,0,0,0,0,0,43.9179,0,5.12386,0,0,0,0,0,24.3153,0,54.6373,0,0,0,0,451.11,1.67941,0,146.583,0,0,0,283.132,0,0,0,0,0,0,57.5331,0,0,0,0,0,0,0,0,0,0,0,0,0,0,76.3819,0,0,0,0,0,0,0,0,0,0,0,180.365,0,0,0,0,0,0,0,0,0,0,0,0,34.9252,0,0,0,0,0,0,0,0,0,0,0,3.95248,0,0,0,0,0,0,0,34.9509,0,3.94078,0,0,0,0,0,4.6158,0,0,4.8183,0,0,0,0,6.2534,0,0,0,0,0,23.0242,0,0,0,0,0,0,0,0,0,42.3567,0,0,9.50427,0,0,0,0,6.01172,0,0,0,9.97492,10.2101,0,0,0,73.9251,0,41.0924,0,0,187.671,0,0,0,0,0,27.9166,0,0,0,0,0,0,0,81.5506,0,0,0,0,0,0,11.0393,0,0,0,0,0,103.74,0,0,0,0,0,0,0,372.614,0,172.351,26.3734,0,0,0,0,0,295.137,0,0,0,0,0,8.26458,0,4.67038,0,0,0,0,14.5584,0,0,14.3764,0,218.424,94.8819,251.631,58.4387,0,0,0,0,0,0,0,0,0,0,0,0,0,0,0,0,0,0,0,0,0,0,0,0,0,0,0,0,0,0,0,37.5784,0,0,0,0,0,0,0,0,0,0,0,0,0,0,0,0,0,0,0,0,0,0,0,0,0,0,0,0,0,0,0,0,0,0,0,0,0,0,0,0,0,0,0,0,0,0,0,0,0,0,0,0,0,0,0,0,0,0,0,0,0,0,0,0,0,0,0,0,0,0,0,0,0,0,0,0,0,0,0,0,0,0,0,0,0,0,0,0,0,0,0,0,0,0,0,0,0,0,0,0,0,0,0,0,0,0,0,0,0,0,0,0,0,0,0,0,0,0,0,0,0,0,0,0,0,0,0,0,0,0,0,0,0,0,0,0,0,0,0,0,0,0,0,0,0,0,0,0,0,0,0,0,0,0,0,0,0,0,0,0,0,0,0,0,0,0,0,0,0,0,0,0,0,0,0,0,0,0,0,0,0,0,0,0,0,0,0,0,0,0,0,0,0,0,0,0,0,0,0,0,0,0,0,0,0,0,0,0,0,0,0,0,0,0,0,0,0,0,0,0,0,0,0,0,0,0,0,0,0,0,0,0,0,0,0,0,0,0,0,0,209.045,0,0,0,0,0,0,0,0,0,9.78366,0,0,0,0,0,0,0,0,0,0,0,0,12.4316,0,65.0096,0,0,2.6435,0,15.2315,0,0,171.559,0,0,7.09768,0,26.5533,19.192,0,0,0,0,0,0,0,0,0,0,0,0,0,0,0,0,0,0,0,0,0,0,0,0,0,0,0,0,0,0,0,0,0,0,0,0,0,0,0,0,0,0,0,0,0,0,0,0,0,0,0,0,0,0,0,0,154.493,0,0,0,107.135,0,0,0,0,0,0,0,109.079,0,0,0,0,0,0,0,0,0,0,0,0,0,0,0,0,0,0,0,0,0,0,0,0,99.2864,0,183.688,0,0,166.754,662.765,0,0,268.448,0,0,0,0,0,0,0,0,0,0,0,0,0,0,0,0,0,0,0,0,0,0,0,0,0,0,0,0,0,0,0,0,0,0,0,0,0,0,0,0,0,0,0,0,0,0,0,0,0,0,0,0,0,0,0,0,0,0,0,0,0,0,0,0,0,0,0,0,0,0,0,0,0,0,0,0,0,0,0,0,0,0,0,0,0,0,0
L,Ni+2,1,xtb,-59.7078,1.9146,2.3925,0,3.90623,0,0.67147,0,0,8.19228,2.39145,19.048,0,0,0,4.65269,16.603,10.9123,0,0,2.15026,0,5.56009,0,2.86236,0,0,42.9352,0,0,12.2587,0,20.7262,0,3.76857,22.8393,0,18.3651,0,3.48973,0,0,28.5719,0,0,7.792,0,32.7633,14.7208,0,0,0,16.3219,0,12.0802,12.077,0,7.64639,0,0,0,0,0,7.68783,0,0,0,0,69.9278,0,106.976,0,0,39.2764,174.614,0,81.8918,0,0,4.25028,0,0,24.6812,0,395.514,0,0,0,0,123.484,0,72.9563,0,156.866,0,310.467,0,0,0,0,0,0,153.804,0,0,0,232.724,0,0,0,0,0,117.453,0,0,0,0,71.2503,0,0,0,0,0,0,0,0,0,0,207.769,0,0,0,0,0,0,0,82.5602,0,0,0,0,0,0,0,0,0,0,0,0,0,36.2874,0,0,0,0,0,0,0,0,0,0,0,0,0,0,7.3221,0,0,2.97104,0,0,0,0,0,0,0,0,0,0,0,0,3.58597,0,0,0,4.03004,0,0,0.81667,0,0,0,3.63301,0,0,0,0,0,0,0,0,29.0882,0,0,0,0,0,14.4881,0,0,59.639,0,0,0,0,0,0,93.7268,11.4823,0,0,0,0,0,0,23.6783,11.2503,0,0,0,0,0,37.1318,0,0,0,10.5007,0,0,0,0,0,0,0,0,24.1172,0,0,0,0,7.31598,0,0,0,0,0,29.427,0,13.8039,0,118.556,0,0,0,0,0,0,0,0,0,0,0,0,15.5556,0,0,17.9028,0,0,0,0,15.4037,0,0,111.151,0,0,24.2683,188.705,233.327,11.1623,86.6505,219.439,0,73.1177,0,0,0,0,0,0,0,0,0,0,0,0,0,0,0,0,0,0,0,0,0,0,0,0,0,0,0,0,0,379.434,0,0,0,0,0,0,0,0,0,0,0,0,0,0,0,0,0,0,0,0,0,0,0,0,0,0,0,0,0,0,0,0,0,0,0,0,0,0,0,0,0,0,0,0,0,0,0,0,0,0,0,0,0,0,0,0,0,0,0,0,0,0,0,0,0,0,0,0,0,0,0,0,0,0,0,0,0,0,0,0,0,0,0,0,0,0,0,0,0,0,0,0,0,0,0,0,0,0,0,0,0,0,0,0,0,0,0,0,0,0,0,0,0,0,0,0,0,0,0,0,0,0,0,0,0,0,0,0,0,0,0,0,0,0,0,0,0,0,0,0,0,0,0,0,0,0,0,0,0,0,0,0,0,0,0,0,0,0,0,0,0,0,0,0,0,0,0,0,0,0,0,0,0,0,0,0,0,0,0,0,0,0,0,0,0,0,0,0,0,0,0,0,0,0,0,0,0,0,0,0,0,0,0,0,0,0,0,0,0,0,0,0,0,0,0,0,0,0,0,0,0,0,0,0,0,0,0,0,0,0,0,0,0,0,0,0,0,0,0,0,0,0,0,0,0,50.0725,0,0,3.59384,0,0,0,0,0,0,0,0,0,0,0,0,0,0,0,0,49.1816,13.689,0,5.4003,0,0,0,0,0,0,0,0.19462,29.0934,18.4513,0,0,0,0,0,0,0,0,0,0,0,0,0,0,0,0,0,0,0,0,0,0,0,0,0,0,0,0,0,0,45.5292,0,0,0,0,0,0,0,0,0,0,0,0,0,0,0,33.7539,0,0,0,0,0,0,0,0,0,0,0,0,0,135.947,0,0,0,0,0,0,0,0,0,0,0,0,0,0,0,0,0,0,0,0,0,0,0,97.2482,0,0,0,0,0,108.695,0,0,0,0,0,0,0,0,0,159.217,69.4067,0,159.008,0,59.3085,122.187,0,0,0,0,0,0,0,0,0,0,0,0,0,0,0,0,0,0,0,0,0,0,0,0,0,0,0,0,0,0,0,0,0,0,0,0,0,0,0,0,0,0,0,0,0,0,0,0,0,0,0,0,0,0,0,0,0,0,0,0,0,0,0,0,0,0,0,0,0,0,0,0,0,0,0,0,0,0,0,0,0
L,Zn+2,1,xtb,-45.2911,16.8373,0,2.51292,0,0,1.60641,0,0,0,0,0,7.28686,0,5.91413,0,0,0,3.32102,8.29314,0,4.10516,0.98254,0,0,0,1.53552,1.93115,0,0,0,0,6.29193,0,0,0.33529,0,0,0,48.4277,0,84.2913,0,0,0,13.6158,0,0.3644,34.0418,0,0,0,0,0,1.54111,0,23.3024,0,269.3,0,0,0,0,262.099,0,0,0,0,6.19037,0,29.6066,0,0,0,0,0,0,0,0,7.25937,0,13.232,0,371.369,0,0,0,177.616,0,0,307.901,0,0,0,0,0,0,0,21.4627,0,0,0,0,0,0,0,72.01,0,0,0,0,0,0,0,0,0,0,0,0,0,0,0,87.4315,0,0,0,88.6238,0,0,0,0,0,0,0,0,0,0,0,219.165,0,0,0,0,0,0,0,0,0,0,0,0,0,0,0,0,0,0,0,0,0,0,24.3479,0,0,0,0,0,5.17084,0,0,0,0,0,15.3639,0,0,0,0,0,0,0,3.45453,9.29961,0,0,0,1.70011,0,0,0,13.5168,0,0,0,0,0,0,0,0,0,15.7283,0,0,0,0,0,0,0,0,0,74.0828,0,0,184.036,0,0,0,62.6206,0,28.3169,0,0,0,0,28.6292,0,0,27.5838,0,0,0,5.03698,0,0,0,3.9958,0,0,0,0,0,0,58.5514,0,0,0,0,0,0.55734,0,0,0,0,0,0,1.41341,0,8.46888,0,0,0,0,0,0,0,0,228.282,0,0,0,0,0,0,6.90388,0,0,0,7.54891,0,0,22.6975,0,0,0,126.261,144.803,142.974,0,12.7798,154.683,8.7861,0,0,0,0,0,12.5807,0,0,0,0,0,0,0,0,0,0,0,0,0,0,0,0,0,0,0,0,0,0,0,679.69,0,0,0,0,0,0,0,0,0,0,0,0,0,0,0,0,0,0,0,0,0,0,0,0,0,0,0,0,0,0,0,0,0,0,0,0,0,0,0,0,0,0,0,0,0,0,0,0,0,0,0,0,0,0,0,0,0,0,0,0,0,0,0,0,0,0,0,0,0,0,0,0,0,0,0,0,0,0,0,0,0,0,0,0,0,0,0,0,0,0,0,0,0,0,0,0,0,0,0,0,0,0,0,0,0,0,0,0,0,0,0,0,0,0,0,0,0,0,0,0,0,0,0,0,0,0,0,0,0,0,0,0,0,0,0,0,0,0,0,0,0,0,0,0,0,0,0,0,0,0,0,0,0,0,0,0,0,0,0,0,0,0,0,0,0,0,0,0,0,0,0,0,0,0,0,0,0,0,0,0,0,0,0,0,0,0,0,0,0,0,0,0,0,0,0,0,0,0,0,0,0,0,0,0,0,0,0,0,0,0,0,0,0,0,0,0,0,0,0,0,0,0,0,0,0,0,0,0,0,0,0,0,0,0,0,0,0,0,0,0,0,0,0,0,0,0,0,0,0,0,0,0,0,31.7792,0,0,0,0,0,0,1.93907,0,0,11.6016,0,0,0,0,41.151,0,0,3.68423,43.2669,0,0,0,0,0,0,31.2315,0,0,10.95,5.60171,3.01944,0,0,0,0,0,0,0,0,0,0,0,0,0,0,0,0,0,0,0,0,0,0,0,0,0,0,0,0,266.701,0,0,0,0,0,0,0,0,0,0,0,0,0,0,0,0,32.9164,0,0,0,0,0,182.029,0,0,0,0,0,0,0,0,0,0,0,0,0,0,0,0,0,0,0,0,0,0,0,0,0,0,0,0,0,0,0,0,77.6198,172.055,0,107.619,0,0,0,89.7216,95.9992,0,85.7107,0,0,0,0,0,0,0,0,0,0,0,0,0,0,0,0,0,0,0,0,0,0,0,0,0,0,0,0,0,0,0,0,0,0,0,0,0,0,0,0,0,0,0,0,0,0,0,0,0,0,0,0,0,0,0,0,0,0,0,0,0,0,0,0,0,0,0,0,0,0,0,0,0,0,0,0,0,0,0,0,0,0,0,0,0,0,0,0,0,0,0
L,none,1,xtb,-30.3883,2.87228,0,0,0,0,0,0,0.41264,0,0,0,0,0,0,0,0.14585,0,0,0,0,0,0,0,0,0,0,0,0,0,0,1.30293,0,18.9041,23.4419,0,0,0.63145,0,0,0,0,0,0,0,8.12105,0,0,0,0,0,0,0,0,0,0,0,0,2.43687,0,0,0,0,0,0,0,5.48991,0,0,0,0,0,3.68431,0,0,0,0,0,0,0,6.74515,0,0,0,0,0,0,0,0,0,0,11.6886,0,0,0,0,0,0,0,0,0,0,0,0,0,0,0,0,0,0,0,99.433,0,0,0,0,0,0,30.6322,0,0,0,0,0,0,0,0,0,0,0,0,0,0,101.627,0,0,0,0,0,0,0,0,0,0,0,0,0,0,0,0,0,0,0,0,0,0,0,0,0,0,0,32.619,0,0,0,0,0,0,15.9913,0,12.9173,0,0,0,0,0,0,0,0,0,0,2.3715,0,0,15.0057,0,0,0,0,6.39356,0,10.0434,127.553,0,0,0,0,0,0,0,0,0,0,6.53491,0,0,0,0,0,0,0,0,0,0,266.816,0,0,0,0,42.3357,0,0,0,1.76757,0,0,0,0,15.0904,0,19.2322,1.8092,0,0,0,0,0,0,0,75.0811,0,0,0,1.40118,0,0,0,0,0,6.78763,0,0,0,0,0,4.41612,0,0,0,6.05253,0,2.31221,0,0,0,0,0,0,0,0,0,0,0,4.45764,0,1.65288,0,0,0,0,0,0,0,0,0,0.97564,0,0,0,0,0.55113,1.22821,1.84214,0,4.51129,0,0,0,0,0,0,0,0,0,36.131,0,0,0,0,0,0,0,0,0,0,0,0,0,0,0,0,0,0,0,0,0,0,0,0,0,0,0,0,0,0,0,0,0,0,0,0,0,0,0,0,0,0,0,482.121,0,0,0,0,0,0,0,0,0,0,0,0,0,0,0,0,0,0,0,0,0,0,0,0,0,0,0,0,0,0,0,0,0,0,0,0,0,0,0,0,0,0,0,0,0,0,0,0,0,0,0,0,0,0,0,0,0,0,0,0,0,0,0,0,0,0,0,0,0,0,0,0,0,0,0,0,0,0,0,0,0,0,0,0,0,0,0,0,0,0,0,0,0,0,0,0,0,0,0,0,0,0,0,0,0,0,0,0,0,0,0,0,0,0,0,0,0,0,0,0,0,0,0,0,0,0,0,0,0,0,0,0,0,0,0,0,0,0,0,0,0,0,0,0,0,0,0,0,0,0,0,0,0,0,0,0,0,0,0,0,0,0,0,0,0,0,0,0,0,0,0,0,0,0,0,0,0,0,0,0,0,0,0,0,0,0,0,0,0,0,0,0,0,0,0,0,0,0,0,0,0,0,0,0,0,0,0,0,0,0,0,0,0,0,0,0,0,0,0,0,0,0,0,0,0,0,0,0,0,0,0,10.8902,0,0,9.66528,0,46.6965,0,0,27.0111,0,0,0,0,0,0,0,0.3504,115.958,0,98.1502,0,31.5471,0,0,0,0,0,0,0,0,0,0,0,0,0,0,0,0,0,0,0,0,0,0,0,0,0,0,0,0,0,0,0,0,0,0,0,0,0,0,0,0,0,0,0,0,0,0,0,0,0,0,0,0,0,0,0,0,0,0,0,0,0,0,0,0,0,0,5.58319,0,0,0,0,0,3.82212,0,0,26.2544,0,0,0,0,0,0,0,0,0,0,0,0,0,0,0,0,0,0,0,0,0,0,0,0,0,0,0,0,0,0,0,0,0,0,0,0,0,0,0,0,0,0,0,0,0,0,0,0,0,0,0,0,0,0,0,0,0,0,0,0,0,0,0,0,0,0,0,0,0,0,0,0,0,0,0,0,0,0,0,0,0,0,0,0,0,0,0,0,0,0,0,0,0,0,0,0,0,0,0,0,0,0,0,0,0,0,0,0,0,0,0,0,0,0
M,Co+2,1,xtb,-58.6615,31.3626,0,0.52702,0,2.24517,0.26756,0,0,5.23723,0,20.9492,0,0.29424,0,0,17.946,0,0.29376,3.94954,9.62288,0,1.84129,0,21.5913,0,0,5.9187,5.28017,0,0,19.4715,0,0,9.29797,0,48.0925,9.56459,0,0,0,46.9166,0,0,13.9123,0,15.8784,0,0,8.13434,0,0,0,0,11.48,0,109.173,0,11.7407,0,0,0,179.788,0,0,0,0,182.74,20.0398,0,13.3467,0,0,0,288.069,0,0,0,0,0,22.4684,0,0,0,0,0,0,0,0,0,45.3671,0,0,0,25.4207,0,0,0,0,34.9552,18.1353,0,0,0,91.7925,346.763,0,0,378.242,0,0,0,0,0,0,221.518,0,0,0,0,0,141.376,0,0,87.6333,0,0,0,176.964,0,0,0,0,0,0,0,119.926,0,0,0,34.8985,0,0,0,0,0,0,31.9202,0,0,0,0,0,0,0,0,0,0,0,0,0,0,0,0,3.28148,0,0,0,0,0,0,0,0,0,0,0,0,1.73226,0,0,13.714,0,0,0,0,5.33358,0,0,0,0,0,5.47093,0,0,0,0,0,0,0,0,0,0,0,8.28387,0,0,0,0,0,0,7.13605,0,0,5.16731,0,44.0116,0,0,5.88156,0,0,0,0,64.7846,0,0,0,0,0,3.96626,0,0,0,0,0,0,0,0,0,7.61192,0,0,81.6192,0,38.6913,0,0,0,0,0,0,0,0,47.147,0,14.3468,0,0,0,0,23.2179,0,0,0,0,0,0,0,0,0,0,0,0,15.6486,0,42.9884,0,0,0,0,0,0,19.5285,0,0,0,201.743,0,257.086,271.683,0,0,0,110.645,0,157.906,0,0,0,0,0,0,0,0,0,0,0,0,0,0,0,0,0,0,0,0,0,0,0,0,0,0,0,0,0,0,0,0,0,0,0,0,0,0,0,0,0,0,0,0,0,0,184.091,0,0,0,0,0,0,0,0,0,0,0,0,0,0,0,0,0,0,0,0,0,0,0,0,0,0,0,0,0,0,0,0,0,0,0,0,0,0,0,0,0,0,0,0,0,0,0,0,0,0,0,0,0,0,0,0,0,0,0,0,0,0,0,0,0,0,0,0,0,0,0,0,0,0,0,0,0,0,0,0,0,0,0,0,0,0,0,0,0,0,0,0,0,0,0,0,0,0,0,0,0,0,0,0,0,0,0,0,0,0,0,0,0,0,0,0,0,0,0,0,0,0,0,0,0,0,0,0,0,0,0,0,0,0,0,0,0,0,0,0,0,0,0,0,0,0,0,0,0,0,0,0,0,0,0,0,0,0,0,0,0,0,0,0,0,0,0,0,0,0,0,0,0,0,0,0,0,0,0,0,0,0,0,0,0,0,0,0,0,0,0,0,0,0,0,0,0,0,0,0,0,0,0,0,0,0,0,0,0,0,0,0,0,0,0,0,0,0,0,0,0,0,0,0,0,0,0,0,0,0,0,0,0,0,0,2.78559,0,0,0,0,0,0,0,0,9.6509,6.01242,0,0.96065,0,3.3023,0,0,0,0,1.27028,0.36879,0,0,0,0,0,4.1265,0,0,0,0,0,0,0,0,0,0,0,0,0,0,0,0,0,0,0,0,0,0,0,0,0,0,0,0,0,0,0,0,0,0,0,0,0,0,0,0,0,0,0,0,0,0,0,0,22.6282,0,0,10.2028,0,186.807,0,0,0,0,0,0,0,0,92.6294,0,0,0,0,0,0,0,0,0,0,0,0,0,0,0,0,0,0,0,0,0,0,0,0,0,0,0,80.8485,100.524,0,0,0,0,242.996,155.263,0,0,0,0,0,0,0,0,71.5678,96.1364,0,11.7829,89.2537,0,0,0,0,0,0,0,0,0,0,0,0,0,0,0,0,0,0,0,0,0,0,0,0,0,0,0,0,0,0,0,0,0,0,0,0,0,0,0,0,0,0,0,0,0,0,0,0,0,0,0,0,0,0,0,0,0,0,0,0,0,0,0,0,0,0,0,0,0,0,0,0,0,0,0,0
M,Cu+2,1,xtb,-48.7345,18.011,0,0,1.30679,2.94432,0,0,1.29936,0,0,0.35382,2.15058,0,22.0752,0,7.8606,0,0,1.37803,0,0.55533,36.2507,113.246,0,0,0,0,0,0,0,0,0,0,0,1.9536,0,9.29981,0,0,0,0,0,18.3623,0,9.06944,0,0,0,0,0,1.47254,0,0,46.8785,0,0,0,0,0,0,0,19.0617,0,0,0,0,0,0,0,0,518.81,0,0,0,0,0,0,0,0,0,19.2216,11.0829,0,0,0,40.591,53.647,0,0,0,0,0,119.778,83.7245,0,336.484,0,0,0,326.051,0,0,0,0,0,0,0,41.1272,0,0,0,0,0,0,0,0,0,0,0,0,0,0,0,79.6426,0,0,0,0,0,0,0,0,0,0,0,0,167.112,0,19.3956,40.9614,0,42.6827,0,0,0,0,0,0,0,0,0,0,0,0,21.4529,0,0,0,0,0,0,0,0,0,0,0,0,0,0,3.41783,0,0,0,0,0,0,0,0,8.60243,9.01392,0,0,0,0,0.66621,0,0,0,0,0,0,0,0,0,0,0,0,0,0,0,1.05363,0,0,37.7884,0,0,1.84866,0,0,0,0,0,0,2.59056,0,0,24.2209,0,0,0,0,40.9656,0,0,0,0,0,0,0,0,0,11.5358,0,0,0,0.80489,0,0,0,0,0,0,12.4674,0,0,37.0306,0,0,0,0,0,0,61.0567,0,90.3719,0,0,0,35.4199,0,0,0,0,0,0,0,0,0,12.0579,0,23.4425,0,0,19.7083,0,0,0,0,0,0,0,0,0,5.78137,0,0,344.94,311.519,0,0,0,61.5901,0,0,0,0,0,0,0,0,0,0,0,0,0,0,0,0,0,0,0,0,0,0,0,0,0,0,0,0,0,0,0,0,0,0,0,0,0,46.8619,0,0,0,0,0,0,0,0,0,0,0,0,0,0,0,0,0,0,0,0,0,0,0,0,0,0,0,0,0,0,0,0,0,0,0,0,0,0,0,0,0,0,0,0,0,0,0,0,0,0,0,0,0,0,0,0,0,0,0,0,0,0,0,0,0,0,0,0,0,0,0,0,0,0,0,0,0,0,0,0,0,0,0,0,0,0,0,0,0,0,0,0,0,0,0,0,0,0,0,0,0,0,0,0,0,0,0,0,0,0,0,0,0,0,0,0,0,0,0,0,0,0,0,0,0,0,0,0,0,0,0,0,0,0,0,0,0,0,0,0,0,0,0,0,0,0,0,0,0,0,0,0,0,0,0,0,0,0,0,0,0,0,0,0,0,0,0,0,0,0,0,0,0,0,0,0,0,0,0,0,0,0,0,0,0,0,0,0,0,0,0,0,0,0,0,0,0,0,0,0,0,0,0,0,0,0,0,0,0,0,0,0,0,0,0,0,0,0,0,0,0,0,0,0,0,0,0,0,0,0,0,0,0,0,0,0,0,0,0,0,0,0,2.44415,0,0,0,0,0,0,0,0,0,0,0,0,0,1.95188,0,16.432,0,0.96566,5.01305,0,14.9849,0,14.0725,0,0,0,0,0,37.8034,0,0,0,0,0,0,0,0,0,0,0,0,0,0,0,0,0,0,0,0,0,0,0,0,0,0,0,0,0,0,0,0,0,0,0,0,0,0,0,0,0,0,0,0,0,0,0,0,0,0,0,0,0,0,0,0,0,0,150.631,0,0,0,0,0,0,0,79.1299,0,0,0,0,0,0,53.4655,0,0,0,0,0,0,0,0,0,0,0,0,0,0,0,0,0,0,0,0,0,0,0,0,175.374,0,99.0315,273.944,280.662,242.191,0,0,0,0,0,0,0,0,0,0,0,0,0,0,0,0,0,0,0,0,0,0,0,0,0,0,0,0,0,0,0,0,0,0,0,0,0,0,0,0,0,0,0,0,0,0,0,0,0,0,0,0,0,0,0,0,0,0,0,0,0,0,0,0,0,0,0,0,0,0,0,0,0,0,0,0,0,0,0,0,0,0,0,0,0
M,Ni+2,1,xtb,-59.8245,21.557,6.41765,0,0,2.47827,1.29655,0,3.29766,0,0,2.55298,0,11.9733,0.89951,0,6.94133,0,0,0.39575,2.88957,3.06926,0,0,22.6507,4.51205,0,0.79984,0,0,30.7484,70.7427,47.0681,0,0,0.86805,24.2894,0,0,67.6888,0,0,0,0,81.5608,0,7.35725,0,5.97073,0,0,0,26.4713,77.6343,0,28.644,0,0,0,0,0,0,0,116.217,0,37.923,0,16.6811,0,0,0,0,158.96,343.562,0,0,0,0,0,301.289,0,0,52.5263,0,0,10.7151,0,0,0,150.43,0,0,0,309.399,69.1071,0,0,182.768,69.7198,0,0,0,182.518,0,0,0,45.4134,0,0,0,0,0,0,0,0,0,0,0,0,0,0,0,70.7925,0,0,0,85.8243,0,0,0,0,0,0,0,0,120.274,0,0,0,0,42.7181,0,0,0,0,33.0524,0,0,0,0,0,0,0,0,0,0,0,0,0,0,0,0,16.6871,0,0,0,0,0,0,0,0,0,0,0,0,4.26334,0,0,12.9002,0,0,0,0,7.68789,0,42.9288,0,0,0,0,0,0,0,0,0,0,0,0,0,32.7339,0,0,0,0,0,4.11671,0,0,0,0,0,13.3242,2.49359,0,0,0,0,0,65.8296,0,0,0,43.4039,0,0,0,6.57894,0,0,0,0,0,0,0,0,0,0,0,10.6219,0,0,0,0,28.3549,0,62.4338,0,0,0,0,0,0,80.0702,0,0,34.0906,0,0,0,16.7154,0,0,0,0,0,0,0,0,0,0,0,0,13.9751,0,51.3665,0,0,0,0,0,0,0,34.8584,0,0,169.964,118.01,0,0,0,0,150.688,270.527,0,99.0673,67.0062,0,0,0,0,0,0,0,0,0,0,0,0,0,0,0,0,0,0,0,0,0,0,0,0,0,0,0,0,0,0,0,0,0,0,0,0,0,0,0,64.5036,0,0,0,0,0,0,0,0,0,0,0,0,0,0,0,0,0,0,0,0,0,0,0,0,0,0,0,0,0,0,0,0,0,0,0,0,0,0,0,0,0,0,0,0,0,0,0,0,0,0,0,0,0,0,0,0,0,0,0,0,0,0,0,0,0,0,0,0,0,0,0,0,0,0,0,0,0,0,0,0,0,0,0,0,0,0,0,0,0,0,0,0,0,0,0,0,0,0,0,0,0,0,0,0,0,0,0,0,0,0,0,0,0,0,0,0,0,0,0,0,0,0,0,0,0,0,0,0,0,0,0,0,0,0,0,0,0,0,0,0,0,0,0,0,0,0,0,0,0,0,0,0,0,0,0,0,0,0,0,0,0,0,0,0,0,0,0,0,0,0,0,0,0,0,0,0,0,0,0,0,0,0,0,0,0,0,0,0,0,0,0,0,0,0,0,0,0,0,0,0,0,0,0,0,0,0,0,0,0,0,0,0,0,0,0,0,0,0,0,0,0,0,0,0,0,0,0,0,0,0,0,0,0,0,0,0,0,0,0,5.74103,0,0,0,0,0,0,0,0,0,0,0,0,16.8316,5.72776,3.66944,0,28.985,0,0,14.21,4.41716,0,0,0,0,0,0,7.25711,0,0,0,0,0,0,0,0,0,0,0,0,0,0,0,0,0,0,0,0,0,0,0,0,0,0,0,0,0,0,0,0,0,0,0,0,0,0,0,0,0,0,0,0,0,0,0,0,0,0,0,0,0,0,0,0,0,0,13.0883,0,0,0,0,0,111.919,0,20.2464,0,0,0,0,0,0,0,0,0,0,0,0,0,0,0,0,0,0,0,0,0,0,0,0,79.7749,0,0,144.742,60.181,0,0,175.649,0,0,119.456,0,154.023,0,0,73.836,0,157.327,0,0,0,0,0,0,0,0,0,0,0,0,0,0,0,0,0,0,0,0,0,0,0,0,0,0,0,0,0,0,0,0,0,0,0,0,0,0,0,0,0,0,0,0,0,0,0,0,0,0,0,0,0,0,0,0,0,0,0,0,0,0,0,0,0,0,0,0,0,0,0,0,0,0,0,0,0,0,0
M,Zn+2,1,xtb,-45.41,2.36487,1.16955,0,0,15.5843,0,0,1.19513,0,8.78555,2.44885,0,17.6694,0,2.42864,0,0,6.39053,0,2.88047,0,0,0.44971,0,17.9566,0,5.94569,0,0,0,7.10575,0,0,6.65609,0,0,0,0,0,0,28.2888,2.286,7.63152,16.0127,0,2.98845,2.2333,0,0,0,0,3.04842,0,0,0,245.161,0,0,0,0,0,0,135.131,0,0,0,0,6.40727,0,0,0,0,0,0,0,0,0,26.9355,9.47923,0,0,121.306,0,0,192.728,43.1512,0,0,282.007,0,0,0,402.252,170.375,0,0,0,0,0,0,0,0,0,0,0,0,0,55.6236,0,0,430.537,0,0,0,0,0,0,0,0,0,0,0,0,0,55.9733,0,0.97324,0,0,0,0,0,0,0,0,0,0,9.26682,0,0,0,0,0,0,0,0,0,0,0,0,0,0,119.027,0,0,0,0,0,76.221,0,0,0,0,0,0,0,0,0,0,0,0,0,0.52754,0,0,0,0,3.45191,0,0,0,0,0,16.1617,0,0,17.5157,0,0,0,0,0,0,0,0,0,0,0,49.5507,0,0,0,0,0,0,0,23.7472,0,14.0277,231.301,0,0,149.614,0,0,0,0,0,0,0,26.0391,0,0,0,0,7.32847,0,0,0,0,0,0,0,20.713,0,0,0,8.94728,0,0,0,32.6312,0,0,0,0,0,0,0,0,12.0614,0,0,34.7192,0,0,0,0,0,0,0,0,0,0,0,0,0,0,0,480.941,183.523,0,0,0,15.5207,0,0,11.8174,0,0,0,0,16.4594,0,0,0,444.521,0,32.1546,69.547,0,0,0,0,0,0,0,0,0,0,0,0,0,0,0,0,0,0,0,0,0,0,0,0,0,0,0,0,0,0,0,0,0,0,0,0,0,0,0,0,0,0,0,0,0,0,0,0,0,0,0,0,0,0,0,0,0,0,0,0,0,0,0,0,0,0,0,0,0,0,0,0,0,0,0,0,0,0,0,0,0,0,0,0,0,0,0,0,0,0,0,0,0,0,0,0,0,0,0,0,0,0,0,0,0,0,0,0,0,0,0,0,0,0,0,0,0,0,0,0,0,0,0,0,0,0,0,0,0,0,0,0,0,0,0,0,0,0,0,0,0,0,0,0,0,0,0,0,0,0,0,0,0,0,0,0,0,0,0,0,0,0,0,0,0,0,0,0,0,0,0,0,0,0,0,0,0,0,0,0,0,0,0,0,0,0,0,0,0,0,0,0,0,0,0,0,0,0,0,0,0,0,0,0,0,0,0,0,0,0,0,0,0,0,0,0,0,0,0,0,0,0,0,0,0,0,0,0,0,0,0,0,0,0,0,0,0,0,0,0,0,0,0,0,0,0,0,0,0,0,0,0,0,0,0,0,0,0,0,0,0,0,0,0,0,0,0,0,0,0,0,0,0,0,0,0,0,0,0,0,0,0,0,0,0,0,0,0,0,0,1.22772,0,0,0,0,0,0,0,0,1.14971,0,0.78687,0,0,0.73954,0,4.03455,4.22546,0,0,4.85347,3.91934,0,0,0,0,0,0,0,0,0,0,0,0,0,0,0,0,0,0,0,0,0,0,0,0,0,0,0,0,0,0,0,0,0,0,0,0,0,0,0,0,0,0,0,0,0,0,0,0,0,0,0,0,16.7365,0,0,0,0,0,0,0,42.0547,0,0,0,0,0,0,0,0,0,0,0,0,0,0,0,111.647,0,0,0,0,0,0,0,0,0,0,0,219.757,0,0,0,0,93.6503,0,180.61,0,0,0,0,81.7293,0,0,0,0,0,0,0,0,0,0,0,0,0,0,0,0,0,0,0,0,0,0,0,0,0,0,0,0,0,0,0,0,0,0,0,0,0,0,0,0,0,0,0,0,0,0,0,0,0,0,0,0,0,0,0,0,0,0,0,0,0,0,0,0,0,0,0,0,0,0,0,0,0,0,0,0,0,0,0,0,0,0,0,0,0,0,0,0
M,none,1,xtb,-30.4871,0,2.11989,0,0,0,0,0,0,0,10.2088,0,0,0,0,0,1.40978,0,0,0,3.344,0,0,2.93283,0,0,0,0.38916,0,0,0,0,0,0,0,0,20.6349,0,0,0,0,0,23.3507,0,0,0,0,0,4.90479,0,0,0,0,0,0,0,16.1577,0,0,5.56189,0,0,0,0,0,0,0,0,0,0,0,0,0,0,0,0,0,0,0,0,0,0,0,0,0,6.67877,0,0,0,0,0,14.8827,0,0,0,0,0,0,0,0,27.2007,0,0,0,0,0,0,0,0,0,0,0,0,0,0,0,0,117.186,0,0,0,0,0,0,0,0,13.3475,0,0,0,0,137.262,0,0,0,0,0,0,0,11.4466,0,0,0,0,0,0,0,0,0,0,23.949,0,0,0,0,0,0,0,0,8.66524,0,0,0,0,0,0,0,0,0,0,0,0,0,0,0,0,2.6276,0,0,65.5075,0,0,0,0.59241,0,0,0,31.0153,0,0,0,0,0,114.461,0,0,0,0,0,0,0,0,0,9.31554,0,0,0,0,0,0,0,17.4228,0,0,0,245.081,0,0,0,0,0,6.71941,0,0,0,0,1.0786,0,0,0,0,24.7347,0,0,0,0,0,46.6816,0,0,18.0395,0,0,0,0,31.2618,0,0,0,0,0,0,0,0,0,6.64996,4.55127,1.79983,0,0,0,0,0,0,0,0,0,0,0,0,0,0,0,0,0,0,0,0,0.67479,5.04214,0,6.99328,0,0,5.40785,0,0,0,0,0,0,0,0,0,0,0,0,0,0,0,0,0,0,0,0,48.8402,0,0,0,0,0,0,0,0,0,0,0,0,0,0,0,0,0,0,0,0,0,0,0,0,0,0,0,0,0,0,0,0,0,0,0,0,0,344.758,0,0,0,0,0,0,0,0,0,0,0,0,0,0,0,0,0,0,0,0,0,0,0,0,0,0,0,0,0,0,0,0,0,0,0,0,0,0,0,0,0,0,0,0,0,0,0,0,0,0,0,0,0,0,0,0,0,0,0,0,0,0,0,0,0,0,0,0,0,0,0,0,0,0,0,0,0,0,0,0,0,0,0,0,0,0,0,0,0,0,0,0,0,0,0,0,0,0,0,0,0,0,0,0,0,0,0,0,0,0,0,0,0,0,0,0,0,0,0,0,0,0,0,0,0,0,0,0,0,0,0,0,0,0,0,0,0,0,0,0,0,0,0,0,0,0,0,0,0,0,0,0,0,0,0,0,0,0,0,0,0,0,0,0,0,0,0,0,0,0,0,0,0,0,0,0,0,0,0,0,0,0,0,0,0,0,0,0,0,0,0,0,0,0,0,0,0,0,0,0,0,0,0,0,0,0,0,0,0,0,0,0,0,0,0,0,0,0,0,0,0,0,0,0,0,0,23.3071,0,0,0,0,0,0,0,0,0,0,0,0,0,0,0,16.3813,0,0,21.3683,17.0919,0,0,0,5.5011,6.15693,0,10.0544,0,0,0,0,0,5.16727,0,0,0,0,0,0,0,0,0,0,0,0,0,0,0,0,0,0,0,0,0,0,0,0,0,0,0,0,0,0,0,0,0,0,0,0,0,0,0,0,0,0,0,0,0,0,0,0,0,0,0,0,0,0,0,0,0,0,0,0,0,0,0,0,0,0,4.27091,0,0,0,0,0,0,3.41837,0,0,0,0,0,0,34.7825,0,0,0,0,0,0,0,0,0,0,0,0,0,0,0,0,0,0,0,0,0,0,0,0,0,0,0,0,0,0,0,0,0,0,0,0,0,0,0,0,0,0,0,0,0,0,0,0,0,0,0,0,0,0,0,0,0,0,0,0,0,0,0,0,0,0,0,0,0,0,0,0,0,0,0,0,0,0,0,0,0,0,0,0,0,0,0,0,0,0,0,0,0,0,0,0,0,0,0,0,0,0,0,0,0,0,0
N,Co+2,1,xtb,-58.7897,15.73,0,1.61227,0,0,3.44345,4.61543,0,0,3.74739,0,0,1.05886,5.609,0,0,6.54122,0,0.86523,0,3.64074,0,0,19.2709,17.594,0,0,0,0,0,11.691,0,9.43671,0,9.35843,13.2352,0,0,0,5.43478,0,0,41.9056,0,45.3338,0,22.3389,0,0,25.5415,0,0,0,0,0,0,0,13.6881,22.3602,0,25.4391,0,19.9854,0,0,0,54.1622,0,0,0,82.5061,0,0,0,11.4869,0,0,0,12.5007,0,109.152,0,0,27.156,0,0,0,0,36.9567,62.7195,290.664,0,0,0,0,0,0,0,0,0,14.9819,73.4264,0,0,0,111.256,0,0,161.499,0,0,0,0,0,0,118.543,42.3947,0,59.5242,0,0,229.165,0,0,0,0,0,0,174.535,0,0,0,0,0,0,693.583,0,221.081,0,0,0,0,0,0,291.965,0,0,0,0,0,0,0,106.451,0,0,0,0,0,0,0,0,0,0,10.2263,0,0,0,0,0,0,0,0,18.7927,0,0,0,0,0,0,0,0,0,0,0,0,0,0,0,0,0,0,0,29.2279,0,0,0,0,0,24.6953,0,0,0,0,20.9614,0,0,0,0,0,0,0,104.787,0,23.7135,0,0,0,0,116.17,0,0,0,0,0,0,20.077,0,0,0,0,0,0,0,5.22334,0,0,0,0,0,0,0,0,3.81944,0,0,38.5898,0,0,0,0,0,0,0,0,122.568,0,0,0,0,0,94.2886,0,0,0,0,0,0,0,0,0,0,0,0,28.1322,0,0,0,0,0,0,0,188.999,0,0,146.939,0,0,194.439,144.205,0,256.631,83.5562,83.1464,0,0,0,0,0,0,0,0,0,0,0,0,0,0,0,0,0,0,0,0,0,0,0,0,0,0,0,0,0,0,0,0,0,0,0,0,0,35.1997,0,0,1203.06,0,0,0,0,0,0,0,0,0,0,0,0,0,0,0,0,0,0,0,0,0,0,0,0,0,0,0,0,0,0,0,0,0,0,0,0,0,0,0,0,0,0,0,0,0,0,0,0,0,0,0,0,0,0,0,0,0,0,0,0,0,0,0,0,0,0,0,0,0,0,0,0,0,0,0,0,0,0,0,0,0,0,0,0,0,0,0,0,0,0,0,0,0,0,0,0,0,0,0,0,0,0,0,0,0,0,0,0,0,0,0,0,0,0,0,0,0,0,0,0,0,0,0,0,0,0,0,0,0,0,0,0,0,0,0,0,0,0,0,0,0,0,0,0,0,0,0,0,0,0,0,0,0,0,0,0,0,0,0,0,0,0,0,0,0,0,0,0,0,0,0,0,0,0,0,0,0,0,0,0,0,0,0,0,0,0,0,0,0,0,0,0,0,0,0,0,0,0,0,0,0,0,0,0,0,0,0,0,0,0,0,0,0,0,0,0,0,0,0,0,0,0,0,0,0,0,0,0,0,0,0,0,0,0,0,0,0,0,0,0,0,0,0,0,2.05848,0,0,0,0,0,0,0,0,0,1.13452,0,0,0,1.69016,0,0,0,0,0,0,0,0,0,0,0,0,0,0,0,0,0,0,0,0,0,0,0,0,0,888.775,0,0,0,240.998,0,0,0,0,0,0,0,0,0,0,0,0,0,0,0,1095.84,0,0,0,0,0,0,0,0,0,0,0,0,0,0,0,0,30.6571,0,0,0,0,0,0,27.9633,0,0,133.784,0,0,0,0,0,0,0,0,0,0,0,81.4171,0,0,0,0,0,0,0,0,0,0,0,0,52.0181,0,0,0,83.9394,0,0,0,0,0,0,11.9162,131.207,0,197.994,0,0,0,23.2401,53.9306,0,0,0,0,0,0,0,0,0,0,0,0,0,0,0,0,0,0,0,0,0,0,0,0,0,0,0,0,0,0,0,0,0,0,0,0,0,0,0,0,0,0,0,0,0,0,0,0,0,0,0,0,0,0,0,0,0,0,0,0,0,0,0,0,0,0,0,0,0,0,0,0,0,0,0,0,0,0,0,0,0
N,Cu+2,1,xtb,-48.8415,0.97256,4.11559,0.4086,0,0,0.21628,0,0,1.80078,8.25788,0,0,9.74434,0,0,0,7.62003,0,0.02092,0,0,7.94652,0,0,73.8512,0,16.4544,0,0,0,0,51.1222,11.4341,0,0,0,0,0,0,0,0,0,0,10.0968,0,0,0,0,21.3029,0,29.9637,0,0,0,0,0,14.5302,0,10.5361,0,0,0,0,0,2.51555,0,0,0,0,0,0,0,0,0,0,0,0,21.9525,0,69.6161,0,0,189.679,0,0,0,0,0,32.6517,21.5942,0,0,0,41.0207,0,14.8505,0,48.9712,0,0,0,0,505.794,0,0,0,0,80.9075,0,0,0,412.747,0,0,69.3349,0,62.736,0,0,0,0,0,202.031,0,0,0,0,0,0,0,0,0,164.613,0,0,0,0,0,0,0,111.638,0,0,0,0,0,0,0,0,22.7438,0,0,0,0,0,0,0,0,0,0,0,13.265,0,0,0,0,0,0,0,0,0,0,16.2238,0,0,0,0,0,0,0,0,25.9883,0,0,0,0,0,0,24.4079,0,0,0,0,0,0,0,0,17.8281,0,0,0,0,0,0,0,0,0,13.4743,0,0,0,0,0,0,47.7967,0,0,0,134.225,0,0,0,0,0,0,2.11406,0,0,0,0,0,0,0,0,0,0,21.1161,0,0,6.6268,0,0,0,0,0,0,4.39127,0,0,0,0,0,0,196.89,0,0,0,0,0,0,0,34.8991,0,0,0,0,0,0,0,0,0,23.6579,0,0,0,0,0,0,0,0,117.202,0,0,0,229.438,110.652,142.521,0,139.254,0,0,0,0,0,0,0,0,0,0,0,0,0,0,0,0,0,0,0,0,0,0,0,0,0,0,0,469.559,0,0,0,0,0,0,0,0,0,0,0,0,0,0,0,0,0,0,0,0,432.036,0,0,0,0,0,0,0,0,0,0,0,0,0,0,0,0,0,0,0,0,0,0,0,0,0,0,0,0,0,0,0,0,0,0,0,0,0,0,0,0,0,0,0,0,0,0,0,0,0,0,0,0,0,0,0,0,0,0,0,0,0,0,0,0,0,0,0,0,0,0,0,0,0,0,0,0,0,0,0,0,0,0,0,0,0,0,0,0,0,0,0,0,0,0,0,0,0,0,0,0,0,0,0,0,0,0,0,0,0,0,0,0,0,0,0,0,0,0,0,0,0,0,0,0,0,0,0,0,0,0,0,0,0,0,0,0,0,0,0,0,0,0,0,0,0,0,0,0,0,0,0,0,0,0,0,0,0,0,0,0,0,0,0,0,0,0,0,0,0,0,0,0,0,0,0,0,0,0,0,0,0,0,0,0,0,0,0,0,0,0,0,0,0,0,0,0,0,0,0,0,0,0,0,0,0,0,0,0,0,0,0,0,0,0,0,0,0,0,0,0,0,0,0,0,0,0,0,12.4939,0,0,0,0,0,0,0,0,0,0,0,0,0,0,0,4.16092,0,0,0,0,0,0,6.61927,0,0,0,0,0,0,0,0,0,0,0,0,0,0,0,0,0,0,0,0,0,0,0,0,0,0,0,0,0,0,0,0,0,0,0,0,0,0,0,0,0,0,0,0,0,0,0,0,0,0,0,0,0,0,0,0,0,0,0,0,0,0,0,0,0,0,0,0,0,0,155.29,0,0,0,0,0,0,0,60.5293,0,45.1448,0,146.171,0,0,0,0,0,0,0,0,0,0,0,83.9417,0,0,0,0,0,0,0,114.104,0,0,0,58.4196,151.841,0,0,85.0191,0,104.753,0,0,75.6792,0,0,0,0,0,0,0,0,0,0,0,0,0,0,0,0,0,0,0,0,0,0,0,0,0,0,0,0,0,0,0,0,0,0,0,0,0,0,0,0,0,0,0,0,0,0,0,0,0,0,0,0,0,0,0,0,0,0,0,0,0,0,0,0,0,0,0,0,0,0,0,0,0,0,0,0,0,0,0,0,0,0,0,0,0,0
N,Ni+2,1,xtb,-59.9412,18.3113,0,0.14413,0,0,0,3.82808,0,8.27037,0,0.31911,0,20.185,7.55572,1.10967,11.5369,0,0,5.36587,0,6.4669,0,14.7707,0,0,0,3.10965,3.10543,0,0,26.2185,5.56296,0,0,0,11.3492,22.6629,0,106.192,0,0,0,0,12.4689,34.8467,0,0,0,16.9387,0,0,4.2492,0,0,0,0,18.6613,0,5.18767,0,0,56.3366,0,0,0,42.843,0,0,24.668,0,30.4445,103.739,0,0,0,79.3011,24.3487,0,0,0,0,0,0,0,0,64.6647,280.398,53.8663,0,83.2995,0,132.1,0,445.506,0,0,0,0,0,0,0,32.864,0,88.2657,0,104.718,0,358.828,0,0,0,0,0,0,0,0,142.233,0,0,0,0,0,0,0,129.761,0,0,203.607,0,0,0,0,0,0,0,0,0,0,87.3812,0,0,0,0,0,0,0,0,0,0,0,0,31.6841,0,0,0,0,0,0,0,255.887,0,0,21.3722,0,0,0,0,0,0,0,0,0,0,22.0353,0,0,0,0,0,0,0,0,0,0,0,18.4393,0,0,0,0,0,0,0,0,0,0,0,0,19.2552,0,32.9646,0,0,0,0,0,0,4.19338,0,0,0,0,0,12.7706,0,0,0,0,147.124,0,0,0,0,0,0,0,10.4047,0,0,0,0,7.36591,0,0,0,0,0,0,0,0,0,0,0,5.16514,38.9161,0,0,0,0,0,0,0,143.956,0,0,0,0,0,0,0,0,86.1136,0,0,0,0,0,0,0,0,0,0,0,22.3562,0,0,0,0,0,0,0,292.506,42.4738,0,0,189.086,0,0,20.5648,191.461,0,0,0,188.905,0,122.6,0,0,0,0,0,0,0,0,0,0,0,0,0,0,0,0,0,0,0,0,0,0,0,0,0,0,0,0,0,0,0,0,0,0,273.214,0,0,0,0,810.615,0,0,0,0,0,0,0,0,0,0,0,0,0,0,0,0,0,0,0,0,0,0,0,0,0,0,0,0,0,0,0,0,0,0,0,0,0,0,0,0,0,0,0,0,0,0,0,0,0,0,0,0,0,0,0,0,0,0,0,0,0,0,0,0,0,0,0,0,0,0,0,0,0,0,0,0,0,0,0,0,0,0,0,0,0,0,0,0,0,0,0,0,0,0,0,0,0,0,0,0,0,0,0,0,0,0,0,0,0,0,0,0,0,0,0,0,0,0,0,0,0,0,0,0,0,0,0,0,0,0,0,0,0,0,0,0,0,0,0,0,0,0,0,0,0,0,0,0,0,0,0,0,0,0,0,0,0,0,0,0,0,0,0,0,0,0,0,0,0,0,0,0,0,0,0,0,0,0,0,0,0,0,0,0,0,0,0,0,0,0,0,0,0,0,0,0,0,0,0,0,0,0,0,0,0,0,0,0,0,0,0,0,0,0,0,0,0,0,0,0,0,0,0,0,0,0,0,0,0,0,0,0,0,0,0,0,1065.22,0,0,0,2.7279,0,0,0,0,0,0,0,0,0,0,0,0.92836,0,0,1.13462,0,0,0,0,0,0,0,0,0,0,0,0,0,0,0,0,0,0,0,0,0,0,0,0,0,0,0,0,0,0,0,0,0,0,0,0,0,0,0,0,0,0,0,0,0,0,0,0,0,0,0,0,0,0,0,0,0,0,0,0,0,0,0,0,0,0,0,0,0,0,0,0,38.6767,0,114.112,0,0,36.8638,0,0,0,0,0,0,0,0,79.9573,0,0,0,0,0,0,0,109.806,0,0,0,158.553,0,0,76.7939,0,0,0,0,0,0,0,0,64.7875,0,88.0622,0,0,136.036,53.2221,0,56.9483,0,0,0,0,0,0,0,0,0,0,0,0,0,0,0,0,0,0,0,0,0,0,0,0,0,0,0,0,0,0,0,0,0,0,0,0,0,0,0,0,0,0,0,0,0,0,0,0,0,0,0,0,0,0,0,0,0,0,0,0,0,0,0,0,0,0,0,0,0,0,0,0,0,0,0,0,0,0,0,0
N,Zn+2,1,xtb,-45.5494,1.55864,0,0,0.24591,0,0.90763,0,3.83491,0,0,6.50791,0,8.48725,0,11.3599,0,3.35563,10.8493,0,0,49.3852,0,1.7244,9.49656,0,7.54322,7.72783,0,0,0,0,0,1.1681,0,5.4851,0,0,0,0,0,0,0,12.8444,41.565,0,0,0,8.42852,0,0,0,0,0,69.6468,0,0,0,84.8387,0,0,0,0,0,0,0,0,7.08623,20.8349,0,0,0,0,0,0,0,190.66,0,19.9062,0,0,0,0,0,0,408.762,0,0,0,7.74472,139.072,599.822,0,0,75.9253,0,81.7188,0,0,0,0,0,0,0,0,0,0,0,44.2617,0,0,0,0,0,0,75.1517,0,0,0,47.4668,0,0,231.777,0,0,0,0,0,0,0,0,0,0,0,189.309,0,0,0,0,0,0,0,103.273,0,0,0,0,0,0,0,0,0,0,15.88,0,0,0,0,0,0,0,0,0,0,0,16.7912,0,0,0,0,0,0,0,0,0,9.55673,0,0,0,0,0,0,0,0,0,0,0,0,0,1.89745,0,0,0,0,0,0,0,0,26.1593,0,0,0,0,0,0,0,45.784,0,0,0,0,0,0,203.188,0,0,0,31.7287,0,0,28.6655,0,0,0,0,6.36508,0,0,0,0,0,0,0,0,0,0,0,0,0,0,0,21.5728,0,35.5814,0,0,0,0,1.36361,0,0,0,0,0,0,0,0,0,0,0,0,163.343,0,0,59.849,0,0,0,0,0,0,0,0,24.7576,0,0,0,0,0,0,0,0,0,158.914,0,0,0,196.157,0,128.845,0,305.112,0,0,0,0,0,0,0,0,0,0,0,0,0,0,0,0,0,0,0,0,0,0,0,0,0,0,0,0,432.258,0,0,0,0,0,0,0,0,0,0,0,0,866.443,0,0,0,0,0,0,0,0,0,0,0,0,0,0,0,0,0,0,0,0,0,0,0,0,0,0,0,0,0,0,0,0,0,0,0,0,0,0,0,0,0,0,0,0,0,0,0,0,0,0,0,0,0,0,0,0,0,0,0,0,0,0,0,0,0,0,0,0,0,0,0,0,0,0,0,0,0,0,0,0,0,0,0,0,0,0,0,0,0,0,0,0,0,0,0,0,0,0,0,0,0,0,0,0,0,0,0,0,0,0,0,0,0,0,0,0,0,0,0,0,0,0,0,0,0,0,0,0,0,0,0,0,0,0,0,0,0,0,0,0,0,0,0,0,0,0,0,0,0,0,0,0,0,0,0,0,0,0,0,0,0,0,0,0,0,0,0,0,0,0,0,0,0,0,0,0,0,0,0,0,0,0,0,0,0,0,0,0,0,0,0,0,0,0,0,0,0,0,0,0,0,0,0,0,0,0,0,0,0,0,0,0,0,0,0,0,0,0,0,0,0,0,0,0,0,0,0,0,0,0,0,0,0,0,0,0,0,0,0,0,3.07334,0,0,0,0,0,0,0,0,1.1928,0,0,0,0,0,1.53969,0,0,0,0,0,0,0,0,0,0,0,0,0,0,0,0,0,0,0,0,0,0,0,0,0,0,0,0,0,0,0,0,0,0,0,0,0,0,0,0,0,0,0,0,0,0,0,0,0,0,0,0,0,0,0,0,0,0,0,0,0,0,0,0,0,0,0,0,0,149.327,30.16,0,0,30.3627,0,0,0,0,0,0,0,0,0,0,111.289,0,0,0,0,0,0,0,0,0,0,0,74.9407,0,0,0,0,0,0,0,87.7056,0,102.554,0,100.926,0,0,76.7813,0,81.0329,81.8519,0,0,0,0,0,0,0,0,0,0,0,0,0,0,0,0,0,0,0,0,0,0,0,0,0,0,0,0,0,0,0,0,0,0,0,0,0,0,0,0,0,0,0,0,0,0,0,0,0,0,0,0,0,0,0,0,0,0,0,0,0,0,0,0,0,0,0,0,0,0,0,0,0,0,0,0,0,0,0,0,0,0,0,0,0,0,0
N,none,1,xtb,-30.5973,21.9949,0,0,0,0,0,0,0,0,0,0,0,0,0,0,0,4.92091,0,0,0,0,0,0,0,0,0,0,0,0,0,0,0,0,5.7847,0,0,0,0,0,0,6.18438,0,0,0,0,0,0,0,0,53.2833,0,0,0,0,0,128.74,72.1615,0,0,0,0,0,0,0,0,19.3647,0,0,0,0,0,0,0,0,0,0,0,0,0,0,0,0,0,0,0,0,0,0,10.3987,0,0,0,0,48.5069,0,0,0,0,0,0,0,0,39.9367,0,0,0,0,0,0,0,32.1223,0,0,0,69.9656,0,0,63.9845,0,0,0,0,0,0,0,0,0,0,0,0,0,0,0,0,0,0,70.1369,0,0,0,0,0,0,0,0,0,0,0,0,0,0,0,31.1903,0,0,0,0,0,0,0,0,0,0,0,0,0,2.82434,0,0,0,0,0,0,0,0,69.5049,0,0,0,0,0,0,0,0,0,127.051,0,0,0,0,0,0,0,0,0,39.655,0,0,12.747,0,0,0,0,0,0,0,0,0,0,0,0,49.2985,0,0,145.467,0,110.115,0,0,0,0,0,0,0,0,16.799,0,0,0,0,0,0,61.8704,0,0,0,0,0,0,0,33.5441,0,0,0,0,0,0,63.282,0,0,0,64.2122,0,0,0,0,0,0,83.8178,0,0,0,0,0,0,0,0,0,0,0,0,0,0,0,0,8.2109,0,0,0,0,0,122.286,0,0,0,0,0,0,0,0,0,0,0,0,0,0,0,0,0,0,34.3807,0,0,0,0,0,0,0,0,0,0,0,0,0,0,0,0,0,0,0,0,0,0,0,0,0,0,0,0,0,0,0,0,0,0,0,0,0,0,0,0,0,0,406.271,0,0,0,491.969,0,0,0,0,0,0,0,0,0,0,0,0,0,0,0,0,0,0,0,0,0,0,0,0,0,0,0,0,0,0,0,0,0,0,0,0,0,0,0,0,0,0,0,0,0,0,0,0,0,0,0,0,0,0,0,0,0,0,0,0,0,0,0,0,0,0,0,0,0,0,0,0,0,0,0,0,0,0,0,0,0,0,0,0,0,0,0,0,0,0,0,0,0,0,0,0,0,0,0,0,0,0,0,0,0,0,0,0,0,0,0,0,0,0,0,0,0,0,0,0,0,0,0,0,0,0,0,0,0,0,0,0,0,0,0,0,0,0,0,0,0,0,0,0,0,0,0,0,0,0,0,0,0,0,0,0,0,0,0,0,0,0,0,0,0,0,0,0,0,0,0,0,0,0,0,0,0,0,0,0,0,0,0,0,0,0,0,0,0,0,0,0,0,0,0,0,0,0,0,0,0,0,0,0,0,0,0,0,0,0,0,0,0,0,0,0,0,0,0,0,0,0,0,0,0,0,0,0,0,0,0,0,0,0,0,4.74423,0,0,0,0,17.9575,12.3556,0,0,0,0,0,0,0,0,0,0,0,0,0,0,0,0,0,0,0,0,0,0,0,0,0,0,0,0,0,0,0,0,0,0,0,0,0,0,0,0,0,0,0,0,0,0,0,0,0,0,0,0,0,0,0,0,0,0,0,0,0,0,0,0,0,0,0,0,0,0,0,0,0,0,0,0,4.72701,0,0,0,0,0,0,0,0,2.58545,0,27.7371,0,0,0,0,0,0,13.2698,0,0,0,0,0,0,0,0,0,0,0,0,0,0,7.15875,0,0,0,0,0,0,0,0,0,0,0,0,0,0,0,0,0,0,0,0,0,0,0,0,0,0,0,0,0,0,0,0,0,0,0,0,0,0,0,0,0,0,0,0,0,0,0,0,0,0,0,0,0,0,0,0,0,0,0,0,0,0,0,0,0,0,0,0,0,0,0,0,0,0,0,0,0,0,0,0,0,0,0,0,0,0,0,0,0,0,0
P,Co+2,1,xtb,-54.4301,2.57706,0,0,2.48548,0,5.22203,0,0,3.80605,0,0,0,0,0.7317,0.3064,4.69697,0,0,0,18.106,9.67953,0,12.0375,0,0,4.25483,0,17.2295,0,0,4.3224,0,3.44681,0.03948,22.2307,0,0,3.1687,0,0,0,6.11792,52.7639,2.33788,0,31.231,0,0,0,0,9.6794,0,0,0,0,20.9823,0,33.1146,0,0,0,34.2245,0,0,0,0,108.337,0,0,0,33.7239,0,0,140.772,0,0,126.343,0,0,0,134.326,0,0,0,0,0,0,37.7448,0,81.3954,0,0,0,0,0,60.0795,0,0,0,254.02,0,0,0,34.7951,0,0,0,0,0,0,0,162.38,55.1075,0,0,0,0,0,150.329,0,0,0,0,0,0,0,331.738,260.991,0,0,0,0,0,0,112.375,0,0,0,0,0,0,0,0,0,0,0,0,0,264.321,0,0,0,0,0,0,0,9.41299,0,0,0,0,0,0,4.7618,0,0,0,0,0,0,0,0,0.37997,0,0,0,0,0,0,0,0,0,0,0,15.1881,0,1.22279,0,0,12.9277,0,0,0,0,0,25.4366,0,0,0,0,0,0,0,0,12.6532,0,0,35.3319,0,62.385,0,0,0,0,106.878,0,0,0,0,0,4.70151,0,0,3.78946,0,0,9.26036,0,0,0,0,0,7.82459,0,0,0,0,0,4.97146,0,0,0,0,0,4.09897,0,0,0,9.60931,0,0,0.67476,0,0,0,16.3658,0,0,0,0,0,0,0,0,228.929,0,0,0,0,0,0,0,0,0,0,0,0,0,0,0,0,9.5085,0,0,9.36665,0,11.9213,196.095,0,184.541,0,202.32,275.388,0,0,0,0,0,0,0,0,0,0,0,0,0,0,0,0,0,0,0,0,0,0,521.601,0,0,0,0,0,0,0,0,0,0,0,0,0,0,0,0,0,0,0,0,0,0,0,0,0,0,0,0,0,0,0,0,0,0,0,0,0,0,0,0,0,0,0,0,0,0,0,0,0,0,0,0,0,0,0,0,0,0,0,0,0,0,0,0,0,0,0,0,0,0,0,0,0,0,0,0,0,0,0,0,0,0,0,0,0,0,0,0,0,0,0,0,0,0,0,0,0,0,0,0,0,0,0,0,0,0,0,0,0,0,0,0,0,0,0,0,0,0,0,0,0,0,0,0,0,0,0,0,0,0,0,0,0,0,0,0,0,0,0,0,0,0,0,0,0,0,0,0,0,0,0,0,0,0,0,0,0,0,0,0,0,0,0,0,0,0,0,0,0,0,0,0,0,0,0,0,0,0,0,0,0,0,0,0,0,0,0,0,0,0,0,0,0,0,0,0,0,0,0,0,0,0,0,0,0,0,0,0,0,0,0,0,0,0,0,0,0,0,0,0,0,0,0,0,0,0,0,0,0,0,0,0,0,0,0,0,0,0,0,0,0,0,0,0,0,0,0,0,0,0,0,0,0,0,0,0,0,0,0,0,0,2.37885,0,0,0,0,0,0,0,0,0,0,0,2.69228,0,0,0,7.1702,0,0,13.2662,0,0,0,0,0.25699,0.16236,0,0,0,0,0,0,0,0,0,0,0,0,0,0,0,798.315,0,0,0,0,0,0,0,0,0,0,0,0,0,0,0,0,0,0,0,0,0,0,0,0,0,0,0,0,0,0,13.3872,0,0,0,0,0,0,0,0,0,88.06,691.551,0,0,0,0,0,0,0,0,0,0,0,0,0,0,0,0,0,0,0,0,0,0,0,0,0,0,0,0,0,0,0,0,120.573,0,0,0,0,0,69.7932,0,0,66.1792,0,0,171.071,0,0,116.818,23.1176,0,0,0,0,0,0,0,0,0,0,0,0,0,0,0,0,0,0,0,0,0,0,0,0,0,0,0,0,0,0,0,0,0,0,0,0,0,0,0,0,0,0,0,0,0,0,0,0,0,0,0,0,0,0,0,0,0,0,0,0,0,0,0,0,0,0,0,0,0,0,0,0,0,0,0,0,0,0,0,0,0
P,Cu+2,1,xtb,-44.4731,32.1324,0,0,0,0,0,0,43.0594,54.412,0,11.3827,0,0,53.9174,0,0,0,0,0,0,0,4.45265,0,0,0,0,0,0,0,0,0,0,0,0,0,0,0,2.23957,0,0,0,0,0,0,0,0,7.49449,0,0,17.0027,0,0,0,49.1063,0.93781,0,0,0,0,0,0,0,0,0,0,0,99.1371,0,0,0,0,0,0,0,0,0,0,0,0,21.3842,0,0,0,295.629,0,302.439,70.9875,0,0,0,0,0,0,86.1738,0,0,192.564,147.976,141.745,0,0,0,0,0,0,0,0,30.2142,0,0,0,0,0,0,0,0,0,68.725,0,0,0,0,0,0,0,0,243.754,0,0,0,0,0,0,0,0,0,0,120.548,0,0,0,0,0,20.5673,0,0,0,0,0,0,0,0,0,0,0,0,23.4258,0,0,0,0,0,0,0,0,0,25.5588,0,0,0,0,0,0,0,0,0,0,0,0,0,0,0,0,0,0,86.3141,55.7407,0,0,0,0,127.042,0,0,0,0,0,0,0,0,53.9778,0,0,0,0,0,73.4477,77.2103,0,0,0,0,0,323.102,0,0,349.853,0,0,10.6434,0,0,0,52.4961,0,48.1893,0,0,0,0,0,0,0,0,115.435,0,0,0,31.844,0,0,0,56.6893,0,0,0,13.2526,0,0,0,2.89903,0,0,0,0,93.5947,0,0,0,0,0,0,0,0,0,0,0,0,0,0,268.901,0,0,0,0,0,0,0,0,0,0,9.78676,0,634.324,36.3232,0,0,0,0,0,0,0,0,0,0,0,0,0,0,0,0,0,0,0,0,0,0,0,0,0,0,0,0,0,0,0,0,0,0,0,0,0,0,0,0,0,0,0,0,0,0,0,0,0,0,0,0,0,0,0,0,0,0,0,0,0,0,0,0,0,0,0,0,0,0,130.954,0,0,0,0,0,0,0,0,0,0,0,0,0,0,0,0,0,0,0,0,0,0,0,0,0,0,0,0,0,0,0,0,0,0,0,0,0,0,0,0,0,0,0,0,0,0,0,0,0,0,0,0,0,0,0,0,0,0,0,0,0,0,0,0,0,0,0,0,0,0,0,0,0,0,0,0,0,0,0,0,0,0,0,0,0,0,0,0,0,0,0,0,0,0,0,0,0,0,0,0,0,0,0,0,0,0,0,0,0,0,0,0,0,0,0,0,0,0,0,0,0,0,0,0,0,0,0,0,0,0,0,0,0,0,0,0,0,0,0,0,0,0,0,0,0,0,0,0,0,0,0,0,0,0,0,0,0,0,0,0,0,0,0,0,0,0,0,0,0,0,0,0,0,0,0,0,0,0,0,0,0,0,0,0,0,0,0,0,0,0,0,0,0,0,0,0,0,0,0,0,0,57.4891,0,0,0,0,0,0,0,0,0,0,44.1262,0,0,0,0,0,0,110.872,0,0,0,0,0,0,0,0,0,0,0,0,0,0,0,16.8682,0,0,5.85342,0,0,0,0.39809,0,0,0,1.8897,0,0,0,0,0,0,0,0,0,0,0,0,0,0,0,0,0,0,0,0,0,0,0,0,0,0,0,0,0,0,0,0,0,0,0,0,0,0,0,0,0,0,0,0,0,0,0,0,0,0,0,0,0,0,0,0,0,0,0,0,168.216,0,0,0,0,0,0,0,0,0,0,0,0,0,0,603.886,0,0,0,0,0,0,0,0,0,0,0,0,0,0,0,0,0,0,0,218.472,147.154,0,71.8578,177.788,0,0,0,0,0,0,0,0,0,0,0,0,0,0,0,0,0,0,0,0,0,0,0,0,0,0,0,0,0,0,0,0,0,0,0,0,0,0,0,0,0,0,0,0,0,0,0,0,0,0,0,0,0,0,0,0,0,0,0,0,0,0,0,0,0,0,0,0,0,0,0,0,0,0,0,0,0,0,0,0,0,0,0,0,0,0,0,0
P,Ni+2,1,xtb,-55.5777,8.07634,4.87606,0,15.7905,0,26.1531,0,0,8.6792,0,10.8037,0,0,4.77244,1.59229,4.9202,0,0,0,5.05725,7.78998,0,0,0,0,28.1011,0,0,0,7.66455,26.3415,0,0,9.70247,23.9654,0,0,5.89396,0,0,27.1476,10.003,0,0,6.87897,0,0,42.4863,0,0,0,0,24.868,12.6759,0,7.30131,0,0,0,0,0,0,0,0,0,0,0,53.7812,0,47.9626,0,42.4375,0,140.259,0,112.077,159.757,0,0,0,0,0,0,370.153,0,0,0,0,0,95.3185,0,134.184,0,377.727,0,0,0,0,0,114.305,0,25.9918,0,0,0,0,363.979,0,0,0,0,0,0,0,0,0,22.4156,0,83.5393,0,0,0,0,0,0,0,0,0,0,0,172.587,0,0,0,0,0,0,0,46.595,0,0,0,0,0,0,0,0,0,0,0,0,0,35.1748,0,0,0,0,0,0,0,0.96564,0,0,0,0,0,0,0,0,0,0,0,0,1.17424,0,0,0,0,0,0,0,0,2.78948,0,0,0,1.43122,0,0,0,4.92184,0,0,0,8.20992,0,0,0,0,0,0,0,4.29931,0,0,0,0,42.4684,0,18.1842,0,0,0,0,101.159,0,0,0,11.3192,0,0,0,0,0,1.15143,0,3.39069,0,0,20.9204,0,0,0,0,0,0,0,0,0,4.2535,0,16.3267,0,0,0,0,0,0,11.3823,1.07148,0,17.6218,0,0,0,0,0,0,198.618,0,0,0,0,0,0,0,0,0,0,0,0,0,0,0,0,0,0,0,0,0,11.732,0,0,0,8.1294,0,0,242.938,183.354,0,86.0565,238.752,0,0,73.5992,0,0,0,0,0,0,0,0,0,0,0,0,0,0,0,0,0,0,0,0,0,0,0,0,0,0,0,0,0,0,0,527.881,0,0,0,0,0,0,0,0,0,0,0,0,0,0,0,0,0,0,0,0,0,0,0,0,0,0,0,0,0,0,0,0,0,0,0,0,0,0,0,0,0,0,0,0,0,0,0,0,0,0,0,0,0,0,0,0,0,0,0,0,0,0,0,0,0,0,0,0,0,0,0,0,0,0,0,0,0,0,0,0,0,0,0,0,0,0,0,0,0,0,0,0,0,0,0,0,0,0,0,0,0,0,0,0,0,0,0,0,0,0,0,0,0,0,0,0,0,0,0,0,0,0,0,0,0,0,0,0,0,0,0,0,0,0,0,0,0,0,0,0,0,0,0,0,0,0,0,0,0,0,0,0,0,0,0,0,0,0,0,0,0,0,0,0,0,0,0,0,0,0,0,0,0,0,0,0,0,0,0,0,0,0,0,0,0,0,0,0,0,0,0,0,0,0,0,0,0,0,0,0,0,0,0,0,0,0,0,0,0,0,0,0,0,0,0,0,0,0,0,0,0,0,0,0,0,0,0,0,0,0,0,0,0,0,0,0,0,0,0,0,0,0,0,0,0,0,0,0,0,0,0,0,2.42755,0,0,0,0,6.97978,0,0,0,0,0,0,0,0,0,5.44497,0,0.22562,1.16396,0,0,0.365,0,0.35986,0,0,0,0,0,0,0,0,0,0,0,0,0,0,0,0,0,0,0,0,0,0,0,0,0,0,0,0,0,0,0,0,0,0,18.1863,0,0,0,0,0,0,0,0,0,0,0,0,0,0,0,0,0,0,0,0,0,0,0,0,139.368,0,0,0,0,0,0,0,0,0,0,0,0,0,0,0,0,0,0,0,0,0,0,0,0,0,0,92.4507,0,0,0,0,92.4042,0,0,0,0,0,0,0,0,0,144.652,80.6289,0,128.023,90.0066,46.447,37.4856,0,0,0,0,0,0,0,0,0,0,0,0,0,0,0,0,0,0,0,0,0,0,0,0,0,0,0,0,0,0,0,0,0,0,0,0,0,0,0,0,0,0,0,0,0,0,0,0,0,0,0,0,0,0,0,0,0,0,0,0,0,0,0,0,0,0,0,0,0,0,0,0,0,0,0,0,0,0,0,0
P,Zn+2,1,xtb,-41.1594,1.21872,0,2.25535,5.66076,0,0,1.06957,0,0,0,0,5.69769,2.93439,0,0,3.43316,0,3.51368,0,0,4.20317,0,0,1.32542,0,16.4906,1.02854,0,0,2.18222,0,0,0,0,0,1.20603,0,0,0,0,0,0,0.40551,0,16.3078,42.4366,0,0,0,0,0,0,0,0,176.573,0,0,0,0,0,0,288.595,0,0,0,0,0,156.175,0,0,18.9617,0,0,0,0,0,0,0,0,0,0,0,0,0,368.172,0,51.3557,0,211.645,0,339.089,0,0,0,0,0,0,0,0,0,0,0,0,0,9.5359,0,0,0,0,0,0,17.7536,0,0,0,0,0,84.98,0,0,0,0,0,0,0,0,0,0,67.0762,0,0,0,0,0,0,0,203.721,0,0,0,0,0,0,0,0,0,0,0,0,0,0,0,0,0,0,0,16.1893,0,0,0,0,0,0,4.76226,0,0,0,0,0,0,0,0,6.192,0,0,0,0,0,0,0,0,30.4738,0,0,0,0,1.64858,0,0,30.7683,0,0,0,0,0,0,74.9137,0,0,0,0,0,0,0,23.6535,0,25.04,0,32.8719,0,0,0,0,0,0,91.2116,0,0,0,0,0,14.7707,0,14.4992,0,0,4.26629,0,0,0,0,0,0,7.77842,0,0,0,0,0,10.9729,0,0,0,0,4.63343,0,0,0,12.9832,0,0,0,4.5182,0,20.2781,0,0,0,0,0,0,0,0,0,205.26,0,0,0,0,0,0,0,0,0,0,0,0,0,0,0,0,14.1894,0,15.1786,0,191.056,167.991,0,147.089,0,0,0,0,0,0,0,0,0,0,0,0,0,0,0,0,0,0,0,0,0,0,0,0,0,0,0,0,0,0,677.635,0,0,0,0,0,0,0,0,0,0,0,0,0,0,0,0,0,0,0,0,0,0,0,0,0,0,0,0,0,0,0,0,0,0,0,0,0,0,0,0,0,0,0,0,0,0,0,0,0,0,0,0,0,0,0,0,0,0,0,0,0,0,0,0,0,0,0,0,0,0,0,0,0,0,0,0,0,0,0,0,0,0,0,0,0,0,0,0,0,0,0,0,0,0,0,0,0,0,0,0,0,0,0,0,0,0,0,0,0,0,0,0,0,0,0,0,0,0,0,0,0,0,0,0,0,0,0,0,0,0,0,0,0,0,0,0,0,0,0,0,0,0,0,0,0,0,0,0,0,0,0,0,0,0,0,0,0,0,0,0,0,0,0,0,0,0,0,0,0,0,0,0,0,0,0,0,0,0,0,0,0,0,0,0,0,0,0,0,0,0,0,0,0,0,0,0,0,0,0,0,0,0,0,0,0,0,0,0,0,0,0,0,0,0,0,0,0,0,0,0,0,0,0,0,0,0,0,0,0,0,0,0,0,0,0,0,0,0,0,0,0,0,0,0,0,0,0,0,0,0,0,0,0,0,0,0,2.67988,0,0,0,0,0,0,0,7.63893,0,0,0,0,0,0,0,2.99234,0,2.69673,10.0692,0,0,0,0,0,0.18575,0.14127,0,0,0,0,0,0,0,0,0,0,0,0,0,0,0,0,0,0,0,0,0,0,0,0,0,0,0,0,0,0,0,0,0,0,0,0,0,0,0,0,0,0,0,0,0,0,0,0,25.3993,0,0,0,172.729,0,0,0,0,0,0,0,0,0,0,0,0,0,0,0,0,0,0,0,0,0,0,0,0,0,0,0,0,0,0,58.2886,191.642,0,0,0,111.791,0,0,205.267,0,0,0,0,78.6955,0,0,0,0,0,0,0,0,0,0,0,0,0,0,0,0,0,0,0,0,0,0,0,0,0,0,0,0,0,0,0,0,0,0,0,0,0,0,0,0,0,0,0,0,0,0,0,0,0,0,0,0,0,0,0,0,0,0,0,0,0,0,0,0,0,0,0,0,0,0,0,0,0,0,0,0,0,0,0,0,0,0,0,0,0,0,0,0,0,0,0
P,none,1,xtb,-26.2547,0.39926,2.82208,0,0,0,0,0,0,0,0,0,0,0,0,0,0,0,0,0,0,0,0,0,0,0,0,0,0.80354,0,0,0,0,0,0,0,0,0,0,0,1.64993,0,0,0,0,0,0,7.8734,0,0,0,0,0,0,0,0,0,0,0,0,0,0,0,0,0,0,0,0,0,0,0,0,15.5527,0,0,0,0,0,0,0,0,0,0,0,0,0,0,0,0,0,0,0,0,0,0,0,0,0,0,0,0,27.747,0,0,0,0,0,0,22.4331,0,0,0,22.7036,0,0,0,0,0,0,0,0,113.024,0,0,0,0,0,0,0,0,0,0,0,73.6185,0,0,0,0,0,0,0,0,0,0,0,0,0,0,0,0,0,81.6706,0,0,0,0,0,0,0,0,0,0,0,5.06495,0,0,0,0,0,0,29.4654,0,0,0,0,0,0,8.27371,0,0,0,0,0,0,0,0,0,0,0.13717,0,0,0,1.76447,0,0,8.26063,0,0,0,0,0,0,0,0,0,0,5.93025,0,0,0,0,0,36.3931,0,0,260.402,0,0,0,0,0,23.2806,0,4.60946,0,0,0,4.91455,0,0,0,1.22837,0,52.5895,0,0,0,0,0,16.0558,0,0,0,0,72.067,0,0,0,0,1.31053,0,3.38082,0,0,1.62586,0,0,0,0,0,0,0,0,0,15.3334,0,0,0,0,0,0,0,0,0,0,0,0,0,0,0,0,0,0,0,0,0.83623,0,0,0.75847,0,2.03732,0,0,0,0,0,0,0,0,0,0,0,0,0,0,0,0,0,0,0,0,0,0,0,0,0,0,0,0,0,0,0,0,0,0,0,0,0,0,0,0,0,0,0,0,0,0,0,0,0,0,0,0,0,0,0,0,0,446.225,0,0,0,0,0,0,0,0,0,0,0,0,0,0,0,0,0,0,0,0,0,0,0,0,0,0,0,0,0,0,0,0,0,0,0,0,0,0,0,0,0,0,0,0,0,0,0,0,0,0,0,0,0,0,0,0,0,0,0,0,0,0,0,0,0,0,0,0,0,0,0,0,0,0,0,0,0,0,0,0,0,0,0,0,0,0,0,0,0,0,0,0,0,0,0,0,0,0,0,0,0,0,0,0,0,0,0,0,0,0,0,0,0,0,0,0,0,0,0,0,0,0,0,0,0,0,0,0,0,0,0,0,0,0,0,0,0,0,0,0,0,0,0,0,0,0,0,0,0,0,0,0,0,0,0,0,0,0,0,0,0,0,0,0,0,0,0,0,0,0,0,0,0,0,0,0,0,0,0,0,0,0,0,0,0,0,0,0,0,0,0,0,0,0,0,0,0,0,0,0,0,0,0,0,0,0,0,0,0,0,0,0,74.9276,0,0,0,0,0,0,0,27.4128,0,0,0,0,0,0,0,0,0,0,0,0,0,0,0,0,0,61.9814,0,0,0,0,47.7018,0,0,38.8586,0,33.6687,0,0,0,0,0,0,0,0,0,0,0,0,0,0,0,0,0,0,0,0,0,0,0,0,0,0,0,0,0,0,0,0,0,0,0,0,0,0,0,0,0,0,0,0,0,0,0,0,0,0,0,0,0,0,0,0,0,0,0,0,0,0,0,0,0,0,6.86132,0,0,0,0,0,0,0,0,0,0,0,0,0,29.0394,0,0,0,0,0,0,0,0,0,0,0,0,0,0,0,0,0,0,0,0,0,0,0,0,0,0,0,0,0,0,0,0,0,0,0,0,0,0,0,0,0,0,0,0,0,0,0,0,0,0,0,0,0,0,0,0,0,0,0,0,0,0,0,0,0,0,0,0,0,0,0,0,0,0,0,0,0,0,0,0,0,0,0,0,0,0,0,0,0,0,0,0,0,0,0,0,0,0,0,0,0,0,0,0,0,0,0,0,0,0,0,0,0
Q,Co+2,1,xtb,-61.9289,3.15991,0,8.6851,0,0.97024,0,1.95748,0,0.06261,0,0,6.74024,0,1.93206,8.70481,0,0,2.56373,0,0,6.6157,0,6.75255,0,0,3.28672,4.45878,0,0,12.9328,0,2.6205,0,3.20635,20.0183,13.3623,0,1.21384,10.0306,0,0,2.33193,0,0,0,0,0,17.5002,0,5.0684,0,0,12.8979,0,0,0,35.3478,0,0,69.2268,84.7043,0,10.5483,224.063,0,41.604,0,0,0,486.523,0,0,0,37.6177,0,0,0,0,0,0,423.086,0,73.4044,0,0,0,0,58.2417,0,0,8.64315,0,101.54,0,0,31.8313,0,0,0,0,0,0,0,73.8746,90.5619,0,0,0,0,129.964,0,0,0,0,0,216.124,134.064,0,0,0,0,21.1962,0,48.4499,198.27,0,0,0,0,0,0,0,0,401.263,0,206.403,0,0,0,0,0,0,0,0,0,0,0,0,0,0,164.546,0,68.7428,0,0,0,0,0,22.9921,0,0,0,0,0,0,0,0,0,0,0,0,0,0,0,0,20.4479,13.4184,0,0,0,0,0,0,0,0,0,0,0,0,0,0,0,0,0,0,0,0,22.253,0,11.6639,0,0,0,0,0,0,8.00786,0,8.21987,0,0,0,0,25.6941,0,0,0,0,0,157.047,0,36.1054,0,0,0,0,0,0,0,0,0,0,0,0,14.099,0,0,8.15698,0,0,0,31.7515,0,99.0692,0,0,0,0,0,0,7.25105,0,0,122.084,0,0,0,0,0.13864,0,0,0,0,0,0,59.8042,0,0,0,0,0,0,0,0,0,46.1298,95.0442,0,0,0,0,2.73342,161.229,444.193,0,0,0,0,140.02,126.77,60.0324,0,0,0,0,0,0,0,0,0,0,0,0,0,0,0,0,0,0,0,0,0,0,0,0,0,0,0,0,0,0,0,0,0,718.243,0,0,0,0,0,0,0,0,0,0,0,0,0,0,527.857,0,0,0,0,0,0,0,0,0,0,0,0,0,0,0,0,0,0,0,0,0,0,0,0,0,0,0,0,0,0,0,0,0,0,0,0,0,0,0,0,0,0,0,0,0,0,0,0,0,0,0,0,0,0,0,0,0,0,0,0,0,0,0,0,0,0,0,0,0,0,0,0,0,0,0,0,0,0,0,0,0,0,0,0,0,0,0,0,0,0,0,0,0,0,0,0,0,0,0,0,0,0,0,0,0,0,0,0,0,0,0,0,0,0,0,0,0,0,0,0,0,0,0,0,0,0,0,0,0,0,0,0,0,0,0,0,0,0,0,0,0,0,0,0,0,0,0,0,0,0,0,0,0,0,0,0,0,0,0,0,0,0,0,0,0,0,0,0,0,0,0,0,0,0,0,0,0,0,0,0,0,0,0,0,0,0,0,0,0,0,0,0,0,0,0,0,0,0,0,0,0,0,0,0,0,0,0,0,0,0,0,0,0,0,0,0,0,0,0,0,0,0,0,0,0,0,0,0,0,0,0,0,2.28045,0,0,0,0,0,0,0,0,0,1.53216,0,0,0,0,0,0,22.814,558.885,0,3.46059,0,2.35247,0,0,0,0,0,0,0,0,0,0,0,0,0,0,0,0,0,0,0,0,0,0,0,0,0,0,0,0,0,0,910.216,0,0,0,0,0,0,0,0,0,0,0,0,0,0,0,0,0,0,0,0,0,0,0,0,0,0,0,12.8942,0,0,0,0,315.306,0,0,0,0,0,0,0,104.736,0,0,0,0,0,0,0,0,0,0,61.0523,0,0,0,0,0,0,0,0,0,0,0,0,47.2788,0,0,0,0,0,0,0,88.3145,0,107.929,0,0,128.01,0,101.584,0,84.2603,0,60.8316,0,38.9862,0,0,0,0,0,0,0,0,0,0,0,0,0,0,0,0,0,0,0,0,0,0,0,0,0,0,0,0,0,0,0,0,0,0,0,0,0,0,0,0,0,0,0,0,0,0,0,0,0,0,0,0,0,0,0,0,0,0,0,0,0,0,0,0,0,0,0,0,0,0,0,0,0,0,0,0,0,0,0
Q,Cu+2,1,xtb,-51.9766,3.76716,0,0,2.76489,4.34214,0,0,0.98319,3.87868,0,0,0,2.52486,0,16.9624,0,0,0,42.3111,0,0,0,10.3158,7.01084,0,19.4041,0,1.73621,0,19.3925,0,0,0,0,0,2.69753,0,0,0,2.51109,0,0,0,0,0,1.51381,0,11.0274,0,0,0,0,0,16.8139,0,0,0,0,0,22.4908,0,120.09,0,0,8.24862,0,0,0,0,0,0,10.9941,0,0,0,0,0,0,0,0,0,3.75516,0,0,0,0,0,0,21.3678,0,0,0,191.673,199.782,0,40.9027,0,0,83.5646,0,402.45,0,0,0,0,57.4622,0,0,0,0,134.927,0,0,0,119.528,32.8522,0,0,0,41.7431,0,0,0,0,161.48,0,103.437,0,0,0,0,0,0,0,0,0,225.554,0,0,0,0,0,0,0,0,0,246.862,0,0,0,0,3.98627,0,0,0,0,0,0,0,0,45.1601,0,0,0,0,0,0,0,0,0,0,0,0,0,13.1652,0,16.9645,0,0,0,0,0,0,0,0,0,0,19.2075,0,0,0,0,0,0,0,0,0,20.1231,0,0,0,0,0,28.5935,0,0,11.922,0,0,0,18.0141,0,0,0,0,132.018,48.7561,0,0,0,0,0,0,0,0,0,10.3356,0,0,17.8633,0,0,0,0,0,0.20677,0,0,0,0,0,0,26.2509,0,0,0,0,0,0,3.59015,0,0,0,0,0,0,5.17225,0,0,0,0,76.0969,179.066,0,0,0,0,0,0,0,0,79.4783,0,18.477,0,0,0,0,15.3011,0,0,268.288,185.609,0,0,93.05,0,0,223.39,0,0,0,0,0,0,0,0,0,0,0,0,0,0,0,0,0,0,0,0,0,0,0,0,0,0,0,0,0,0,421.622,0,0,0,862.903,0,0,0,0,0,0,0,0,0,0,0,0,0,0,0,0,0,0,0,0,0,0,0,0,0,0,0,0,0,0,0,0,0,0,0,0,0,0,0,0,0,0,0,0,0,0,0,0,0,0,0,0,0,0,0,0,0,0,0,0,0,0,0,0,0,0,0,0,0,0,0,0,0,0,0,0,0,0,0,0,0,0,0,0,0,0,0,0,0,0,0,0,0,0,0,0,0,0,0,0,0,0,0,0,0,0,0,0,0,0,0,0,0,0,0,0,0,0,0,0,0,0,0,0,0,0,0,0,0,0,0,0,0,0,0,0,0,0,0,0,0,0,0,0,0,0,0,0,0,0,0,0,0,0,0,0,0,0,0,0,0,0,0,0,0,0,0,0,0,0,0,0,0,0,0,0,0,0,0,0,0,0,0,0,0,0,0,0,0,0,0,0,0,0,0,0,0,0,0,0,0,0,0,0,0,0,0,0,0,0,0,0,0,0,0,0,0,0,0,0,0,0,0,0,0,0,0,101.933,0,0,0,0,0,0,0,0,0,0,0,0,0,0,0,0,0,0,0,5.62527,0,0,0,0,0,0,0,0,0,0,0,0,0,0.41265,0,6.86645,0,0,0,0.85208,0,3.28718,0,0,0,0,0,0,0,0,0,0,0,0,0,0,0,0,0,0,0,0,0,0,0,0,0,0,80.6372,0,0,0,0,0,0,0,0,0,0,0,0,0,0,0,0,0,0,0,0,0,0,0,0,0,0,0,0,0,0,0,0,0,0,220.226,0,0,0,0,0,0,0,0,51.2048,0,0,0,0,0,0,0,0,0,186.623,0,0,0,0,0,0,0,0,0,0,0,0,76.2327,0,0,0,0,109.278,0,0,184.605,0,87.5198,0,0,115.508,205.341,0,0,0,0,0,0,0,0,0,0,0,0,0,0,0,0,0,0,0,0,0,0,0,0,0,0,0,0,0,0,0,0,0,0,0,0,0,0,0,0,0,0,0,0,0,0,0,0,0,0,0,0,0,0,0,0,0,0,0,0,0,0,0,0,0,0,0,0,0,0,0,0,0,0,0,0,0,0,0,0,0,0,0,0,0,0,0,0,0
Q,Ni+2,1,xtb,-63.0849,1.01327,2.39054,0,1.66096,0,1.19269,0,6.46371,0,11.4406,0,4.57427,4.7475,16.4694,0,0,5.81553,0,36.8427,29.3759,0,0,10.0327,0,17.2867,0,8.94239,0,7.66325,7.69109,0,0,0,119.699,0,29.6636,85.3536,2.25439,0,0,0,0,0,21.2141,20.3353,0,0,0,2.25541,0,7.44462,36.6825,0,26.8141,0,0,0,0,157.971,0,0,0,0,66.3521,0,0,0,0,147.364,0,0,0,0,0,0,65.6846,0,0,0,0,55.2828,0,0,31.536,0,179.566,93.3527,0,34.3026,0,0,41.9326,0,0,354.238,0,328.812,24.3666,0,0,0,0,0,275.665,0,0,0,84.6883,0,0,157.367,0,0,0,0,210.583,0,0,0,0,0,23.7049,0,0,178.106,0,0,0,0,0,0,0,0,0,163.865,0,0,0,0,67.16,0,0,0,0,0,0,0,0,0,0,0,28.2294,0,0,0,0,0,22.0757,0,0,0,0,0,0,0,0,0,0,0,0,0,0,0,32.7486,0,0,0,20.5243,0,0,0,0,0,0,0,0,0,0,0,0,0,0,0,0,0,0,0,0,38.8483,5.33961,0,0,0,0,13.22,0,14.2505,0,0,0,0,0,19.7727,0,0,0,0,0,164.625,0,0,0,109.193,0,0,0,0,0,0,0,0,0,0,55.2943,0,0,0,0,15.8987,0,0,0,0,46.0646,0,0,0,0,0,0,7.04403,0,0,0,0,0,196.399,0,0,0,0,0,0,67.1799,0,0,0,0,0,0,0,0,138.373,0,0,10.3417,0,0,0,0,4.6696,0,0,162.115,343.287,0,0,212.912,0,0,96.0625,0,126.572,0,0,0,0,0,0,0,0,0,0,0,0,0,0,0,0,0,0,0,0,0,0,0,0,0,0,0,0,0,0,0,0,673.066,0,0,0,0,0,0,0,0,493.723,0,0,0,0,0,0,0,0,0,0,0,0,0,0,0,0,0,0,0,0,0,0,0,0,0,0,0,0,0,0,0,0,0,0,0,0,0,0,0,0,0,0,0,0,0,0,0,0,0,0,0,0,0,0,0,0,0,0,0,0,0,0,0,0,0,0,0,0,0,0,0,0,0,0,0,0,0,0,0,0,0,0,0,0,0,0,0,0,0,0,0,0,0,0,0,0,0,0,0,0,0,0,0,0,0,0,0,0,0,0,0,0,0,0,0,0,0,0,0,0,0,0,0,0,0,0,0,0,0,0,0,0,0,0,0,0,0,0,0,0,0,0,0,0,0,0,0,0,0,0,0,0,0,0,0,0,0,0,0,0,0,0,0,0,0,0,0,0,0,0,0,0,0,0,0,0,0,0,0,0,0,0,0,0,0,0,0,0,0,0,0,0,0,0,0,0,0,0,0,0,0,0,0,0,0,0,0,1267.51,0,0,0,0,0,0,0,0,0,0,0,0,0,0,0,0,0,0,0,0,0,0,0,0,0,0,0,0,7.69138,0,0,0,0,0,0,0,0,0,0,0,1.02178,0,0,0,0,0,10.6336,0,1.91777,0,1.35183,0,0,0,0,0,0,0,0,0,0,0,0,0,0,0,0,0,0,0,0,0,0,0,0,0,0,0,0,0,0,0,0,0,0,0,0,0,0,0,0,0,0,0,0,0,0,0,0,12.7549,0,0,0,0,0,0,0,0,0,0,0,0,0,0,0,0,0,0,0,0,0,0,124.164,0,0,0,0,0,0,0,0,0,0,0,0,157.408,132.665,0,0,0,0,0,0,0,0,0,0,0,162.67,0,0,0,0,0,0,80.8801,66.5686,0,104.176,0,98.9904,0,0,0,0,78.862,0,110.404,0,0,54.6028,0,0,0,0,0,0,0,0,0,0,0,0,0,0,0,0,0,0,0,0,0,0,0,0,0,0,0,0,0,0,0,0,0,0,0,0,0,0,0,0,0,0,0,0,0,0,0,0,0,0,0,0,0,0,0,0,0,0,0,0,0,0,0,0,0,0,0,0,0,0,0,0,0,0,0,0,0
Q,Zn+2,1,xtb,-48.6919,2.12533,0.64061,0,0,5.49493,0,0,3.4142,2.58497,0,0,2.26416,0,0,0,12.0088,14.7756,3.16201,0,6.80344,9.3667,14.9236,24.3289,0,0,9.11961,0,7.27547,0,0,0,0,0,9.85473,0,0,2.96504,0,0,0,11.4627,0,0,6.9181,29.5424,0,0,0,0,0,3.82435,0,0,0,0,0,0,0,0,0,0,0,45.197,0,83.2385,0,0,18.6221,0,0,90.8689,0,0,0,0,142.226,0,0,0,0,32.7642,0,371.125,0,0,0,0,93.7864,0,0,602.824,47.9663,0,167.42,0,0,11.6337,0,0,0,0,0,0,67.4842,0,0,0,0,0,0,0,0,0,0,0,0,0,57.412,0,0,129.35,0,0,0,0,67.6824,0,0,0,0,159.586,0,0,0,0,0,0,211.696,0,0,0,0,0,0,0,0,0,0,9.22027,0,0,0,0,0,0,0,0,0,0,0,0,9.4025,0,0,0,0,0,0,2.75768,0,0,0,0,0,0,2.77507,0,0,0,0,0,0,0,0,0,0,0,0,0,6.75504,0,0,0,0,0,0,0,23.1768,0,0,0,0,0,0,28.1013,0,0,0,38.0759,0,0,0,0,238.167,0,0,0,29.3524,0,5.93937,0,0,0,7.2734,0,0,0,0,0,0,0,0,0,0,0,0,14.456,0,0,0,18.8112,0,0,0,0,41.8373,0,0,0,0,0,4.50585,0,0,0,46.2807,0,0,0,0,0,0,96.9497,0,0,35.9483,0,0,0,0,0,0,0,0,0,0,0,0,23.8164,0,12.9185,0,0,156.528,0,0,0,181.261,155.24,203.2,90.3719,0,0,0,0,0,0,0,0,0,0,0,0,0,0,0,0,0,0,0,0,0,0,0,0,0,637.779,0,0,0,0,0,0,0,0,0,0,0,0,707.742,0,0,0,0,0,0,0,0,0,0,0,0,0,0,0,0,0,0,0,0,0,0,0,0,0,0,0,0,0,0,0,0,0,0,0,0,0,0,0,0,0,0,0,0,0,0,0,0,0,0,0,0,0,0,0,0,0,0,0,0,0,0,0,0,0,0,0,0,0,0,0,0,0,0,0,0,0,0,0,0,0,0,0,0,0,0,0,0,0,0,0,0,0,0,0,0,0,0,0,0,0,0,0,0,0,0,0,0,0,0,0,0,0,0,0,0,0,0,0,0,0,0,0,0,0,0,0,0,0,0,0,0,0,0,0,0,0,0,0,0,0,0,0,0,0,0,0,0,0,0,0,0,0,0,0,0,0,0,0,0,0,0,0,0,0,0,0,0,0,0,0,0,0,0,0,0,0,0,0,0,0,0,0,0,0,0,0,0,0,0,0,0,0,0,0,0,0,0,0,0,0,0,0,0,0,0,0,0,0,0,0,0,0,0,0,0,0,0,0,0,0,0,0,0,0,0,0,0,0,0,0,0,0,0,0,0,0,0,0,0,0,0,0,0,0,2.87867,0,0,0,0,0,0,0,0,0,0,0.25455,0,0,7.25982,0,0,0.65398,0,1.04747,0,0,0,0,0,0,0,0,0,0,0,0,0,0,0,0,0,0,0,0,0,0,0,0,0,0,0,0,0,0,0,0,0,0,0,0,0,0,0,0,0,0,0,0,0,0,0,0,0,0,0,0,0,0,0,0,0,0,0,0,0,0,0,0,169.114,0,0,23.741,0,0,0,0,0,0,0,0,0,0,93.2326,0,0,0,0,0,0,0,0,0,0,0,67.3635,0,0,0,0,0,0,0,0,88.8993,0,0,98.2296,0,88.2684,77.0234,0,0,0,55.5459,91.5127,0,0,0,0,0,0,0,0,0,0,0,0,0,0,0,0,0,0,0,0,0,0,0,0,0,0,0,0,0,0,0,0,0,0,0,0,0,0,0,0,0,0,0,0,0,0,0,0,0,0,0,0,0,0,0,0,0,0,0,0,0,0,0,0,0,0,0,0,0,0,0,0,0,0,0,0,0,0,0,0,0,0,0,0,0
Q,none,1,xtb,-33.7374,17.9959,0,0,0,0,0,3.36355,0,0,0,0,0,0,0,0,0,0,0,0,0,0,0,0.25866,0,0,0,0,0,0,0,0,0,0,6.76522,24.7067,0,0,0,0,0,0,8.74494,0,0,0,0,0,0,225.538,0,19.1721,0,0,0,0,0,0,0,0,0,0,0,0,0,8.02096,0,0,0,0,0,0,0,0,0,0,0,0,0,0,17.4002,0,0,0,0,0,0,0,0,17.4442,5.53774,0,0,0,0,0,0,0,0,0,0,0,0,0,0,0,0,0,82.3975,5.67661,0,8.1376,0,0,0,0,0,0,71.2214,0,0,0,0,0,0,0,0,0,0,0,0,0,104.864,0,0,0,0,0,0,0,0,0,0,0,0,0,0,0,0,0,0,20.4132,0,0,0,0,0,0,5.58616,0,0,0,0,0,0,0,0,0,0,0,0,0,0,67.4348,0,0,0,0,0,0,0,12.3485,0,0,0,0,0,18.6779,0,0,0,0,0,0,0,124.043,0,0,20.8422,0,0,0,0,0,0,0,0,12.8969,0,0,0,0,0,62.2043,0,0,0,186.552,0,0,0,27.3896,0,0,0,0,0,1.06037,0,0,4.71171,0,0,0,0,0,0,0,0,128.033,0,0,57.0702,0,69.1704,0,0,0,0,0,0,0,0,0,11.3867,0,0,0,75.9534,0,0,0,0,0,0,0,0,0,0,0,0,0,0,0,0,9.944,0,0,0,0,0,1.8047,122.102,0,0,0,0,0,0,0,0,0,0,0,0,0,0,0,0,0,0,0,0,0,32.9036,0,0,0,0,0,0,0,0,0,0,0,0,0,0,0,0,0,0,0,0,0,0,0,0,0,0,0,0,0,0,0,0,0,0,0,0,0,0,0,0,428.88,0,522.794,0,0,0,0,0,0,0,0,0,0,0,0,0,0,0,0,0,0,0,0,0,0,0,0,0,0,0,0,0,0,0,0,0,0,0,0,0,0,0,0,0,0,0,0,0,0,0,0,0,0,0,0,0,0,0,0,0,0,0,0,0,0,0,0,0,0,0,0,0,0,0,0,0,0,0,0,0,0,0,0,0,0,0,0,0,0,0,0,0,0,0,0,0,0,0,0,0,0,0,0,0,0,0,0,0,0,0,0,0,0,0,0,0,0,0,0,0,0,0,0,0,0,0,0,0,0,0,0,0,0,0,0,0,0,0,0,0,0,0,0,0,0,0,0,0,0,0,0,0,0,0,0,0,0,0,0,0,0,0,0,0,0,0,0,0,0,0,0,0,0,0,0,0,0,0,0,0,0,0,0,0,0,0,0,0,0,0,0,0,0,0,0,0,0,0,0,0,0,0,0,0,0,0,0,0,0,0,0,0,0,0,0,0,0,0,0,0,0,0,0,0,0,0,0,0,0,0,0,0,0,0,0,0,4.25818,0,0,0,17.7424,0,48.9789,0,0,6.31719,0,0,14.231,0,0,0,0,0,0,0,0,0,0,0,0,0,0,0,0,0,0,0,0,0,0,0,0,0,0,0,0,0,0,0,0,0,0,0,0,0,0,0,0,0,0,0,0,0,0,0,0,0,0,0,0,0,0,0,0,0,0,0,0,0,0,0,0,0,0,0,0,0,0,0,0,5.54339,0,0,0,0,0,0,3.40519,0,0,0,26.426,0,0,0,0,0,0,0,10.406,0,0,0,0,0,0,0,0,0,0,0,0,0,0,0,5.63373,0,0,0,0,0,0,0,0,0,0,0,0,0,0,0,0,0,0,0,0,0,0,0,0,0,0,0,0,0,0,0,0,0,0,0,0,0,0,0,0,0,0,0,0,0,0,0,0,0,0,0,0,0,0,0,0,0,0,0,0,0,0,0,0,0,0,0,0,0,0,0,0,0,0,0,0,0,0,0,0,0,0,0,0,0,0,0,0,0,0
R,Co+2,1,xtb,-67.8434,6.70717,0,0,1.56019,0.57389,1.49946,6.196,0,0,0,0,15.3629,0,2.97293,0,0,8.95148,4.03575,0,0,2.58076,3.52017,0,1.30989,0,0,5.18722,4.64341,0,0,15.6906,0,0,12.9268,4.86304,0,0,0,12.5115,17.4161,0,14.5287,0,59.9647,10.4145,0,0,0,0,39.3174,9.35886,0,0,67.4297,0,2.68795,0,0,0,0,61.6568,0,0,171.652,38.0504,0,9.68006,0,0,16.161,0,0,17.8826,31.1001,42.5819,0,0,93.946,0,0,0,0,0,97.5735,0,81.119,0,15.9199,415.395,0,0,0,0,0,0,0,1.68434,0,0,0,39.4013,0,0,161.144,0,38.7722,0,0,0,206.166,30.9543,0,0,0,0,338.617,0,0,0,515.645,0,0,0,0,0,54.7166,0,220.631,0,0,0,0,0,156.977,0,0,0,0,0,0,0,0,0,152.222,0,0,0,14.6016,0,0,82.5499,0,0,0,0,0,0,0,0,0,0,0,17.5473,0,0,0,15.7102,0,0,0,0,0,0,0,0,0,0,0,7.88052,0,0,0,0,0,0,0,0,0,5.55076,0,0,2.18145,0,0,0,0,0,0,15.4822,0,6.34914,0,0,0,0,0,0,0,0,8.18196,0,0,0,126.179,0,0,73.0464,0,0,0,0,0,0,0,14.9038,0,0,12.0015,0,0,0,53.5407,5.43883,0,0,0,0,22.6125,0,0,0,0.83253,0,0,3.84921,0,0,0,0,0,0,0.14197,0,0,9.79341,0,10.0819,18.7181,0,0,0,286.297,22.9185,0,0,0,0,0,0,0,0,0,0,0,0,0,0,0,0,46.0848,0,0,0,20.317,27.9652,24.1496,0,12.3938,204.776,0,0,398.949,123.774,270.722,0,280.059,0,0,0,0,0,0,0,0,0,0,0,0,0,1921.03,0,0,0,0,0,0,555.817,0,0,0,0,0,0,0,0,0,0,0,0,0,0,0,0,0,0,0,0,0,0,0,0,0,0,0,0,0,0,0,0,0,0,0,0,0,0,0,0,0,0,0,0,0,0,2895.43,0,0,0,0,0,0,0,0,0,0,0,0,0,0,0,0,0,0,0,0,0,0,0,0,0,0,0,0,0,0,0,0,0,0,0,0,0,0,0,0,0,0,0,0,0,0,0,0,0,0,0,0,0,0,0,0,0,0,0,0,0,0,0,0,0,0,0,0,0,0,0,0,0,0,0,0,0,0,0,0,0,0,0,0,0,0,0,0,0,0,0,0,0,0,0,0,0,0,0,0,0,0,0,0,0,0,0,0,0,0,0,0,0,0,0,0,0,0,0,0,0,0,0,0,0,0,0,0,0,0,0,0,0,0,0,0,0,0,0,0,0,0,0,0,0,0,0,0,0,0,0,0,0,0,0,0,0,0,0,0,0,0,0,0,0,0,0,0,0,0,0,0,0,0,0,0,0,0,0,0,0,0,0,0,0,0,0,0,0,0,0,0,0,0,0,0,0,0,0,0,0,0,0,0,0,0,3.40472,0,0,0,0,0,0,0,0,0,0,0,0,0,0,0,0,0,2.18759,10.6916,8.05614,0,35.6046,0,3.62488,0,7.92917,0,0,0,0,0,0,0,0,0,0,0,0,0,0,0,0,0,0,0,0,0,0,0,0,0,0,0,0,0,0,0,0,0,0,0,0,0,577.827,0,0,0,0,0,0,0,0,0,0,0,0,0,0,0,0,3.2115,0,0,0,0,0,0,0,0,0,114.947,0,0,0,0,610.475,0,0,0,0,14.5077,0,0,0,0,0,0,0,0,0,174.22,0,0,14.8971,0,0,36.5761,0,0,0,0,0,0,0,0,0,83.0337,17.3879,0,0,0,0,62.4501,0,97.9615,73.6526,0,0,0,51.2338,22.4232,46.8736,0,0,0,0,0,0,0,0,0,0,0,0,0,0,0,0,0,0,0,0,0,0,0,0,0,0,0,0,0,0,0,0,0,0,0,0,0,0,0,0,0,0,0,0,0,0,0,0,0,0,0,0,0,0,0,0,0,0,0,0,0,0,0,0,0,0,0,0,0,0,0,0,0,0,0,0,0,0
R,Cu+2,1,xtb,-57.8964,8.61555,2.24339,0,3.97911,0,2.47278,0,22.8677,0,5.33701,1.59104,2.38146,0,0,0,28.8325,0,0,16.3952,15.6881,0,12.1316,0,14.3865,0.82842,0,0,4.56184,0,0,0,0,70.7038,0,0,0,8.63248,0,0,0,0,31.9382,0,0,0,7.36472,0,0,4.22919,0,0,0,0,0,6.28951,0,0,66.9081,0,0,0,0,185.652,0,15.7448,0,0,0,0,0,0,0,0,1.73598,0,0,0,0,48.9689,16.8099,0,0,114.961,0,0,0,38.2186,5.86746,143.327,0,65.4137,0,208.685,0,0,0,0,338.375,0,0,0,114.207,0,0,358.533,0,0,0,0,0,0,0,101.244,60.4006,0,0,0,0,207.155,0,0,0,0,2.13746,0,115.213,0,0,0,0,0,0,0,0,159.725,0,0,0,0,0,0,0,0,0,0,0,0,0,0,16.3668,0,0,0,0,0,0,0,0,0,0,0,23.0569,0,0,0,4.13829,0,0,6.4962,0,0,0,0,0,0,0,0,0,0,0,0,0,0,0,14.1587,0,0,0,0,3.84186,0,0,0,0,0,1.5972,0,0,0,0,0,0,0,32.4106,0,0,7.08675,75.2601,0,0,0,0,0,0,3.87961,0,0,0,114.23,11.6872,0,9.304,0,0,0,0,0,21.8358,0,0,94.1456,0,0,0,0,47.1229,0,0,0,0,0,0,0,5.90276,96.9204,0,0,0,0,14.263,21.871,0,0,0,0,0,21.7369,0,149.691,0,0,0,19.2492,0,0,0,0,0,0,129.65,0,0,0,0,0,0,0,0,11.7095,0,92.6438,87.5382,0,34.1333,0,0,347.671,178.09,0,165.231,0,0,89.459,0,0,0,0,0,0,0,936.734,0,0,0,0,0,0,0,0,0,0,0,0,0,0,0,0,0,0,0,0,0,0,0,299.64,0,0,0,0,0,0,0,0,0,0,0,0,0,0,0,0,0,0,0,0,0,0,0,0,0,0,0,0,0,0,0,0,0,0,0,0,0,0,0,0,0,0,0,0,0,0,0,0,0,0,0,0,0,0,0,0,0,0,0,0,0,0,0,0,0,0,0,0,0,0,0,0,0,0,0,0,0,0,0,0,0,0,0,0,0,0,0,0,0,0,0,0,0,0,0,0,0,0,0,0,0,0,0,0,0,0,0,0,0,0,0,0,0,0,0,0,0,0,0,0,0,0,0,0,0,0,0,0,0,0,0,0,0,0,0,0,0,0,0,0,0,0,0,0,0,0,0,0,0,0,0,0,0,0,0,0,0,0,0,0,0,0,0,0,0,0,0,0,0,0,0,0,0,0,0,0,0,0,0,0,0,0,0,0,0,0,0,0,0,0,0,0,0,0,0,0,0,0,0,0,0,0,0,0,0,0,0,0,0,0,0,0,0,0,0,0,0,0,0,0,0,0,0,0,0,0,0,0,0,0,0,0,0,0,0,0,0,0,0,0,0,7.56239,0,0,0,0,0,5.83897,0,0,0,0,0,2.95485,0,0,0,0,0,0,0,0,0,0,140.107,0,7.59037,0,0,37.9122,78.5518,0,0,0,0,0,0,0,0,0,0,0,0,0,0,0,0,0,0,0,0,0,0,0,0,0,0,0,0,0,0,0,0,0,0,0,0,0,0,0,0,0,0,0,0,0,0,0,0,0,0,0,0,0,0,0,0,0,0,0,0,0,0,0,0,0,94.8711,0,0,0,0,0,0,0,1.96825,0,159.516,0,93.1691,0,0,0,0,0,0,0,0,0,0,186.149,0,0,0,0,0,0,0,0,0,0,0,62.0435,0,80.6489,334.764,0,0,112.123,121.26,0,372.031,152.776,0,0,0,0,0,0,0,0,0,0,0,0,0,0,0,0,0,0,0,0,0,0,0,0,0,0,0,0,0,0,0,0,0,0,0,0,0,0,0,0,0,0,0,0,0,0,0,0,0,0,0,0,0,0,0,0,0,0,0,0,0,0,0,0,0,0,0,0,0,0,0,0,0,0,0,0,0,0,0,0,0,0,0,0
R,Ni+2,1,xtb,-69.022,13.9856,0,3.29451,2.14513,0,0.13309,6.81369,0,5.06491,0,6.15901,3.12768,2.39584,4.04416,4.50837,7.61752,4.58529,0,0,0.06302,0,0,0,0,3.08598,19.9692,0,0,46.8317,0,18.0716,34.5032,0,30.8997,0,0,0,0,81.8952,0.82172,0,0,0,0,4.14447,0,0,0,16.658,0,0,0,13.245,35.519,0,0,0,92.5598,0,0,234.417,148.622,0,0,0,0,0,28.1396,11.5206,0,59.9697,0,59.1294,5.14485,0,0,0,50.6265,0,0,0,383.055,0,14.2205,0,168.005,0,0,0,0,0,13.4344,493.424,0,0,122.848,0,3.92666,7.88846,0,0,0,92.299,0,339.177,0,0,0,175.23,0,0,0,0,0,0,0,0,170.604,209.583,0,0,0,0,0,0,0,64.8285,0,0,0,0,263.538,0,0,0,0,0,0,0,0,0,0,0,10.9396,0,0,0,0,0,0,0,0,0,0,0,0,0,0,0,0,0,55.0114,0,0,9.2205,0,0,0,0,0,0,0,47.1325,0,0,0,0,0,0,0,0,0,3.24315,0,0,0,90.7409,0,0,0,0,12.6584,0,0,52.4208,0,4.76143,0,0,0,0,0,0,20.7648,0,0,0,0,0,0,4.72068,0,0,0,0,682.699,0,7.10784,0,0,0,0,0,0,35.2184,0,5.13094,0,0,0,0,14.1968,0,0,0,0,0,0,0,0,0,62.6733,0,0,0,0,0,0,0,0,0,1.62548,49.6524,0,0,0,0.61106,0,40.4728,0,0,0,0,4.17207,0,0,0,0,0,344.682,111.345,0,0,0,0,0,0,0,217.378,31.017,0,13.2736,16.9429,0,28.035,0,0,0,0,221.72,229.913,208.615,0,8.21451,194.116,0,0,0,0,0,0,0,0,0,0,0,0,0,0,644.737,0,0,529.606,0,0,0,0,0,361.536,0,0,0,0,0,0,0,0,0,0,0,0,0,0,0,0,0,0,0,0,0,0,0,0,0,0,0,0,0,0,0,0,0,0,0,0,0,0,0,0,0,0,0,0,0,0,0,0,0,0,0,0,0,0,0,0,0,0,0,0,0,0,0,0,0,0,0,0,0,0,0,0,0,0,0,0,0,0,0,0,0,0,0,0,0,0,0,0,0,0,0,0,0,0,0,0,0,0,0,0,0,0,0,0,0,0,0,0,0,0,0,0,0,0,0,0,0,0,0,0,0,0,0,0,0,0,0,0,0,0,0,0,0,0,0,0,0,0,0,0,0,0,0,0,0,0,0,0,0,0,0,0,0,0,0,0,0,0,0,0,0,0,0,0,0,0,0,0,0,0,0,0,0,0,0,0,0,0,0,0,0,0,0,0,0,0,0,0,0,0,0,0,0,0,0,0,0,0,0,0,0,0,0,0,0,0,0,0,0,0,0,0,0,0,0,0,0,0,0,0,0,0,0,0,0,0,0,0,0,0,0,0,0,0,0,0,0,0,0,0,0,0,0,0,0,0,0,0,0,0,0,0,0,0,0,0,0,0,0,0,0,0,0,0,0,0,0,15.5936,0,0,0,5.13523,0,15.5163,4.65871,0,0,0,0,0,4.45587,0,0,0,0,0,0,0,0,0,0,0,0,0,0,0,0,0,0,0,0,0,0,0,0,0,18.0847,0,0,0,0,0,0,0,0,0,0,0,0,0,0,0,0,30.9661,0,0,0,0,0,0,0,0,0,0,127.092,0,0,0,0,0,0,513.52,0,0,0,0,0,0,0,0,0,0,0,0,0,0,0,30.5848,109.405,0,0,0,0,0,0,0,101.943,0,0,0,0,0,0,100.583,0,82.1066,0,0,0,0,0,0,0,61.6962,0,59.1368,0,53.1291,76.7065,0,164.551,0,0,0,66.1619,0,61.9778,0,0,0,0,0,0,0,0,0,0,0,0,0,0,0,0,0,0,0,0,0,0,0,0,0,0,0,0,0,0,0,0,0,0,0,0,0,0,0,0,0,0,0,0,0,0,0,0,0,0,0,0,0,0,0,0,0,0,0,0,0,0,0,0,0,0,0,0,0,0,0,0,0,0,0
R,Zn+2,1,xtb,-54.6002,5.33658,0,0,0,1.26213,0.90781,0,0,0.71242,3.73174,0,9.49003,6.82244,0,0,7.27888,4.736,8.06704,9.11955,0,18.6127,2.26288,0,0,0,0,0,2.13611,0,0,35.8389,0,0,3.12326,7.60662,0,0,0,4.4834,18.0254,0,0,4.8209,28.1205,0,58.2008,0,0,0,0,0,0,0,0,0,0,0,0,0,0,0,0,18.3346,0,44.1534,0,0,222.49,0,0,0,0,134.912,0,58.6078,0,16.8787,0,0,168.65,330.712,0,255.462,44.8262,0,0,0,0,0,52.1734,0,0,0,0,64.6972,0,37.747,0,0,28.6205,0,0,0,0,69.9315,0,0,0,0,0,0,0,0,0,103.972,0,0,0,0,75.4455,0,54.3133,0,0,27.5435,0,0,0,0,0,0,0,0,0,0,0,0,293.994,260.197,0,0,0,0,0,0,0,0,0,0,0,0,0,18.3033,0,0,179.5,0,0,72.9562,0,0,0,0,0,0,0,0,8.2234,0,0,5.90651,0,0,0,0,0,0,0,0,0,0,0,0,3.65753,0,0,14.3542,0,0,0,0,0,0,0,11.7323,0,0,0,0,0,25.9171,0,4.52403,0,0,0,156.903,0,0,0,2.04243,0,0,0,0,0,98.5804,0,0,35.7736,0,20.7481,0,0,0,0,12.6319,0,0,0,7.86055,0,0,8.19177,0,0,0,0,0,31.6053,0,0,0,9.5674,0,0,27.3838,0,0,0,0,0,0,4.80475,4.27624,0,0,0,0,0,0,170.199,43.807,0,0,0,0,0,0,0,0,0,0,0,71.7357,0,0,0,0,5.01569,0,0,9.64368,30.1256,0,0,42.6467,173.488,0,157.053,0,61.5336,0,0,0,0,0,0,0,0,0,0,0,560.141,0,0,0,0,0,0,0,477.543,0,0,0,0,0,0,0,0,0,0,0,0,0,0,0,0,0,646.476,0,0,0,0,0,0,0,0,0,0,0,0,0,0,0,0,0,0,0,0,0,0,0,0,0,0,0,0,0,0,0,0,0,0,0,0,0,0,0,0,0,0,0,0,0,0,0,0,0,0,0,0,0,0,0,0,0,0,0,0,0,0,0,0,0,0,0,0,0,0,0,0,0,0,0,0,0,0,0,0,0,0,0,0,0,0,0,0,0,0,0,0,0,0,0,0,0,0,0,0,0,0,0,0,0,0,0,0,0,0,0,0,0,0,0,0,0,0,0,0,0,0,0,0,0,0,0,0,0,0,0,0,0,0,0,0,0,0,0,0,0,0,0,0,0,0,0,0,0,0,0,0,0,0,0,0,0,0,0,0,0,0,0,0,0,0,0,0,0,0,0,0,0,0,0,0,0,0,0,0,0,0,0,0,0,0,0,0,0,0,0,0,0,0,0,0,0,0,0,0,0,0,0,0,0,0,0,0,0,0,0,0,0,0,0,0,0,0,0,0,0,0,0,0,0,0,0,0,0,0,0,0,0,0,0,0,0,0,0,0,0,0,0,0,0,0,5.11353,0,0,0,0,31.9341,1607.38,0,0,52.925,0,0,0,13.1139,0,3.93081,4.70721,0,9.41532,0,0,0,0,0,0,0,0,0,0,0,0,0,0,0,0,0,0,0,0,0,0,0,0,0,0,0,0,0,0,0,0,0,0,0,0,0,0,0,0,0,0,0,0,0,0,0,0,0,0,0,0,0,0,0,0,0,0,0,0,0,0,0,0,0,126.105,19.8121,0,0,0,0,33.8374,0,0,0,0,0,0,0,0,0,0,30.3327,0,0,0,0,0,85.7886,0,49.1523,0,0,0,0,0,0,55.8422,0,0,0,0,86.6435,0,100.56,0,0,0,59.3244,54.608,0,0,0,0,0,0,0,0,0,0,0,0,0,0,0,0,0,20.6694,0,0,0,0,0,0,0,0,0,0,0,0,0,0,0,0,0,0,0,0,0,0,0,0,0,0,0,0,0,0,0,0,0,0,0,0,0,0,0,0,0,0,0,0,0,0,0,0,0,0,0,0,0,0,0,0,0,0,0,0,0,0,0,0,0,0,0,0
R,none,1,xtb,-39.6305,8.50328,0,2.82838,0,0,0,0,0.50722,0,0,0,0,0,0.15288,0,0,0,0,0,0,1.50386,0,2.16399,0,0,0,0,0,2.32959,0,0,0,41.1797,0,0,0,0,0,0,0,0,0,0,7.89681,0,0,0,0,0,0,0,6.69259,0,0,0,0,0,0,0,43.3597,0,0,5.43822,0,0,0,0,0,0,0,12.7884,0,0,0,0,0,0,0,0,75.92,0,0,0,0,0,0,0,0,0,7.58472,51.797,0,0,0,0,0,0,0,0,0,0,0,0,0,0,0,0,0,26.8326,45.1953,0,0,90.2305,0,0,0,0,41.1351,0,0,0,0,0,0,0,0,0,0,0,0,0,0,0,95.6471,0,0,0,380.021,0,0,0,0,0,18.1971,0,0,0,0,2.80701,0,0,0,0,0,0,0,0,0,0,0,0,33.3415,0,0,0,0,27.0996,0,0,0,0,0,0,0,0,0,0,0,0,0,16.4296,0,0,0,0,18.2734,0,0,0,0,142.07,0,0,0,0,0,5.88668,0,0,0,0,0,0,0,8.05933,0,0,0,17.2968,1.56618,0,0,0,224.411,62.7696,0,29.2535,0,0,0,13.4196,0,0,0,0,30.6944,0,0,0.57512,0,0,0,0,0,0,8.17859,0,91.7421,0,0,8.35919,0,0,0,28.566,0,23.4521,0,0,37.9911,0,0,0,0,12.2976,0,0,0,15.6422,0,0,0,0.60034,0,0,0,0,0,0,0,0,0,0,0,340.41,0,0,0,0,0,0,0,0,0,0,1.0457,0,155.81,1.71083,7.16433,0,0,0,0,0,0,0,0,0,0,0,0,0,35.1217,0,0,0,0,0,0,0,0,0,0,0,0,0,0,0,0,0,0,0,0,0,0,0,0,0,0,0,0,0,0,431.031,0,0,0,0,0,0,0,0,0,0,0,0,481.756,0,0,0,0,0,0,0,0,0,0,0,0,0,0,0,0,0,0,0,0,0,0,0,0,0,0,0,0,0,0,0,0,0,0,0,0,0,0,0,0,0,0,0,0,0,0,0,0,0,0,0,0,0,0,0,0,0,0,0,0,0,0,0,0,0,0,0,0,0,0,0,0,0,0,0,0,0,0,0,0,0,0,0,0,0,0,0,0,0,0,0,0,0,0,0,0,0,0,0,0,0,0,0,0,0,0,0,0,0,0,0,0,0,0,0,0,0,0,0,0,0,0,0,0,0,0,0,0,0,0,0,0,0,0,0,0,0,0,0,0,0,0,0,0,0,0,0,0,0,0,0,0,0,0,0,0,0,0,0,0,0,0,0,0,0,0,0,0,0,0,0,0,0,0,0,0,0,0,0,0,0,0,0,0,0,0,0,0,0,0,0,0,0,0,0,0,0,0,0,0,0,0,0,0,0,0,0,0,0,0,69.5323,0,0,0,0,0,0,0,0,0,0,0,0,0,0,0,0,0,19.3282,0,18.1912,0,0,0,0,0,2.73191,0,88.6641,0,16.6835,0,0,0,0,24.9128,0,0,0,0,0,0,0,0,0,0,0,0,0,0,0,0,0,0,0,0,0,0,0,0,0,0,0,0,0,0,0,0,0,0,0,0,0,0,0,0,0,0,0,0,0,0,0,0,0,0,0,0,0,0,0,0,0,0,0,0,0,0,0,0,0,0,0,0,0,0,0,0,0,4.69308,0,0,0,0,0,18.3283,0,1.65336,28.7642,0,0,2.88912,0,0,0,0,0,0,0,0,0,0,3.06496,0,0,0,0,0,0,0,0,0,0,0,0,0,0,0,0,0,0,0,0,0,0,0,0,0,0,0,0,0,0,0,0,0,0,0,0,0,0,0,0,0,0,0,0,0,0,0,0,0,0,0,0,0,0,0,0,0,0,0,0,0,0,0,0,0,0,0,0,0,0,0,0,0,0,0,0,0,0,0,0,0,0,0,0,0,0,0,0,0,0,0,0,0,0,0,0,0,0,0,0
S,Co+2,1,xtb,-48.1236,1.56378,0.42814,0,2.84222,0,0,0.81935,0,0,0,0,0,0,4.19066,0,1.98884,0,13.4928,0,0,11.5757,1.30888,0,0,0,24.2718,0,1.60083,36.2361,0,0,0,0,0,0,19.9139,0,0,11.6738,2.51741,0,0,0,0,54.0692,0,23.484,0,93.6332,0,0,0,0,0,0,23.5917,0,0,25.5355,0,45.912,21.3641,0,0,0,0,0,0,0,0,295.338,0,0,0,0,0,0,102.272,22.9429,0,0,0,0,0,0,20.6958,0,0,10.713,0,0,0,0,58.5105,0,0,0,0,181.638,0,0,0,0,0,90.9078,0,0,51.253,0,506.041,0,0,66.026,0,776.827,0,0,0,0,0,0,0,0,0,0,0,0,264.651,0,0,0,0,0,0,0,0,0,0,0,0,0,26.0935,0,0,0,0,0,0,0,0,0,0,0,0,0,0,0,12.1326,0,0,0,0,0,0,0,0,0,0,0,0,0,0,0,0,0,0,0,31.1013,0,0,0,0,0,0,0,5.10242,0,0,0,0,0,0,0,0,0,0,0,0,0,0,0,121.208,0,0,0,0,42.0996,0,0,0,0,120.8,0,0,15.7954,0,0,0,0,0,82.0512,0,0,0,0,0,3.22911,0,0,0,0,0,0,0,26.384,0,0,85.6085,0,0,0,0,0,0,0,0,0,0,0,36.3333,0,0,0,0,0,68.8666,0,0,0,0,0,0,0,0,0,0,0,0,0,0,0,0,0,0,0,0,0,0,0,0,0,0,0,6.90557,0,0,0,97.0803,287.934,112.972,0,0,185.835,0,0,0,0,0,0,0,0,0,0,0,0,0,0,0,0,0,0,0,0,0,0,0,0,0,0,0,0,0,0,0,0,0,0,0,0,0,0,0,0,0,0,0,0,0,0,0,0,0,0,0,427.83,0,0,0,0,0,0,0,0,0,0,0,0,0,0,0,0,0,0,0,0,0,0,0,0,0,0,0,0,0,0,0,0,0,0,0,0,0,0,0,0,0,0,0,0,0,0,0,0,0,0,0,0,0,0,0,0,0,0,0,0,0,0,0,0,0,0,0,0,0,0,0,0,0,0,0,0,0,0,0,0,0,0,0,0,0,0,0,0,0,0,0,0,0,0,0,0,0,0,0,0,0,0,0,0,0,0,0,0,0,0,0,0,0,0,0,0,0,0,0,0,0,0,0,0,0,0,0,0,0,0,0,0,0,0,0,0,0,0,0,0,0,0,0,0,0,0,0,0,0,0,0,0,0,0,0,0,0,0,0,0,0,0,0,0,0,0,0,0,0,0,0,0,0,0,0,0,0,0,0,0,0,0,0,0,0,0,0,0,0,0,0,0,0,0,0,0,0,0,0,0,0,0,0,0,0,0,0,0,0,0,46.6197,0,0,0,0,0,0,0,0,0,0,0,16.7634,0,0,0,0,0,0,12.2,0,0,0,0,0,0,0,0,0,0,0,0,0,0,0,0,0,0,0,0,0,0,0,0,0,0,0,0,0,0,0,0,0,0,0,0,0,0,0,0,0,0,0,0,0,0,0,0,0,0,0,0,0,0,0,0,0,0,0,0,0,0,0,0,0,0,0,0,0,0,0,0,0,0,0,0,0,0,0,0,0,0,0,16.2687,0,0,0,0,10.5723,0,0,0,0,0,0,0,0,0,89.2002,0,0,0,0,0,0,207.803,0,0,0,0,0,0,0,0,101.204,0,0,0,0,111.38,0,0,0,0,0,0,0,39.2839,0,64.9675,0,0,0,0,0,0,0,28.3499,0,39.1019,0,39.9211,0,0,0,0,0,0,0,0,0,0,0,0,0,0,0,0,0,0,0,0,0,0,0,0,0,0,0,0,0,0,0,0,0,0,0,0,0,0,0,0,0,0,0,0,0,0,0,0,0,0,0,0,0,0,0,0,0,0,0,0,0,0,0,0,0,0,0,0,0,0,0,0,0,0
S,Cu+2,1,xtb,-38.1876,1.88097,0,0,0,8.08753,0,5.06372,0,0,4.5557,3.17317,0,0,0,0,4.73027,0,0,0,0,31.5564,0,0,2.29587,0,0,0,124.52,0,0,5.38571,0,0,0,0,0,8.21765,0,0,0,0,0,0,0,0,0,0,0,0,9.05724,0,0,0,0,0,0,42.4631,0,0,0,9.77149,0,0,0,0,0,0,0,20.1407,0,0,0,0,0,0,0,0,0,0,0,0,0,5.97904,0,0,0,20.9189,0,0,0,0,0,21.3192,0,0,0,0,0,44.1356,0,0,0,0,0,363.606,142.153,0,0,0,0,0,0,0,0,0,0,526.745,0,0,0,95.242,0,0,0,0,0,0,0,0,0,0,165.937,0,0,0,0,0,0,39.4906,0,0,0,0,0,0,0,0,0,0,0,0,0,0,0,0,0,18.7153,0,0,0,0,0,0,0,0,40.8069,0,0,0,0,0,0,0,0,0,0,0,70.2709,0,0,0,0,0,0,0,0,0,0,79.5861,0,0,0,0,0,0,0,0,0,0,0,0,0,38.1379,0,0,0,0,0,0,0,76.9123,0,0,0,0,0,39.1105,0,0,101.726,0,0,12.6915,0,0,0,0,0,0,0,0,0,0,1.67358,0,0,0,35.6148,0,0,0,0,0,0,0,0,0,0,6.01519,0,0,0,0,0,0,0,0,0,211.408,0,0,0,0,0,0,0,0,0,0,0,0,0,0,0,0,0,0,0,0,0,0,16.3987,0,188.548,0,0,149.434,0,56.3738,0,0,0,0,0,0,0,0,0,0,0,0,0,0,0,0,0,0,0,0,0,0,0,0,0,0,0,0,0,0,0,0,0,0,0,0,0,0,355.81,0,0,0,0,0,0,0,0,0,0,0,0,0,0,0,0,0,0,0,0,0,0,0,0,0,0,0,0,0,0,0,0,0,0,0,0,0,0,0,0,0,0,0,0,0,0,0,0,0,0,0,0,0,0,0,0,0,0,0,0,0,0,0,0,0,0,0,0,0,0,0,0,0,0,0,0,0,0,0,0,0,0,0,0,0,0,0,0,0,0,0,0,0,0,0,0,0,0,0,0,0,0,0,0,0,0,0,0,0,0,0,0,0,0,0,0,0,0,0,0,0,0,0,0,0,0,0,0,0,0,0,0,0,0,0,0,0,0,0,0,0,0,0,0,0,0,0,0,0,0,0,0,0,0,0,0,0,0,0,0,0,0,0,0,0,0,0,0,0,0,0,0,0,0,0,0,0,0,0,0,0,0,0,0,0,0,0,0,0,0,0,0,0,0,0,0,0,0,0,0,0,0,0,0,0,0,0,0,0,0,0,0,0,0,0,0,0,0,0,0,0,0,0,0,0,20.068,0,0,0,0,0,0,0,23.9071,0,0,0,0,0,0,0,0,0,0,0,0,0,0,0,5.80646,0,0,0,0,0,0,0,0,0,0,0,0,0,0,0,0,0,0,0,0,0,0,0,0,0,0,0,0,0,0,0,0,0,0,0,0,0,0,0,0,0,0,0,0,0,0,0,0,0,0,0,0,0,0,0,0,0,0,0,0,0,0,0,0,0,0,0,0,0,0,0,0,0,0,0,0,0,0,0,0,0,0,0,0,0,0,107.066,0,0,0,0,0,27.0528,0,0,21.9477,0,0,0,0,0,0,0,0,0,0,0,0,0,0,0,0,0,0,0,0,0,190.847,0,0,0,137.774,0,0,0,0,0,0,0,0,0,0,0,0,0,0,0,0,0,0,0,0,0,0,0,0,0,0,0,0,0,0,0,0,0,0,0,0,0,0,0,0,0,0,0,0,0,0,0,0,0,0,0,0,0,0,0,0,0,0,0,0,0,0,0,0,0,0,0,0,0,0,0,0,0,0,0,0,0,0,0,0,0,0,0,0,0,0,0,0,0,0,0
S,Ni+2,1,xtb,-49.2883,16.2518,2.60532,0,0,0,0,4.46727,0,16.6917,9.76083,0,0,0,11.22,5.92238,28.2034,0,23.7639,0,0,22.7848,0,0,2.93204,0,0,0,0,0,0,1.06533,0,0,16.4811,0.85147,0,0,0,7.62917,0,0,25.4464,0,0,48.5093,0,43.9739,0,0,0,81.6491,0,0,0,13.661,0,0,22.3594,28.0792,0,0,0,0,0,0,0,0,0,0,8.5127,0,25.6016,57.648,0,0,0,121.798,0,0,0,0,0,0,0,0,206.626,0,275.705,0,71.5974,0,129.025,0,40.0465,0,0,0,0,351.211,0,0,0,152.521,0,0,0,510.998,0,0,0,0,0,0,0,0,0,119.485,0,0,0,0,0,0,0,0,0,0,0,0,158.357,0,0,0,0,0,0,0,0,0,0,22.653,0,0,0,0,0,0,0,0,0,0,0,0,0,0,0,0,0,0,0,0,0,5.52352,0,0,0,0,0,0,0,0,30.1493,0,0,0,0,0,0,0,0,0,0,0,0,5.94268,0,0,0,0,0,0,0,0,160.04,0,0,0,0,0,0,0,26.6016,0,0,0,0,0,0,0,70.18,0,0,0,19.4734,0,0,0,0,0,133.537,0,0,0,0,0,0,3.17186,0,0,0,0,0,0,0,12.8739,0,0,77.1293,0,0,0,0,0,0,0,0,0,52.084,0,0,0,0,0,0,0,0,0,0,108.399,0,0,0,0,0,0,0,0,0,0,0,0,0,0,0,0,0,0,0,0,0,0,0,2.60058,0,0,0,0,149.82,0,0,160.737,280.027,0,0,90.8651,0,0,0,0,0,0,0,0,0,0,0,0,0,0,0,0,0,0,0,0,0,0,0,0,0,0,0,0,0,0,0,0,0,0,0,0,0,0,0,0,0,366.74,0,0,0,0,0,0,0,0,0,0,0,0,0,0,0,0,0,0,0,0,0,0,0,0,0,0,0,0,0,0,0,0,0,0,0,0,0,0,0,0,0,0,0,0,0,0,0,0,0,0,0,0,0,0,0,0,0,0,0,0,0,0,0,0,0,0,0,0,0,0,0,0,0,0,0,0,0,0,0,0,0,0,0,0,0,0,0,0,0,0,0,0,0,0,0,0,0,0,0,0,0,0,0,0,0,0,0,0,0,0,0,0,0,0,0,0,0,0,0,0,0,0,0,0,0,0,0,0,0,0,0,0,0,0,0,0,0,0,0,0,0,0,0,0,0,0,0,0,0,0,0,0,0,0,0,0,0,0,0,0,0,0,0,0,0,0,0,0,0,0,0,0,0,0,0,0,0,0,0,0,0,0,0,0,0,0,0,0,0,0,0,0,0,0,0,0,0,0,0,0,0,0,0,0,0,0,0,0,0,0,0,0,0,0,0,0,0,57.7942,0,0,0,0,0,0,0,0,15.6981,0,0,0,0,0,0,0,0,0,0,20.0297,0,0,0,0,0,0,0,0,0,0,0,0,0,0,0,0,0,0,0,0,0,0,0,0,0,0,0,0,0,0,0,0,0,0,0,0,0,0,0,0,0,0,0,0,0,0,0,0,0,0,0,0,0,0,0,0,0,0,0,0,0,0,0,0,0,0,0,0,0,0,0,0,0,0,0,0,0,0,0,0,0,0,0,0,0,0,0,0,25.271,0,0,0,0,9.04736,0,0,70.0258,0,0,0,0,0,0,0,0,0,0,0,0,0,0,0,0,0,0,0,0,0,0,0,0,0,0,0,0,0,157.02,0,56.7329,90.497,0,0,0,0,47.2174,0,51.9694,0,0,0,0,0,0,0,0,0,0,0,0,0,0,0,0,0,0,0,0,0,0,0,0,0,0,0,0,0,0,0,0,0,0,0,0,0,0,0,0,0,0,0,0,0,0,0,0,0,0,0,0,0,0,0,0,0,0,0,0,0,0,0,0,0,0,0,0,0,0,0,0,0,0,0,0,0,0,0
S,Zn+2,1,xtb,-34.8743,0.75181,0,0,0,0,16.7071,4.23954,0,0,0,0,0,0,4.26282,6.13574,0,0,16.7119,0,0,0,0,23.9147,0,0,0,0,16.2446,0,68.5406,0,0,2.34664,2.30737,0,0,0,0,0,22.3336,0,0,39.7925,0,0,0,0,0,0,0,0,12.2079,0,0,0,0,0,0,0,11.7084,0,0,0,0,0,0,0,16.4592,0,0,0,0,0,0,298.785,0,0,11.4375,0,0,0,0,0,0,0,98.5439,0,0,95.6751,0,0,0,0,388.767,149.878,0,0,0,0,0,21.1331,0,0,0,0,0,0,0,0,0,0,0,0,0,0,0,0,0,129.412,0,0,0,0,0,0,0,0,0,0,175.71,0,0,0,0,0,0,0,0,0,15.4881,0,0,0,0,0,0,0,0,0,0,0,0,0,0,0,0,0,0,0,23.2857,0,0,0,0,0,0,67.2626,0,0,0,0,0,0,0,0,0,0,0,0,0,0,0,0,0,0,1.39642,0,0,0,0,0,0,0,0,0,200.784,0,0,0,0,0,0,0,23.762,0,0,0,0,0,0,0,161.085,0,0,8.49314,0,0,0,0,48.2224,0,0,0,0,0,0,0,0,0,21.4212,0,0,27.3955,0,0,0,0,0,0,0,61.9798,0,0,0,0,0,0,0,0,0,17.4092,0,0,0,0,0,0,0,0,0,0,0,0,0,182.341,0,0,0,0,0,0,0,0,0,0,0,0,0,0,0,0,0,0,0,0,319.583,7.297,0,0,0,76.3911,0,0,0,0,0,0,0,0,0,0,0,0,0,0,0,0,0,0,0,0,0,0,0,0,0,0,0,0,0,0,0,0,0,510.981,0,0,0,0,0,0,0,0,0,0,0,0,0,0,0,0,0,0,0,0,0,0,0,0,0,0,0,0,0,0,0,0,0,0,0,0,0,0,0,0,0,0,0,0,0,0,0,0,0,0,0,0,0,0,0,0,0,0,0,0,0,0,0,0,0,0,0,0,0,0,0,0,0,0,0,0,0,0,0,0,0,0,0,0,0,0,0,0,0,0,0,0,0,0,0,0,0,0,0,0,0,0,0,0,0,0,0,0,0,0,0,0,0,0,0,0,0,0,0,0,0,0,0,0,0,0,0,0,0,0,0,0,0,0,0,0,0,0,0,0,0,0,0,0,0,0,0,0,0,0,0,0,0,0,0,0,0,0,0,0,0,0,0,0,0,0,0,0,0,0,0,0,0,0,0,0,0,0,0,0,0,0,0,0,0,0,0,0,0,0,0,0,0,0,0,0,0,0,0,0,0,0,0,0,0,0,0,0,0,0,0,0,0,0,0,0,0,0,0,0,0,0,0,0,0,0,0,0,0,0,0,0,0,43.4935,0,0,0,0,0,0,0,0,34.9994,0,0,0,0,0,0,0,0,0,0,0,0,0,0,0,0,12.3574,0,0,0,0,0,0,0,0,0,0,0,0,0,0,0,0,0,0,0,0,0,0,0,0,0,0,0,0,0,0,0,0,0,0,0,0,0,0,0,0,0,0,0,0,0,0,0,0,0,0,0,0,0,0,0,0,0,0,0,0,0,0,0,0,0,0,0,0,0,0,0,0,0,0,0,21.0828,0,0,17.6024,0,107.67,0,0,0,0,0,0,0,0,0,0,0,0,0,0,0,0,0,0,0,0,0,0,0,0,0,90.0197,0,0,0,100.321,0,64.2715,0,69.473,0,0,0,0,0,0,0,0,0,0,0,0,0,0,0,0,0,0,0,0,0,0,0,0,0,0,0,0,0,0,0,0,0,0,0,0,0,0,0,0,0,0,0,0,0,0,0,0,0,0,0,0,0,0,0,0,0,0,0,0,0,0,0,0,0,0,0,0,0,0,0,0,0,0,0,0,0,0,0,0,0,0,0,0,0,0,0,0,0,0,0
S,none,1,xtb,-25.0282,5.0719,0,0,0,0,0,0,0,0,0,6.74314,0,0,0,0,0,0,0,0,0,0,0,0,1.80676,0,0,0,0,0,0,0,0,0,0,0,0,16.7488,0,13.4114,0,0,0,0,0,0,0,0,0,0,0,0,0,0,2.31909,0,0,0,0,0,0,0,0,0,0,0,0,0,0,28.1066,0,0,0,0,0,0,0,0,0,0,0,0,199.935,0,0,0,0,0,0,0,0,0,7.373,0,0,0,0,0,0,0,0,0,0,0,0,0,0,0,0,0,79.7523,0,0,0,0,0,0,0,0,44.5843,0,0,0,0,0,0,0,0,0,0,0,0,115.953,0,0,0,0,0,0,0,0,0,0,0,0,0,0,0,0,0,0,0,0,0,0,0,0,0,0,0,0,0,0,0,64.3298,0,0,0,0,0,0,0,0,0,0,18.4201,0,0,0,0,0,0,0,0,65.2028,0,0,0,0,0,0,0,0,67.0719,0,0,0,0,0,0,0,0,0,0,0,0,0,0,183.726,0,0,0,0,0,202.795,0,0,9.95969,0,0,78.9847,0,0,0,0,0,0,0,0,5.31699,0,0,0,0,0,0,15.8425,0,0,114.025,0,0,0,0,0,0,0,0,0,0,0,0,0,16.4554,10.7568,0,0,0,0,0,91.6627,0,0,0,0,0,0,0,0,0,0,0,0,0,0,0,0,0,0,0,0,0,0,0,0,0.80039,0,0,0,0,0,0,0,0,0,0,0,0,0,0,0,0,0,36.8848,0,0,0,0,0,0,0,0,0,0,0,0,0,0,0,0,0,0,0,0,0,0,0,0,0,0,0,0,0,0,0,0,0,0,0,0,0,0,0,0,0,0,0,0,0,467.92,0,0,0,0,0,0,0,0,0,0,0,0,0,0,0,0,0,0,0,0,0,0,0,0,0,0,0,0,0,0,0,0,0,0,0,0,0,0,0,0,0,0,0,0,0,0,0,0,0,0,0,0,0,0,0,0,0,0,0,0,0,0,0,0,0,0,0,0,0,0,0,0,0,0,0,0,0,0,0,0,0,0,0,0,0,0,0,0,0,0,0,0,0,0,0,0,0,0,0,0,0,0,0,0,0,0,0,0,0,0,0,0,0,0,0,0,0,0,0,0,0,0,0,0,0,0,0,0,0,0,0,0,0,0,0,0,0,0,0,0,0,0,0,0,0,0,0,0,0,0,0,0,0,0,0,0,0,0,0,0,0,0,0,0,0,0,0,0,0,0,0,0,0,0,0,0,0,0,0,0,0,0,0,0,0,0,0,0,0,0,0,0,0,0,0,0,0,0,0,0,0,0,0,0,0,0,0,0,0,0,0,0,0,58.9328,0,0,0,0,0,0,0,0,0,0,0,0,0,0,0,0,0,21.1625,0,0,0,0,0,0,0,0,19.692,0,0,0,0,0,0,0,0,0,0,0,0,0,0,0,0,0,0,0,0,0,0,0,0,0,0,0,0,0,0,0,0,0,0,0,0,0,0,0,0,0,0,0,0,0,0,0,0,0,0,0,0,0,0,0,0,0,0,0,0,0,0,0,0,0,0,0,0,0,0,0,0,0,0,0,0,4.44294,0,0,0,0,0,0,0,2.06257,31.4065,0,0,0,0,0,0,0,0,0,39.9073,0,0,0,0,0,0,0,0,0,0,0,0,0,0,0,0,0,0,0,0,0,0,0,0,0,0,0,0,0,0,0,0,0,0,0,0,0,0,0,0,0,0,0,0,0,0,0,0,0,0,0,0,0,0,0,0,0,0,0,0,0,0,0,0,0,0,0,0,0,0,0,0,0,0,0,0,0,0,0,0,0,0,0,0,0,0,0,0,0,0,0,0,0,0,0,0,0,0,0,0,0,0,0,0,0
T,Co+2,1,xtb,-56.3309,5.70395,0,2.0329,4.3496,0,0,1.51036,0,0,9.93751,7.41325,0,0.46904,6.48882,0,5.179,2.78866,0,13.5228,0,0,0,14.1747,0,0,23.7701,25.7135,0,0,34.9204,0,0,0,0,6.90503,0,0,17.5465,0,5.68115,27.4625,0,0,54.7443,0,6.06296,14.0914,28.2912,0,0,0,155.825,0,0,0,0,0,0,0,0,0,140.161,0,0,0,8.49203,0,0,8.22856,0,19.9186,44.8416,0,0,0,0,49.7083,0,0,0,0,0,0,0,145.365,0,416.44,0,0,304.435,0,0,51.7117,0,0,89.5851,0,40.6982,592.683,0,14.8233,0,0,0,0,0,229.843,0,0,501.282,0,0,0,0,0,0,0,0,0,0,0,0,130.09,0,0,0,0,0,0,0,0,0,0,0,71.4365,0,0,0,0,0,0,0,0,0,0,0,0,0,80.6261,0,0,0,0,0,0,0,0,0,0,328.595,0,0,0,0,0,0,0,99.3854,0,0,0,0,0,0,0,0,0,0,26.0924,0,0,0,0,0,0,0,0,0,0,0,0,0,0,0,0,0,0,0,14.6231,0,0,0,10.5897,0,0,0,0,0,39.817,0,0,0,0,0,0,0,230.315,0,5.04996,0,0,0,0,0,0,0,35.0846,0,2.10418,0,0,0,0,0,0,0,0,0,0,0,0,0,16.3191,0,0,0,0,0,85.3824,0,65.249,0,0,0,0,0,0,0,0,122.715,0,0,0,0,0,0,0,0,8.92243,0,0,0,0,0,0,0,0,0,0,0,0,0,0,0,8.5477,0,0,236.708,0,0,283.433,0,34.6987,144.971,0,50.3028,46.6473,0,0,0,0,0,0,0,0,0,0,0,0,0,0,0,0,0,0,0,0,0,0,0,0,0,0,174.605,0,0,0,0,0,0,0,0,0,0,0,0,0,0,0,0,0,0,0,0,0,0,0,0,0,0,0,0,0,0,0,0,0,0,0,0,0,0,0,0,0,0,0,0,0,0,0,0,0,0,0,0,0,0,0,0,0,0,0,0,0,0,0,0,0,0,0,0,0,0,0,0,0,0,0,0,0,0,0,0,0,0,0,0,0,0,0,0,0,0,0,0,0,0,0,0,0,0,0,0,0,0,0,0,0,0,0,0,0,0,0,0,0,0,0,0,0,0,0,0,0,0,0,0,0,0,0,0,0,0,0,0,0,0,0,0,0,0,0,0,0,0,0,0,0,0,0,0,0,0,0,0,0,0,0,0,0,0,0,0,0,0,0,0,0,0,0,0,0,0,0,0,0,0,0,0,0,0,0,0,0,0,0,0,0,0,0,0,0,0,0,0,0,0,0,0,0,0,0,0,0,0,0,0,0,0,0,0,0,0,0,0,0,0,0,0,0,0,0,0,0,0,0,0,0,0,39.5855,0,0,0,0,0,0,0,0,0,0,0,0,0,0,0,0,0,0,0,15.6089,0,0,0,0,0,0,0,0,0,0,0,0,0,0,0,0,0,0,0,0,0,0,0,0,0,0,0,14.4325,10.3047,0,0,3.8675,0,0,0,0,0,0,0,0,0,0,0,0,0,0,0,0,0,0,0,0,0,0,0,0,0,0,0,0,0,0,0,0,0,0,0,0,0,0,0,0,0,0,0,0,0,0,0,0,0,0,0,0,0,0,0,0,0,0,0,0,0,0,0,0,0,0,0,0,0,67.0098,0,0,0,3.95905,0,0,0,0,0,0,1.13014,0,0,0,0,0,0,0,0,0,0,0,0,0,0,80.5737,0,0,0,75.8832,0,0,0,0,0,174.332,69.9319,14.0072,44.8721,55.4073,0,0,16.2029,0,0,0,0,0,0,0,0,0,0,0,0,0,0,0,0,0,0,0,0,0,0,0,0,0,0,0,0,0,0,0,0,0,0,0,0,0,0,0,0,0,0,0,0,0,0,0,0,0,0,0,0,0,0,0,0,0,0,0,0,0,0,0,0,0,0,0,0,0,0,0,0,0,0,0
T,Cu+2,1,xtb,-41.3329,2.15792,0,8.26291,0,0,0,4.63302,3.52811,0,0,2.38267,0,3.40345,0,0,0,17.8462,0,0,0,25.4592,0,0,2.76697,0,0,0,11.1292,88.1362,0,1.36066,0,0,10.9793,0,0,0,0,0,0,0,5.67915,0,0,0,0,0,0,0,0,0,0,0,28.8062,27.4032,0,0,0,0,0,25.9187,0,0,0,0.90732,0,0,0,0,0,0,0,0,0,0,0,0,0,0,0,17.6141,0,0,0,15.0469,0,0,0,0,0,0,6.8467,20.6035,0,0,0,0,0,54.0972,0,0,0,0,0,0,444.831,0,0,0,0,0,0,110.855,0,0,0,481.594,0,0,103.723,0,0,0,0,0,0,0,0,0,0,87.3856,0,0,0,107.911,0,0,0,0,0,0,0,0,0,0,0,0,0,0,0,0,0,0,0,29.2217,0,0,0,0,0,0,0,0,0,45.4978,0,0,0,0,0,0,0,0,0,0,0,0,0,0,0,11.4207,0,0,0,128.891,0,0,0,0,0,0,0,0,0,1.98559,0,0,0,0,42.0168,0,0,0,0,6.43352,0,0,0,0,0,0,0,91.3404,0,0,0,0,128.732,0,0,32.0676,0,0,0,0,0,0,0,0,5.95184,0,0,0,0,0,0,23.8586,0,0,0,0,0,0,0,0,0,0,10.5063,0,0,0,12.538,0,0,0,0,0,0,216.057,0,0,0,0,0,0,0,2.16519,0,0,0,0,0,0,0,0,0,0,0,0,0,6.25123,0,0,189.537,0,7.86186,0,216.504,0,0,0,0,0,0,0,0,0,0,0,0,0,0,0,0,0,0,0,0,0,0,0,0,0,0,0,0,0,0,0,0,0,0,0,0,0,0,0,353.433,0,0,0,0,0,0,0,0,0,0,0,0,0,0,0,0,0,0,0,0,0,0,0,0,0,0,0,0,0,0,0,0,0,0,0,0,0,0,0,0,0,0,0,0,0,0,0,0,0,0,0,0,0,0,0,0,0,0,0,0,0,0,0,0,0,0,0,0,0,0,0,0,0,0,0,0,0,0,0,0,0,0,0,0,0,0,0,0,0,0,0,0,0,0,0,0,0,0,0,0,0,0,0,0,0,0,0,0,0,0,0,0,0,0,0,0,0,0,0,0,0,0,0,0,0,0,0,0,0,0,0,0,0,0,0,0,0,0,0,0,0,0,0,0,0,0,0,0,0,0,0,0,0,0,0,0,0,0,0,0,0,0,0,0,0,0,0,0,0,0,0,0,0,0,0,0,0,0,0,0,0,0,0,0,0,0,0,0,0,0,0,0,0,0,0,0,0,0,0,0,0,0,0,0,0,0,0,0,0,0,0,0,0,0,0,0,0,0,0,0,0,67.2707,0,0,0,0,0,0,0,0,0,0,0,0,0,0,0,0,0,0,0,0,0,0,0,0,0,0,0,0,7.44277,0,0,0,0,0,0,0,0,0,0,0,0,0,0,0,0,0,0,0,14.1244,0,0,10.4342,0,1.35208,0,0,0,0,0,0,0,0,0,0,0,0,0,0,0,0,0,0,0,0,0,0,0,0,0,0,0,0,0,0,0,0,0,0,0,0,0,0,0,0,0,0,0,0,0,0,0,0,0,0,0,0,0,0,0,0,0,0,0,0,107.68,0,0,0,0,23.4242,0,0,22.5134,0,0,0,0,0,0,0,0,0,0,0,0,0,0,0,0,0,0,0,0,0,0,41.3355,145.994,0,0,79.4554,57.0957,0,0,0,0,0,0,0,0,0,0,0,0,0,0,0,0,0,0,0,0,0,0,0,0,0,0,0,0,0,0,0,0,0,0,0,0,0,0,0,0,0,0,0,0,0,0,0,0,0,0,0,0,0,0,0,0,0,0,0,0,0,0,0,0,0,0,0,0,0,0,0,0,0,0,0,0,0,0,0,0,0,0,0,0,0,0,0,0,0,0
T,Ni+2,1,xtb,-52.4318,2.24764,0,2.90577,0,0,0,4.83213,0,9.28922,0,11.0768,0,3.35605,8.94556,0,16.6938,0,6.72256,0,3.80324,0,0,41.5289,0,0,19.884,0,0.82892,0,0.01131,0,0,9.26039,0,0,0,0,0,6.26125,24.9102,0,21.3906,0,0,0,0,6.30952,0,115.281,0,0,57.8617,0,0,23.4077,0,0,19.5615,0,0,0,0,0,0,0,0,0,8.39688,0,0,0,0,84.6691,8.12056,0,0,0,0,0,135.429,0,0,0,0,20.9824,133.821,0,0,136.867,0,0,324.128,0,67.773,32.8767,0,0,377.61,0,0,0,0,0,0,0,575.955,0,0,0,0,106.964,0,0,0,0,0,0,0,113.683,0,0,0,0,0,0,0,0,0,132.935,0,0,0,0,0,0,0,0,33.8691,0,0,0,0,0,0,0,0,0,0,0,0,0,0,0,0,0,0,0,7.10848,0,0,0,0,0,0,0,0,0,0,26.7651,0,0,0,0,0,0,0,0,0,0,11.9158,0,0,0,0,0,0,0,0,0,0,0,0,0,119.405,0,0,0,0,0,45.1405,0,0,0,10.1906,0,0,0,18.2939,0,0,0,0,0,0,43.8534,105.136,0,0,0,0,69.6515,0,0,0,0,0,0,0,0,0,0,0,0,13.7143,0,0,48.6963,0,0,0,0,0,0,0,0,109.492,0,0,0,0,0,6.24809,0,0,0,0,0,0,0,0,84.9357,0,0,0,0,0,0,0,4.73861,0,0,0,0,0,0,0,0,0,0,0,0,0,8.02988,0,0,0,0,149.485,0,0,285.523,69.627,48.6191,0,112.785,0,0,0,0,0,0,0,0,0,0,0,0,0,0,0,0,0,0,0,0,0,0,0,0,0,0,0,0,0,0,0,0,0,0,0,0,0,0,0,356.228,0,0,0,0,0,0,0,0,0,0,0,0,0,0,0,0,0,0,0,0,0,0,0,0,0,0,0,0,0,0,0,0,0,0,0,0,0,0,0,0,0,0,0,0,0,0,0,0,0,0,0,0,0,0,0,0,0,0,0,0,0,0,0,0,0,0,0,0,0,0,0,0,0,0,0,0,0,0,0,0,0,0,0,0,0,0,0,0,0,0,0,0,0,0,0,0,0,0,0,0,0,0,0,0,0,0,0,0,0,0,0,0,0,0,0,0,0,0,0,0,0,0,0,0,0,0,0,0,0,0,0,0,0,0,0,0,0,0,0,0,0,0,0,0,0,0,0,0,0,0,0,0,0,0,0,0,0,0,0,0,0,0,0,0,0,0,0,0,0,0,0,0,0,0,0,0,0,0,0,0,0,0,0,0,0,0,0,0,0,0,0,0,0,0,0,0,0,0,0,0,0,0,0,0,0,0,0,0,0,0,0,0,74.0925,0,0,0,0,0,0,0,0,0,0,0,0,0,0,0,0,0,0,0,0,0,0,0,0,0,0,21.8597,0,0,0,0,0,0,0,0,0,0,0,0,0,0,0,0,0,0,0,0,0,0,0,0,0,15.3246,0,16.6514,0,0,0,0,0,0,0,0,0,0,0,0,0,0,0,0,0,0,0,0,0,0,0,0,0,0,0,0,0,0,0,0,0,0,0,0,0,0,0,0,0,0,0,0,0,0,0,0,0,0,0,0,0,0,0,0,0,0,0,0,22.0449,0,0,0,7.10728,0,0,0,67.1038,0,0,0,0,0,0,0,0,0,0,0,0,0,0,0,0,0,0,0,0,0,0,0,0,0,0,0,0,78.2345,73.724,0,14.8766,134.167,0,0,56.5338,0,47.7422,0,0,0,0,0,0,0,0,0,0,0,0,0,0,0,0,0,0,0,0,0,0,0,0,0,0,0,0,0,0,0,0,0,0,0,0,0,0,0,0,0,0,0,0,0,0,0,0,0,0,0,0,0,0,0,0,0,0,0,0,0,0,0,0,0,0,0,0,0,0,0,0,0,0,0,0,0,0,0,0,0
T,Zn+2,1,xtb,-43.0912,3.40543,0,0,10.5288,0,0,4.25313,0,1.9567,5.6067,0,0,18.4788,1.40142,8.23171,0,0,3.061,0,0,0,0,0,6.97837,0,0,0,0,17.9536,6.47201,0,0,0,5.54063,8.25921,9.20434,0,0,19.4798,0,37.4621,0,0,0,4.69692,0,0,0,228.878,0,0,0,0,0,0,0,8.07889,0,0,98.8625,0,0,0,0,0,5.1871,0,10.1615,0,0,0,0,0,0,258.799,0,0,0,0,0,14.519,0,0,0,0,58.0579,0,0,0,55.7762,0,0,0,501.075,0,0,416.033,0,0,0,0,0,0,0,0,0,0,144.783,0,0,0,25.4342,0,0,0,0,0,0,0,0,0,0,0,0,0,0,0,0,136.561,0,0,0,0,0,5.29373,0,0,0,0,0,0,0,0,0,0,0,0,0,0,0,0,0,0,0,0,0,26.229,0,0,0,0,0,0,0,10.1797,0,0,0,0,0,0,0,0,0,0,0,0,0,0,0,23.1929,0,0,0,0,0,0,0,0,0,0,0,0,0,0,11.2042,163.748,0,0,0,0,0,179.214,0,0,0,21.9761,0,0,0,0,0,0,0,98.1884,0,0,0,50.7745,0,121.947,0,0,0,0,0,0,0,0,0,24.6137,0,0,0,0,105.55,0,0,0,0,0,2.59373,0,0,0,0,0,0,0,0,13.3771,0,0,0,0,30.1532,0,0,0,0,0,0,0,0,0,0,0,0,0,9.56313,0,0,0,0,0,0,0,0,0,0,0,0,0,0,10.9948,0,181.437,147.686,21.0856,0,0,118.473,84.8186,0,0,0,0,0,0,0,0,0,0,0,0,0,0,0,0,0,0,0,0,0,0,0,0,0,0,0,0,0,0,0,0,0,0,0,0,0,0,0,0,0,0,0,0,0,0,0,0,0,0,0,0,0,0,0,0,0,0,0,0,0,494.739,0,0,0,0,0,0,0,0,0,0,0,0,0,0,0,0,0,0,0,0,0,0,0,0,0,0,0,0,0,0,0,0,0,0,0,0,0,0,0,0,0,0,0,0,0,0,0,0,0,0,0,0,0,0,0,0,0,0,0,0,0,0,0,0,0,0,0,0,0,0,0,0,0,0,0,0,0,0,0,0,0,0,0,0,0,0,0,0,0,0,0,0,0,0,0,0,0,0,0,0,0,0,0,0,0,0,0,0,0,0,0,0,0,0,0,0,0,0,0,0,0,0,0,0,0,0,0,0,0,0,0,0,0,0,0,0,0,0,0,0,0,0,0,0,0,0,0,0,0,0,0,0,0,0,0,0,0,0,0,0,0,0,0,0,0,0,0,0,0,0,0,0,0,0,0,0,0,0,0,0,0,0,0,0,0,0,0,0,0,0,0,0,0,0,0,0,0,0,0,0,0,0,0,0,0,46.48,0,0,0,0,0,0,0,0,0,0,0,0,0,0,0,0,0,0,0,0,17.2861,0,0,0,0,0,0,0,0,0,0,39.8276,0,0,0,0,0,0,0,0,17.8937,0,4.33009,0,0,0,0,0,0,0,0,0,0,0,0,0,0,0,0,0,0,0,0,0,0,0,0,0,0,0,0,0,0,0,0,0,0,0,0,0,0,0,0,0,0,0,0,0,0,0,0,0,0,0,0,0,0,0,0,0,14.9892,0,0,0,0,7.38644,0,61.9436,0,0,0,0,0,0,0,0,0,0,0,0,0,0,0,0,0,0,0,0,0,0,0,0,66.7958,0,86.0415,0,0,0,0,0,50.9291,0,0,0,95.492,39.7212,0,0,39.7461,0,0,0,0,0,0,0,0,0,0,0,0,0,0,0,0,0,0,0,0,0,0,0,0,0,0,0,0,0,0,0,0,0,0,0,0,0,0,0,0,0,0,0,0,0,0,0,0,0,0,0,0,0,0,0,0,0,0,0,0,0,0,0,0,0,0,0,0,0,0,0,0,0,0,0,0,0,0,0,0,0
T,none,1,xtb,-28.1713,1.96025,0,0,5.47664,0,0,0,0,0,0,0,0,0,0,0,0,0,0,0,0,1.72987,0,0,0,0,0,10.1916,0,0,0,0,0,0,0,8.14011,0,0,0,0,16.0892,0,0,0,0,4.43039,0,0,0,0,0,0,0,0,0,0,0,0,0,0,8.45791,0,0,0,0,0,0,0,0,19.3542,0,0,0,0,0,0,0,0,0,0,20.7809,0,179.16,0,0,0,0,0,0,0,0,0,0,0,0,0,0,0,0,0,0,0,0,33.1392,0,0,0,0,0,0,0,0,0,0,27.4686,0,0,0,0,0,92.4669,0,0,0,0,0,0,0,0,0,0,0,91.8564,0,0,0,0,0,0,0,0,0,0,0,0,0,0,0,0,0,0,0,0,0,0,0,0,0,14.7821,0,0,0,0,0,0,0,0,0,0,0,79.0098,0,0,0,0,0,0,0,0,0,0,25.7421,0,0,0,0,0,0,0,0,0,0,100.814,0,0,0,6.55652,0,0,0,0,0,0,0,43.6742,0,0,0,0,0,0,0,127.538,0,288.654,0,0,0,0,0,21.7414,0,0,0,0,15.3844,0,0,0,0,0,0,13.5489,0,0,0,0,32.4357,0,92.441,0,0,0,0,0,0,0,0,0,0,0,16.3831,0,0,0,0,6.88942,0,0,0,0,109.39,0,0,0,0,0,0,0,0,0,11.2971,0,0,0,0,0,0,0,0,0,0,0,0,0,0,0,2.1733,0,0,4.59297,0,0,0,0,0,0,0,0,0,0,0,0,39.8176,0,0,0,0,0,0,0,0,0,0,0,0,0,0,0,0,0,0,0,0,0,0,0,0,0,0,0,0,0,0,0,0,0,0,0,0,0,0,0,0,0,0,0,0,458.976,0,0,0,0,0,0,0,0,0,0,0,0,0,0,0,0,0,0,0,0,0,0,0,0,0,0,0,0,0,0,0,0,0,0,0,0,0,0,0,0,0,0,0,0,0,0,0,0,0,0,0,0,0,0,0,0,0,0,0,0,0,0,0,0,0,0,0,0,0,0,0,0,0,0,0,0,0,0,0,0,0,0,0,0,0,0,0,0,0,0,0,0,0,0,0,0,0,0,0,0,0,0,0,0,0,0,0,0,0,0,0,0,0,0,0,0,0,0,0,0,0,0,0,0,0,0,0,0,0,0,0,0,0,0,0,0,0,0,0,0,0,0,0,0,0,0,0,0,0,0,0,0,0,0,0,0,0,0,0,0,0,0,0,0,0,0,0,0,0,0,0,0,0,0,0,0,0,0,0,0,0,0,0,0,0,0,0,0,0,0,0,0,0,0,0,0,0,0,0,0,0,0,0,0,0,0,0,0,0,0,0,0,0,0,0,0,0,0,0,0,0,0,0,0,0,0,0,0,0,0,0,7.94106,36.2243,0,0,0,0,0,0,0,0,0,0,0,0,0,0,0,0,0,21.362,29.3459,16.2859,0,0,0,0,0,0,0,0,0,0,0,0,0,0,0,0,0,0,0,0,0,0,0,0,0,0,0,0,0,0,0,0,0,0,0,0,0,0,0,0,0,0,0,0,0,0,0,0,0,0,0,0,0,0,0,0,0,0,0,0,0,0,0,0,0,5.01436,0,0,0,0,0,0,0,2.30637,31.5761,0,0,0,0,0,0,0,0,0,0,29.4364,0,0,0,0,0,0,0,0,0,0,0,0,0,0,0,0,0,0,0,0,0,0,0,0,0,0,0,0,0,0,0,0,0,0,0,0,0,0,0,0,0,0,0,0,0,0,0,0,0,0,0,0,0,0,0,0,0,0,0,0,0,0,0,0,0,0,0,0,0,0,0,0,0,0,0,0,0,0,0,0,0,0,0,0,0,0,0,0,0,0,0,0,0,0,0,0,0,0,0,0,0,0,0,0
V,Co+2,1,xtb,-55.4113,3.50852,0,5.03923,0.20899,5.55546,3.12639,0,4.75292,0,0,0,0,21.2431,1.86744,4.37788,0,0,2.94385,11.6634,0,6.27344,10.187,0,0,2.80828,0,24.2963,5.55586,0,0,13.5245,9.29782,11.8076,0,0,0,34.1584,5.96772,0,0,17.2703,0,6.19509,0,0,0,11.2362,25.6581,0,124.653,0,0,0,0,51.3421,0,0,3.10147,156.756,63.1719,0,0,0,0,0,0,0,10.5435,0,0,35.1292,0,0,0,0,0,0,78.2865,0,20.8003,0,0,0,0,0,116.491,0,0,0,0,0,0,135.223,107.757,0,0,0,0,79.6468,120.536,0,0,0,0,0,362.891,0,0,105.063,0,0,175.809,0,0,0,0,244.294,0,0,0,0,0,0,0,284.127,0,0,0,0,307.642,0,0,0,0,147.903,0,0,0,0,0,0,0,0,0,0,0,0,0,0,0,0,0,0,0,0,0,0,17.1383,0,0,0,0,0,0,0,0,0,0,0,10.8577,0,0,0,0,0,0,0,0,0,0,3.07411,0,0,0,0,0,5.06485,0,0,0,0,0,0,0,0,0,0,0,0,2.0591,0,0,0,0,0,0,0,5.92223,0,0,0,52.579,0,0,0,77.4817,0,0,0,0,0,50.5857,0,0,105.69,0,0,6.93314,0,0,0,0,10.7848,0,0,0,0,0,0,0,0,0,55.6842,0,0,0,0,0,0,0,61.1984,0,1.0601,0,0,118.139,0,0,0,0,0,0,0,0,0,0,0,0,0,0,0,0,0,16.7239,0,0,16.4805,0,0,0,0,0,173.38,63.4689,0,26.1704,0,175.018,220.069,139.207,0,135.573,0,0,0,0,0,0,0,0,0,0,0,0,0,0,0,0,0,0,0,0,0,0,0,0,0,0,0,0,0,0,0,0,0,0,0,0,0,0,0,0,0,0,0,0,0,470.279,0,0,0,0,0,0,0,0,0,0,0,0,0,0,0,0,0,0,0,0,0,0,0,0,0,0,0,0,0,0,0,0,0,0,0,0,0,0,0,0,0,0,0,0,0,0,0,0,0,0,0,0,0,0,0,0,0,0,0,0,0,0,0,0,0,0,0,0,0,0,0,0,0,0,0,0,0,0,0,0,0,0,0,0,0,0,0,0,0,0,0,0,0,0,0,0,0,0,0,0,0,0,0,0,0,0,0,0,0,0,0,0,0,0,0,0,0,0,0,0,0,0,0,0,0,0,0,0,0,0,0,0,0,0,0,0,0,0,0,0,0,0,0,0,0,0,0,0,0,0,0,0,0,0,0,0,0,0,0,0,0,0,0,0,0,0,0,0,0,0,0,0,0,0,0,0,0,0,0,0,0,0,0,0,0,0,0,0,0,0,0,0,0,0,0,0,0,0,0,0,0,0,0,0,0,0,0,0,0,0,0,0,0,0,0,0,0,0,0,0,0,0,0,0,0,0,0,0,0,0,0,0,0,0,0,0,0,0,0,0,2.19694,0,0,0,0,0,0,0,0.38371,0,0,0,0,0,0,0,10.3588,38.9262,0,25.1166,0,0,17.3628,0,0,0,1.31923,0.74724,0,0,0,0,0,0,0,0,0,0,0,0,0,0,0,0,0,0,0,0,0,0,0,0,0,0,0,0,0,0,0,414.498,0,0,0,0,0,0,0,0,41.044,36.8016,0,0,0,0,0,0,0,0,0,0,0,0,0,0,0,0,0,0,120.123,0,0,0,0,0,0,0,0,0,0,0,0,0,0,0,0,0,0,0,0,0,0,0,0,0,0,90.9223,113.225,0,0,0,85.8158,0,0,151.121,110.417,0,0,0,163.843,0,0,0,40.2051,0,0,0,0,0,0,0,0,0,0,0,0,0,0,0,0,0,0,0,0,0,0,0,0,0,0,0,0,0,0,0,0,0,0,0,0,0,0,0,0,0,0,0,0,0,0,0,0,0,0,0,0,0,0,0,0,0,0,0,0,0,0,0,0,0,0,0,0,0,0,0,0,0,0,0,0,0,0,0,0
V,Cu+2,1,xtb,-45.4595,87.5693,0,1.54899,0.12493,0,0,63.7407,0,15.3657,0,0,0,53.943,0,0,0,0,0,0,0,0,2.73645,0,0,0,0,0,0,0,0,0,2.61466,0,0,0,0,1.79859,0,0,0,0,0,1.08869,1.26093,0,0,7.48639,0,6.05016,5.87268,0,0,0,49.7608,0,0,0,0,0,48.2887,0,0,0,0,7.8677,0,0,0,0,0,0,0,0,0,23.3111,0,0,0,0,0,0,0,0,276.455,0,300.854,242.964,0,0,151.657,0,0,0,24.7425,196.882,0,0,147.828,189.744,0,0,0,0,0,0,0,0,0,0,232.553,0,0,40.3508,0,0,0,0,0,0,0,0,0,0,0,0,0,0,0,0,0,97.6534,0,0,0,0,0,0,0,0,0,0,0,638.657,0,0,0,0,0,0,0,0,0,0,0,25.5643,0,0,0,0,0,0,0,0,0,0,0,0,0,0,0,0,0,0,0,0,0,29.4003,0,0,0,8.044,0,0,56.2527,0,0,0,0,0,33.3972,0,0,0,0,0,0,0,0,0,0,0,0,0,0,0,0,0,0,0,231.578,0,0,230.629,0,0,0,0,870.825,0,0,0,0,174.024,0,0,356.19,0,0,0,0,0,76.1282,0,0,0,0,52.0856,0,0,0,0,328.507,0,0,0,0,0,0,14.1868,0,0,2.29375,0,0,0,0,0,0,0,0,0,0,0,0,0,0,0,0,70.8378,0,0,0,0,0,87.3429,0,0,0,97.9475,198.676,0,0,133.225,650.508,0,0,105.6,0,0,0,0,0,0,0,0,0,0,0,0,0,0,0,0,0,0,0,0,0,0,0,0,0,0,0,0,0,0,0,0,0,0,0,0,0,0,0,0,0,0,0,0,0,0,0,0,0,0,0,0,0,0,0,0,0,0,0,0,0,0,0,0,0,0,0,0,0,389.786,0,0,0,0,0,0,0,0,0,0,0,0,0,0,0,0,0,0,0,0,0,0,0,0,0,0,0,0,0,0,0,0,0,0,0,0,0,0,0,0,0,0,0,0,0,0,0,0,0,0,0,0,0,0,0,0,0,0,0,0,0,0,0,0,0,0,0,0,0,0,0,0,0,0,0,0,0,0,0,0,0,0,0,0,0,0,0,0,0,0,0,0,0,0,0,0,0,0,0,0,0,0,0,0,0,0,0,0,0,0,0,0,0,0,0,0,0,0,0,0,0,0,0,0,0,0,0,0,0,0,0,0,0,0,0,0,0,0,0,0,0,0,0,0,0,0,0,0,0,0,0,0,0,0,0,0,0,0,0,0,0,0,0,0,0,0,0,0,0,0,0,0,0,0,0,0,0,0,0,0,0,0,0,0,0,0,0,0,0,0,0,0,0,0,0,0,0,0,0,0,0,0,0,0,0,0,0,0,0,0,0,0,0,0,0,0,0,0,0,0,0,0,0,0,149.445,0,28.4223,0,0,0,0,0,0,0,0,0,0,0,0,99.9711,0,0,472.509,13.9561,186.254,0,0,0,0,0,0,0,0,0,0,0,0,0,0,0,0,0,0,0,0,0,0,0,0,0,0,0,0,0,0,0,0,0,0,0,0,0,0,0,0,0,0,0,0,0,0,0,0,0,0,0,0,0,0,0,0,0,706.603,0,0,0,0,0,0,0,0,0,0,0,0,774.87,0,0,0,0,0,0,0,0,0,0,0,0,115.236,0,0,0,0,0,0,0,0,0,0,0,134.416,133.21,0,175.137,101.268,116.981,82.3855,0,0,0,0,0,0,0,0,0,0,0,0,0,0,0,0,0,0,0,0,0,0,0,0,0,0,0,0,0,0,0,0,0,0,0,0,0,0,0,0,0,0,0,0,0,0,0,0,0,0,0,0,0,0,0,0,0,0,0,0,0,0,0,0,0,0,0,0,0,0,0,0,0,0,0,0,0,0,0,0,0,0,0,0,0,0,0
V,Ni+2,1,xtb,-56.5704,2.17213,0,2.85459,4.74502,0,1.25255,0,0,15.8053,0,4.66634,0,20.0479,7.40071,4.82439,0,7.5634,0,0,2.82324,2.7764,0,0,3.34551,0,30.3002,9.91098,0,0,6.11955,0,21.5444,0,0,25.7245,0,0,0,3.95831,43.5354,0,0,0,0,21.5867,0,0,46.3564,0,0,0,5.0593,0,16.4908,0,6.38653,0,0,3.96346,0,0,0,0,0,0,0,0,0,12.8141,60.9297,55.696,0,69.8015,0,0,295.885,0,0,0,0,0,25.5768,0,0,403.057,0,0,0,0,138.06,71.0776,0,0,248.449,0,204.965,0,0,0,0,0,140.324,0,0,0,0,252.982,0,0,0,0,80.5069,0,0,56.0698,0,0,0,0,0,0,0,0,0,0,0,0,173.081,0,0,0,0,0,122.95,0,0,0,0,0,0,0,0,0,0,0,0,0,0,0,0,0,0,0,0,14.5953,0,0,0,0,0,0,0,0,0,0,0,0,0,0,0,9.41913,0,0,0,0,0,0,0,0,0,2.80245,0,0,0,0,0.44331,6.88275,0,0,0,0,0,0,0,0,0,16.6,0,0,0,0,0,0,3.36556,0,0,0,0,0,24.9665,0,0,0,45.5281,0,0,0,0,191.478,0,0,0,0,0,0,0,58.9655,0,0,0,29.683,0,0,0,0,0,0,0,0,0,0,23.3014,0,0,0,0,0,0,49.5686,0,0,3.06235,0,0,0,0,0,168.011,0,0,0,0,0,0,0,0,0,0,0,0,0,0,0,20.7556,0,0,28.8545,0,0,0,0,95.102,0,0,18.0704,0,0,224.136,232.895,0,101.669,212.101,54.0479,0,0,0,0,0,0,0,0,0,0,0,0,0,0,0,0,0,0,0,0,0,0,0,0,0,0,0,0,0,0,0,0,0,0,385.257,0,0,0,0,0,0,0,0,0,0,0,0,0,0,0,0,0,0,0,0,0,0,0,0,0,0,0,0,0,0,0,0,0,0,0,0,0,0,0,0,0,0,0,0,0,0,0,0,0,0,0,0,0,0,0,0,0,0,0,0,0,0,0,0,0,0,0,0,0,0,0,0,0,0,0,0,0,0,0,0,0,0,0,0,0,0,0,0,0,0,0,0,0,0,0,0,0,0,0,0,0,0,0,0,0,0,0,0,0,0,0,0,0,0,0,0,0,0,0,0,0,0,0,0,0,0,0,0,0,0,0,0,0,0,0,0,0,0,0,0,0,0,0,0,0,0,0,0,0,0,0,0,0,0,0,0,0,0,0,0,0,0,0,0,0,0,0,0,0,0,0,0,0,0,0,0,0,0,0,0,0,0,0,0,0,0,0,0,0,0,0,0,0,0,0,0,0,0,0,0,0,0,0,0,0,0,0,0,0,0,0,0,0,0,0,0,0,0,0,0,0,0,0,0,0,0,0,0,0,0,0,0,0,0,0,0,0,0,0,0,0,0,0,0,0,1.74103,0,0,0,0,0,0,0,0,0,6.3154,0,0,0,0,0,0,0,0,0,0,12.8132,0,0,10.3564,37.5936,0,0,12.8924,0,3.23659,9.249,0,0,0,0,0,0,0,0,0,0,0,0,0,0,0,0,0,0,0,0,0,0,0,0,0,0,0,0,47.4612,0,0,0,0,0,0,0,0,0,0,0,0,0,37.9507,0,0,0,0,0,0,0,0,0,0,0,0,0,0,0,134.232,0,0,0,0,0,0,0,0,0,0,0,0,0,0,0,0,0,0,0,0,0,0,0,0,89.7969,0,0,0,0,0,110.253,0,0,0,0,0,0,0,0,59.5031,184.237,47.5163,94.3373,61.8047,80.6428,48.2679,0,0,0,0,0,0,0,0,0,0,0,0,0,0,0,0,0,0,0,0,0,0,0,0,0,0,0,0,0,0,0,0,0,0,0,0,0,0,0,0,0,0,0,0,0,0,0,0,0,0,0,0,0,0,0,0,0,0,0,0,0,0,0,0,0,0,0,0,0,0,0,0,0,0,0,0,0,0,0,0,0
V,Zn+2,1,xtb,-42.1554,0.16911,0,1.21485,0,19.5484,1.12401,0.59884,0,0,0,2.20045,0,2.30034,0.16353,0,0,0,3.46733,0,15.6564,5.08135,0,7.82851,0,0,1.62137,0,3.96441,0,0,0,0,0.7517,0,0,1.44861,0,0,0,6.33881,0,85.9702,6.96154,51.2941,0,21.3431,0,0,0,0,250.026,0,0,116.148,0,0,0,0,0,0,5.98334,0,0,0,0,0,0,11.1851,0,21.2633,0,0,0,91.171,0,0,0,0,0,0,0,216.591,147.098,0,0,0,185.727,0,0,0,0,401.849,0,0,0,0,23.6679,0,0,0,0,0,84.8565,0,0,0,0,0,0,0,0,0,0,0,0,0,0,0,0,0,58.0059,0,0,0,0,0,0,0,94.328,0,0,0,0,0,0,0,0,220.434,0,0,0,0,0,0,0,0,0,0,0,0,0,0,0,0,0,1.0344,0,0,0,0,0,0,0,0,0,0,0,0,0,11.91,0,0,0,0,0,0,0,0,0,5.51039,0,0,4.16063,0,0,0.35525,0,0,0,0,0,0,0,0,0,0,0,0,0,0,0,0,0,7.66835,0,0,0,10.2306,29.9387,0,0,0,0,226.219,0,0,0,21.7954,0,0,0,0,0,8.32996,0,0,14.5465,0,0,0,0,0,38.2726,0,0,0,0,0,0,28.294,0,0,0,0,0,0,0,0,0,25.7935,0,0,15.5189,0,0,0,0,0,0,0,0,0,0,0,0,0,0,143.815,0,0,16.8411,0,0,0,0,0,22.5123,6.85038,0,0,0,0,0,0,0,137.567,226.21,115.766,186.098,0,0,0,0,0,0,0,0,0,0,0,0,0,0,0,0,0,0,0,0,0,0,0,0,0,0,0,0,0,0,636.252,0,0,0,0,0,0,0,0,0,0,0,0,0,0,0,0,0,0,0,0,0,0,0,0,0,0,0,0,0,0,0,0,0,0,0,0,0,0,0,0,0,0,0,0,0,0,0,0,0,0,0,0,0,0,0,0,0,0,0,0,0,0,0,0,0,0,0,0,0,0,0,0,0,0,0,0,0,0,0,0,0,0,0,0,0,0,0,0,0,0,0,0,0,0,0,0,0,0,0,0,0,0,0,0,0,0,0,0,0,0,0,0,0,0,0,0,0,0,0,0,0,0,0,0,0,0,0,0,0,0,0,0,0,0,0,0,0,0,0,0,0,0,0,0,0,0,0,0,0,0,0,0,0,0,0,0,0,0,0,0,0,0,0,0,0,0,0,0,0,0,0,0,0,0,0,0,0,0,0,0,0,0,0,0,0,0,0,0,0,0,0,0,0,0,0,0,0,0,0,0,0,0,0,0,0,0,0,0,0,0,0,0,0,0,0,0,0,0,0,0,0,0,0,0,0,0,0,0,0,0,0,0,0,0,0,173.321,0,0,0,0,0,0,0,0,0,0,0,0,0,0,0,0,0,0,0,0,0,13.2535,0,1.58055,0,0,0,0,0,0,0,0,0,0,0,0,0,0,0,0,0,0,7.55564,0,0,0,1.25368,14.0245,3.89768,0,0,0,0,0,0,0,0,0,0,0,0,0,0,0,0,0,0,0,0,0,0,0,0,0,0,0,0,0,0,0,0,0,0,0,0,0,0,0,0,0,0,0,0,0,0,0,34.0303,0,0,199.878,0,0,0,0,0,0,0,0,0,0,0,0,0,0,0,0,0,0,0,0,0,0,0,0,0,0,0,0,0,0,0,0,86.5924,0,159.239,107.179,0,0,0,0,86.3635,91.8839,86.402,0,0,0,0,0,0,0,0,0,0,0,0,0,0,0,0,0,0,0,0,0,0,0,0,0,0,0,0,0,0,0,0,0,0,0,0,0,0,0,0,0,0,0,0,0,0,0,0,0,0,0,0,0,0,0,0,0,0,0,0,0,0,0,0,0,0,0,0,0,0,0,0,0,0,0,0,0,0,0,0,0,0,0,0,0,0,0,0,0,0,0,0
V,none,1,xtb,-27.2496,3.10558,0,0,0,0,0.2645,0,0,0,0,0,0,0,0,0,0,0,0,0,0,0,0.18105,0,0,0,30.4772,0,0,0,0,5.39148,0,0,0,0,0,0,2.14615,0,0,0,12.4084,0,0,0,0,6.11442,0,0,0,0,0,0,0,0,0,5.44366,0,0,0,0,0,0,0,0,0,0,3.11389,0,0,0,0,0,0,0,0,13.6248,0,0,0,0,0,0,0,0,0,0,0,0,0,0,0,0,0,0,0,0,0,0,25.9893,0,0,0,0,0,0,0,0,0,37.6886,0,0,0,0,0,0,0,0,0,84.7675,0,0,0,0,0,0,0,0,0,0,0,89.6734,0,0,0,0,0,0,0,0,0,0,0,0,0,0,0,0,0,0,0,0,0,0,0,9.7771,0,0,0,0,0,0,0,0,0,0,0,0,53.8728,0,0,0,0,0,0,0,0,0,0,0,3.97669,0,0,0,27.1346,0,0,20.2644,0,0,0,86.4886,0,0,0,0,0,0,0,0,0,0,0,18.7111,0,0,0,0,0,38.5335,0,0,0,272.811,0,0,0,0,0,0,0,5.57159,0,0,0,0,0,0,5.26646,0,0,5.42957,0,31.0962,0,0,0,0,0,58.6814,0,0,0,0,0,0,0,0,0,0,0,0,0,6.01276,0.70967,0,0,8.71877,0,0,0,0,0,0,0,0,0,0,0,0,6.22496,0,0,2.83956,0,0,0,0,0,0,0,0,0,0,0,0,0,0,2.12262,0.23721,0,9.3776,0,0,0,0,0,0,0,0,0,0,0,33.5739,0,0,0,0,0,0,0,0,0,0,0,0,0,0,0,0,0,0,0,0,0,0,0,0,0,0,0,0,0,0,0,0,0,0,0,0,0,0,0,0,0,0,459.842,0,0,0,0,0,0,0,0,0,0,0,0,0,0,0,0,0,0,0,0,0,0,0,0,0,0,0,0,0,0,0,0,0,0,0,0,0,0,0,0,0,0,0,0,0,0,0,0,0,0,0,0,0,0,0,0,0,0,0,0,0,0,0,0,0,0,0,0,0,0,0,0,0,0,0,0,0,0,0,0,0,0,0,0,0,0,0,0,0,0,0,0,0,0,0,0,0,0,0,0,0,0,0,0,0,0,0,0,0,0,0,0,0,0,0,0,0,0,0,0,0,0,0,0,0,0,0,0,0,0,0,0,0,0,0,0,0,0,0,0,0,0,0,0,0,0,0,0,0,0,0,0,0,0,0,0,0,0,0,0,0,0,0,0,0,0,0,0,0,0,0,0,0,0,0,0,0,0,0,0,0,0,0,0,0,0,0,0,0,0,0,0,0,0,0,0,0,0,0,0,0,0,0,0,0,0,0,0,0,0,0,0,0,0,0,0,0,0,0,0,0,0,0,0,0,0,0,24.0782,0,0,0,38.6814,0,0,0,0,0,0,0,0,0,0,0,0,0,0,0,0,0,30.3631,0,60.745,39.0883,28.419,0,21.4665,0,0,0,0,0,0,0,0,0,0,0,0,0,0,0,0,0,0,0,0,0,0,0,0,0,0,0,0,0,0,0,0,0,0,0,0,0,0,0,0,0,0,0,0,0,0,0,0,0,0,0,0,0,0,0,0,0,0,0,0,0,0,0,0,0,0,6.1315,0,0,0,2.56586,0,0,26.4421,0,0,0,0,0,0,0,0,0,0,0,0,0,0,0,0,0,0,0,0,0,0,0,0,0,0,0,0,0,0,0,0,0,0,0,0,0,0,0,0,0,0,0,0,0,0,0,0,0,0,0,0,0,0,0,0,0,0,0,0,0,0,0,0,0,0,0,0,0,0,0,0,0,0,0,0,0,0,0,0,0,0,0,0,0,0,0,0,0,0,0,0,0,0,0,0,0,0,0,0,0,0,0,0,0,0,0,0,0,0,0,0,0,0
W,Co+2,1,xtb,-71.6736,15.0535,0,0,2.51596,0.3002,1.38002,0,0,0,0,15.3974,0,0,0.22586,0,6.41311,0,0,2.92159,2.81706,0,5.00908,0,0,29.2625,0,7.07287,0,12.3773,61.0808,24.5813,13.4924,0,0,67.1792,0,0,0,0,7.88118,38.8756,12.2897,0,0,40.0793,0,20.633,0,0,0,0,60.1588,0,0,40.902,0,0,0,56.0579,0,0,0,0,18.9651,0,0,1.45127,50.2003,0,0,0,139.852,566.379,0,0,0,0,44.2731,0,2.65947,0,0,0,386.117,0,0,0,64.1281,0,28.4743,0,0,0,0,4.80615,0,29.09,143.055,0,0,0,0,44.4368,0,68.0163,114.854,0,0,139.201,78.1617,0,0,0,0,0,110.756,0,0,24.4438,0,0,79.035,386.786,0,0,0,0,0,0,0,3.19766,0,0,0,174.252,0,0,0,5.62721,0,0,0,0,28.1156,0,0,0,16.9822,0,0,19.7391,0,0,8.31984,0,0,0,0,0,2.73003,10.6999,0,0,0,0,0,0,0,0,0,0,1.24538,0,0,0,1.52416,0,0,0,2.741,0,0,0,0,0,0,0,0,0,7.56286,0,0,0,0,0,0,0,0,0,0,2.55717,0,0,18.7205,25.4289,0,0,0,0,32.4921,0,0,40.9898,0,0,2.14647,0,0,0,10.9117,28.9655,0,0,26.7063,0,1.63532,0,0,0,0,15.533,0,0,0,0,13.6251,0,0,2.02966,0,0,57.5644,0,0,0,0,0,25.7983,0,38.3081,0,0,0,0,0,0,273.989,47.716,0,0,48.483,0,0,0,0,0,0,0,31.8684,0,0,59.2381,0,0,0,0,0,0,0,0,0,7.46266,0,68.225,0,0,502.745,465.524,0,408.814,0,0,0,180.426,69.3915,0,0,0,0,0,22.1987,0,0,0,101.279,0,0,0,0,0,0,0,0,0,0,0,0,0,0,0,0,0,0,0,0,0,0,0,0,0,0,0,0,0,0,0,0,0,220.624,0,0,0,0,0,0,0,0,0,0,0,0,0,0,0,0,0,0,0,0,0,0,0,0,0,0,0,0,0,0,0,0,0,0,0,0,0,0,0,0,0,0,0,0,0,0,0,0,0,0,0,0,0,0,0,0,0,0,0,0,0,0,0,0,0,0,0,0,0,0,0,0,0,0,0,0,0,0,0,0,0,0,0,0,0,0,0,0,0,0,0,0,0,0,0,0,0,0,0,0,0,0,0,0,0,0,0,0,0,0,0,0,0,0,0,0,0,0,0,0,0,0,0,0,0,0,0,0,0,0,0,0,0,0,0,0,0,0,0,0,0,0,0,0,0,0,0,0,0,0,0,0,0,0,0,0,0,0,0,0,0,0,0,0,0,0,0,0,0,0,0,0,0,0,0,0,0,0,0,0,0,0,0,0,0,0,0,0,0,0,0,0,0,0,0,0,0,0,0,0,0,0,0,0,0,0,0,0,0,0,0,0,0,0,0,0,0,0,0,0,0,0,0,0,0,0,0,0,0,0,0,0,0,0,0,0,0,0,0,0,0,0,0,9.90152,0,0,13.3662,0,0,0,27.5133,0,0,0,0,0,0,0,0,0,0,0,0,0,0,0,0,10.507,0,0,0,0,0.48378,8.34788,0,10.5057,0,0,0,0,0,4.26704,0,0,0,0,0,0,0,0,0,0,0,0,0,0,0,0,0,0,0,0,0,0,0,0,0,0,0,0,0,0,0,12.2696,0,0,64.2788,0,0,26.2291,0,0,0,0,0,0,0,0,0,0,68.2672,0,0,0,0,0,0,0,0,0,0,80.9313,0,0,0,0,0,0,0,0,0,0,0,0,0,0,11.1947,179.226,0,0,0,151.879,0,0,159.67,0,154.061,0,0,37.3293,0,149.516,0,0,150.842,42.1294,0,0,0,0,0,0,0,0,0,0,0,0,0,0,0,0,0,0,0,0,0,0,0,0,0,0,0,0,0,0,0,0,0,0,0,0,0,0,0,0,0,0,0,0,0,0,0,0,0,0,0,0,0,0,0,0,0,0,0,0,0,0,0,0,0,0,0,0,0,0,0,0,0,0,0,0
W,Cu+2,1,xtb,-61.7527,16.6082,0,0,7.72646,0,6.70201,0,0,0,0,0,6.91123,0,7.44396,0,0,0,0,0,30.5384,12.5057,0,22.0245,0,9.92305,0,0,0,0,21.9868,59.9893,20.1659,0,0,0,0,0,0,0,5.5494,0,24.7589,0,0,0,11.8535,0,0,0,0,0,0,0,0,0,74.6086,33.1183,0,0,5.1318,0,0,0,0,7.79495,0,0,0,0,0,0,0,0,0,0,0,3.61785,0,0,138.532,52.1771,0,0,111.832,0,0,0,0,32.3091,0,26.8775,91.1379,248.281,732.708,0,6.91874,0,0,0,23.2029,0,183.206,0,0,0,0,72.7536,0,0,0,0,0,48.2234,0,0,0,0,0,0,0,0,57.3428,0,97.621,0,0,0,0,1.57311,0,0,0,160.852,0,0,0,0,0,35.7049,0,0,0,21.5116,0,0,0,0,21.8269,0,0,0,0,17.1147,0,0,0,0,0,18.5969,15.9413,0,16.2064,0,0,0,0,0,0,5.30566,0,0,3.02066,0,0,0,0.28488,0,0,0,17.8073,0,0,0,0,0,0,0,0,0,0,0,0,0,0,8.3746,0,0,0,0,0,3.93341,0,51.2405,0,0,0,0,9.38393,0,14.7802,21.5316,0,0,0,0,0,0,39.3317,154.35,0,0,0,0,32.9414,0,7.52998,0,0,0,47.0904,0,0,21.5259,0,0,14.4704,0,0,0,0,0,0,0,54.0209,0,26.8058,0,0,0,1.07922,0,0,0,0,0,244.984,101.495,0,0,0,40.3031,0,0,0,0,0,11.8655,0,0,0,0,0,33.1118,0,0,0,0,0,66.6435,0,36.5341,0,0,0,0,0,413.219,199.105,243.123,142.173,0,0,37.1645,0,0,0,52.4952,0,0,0,0,0,0,63.63,0,0,0,0,0,0,0,0,0,0,0,0,0,0,0,0,0,0,0,0,0,0,0,0,185.502,0,0,0,0,0,0,0,0,0,0,0,0,0,0,0,0,0,0,0,0,0,0,0,0,0,0,0,0,0,0,0,0,0,0,0,0,0,0,0,0,0,0,0,0,0,0,0,0,0,0,0,0,0,0,0,0,0,0,0,0,0,0,0,0,0,0,0,0,0,0,0,0,0,0,0,0,0,0,0,0,0,0,0,0,0,0,0,0,0,0,0,0,0,0,0,0,0,0,0,0,0,0,0,0,0,0,0,0,0,0,0,0,0,0,0,0,0,0,0,0,0,0,0,0,0,0,0,0,0,0,0,0,0,0,0,0,0,0,0,0,0,0,0,0,0,0,0,0,0,0,0,0,0,0,0,0,0,0,0,0,0,0,0,0,0,0,0,0,0,0,0,0,0,0,0,0,0,0,0,0,0,0,0,0,0,0,0,0,0,0,0,0,0,0,0,0,0,0,0,0,0,0,0,0,0,0,0,0,0,0,0,0,0,0,0,0,0,0,0,0,0,0,0,0,0,0,0,0,0,0,0,0,0,0,0,0,0,0,0,0,0,0,0,0,0,1.42227,0,0,0,0,0,0,0,0,0,0,0,0,4.23164,0,0,0,5.92,0,0,0,0,0,0,0,0,0,0,0,0,0,0,0,0,9.70614,0,0,2.67859,17.2432,0,1.65585,0,0,0,0,0,0,32.3979,0,0,0,0,0,0,0,0,0,0,0,0,0,0,0,0,0,0,0,0,0,0,0,0,0,0,0,0,0,0,0,0,0,0,0,0,0,0,0,0,130.36,0,0,0,0,95.9523,0,0,0,0,0,0,0,0,272.712,0,0,0,0,0,0,0,0,0,0,0,0,0,0,0,0,0,0,0,0,0,0,0,103.912,154.766,0,102.236,48.0679,0,587.422,0,0,0,0,0,0,0,0,0,0,0,0,0,0,0,0,0,0,0,0,0,0,0,0,0,0,0,0,0,0,0,0,0,0,0,0,0,0,0,0,0,0,0,0,0,0,0,0,0,0,0,0,0,0,0,0,0,0,0,0,0,0,0,0,0,0,0,0,0,0,0,0,0,0,0,0,0,0,0,0,0,0,0,0
W,Ni+2,1,xtb,-72.8384,19.7406,0,6.84502,0,10.2557,0,0,18.638,0,15.1561,20.7135,0,10.4092,3.26383,6.02392,0,3.24255,0,35.4726,0,3.82705,3.38773,0,19.13,9.02239,4.93436,0,0,0,0,29.9372,1.91662,10.109,0,0,46.7387,0,89.6282,0,0,15.1908,7.51851,0,0,86.9593,0,0,0,6.97477,0,0,52.2384,0,9.64993,28.9983,0,0,0,0,7.92565,0,0,0,0,0,0,22.0887,256.676,0,28.7662,0,308.014,0,0,0,67.4293,0,0,0,310.965,0,541.356,0,0,0,261.126,0,0,47.3146,0,0,0,0,189.336,0,231.46,26.0946,0,36.1395,0,173.834,0,0,79.6084,0,0,16.5598,0,0,0,0,0,73.843,0,0,0,0,0,21.801,0,0,93.1574,0,0,0,0,0,0,0,12.7785,0,0,0,137.797,0,0,0,0,7.11851,0,0,0,0,30.8831,0,0,0,6.64979,0,0,16.1048,0,5.9245,0,0,0,0,0,0,10.5319,25.704,0,0,0,0,0,0,0,0,0,0,1.41667,0,0,0,5.52207,0,5.29091,0,0,0,0,0,0,0,0,0,0,9.94675,0,0,0,0,0,0,0,0,0,0,3.88869,81.5732,0,0,3.21752,0,0,14.995,0,0,17.9753,0,0,0,0,31.6506,0,18.2895,0,0,21.3635,19.5063,0,0,0,3.37584,0,0,0,0,0,82.3162,0,0,0,30.4937,0,0,0,11.1708,0,0,0,0,42.0203,0,0,17.1553,0,10.3068,0,0,0,0,0,0,163.289,256.983,0,0,0,0,32.1863,0,0,0,0,0,0,30.0179,0,0,0,37.3766,0,0,0,0,0,0,80.9097,0,0,92.027,0,0,0,0,299.626,358.204,72.9596,190.709,69.4128,187.401,0,49.4359,0,0,0,0,23.8363,0,0,0,0,101.588,0,0,0,0,0,0,0,0,0,0,0,0,0,0,0,0,0,0,0,0,0,0,0,0,0,0,0,0,0,66.4056,0,0,0,0,0,0,0,0,0,0,0,0,0,0,0,0,0,0,0,0,0,0,0,0,0,0,0,0,0,0,0,0,0,0,0,0,0,0,0,0,0,0,0,0,0,0,0,0,0,0,0,0,0,0,0,0,0,0,0,0,0,0,0,0,0,0,0,0,0,0,0,0,0,0,0,0,0,0,0,0,0,0,0,0,0,0,0,0,0,0,0,0,0,0,0,0,0,0,0,0,0,0,0,0,0,0,0,0,0,0,0,0,0,0,0,0,0,0,0,0,0,0,0,0,0,0,0,0,0,0,0,0,0,0,0,0,0,0,0,0,0,0,0,0,0,0,0,0,0,0,0,0,0,0,0,0,0,0,0,0,0,0,0,0,0,0,0,0,0,0,0,0,0,0,0,0,0,0,0,0,0,0,0,0,0,0,0,0,0,0,0,0,0,0,0,0,0,0,0,0,0,0,0,0,0,0,0,0,0,0,0,0,0,0,0,0,0,0,0,0,0,0,0,0,0,0,0,0,0,0,0,0,0,0,0,0,0,0,0,0,0,6.37479,0,0,0,0,0,0,0,0,31.1237,0,0,0,0,0,32.7264,0,0,0,0,0,0,0,0,0,0,0,0,0,0,0,0,12.3886,0,0,0.56646,39.943,0,0.85815,0,0,0,0,0,0,8.26255,0,0,0,0,0,0,0,0,0,0,0,0,0,0,0,0,0,0,0,0,0,0,0,0,0,0,0,0,0,33.1099,0,0,0,0,0,0,0,0,29.9707,0,0,0,0,0,0,155.716,0,0,0,0,0,0,0,0,0,0,316.871,0,0,0,0,0,0,0,0,0,0,0,0,0,0,0,0,0,0,0,71.7814,0,0,0,0,0,242.812,0,44.1736,75.374,90.5464,0,167.072,0,69.1304,0,0,0,0,0,0,0,0,0,0,0,0,0,0,0,0,0,0,0,0,0,0,0,0,0,0,0,0,0,0,0,0,0,0,0,0,0,0,0,0,0,0,0,0,0,0,0,0,0,0,0,0,0,0,0,0,0,0,0,0,0,0,0,0,0,0,0,0,0,0,0,0,0,0,0,0,0,0
W,Zn+2,1,xtb,-58.414,0.52751,0,0,0.92652,0,2.89731,0,0,0,1.5999,2.4855,5.76497,0,3.60566,1.00595,0,0,0,8.84213,0,0,14.7814,0,0,7.70961,5.48455,0,0,26.8435,0,0,0,13.458,0,17.5078,4.5364,0,2.30142,0,0,23.4435,0,25.2151,0,0,0,7.35065,0,0,0,0,112.503,0,0,0,0,0,159.04,0,256.194,0,0,0,0,0,21.6157,0,67.8181,7.78981,0,9.13826,0,0,0,0,0,0,0,0,7.01097,0,206.367,0,0,0,0,0,0,122.443,0,365.641,0,0,8.07978,0,0,37.1766,0.96004,0,14.8243,0,0,90.968,157.804,0,0,0,0,0,0,20.2802,0,0,0,0,0,0,0,0,0,0,0,57.4999,0,0,20.9806,0,0,0,0,5.12826,0,15.8539,0,0,0,0,0,0,0,0,9.86848,0,0,0,18.9411,0,52.5389,0,0,0,9.98941,0,0,0,0,0,0,0,0,3.34084,0,0,0,15.0967,1.23746,0,0,0,0,0,0,0,0.06971,0,0,16.4886,31.7028,0,0,0,0,0,0,0,0,0,0,0,0,0,0,0,0,0,0,3.43817,0,0,0,0,0,0,0.1259,37.4429,0,125.856,0,34.6377,0,0,97.5155,0,0,75.6067,0,0,0,0,9.37807,0,24.2322,0,0,0,1.69981,0,0,0,8.47948,0,0,0,0,13.3483,17.6015,0,0,0,0,0,0,0,149.23,0,0,0,0,5.50144,3.12267,0,0,44.7055,0,0,0,0,0,0,0,8.9421,0,374.138,0,0,10.0663,0,0,0,0,0,0,0,12.7147,0,0,0,0,0,0,144.975,38.5094,0,0,250.278,0,0,30.1764,0,191.857,133.676,0,0,0,0,0,0,0,0,0,0,0,0,5.19736,0,0,0,0,0,0,2.33801,0,0,0,0,0,0,0,0,0,0,0,0,0,424.413,0,0,0,0,0,0,0,0,0,0,0,0,0,0,0,0,0,0,0,0,0,0,0,0,0,0,0,0,0,0,0,0,0,0,0,0,0,0,0,0,0,0,0,0,0,0,0,0,0,0,0,0,0,0,0,0,0,0,0,0,0,0,0,0,0,0,0,0,0,0,0,0,0,0,0,0,0,0,0,0,0,0,0,0,0,0,0,0,0,0,0,0,0,0,0,0,0,0,0,0,0,0,0,0,0,0,0,0,0,0,0,0,0,0,0,0,0,0,0,0,0,0,0,0,0,0,0,0,0,0,0,0,0,0,0,0,0,0,0,0,0,0,0,0,0,0,0,0,0,0,0,0,0,0,0,0,0,0,0,0,0,0,0,0,0,0,0,0,0,0,0,0,0,0,0,0,0,0,0,0,0,0,0,0,0,0,0,0,0,0,0,0,0,0,0,0,0,0,0,0,0,0,0,0,0,0,0,0,0,0,0,0,0,0,0,0,0,0,0,0,0,0,0,0,0,0,0,0,0,0,0,0,0,0,0,0,0,0,0,0,0,0,0,0,0,0,0,0,0,0,8.81561,0,0,0,0,0,0,0,0,0,0,0,0.86188,0,2.11242,0,0,0,0,0,0,0,0,0,0,0,0,0,0,0,0,12.9598,0,0,0,0,0,0.69317,1.65459,0,0.05536,3.28342,0,0,0,0,0,0,0,0,0,0,0,0,0,0,0,0,0,0,0,0,0,0,0,0,0,0,0,0,0,0,0,0,0,0,0,0,0,0,0,0,0,0,25.7297,0,28.179,0,0,0,0,0,0,0,152.051,0,0,0,0,0,0,97.5322,0,0,122.453,0,0,0,0,0,0,0,0,0,0,0,0,0,84.989,0,0,0,88.7273,56.8427,0,79.1957,0,74.9434,0,0,0,0,0,0,0,0,0,0,0,0,0,0,0,0,0,0,0,0,0,0,0,0,0,0,0,0,0,0,0,0,0,0,0,0,0,0,0,0,0,0,0,0,0,0,0,0,0,0,0,0,0,0,0,0,0,0,0,0,0,0,0,0,0,0,0,0,0,0,0,0,0,0,0,0,0,0,0,0,0,0,0,0,0,0,0,0
W,none,1,xtb,-43.49,3.32643,0,0,1.40021,0,0,0,0,0.47823,0,0,0,0,0,0,0,0,0,0.07699,0,0,0,0,0,0,0,0.30923,0,0,0,0,0,3.76593,0,0,0,0,0,9.06783,0,0,0,52.2344,0,0,0,11.2171,0,0,0,0,0,0,0,0,0,2.93373,0,0,0,0,0,0,0,0,0,0,0,0,8.04185,0,0,2.28291,0,0,0,0,0,0,1.88208,0,0,0,0,59.8777,0,0,0,0,0,0,0,0,0,2.45809,9.08753,0,0,0,3.20125,0,40.8483,0,0,43.0428,0,0,0,0,50.6329,0,0,0,0,0,0,0,0,0,0,77.1715,0,0,0,0,0,0,0,0,0,13.2583,32.9084,0,0,0,0,0,0,0,0,53.1904,0,0,0,0,18.169,0,0,0,0,14.8424,0,0,0,0,0,17.4883,0,0,0,0,0.59887,0,0,0.16799,0,0,0,0,0,0,0.74231,16.8525,0,0,0.27805,0,0,0,0,0,66.6196,0,0,0,0,0,0,0,0,84.4372,0,0,0,0,0,0,0,0,0,44.5107,0,0,0,1.28339,0,0,9.77796,0,0,0,0,107.184,54.3681,0,0,0,42.0083,0,0,0,0,2.16661,0,0,0,3.00911,0,13.2383,0,0,2.29117,0,0,0,0,0,0,63.4528,0,36.0885,0,0,0,0,0,0,0,0,33.0981,0,0,12.6873,23.8166,0,0,0,20.3809,0,0,0,0,0,16.1407,0,0,0,0,0,7.08751,0,0,0,0,0,30.5087,0,0,0,0,4.43484,0,0,0,0,0,0,0,0,0,6.72644,0,0,0,0,0,0,0,0,0,0,47.2514,0,0,0,11.1473,1.82284,0,0,0,0,0,0,0,9.78585,0,0,0,0,0,0,0,0,0,0,0,0,0,0,0,0,0,0,0,0,0,0,0,0,0,0,0,0,0,0,0,0,364.538,0,0,0,0,0,0,0,0,0,0,0,0,0,0,0,0,0,0,0,0,0,0,0,0,0,0,0,0,0,0,0,0,0,0,0,0,0,0,0,0,0,0,0,0,0,0,0,0,0,0,0,0,0,0,0,0,0,0,0,0,0,0,0,0,0,0,0,0,0,0,0,0,0,0,0,0,0,0,0,0,0,0,0,0,0,0,0,0,0,0,0,0,0,0,0,0,0,0,0,0,0,0,0,0,0,0,0,0,0,0,0,0,0,0,0,0,0,0,0,0,0,0,0,0,0,0,0,0,0,0,0,0,0,0,0,0,0,0,0,0,0,0,0,0,0,0,0,0,0,0,0,0,0,0,0,0,0,0,0,0,0,0,0,0,0,0,0,0,0,0,0,0,0,0,0,0,0,0,0,0,0,0,0,0,0,0,0,0,0,0,0,0,0,0,0,0,0,0,0,0,0,0,0,0,0,0,0,0,0,0,0,0,0,0,0,0,0,0,0,0,0,0,0,0,0,0,0,25.2148,0,0,0,0,0,0,0,0,0,0,0,0,0,41.1335,0,0,0,0,0,0,0,0,0,0,0,0,0,0,14.6399,0,30.312,0,72.5174,33.3323,0,0,0,0,0,0,0,0,0,0,16.6151,0,0,0,0,0,0,0,0,0,0,0,0,0,0,0,0,0,0,0,0,0,0,0,0,0,0,0,0,0,0,0,0,0,0,0,0,0,0,0,0,0,0,0,0,0,0,11.0486,0,0,0,0,0,3.00136,0,0,0,0,0,0,0,26.8887,0,0,0,0,0,12.8422,0,0,0,0,0,0,0,0,0,0,0,0,0,0,0,0,0,0,0,0,0,0,0,0,0,0,0,0,0,0,0,0,0,0,0,0,0,0,0,0,0,0,0,0,0,0,0,0,0,0,0,0,0,0,0,0,0,0,0,0,0,0,0,0,0,0,0,0,0,0,0,0,0,0,0,0,0,0,0,0,0,0,0,0,0,0,0,0,0,0,0,0,0,0,0,0,0,0,0,0,0,0,0
Y,Co+2,1,xtb,-68.0126,2.32091,4.1595,0,0,0.60701,3.31787,1.3418,0,1.93751,1.24345,0,6.04282,11.1615,4.81496,0,0,0,0,0,7.41174,0,2.95559,2.73837,0,30.1065,0,22.3378,0,0,18.6349,0,0,2.3437,0,0,0,0,0,10.358,2.64995,0,0,59.2644,0,23.3048,0,60.0047,0,15.4062,0,19.0374,0,2.07356,0,40.7973,0,0,87.764,0,0,0,0,0,2.28461,0,12.1931,0,12.4195,0,20.4465,0,0,11.0824,0,276.492,0,0,244.76,0,0,0,0,0,0,15.2867,23.5586,0,0,0,0,119.123,0,32.9726,0,0,79.7916,0,428.742,683.773,430.558,0,0,0,0,0,33.3852,22.4963,0,0,0,0,0,0,0,30.9388,0,0,7.00004,0,0,0,0,0,234.667,0,0,0,0,47.2009,0,0,0,0,0,0,197.901,0,0,0,0,0,0,0,0,0,0,0,10.7442,0,0,0,16.8493,38.8511,0,0,0,0,0,3.66719,0,0,0,0,0,389.228,0,0,0,165.333,0,2.27477,0,0,0,0.8728,0,0,0,0,0,4.26746,0,0,0,0,185.302,0,0,0,0,2.23115,0,0,0,0,0,0,0,0,0,0,0,0,0,0,33.5824,0,0,0,0,45.893,0,0,0,0,0,17.7772,152.468,0,0,0,0,0,0,24.2928,0,0,2.94367,0,0,0,0,0,0,9.36996,0,0,0,0,0,3.98566,0,6.25267,0,40.2193,0,100.648,0,0,42.81,0,0,0,0,2.65002,0,0,51.5331,0,0,0,0,0,0,0,0,0,0,0,0,0,0,0,4.3122,0,0,0,0,0,0,0,0,23.7262,1.44568,0,0,255.322,68.6199,0,0,0,164.163,0,143.187,0,107.637,0.871,37.4676,0,0,0,0,0,0,0,0,0,65.26,0,0,0,0,0,0,0,0,0,0,0,0,0,0,0,0,0,0,0,0,0,0,0,0,0,0,0,0,0,0,0,0,0,247.128,0,0,0,0,0,0,0,0,0,0,0,0,0,0,0,0,0,0,0,0,0,0,0,0,0,0,0,0,0,0,0,0,0,0,0,0,0,0,0,0,0,0,0,0,0,0,0,0,0,0,0,0,0,0,0,0,0,0,0,0,0,0,0,0,0,0,0,0,0,0,0,0,0,0,0,0,0,0,0,0,0,0,0,0,0,0,0,0,0,0,0,0,0,0,0,0,0,0,0,0,0,0,0,0,0,0,0,0,0,0,0,0,0,0,0,0,0,0,0,0,0,0,0,0,0,0,0,0,0,0,0,0,0,0,0,0,0,0,0,0,0,0,0,0,0,0,0,0,0,0,0,0,0,0,0,0,0,0,0,0,0,0,0,0,0,0,0,0,0,0,0,0,0,0,0,0,0,0,0,0,0,0,0,0,0,0,0,0,0,0,0,0,0,0,0,0,0,0,0,0,0,0,0,0,0,0,0,0,0,0,0,0,0,0,0,0,0,0,0,0,0,0,0,0,0,0,0,0,0,0,0,0,0,0,0,0,13.1045,0,0,0,0,0,0,0,0,14.9857,0,14.2183,0,0,0,0,0,0,0,0,0,19.8449,0,0,0,0,0,0,9.36533,18.0304,0,0,21.56,0,0,0,0,0,0,0,0,0,0,0,0,0,0,0,0,0,0,0,0,0,0,0,0,0,0,0,0,0,0,0,0,0,0,0,0,0,0,0,0,0,0,0,0,0,0,0,0,0,0,0,0,0,0,0,0,0,0,0,0,0,0,41.3029,0,0,0,41.6208,0,0,0.10834,0,0,0,0,0,0,0,0,0,0,0,0,0,0,44.8391,0,0,0,0,0,0,0,119.595,0,0,0,0,129.058,38.7978,159.562,65.7962,0,0,0,0,0,0,0,0,0,0,0,0,0,0,0,0,0,0,0,0,0,0,0,0,0,0,0,0,0,0,0,0,0,0,0,0,0,0,0,0,0,0,0,0,0,0,0,0,0,0,0,0,0,0,0,0,0,0,0,0,0,0,0,0,0,0,0,0,0,0,0,0,0,0,0,0,0,0,0
Y,Cu+2,1,xtb,-58.0914,9.69668,2.04691,4.32566,5.55701,0,0,0,0,3.62161,1.3974,0.72482,1.47557,0,0,0,0,0,48.6781,0,0,0,4.99889,0,2.4467,0,0,0,0,0,0,0,0,0,51.2007,18.1669,15.2187,0,0,0,0,28.1592,0,0,0,0,0,0,0,0,40.3143,5.76285,0,0,0,51.8162,0,6.08519,0,36.131,0.12256,0,8.42955,0,4.48769,0,0,0,0,18.2781,0,0,0,0,0,0,0,0,0,0,0,0,0,0,0,0,11.4898,0,0,3.04898,23.9134,0,0,0,16.7107,0,0.64922,0,0,64.4185,0,63.405,0,0,0,0,28.5049,0,448.734,756.135,0,0,0,0,7.67203,0,0,0,0,0,0,0,0,0,0,0,0,0,8.19867,0,0,10.879,0,0,0,0,0,0,0,217.503,0,0,0,0,0,144.779,0,24.1426,0,0,0,0,0,31.1465,18.8287,0,54.2951,0,0,0,0,0,0,0,0,0,0,24.6688,0,0,0,233.881,0,9.50354,0,1.48597,0,0,0,0,12.7238,0,0,0,0,0,0,0,3.37137,0,0,0,0,0,0,0,0,105.914,0,0,0,0,0,0,0,0,27.307,0,0,0,0,0,0,32.3718,0,0,25.0451,0,0,42.7077,0,10.1091,0,0,0,6.28658,0,0,0,0,0,0,0,0,0,0,13.7724,0,7.1952,0,0,2.34891,0,0,0,0,0,0,2.51397,0,338.489,0,450.653,0,0,0,0,6.7545,0,0,0,36.944,0,0,0,0,0,0,0,0,0,0,0,0,0,0,0.6482,0,0,0,0,0,77.8003,0,4.25337,215.406,0,0,0,0.41989,166.482,0,109.208,0,0,0,0,0,0,57.3339,0,0,0,0,0,0,0,0,65.0751,0,0,0,0,0,0,0,0,0,0,0,0,0,0,0,0,0,0,0,0,0,0,0,0,0,0,0,0,0,0,0,0,284.021,0,0,0,0,0,0,0,0,0,0,0,0,0,0,0,0,0,0,0,0,0,0,0,0,0,0,0,0,0,0,0,0,0,0,0,0,0,0,0,0,0,0,0,0,0,0,0,0,0,0,0,0,0,0,0,0,0,0,0,0,0,0,0,0,0,0,0,0,0,0,0,0,0,0,0,0,0,0,0,0,0,0,0,0,0,0,0,0,0,0,0,0,0,0,0,0,0,0,0,0,0,0,0,0,0,0,0,0,0,0,0,0,0,0,0,0,0,0,0,0,0,0,0,0,0,0,0,0,0,0,0,0,0,0,0,0,0,0,0,0,0,0,0,0,0,0,0,0,0,0,0,0,0,0,0,0,0,0,0,0,0,0,0,0,0,0,0,0,0,0,0,0,0,0,0,0,0,0,0,0,0,0,0,0,0,0,0,0,0,0,0,0,0,0,0,0,0,0,0,0,0,0,0,0,0,0,0,0,0,0,0,0,0,0,0,0,0,0,0,0,0,0,0,0,0,0,0,0,0,0,0,0,0,0,0,0,11.1527,0,0,0,0,0,0,7.83236,0,15.1736,0,0,0,0,0,0,0,0,0,217.039,0,0,0,2.25426,0,0,0,0,0,0,24.6416,0,0,0,0,5.38498,0,0,0,0,0,0,0,0,0,0,0,0,0,0,0,0,0,0,0,0,0,0,0,0,0,0,0,0,0,120.741,0,0,0,0,0,0,0,0,0,0,0,0,0,0,0,0,0,0,0,0,0,0,0,0,0,0,0,0,4.87494,0,0,0,0,0,0,0,0,0,7.18164,0,0,0,0,0,0,0,0,0,0,0,0,0,58.5767,0,0,0,0,157.692,0,78.935,0,0,0,0,0,0,54.2808,0,0,0,0,0,0,0,0,0,0,0,0,0,0,0,0,0,0,0,0,0,0,0,0,0,0,0,0,0,0,0,0,0,0,0,0,0,0,0,0,0,0,0,0,0,0,0,0,0,0,0,0,0,0,0,0,0,0,0,0,0,0,0,0,0,0,0,0,0,0,0,0,0,0,0,0,0,0,0,0,0
Y,Ni+2,1,xtb,-69.1837,2.74187,0,0,0.81492,7.36068,2.31955,0.12205,0,29.4568,0,4.76648,4.07542,0,0,6.1673,0,2.71501,3.19641,9.45813,0,13.1505,0,0,9.45065,0,0,0,7.31531,2.95655,0,42.9384,0,0,0,30.7628,0,62.0597,0,0,0,19.5295,32.4922,0,0,0,90.4752,0,7.71872,0,31.7233,0,33.6273,0,0,0,75.7497,0,0,18.3222,0,0,0,5.72098,0,0,6.47859,6.32361,0,0,0,0,13.9586,74.5953,63.17,0,0,22.9338,0,0,34.4773,0,0,0,0,0,4.0241,44.0887,0,71.9286,0,0,587.608,0,0,226.071,371.724,0,0,0,0,404.793,0,0,0,308.468,0,0,0,0,0,0,0,3.8578,0,159.349,84.6681,0,0,0,0,0,103.34,0,0,0,0,0,0,0,0,0,96.8086,0,0,0,0,0,57.6835,0,0,0,0,0,10.3113,0,0,0,0,0,0,0,0,0,53.344,0,0,7.63207,0,16.2365,0,0,0,0,0,0,0,2.5816,0,186.16,0,0,0,0,0,12.2678,0,7.01456,0,0,0,0,0,0,0,0,0,0,0,34.987,13.1206,0,0,0,0,0,0,0,0,0,0,0,0,0,0,0,0,0,0,0,0,29.4894,0,0,13.4032,0,54.9988,0,0,175.24,0,0,0,0,46.1887,13.0087,0,0,0,0,0,0,28.0072,0,0,9.38044,0,0,0,0,0,15.7802,58.0342,0,0,0,0,0,0,0,58.7043,0,0,62.2094,0,4.25324,37.3423,0,0,0,0,0,0,0,0,0,0,0,0,0,0,0,0,0,0.36206,0,0,0,0,0,0,15.8457,19.6972,0,0,0,0,0,264.622,0,61.8492,142.72,0,0,267.912,0,0,0,0,0,25.4304,0,0,0,0,0,0,0,116.977,0,0,0,0,0,0,0,0,0,0,0,0,0,0,0,0,0,0,0,0,0,0,0,0,0,0,0,0,0,0,0,340.726,0,0,0,0,0,0,0,0,0,0,0,0,0,0,0,0,0,0,0,0,0,0,0,0,0,0,0,0,0,0,0,0,0,0,0,0,0,0,0,0,0,0,0,0,0,0,0,0,0,0,0,0,0,0,0,0,0,0,0,0,0,0,0,0,0,0,0,0,0,0,0,0,0,0,0,0,0,0,0,0,0,0,0,0,0,0,0,0,0,0,0,0,0,0,0,0,0,0,0,0,0,0,0,0,0,0,0,0,0,0,0,0,0,0,0,0,0,0,0,0,0,0,0,0,0,0,0,0,0,0,0,0,0,0,0,0,0,0,0,0,0,0,0,0,0,0,0,0,0,0,0,0,0,0,0,0,0,0,0,0,0,0,0,0,0,0,0,0,0,0,0,0,0,0,0,0,0,0,0,0,0,0,0,0,0,0,0,0,0,0,0,0,0,0,0,0,0,0,0,0,0,0,0,0,0,0,0,0,0,0,0,0,0,0,0,0,0,0,0,0,0,0,0,0,0,0,0,0,0,0,0,0,0,0,0,0,0,0,0,0,0,0,0,0,8.50943,0,0,0,0,0,0,6.89392,0,4.33827,0,0,0,0,0,0,0,0,0,0,0,4.35432,26.684,27.3397,0,0,9.15996,0,0,0,0,0,0,0,0,0,0,0,0,0,0,0,0,0,0,0,0,0,0,0,0,0,0,0,0,0,0,0,0,0,0,0,0,0,0,0,0,0,0,0,0,0,0,0,0,0,0,0,0,0,0,0,0,0,0,6.51116,0,33.4186,0,0,123.49,0,0,0,2.63788,0,0,0,0,0,0,0,0,0,0,0,0,0,0,0,0,0,0,0,0,0,0,102.887,19.9518,151.679,6.87619,21.7783,165.078,0,0,54.7026,0,0,0,0,0,0,0,0,0,0,0,0,0,0,0,0,0,0,0,0,0,0,0,0,0,0,0,0,0,0,0,0,0,0,0,0,0,0,0,0,0,0,0,0,0,0,0,0,0,0,0,0,0,0,0,0,0,0,0,0,0,0,0,0,0,0,0,0,0,0,0,0,0,0,0,0,0,0,0,0,0
Y,Zn+2,1,xtb,-54.7486,10.885,10.0495,0,2.42282,0,4.18124,0,13.4269,0,6.01304,0,0,6.40544,0,0,18.7749,0,0,0,0,0,0,0,25.3576,0,0,3.1818,0,0,0,30.8728,0,0,0,0,25.9117,0,0,0,28.3704,0,8.94071,0,0,16.263,0,0,4.48475,148.967,0,0,0,0,9.29665,0,4.67122,0,0,0,13.6417,0,0,0,4.99206,0,0,0,20.8519,0,249.85,6.90853,0,0,0,0,0,0,0,29.4039,0,0,0,0,224.69,0,0,0,177.291,0,0,254.692,0,77.722,0,0,0,0,0,23.9874,0,5.18681,0,0,0,0,0,0,0,0,0,0,92.3778,0,0,26.9346,52.6301,0,0,0,0,0,0,0,0,0,7.61488,0,0,0,0,10.1133,0,0,0,0,0,0,0,0,0,0,0,0,0,0,94.4599,26.8647,0,0,101.284,0,0,0,0,51.8638,0,0,47.0579,0,195.919,0,0,0,0,0,0,26.3183,0,0,2.58028,0,0,0,0.44117,0,0,0,46.9697,0,0,0,0,7.00592,0,0,0,0,0,0,0,53.5379,12.9938,0,0,0,0,0,0,0,0,0,0,0,0,0,0,0,0,2.59444,0,0,0,0,16.0267,0,12.4112,0,0,0,0,0,56.4395,0,0,26.3746,8.59295,0,0,0,0,0,0,51.6232,0,0,0,0,0,0,14.1799,0,5.74097,0,22.3775,0,0,173.965,0,0,0,199.731,0,0,228.428,50.6247,0,0,0,0,0,0,0,0,0,0,0,0,0,0,0,0,0,0,4.81408,0,0,0,0,0,0,0,0,0,1.03108,226.068,95.5557,171.805,0,152.938,0,0,0,0,0,0,0,0,0,0,50.8415,0,0,0,2.68556,0,0,0,0,0,0,45.3409,0,0,0,0,0,0,0,0,0,0,0,0,0,0,0,0,0,0,0,0,0,0,0,0,0,543.844,0,0,0,0,0,0,0,0,0,0,0,0,0,0,0,0,0,0,0,0,0,0,0,0,0,0,0,0,0,0,0,0,0,0,0,0,0,0,0,0,0,0,0,0,0,0,0,0,0,0,0,0,0,0,0,0,0,0,0,0,0,0,0,0,0,0,0,0,0,0,0,0,0,0,0,0,0,0,0,0,0,0,0,0,0,0,0,0,0,0,0,0,0,0,0,0,0,0,0,0,0,0,0,0,0,0,0,0,0,0,0,0,0,0,0,0,0,0,0,0,0,0,0,0,0,0,0,0,0,0,0,0,0,0,0,0,0,0,0,0,0,0,0,0,0,0,0,0,0,0,0,0,0,0,0,0,0,0,0,0,0,0,0,0,0,0,0,0,0,0,0,0,0,0,0,0,0,0,0,0,0,0,0,0,0,0,0,0,0,0,0,1412.42,0,0,0,0,0,0,0,0,0,0,0,0,0,0,0,0,0,0,0,0,0,0,0,0,0,0,0,0,0,0,0,0,0,0,0,0,0,0,0,0,0,25.6994,0,0,0,103.848,0,0,0,0,0,0,0,0,0,0,0,0,0,14.6636,0,140.99,152.595,0,0,0,0,0,0,0,0,0,0,0,0,0,0,20.1181,0,13.0465,0,0,0,0,8.60992,0,0,0,0,0,0,0,0,0,0,0,0,0,0,0,0,0,0,0,0,0,0,0,0,0,0,0,0,0,0,0,0,0,0,0,0,0,0,0,0,0,0,0,0,0,0,0,0,0,0,0,0,0,0,0,0,3.09813,0,0,0,0,0,0.98542,0,0,0,0,0,0,0,0,0,0,0,0,0,0,78.5135,117.972,0,0,0,0,68.4816,56.9818,0,0,56.2007,0,0,0,0,0,0,0,0,0,0,0,0,0,0,0,0,0,0,0,0,0,0,0,0,0,0,0,0,0,0,0,0,0,0,0,0,0,0,0,0,0,0,0,0,0,0,0,0,0,0,0,0,0,0,0,0,0,0,0,0,0,0,0,0,0,0,0,0,0,0,0,0,0,0,0,0,0,0,0,0,0,0,0,0,0,0,0,0,0
Y,none,1,xtb,-39.8512,3.17216,0,0,3.30506,0,0,0,1.16726,0,0,0,0,0,0,0,0,0,0,0,2.17801,0,0,0,0,0,0,0,0,0,2.17794,0,0,0,0,0,58.3924,0,0,0,0,0,0,10.6648,0,0,0,0,0,0,0,0,6.00097,0,0,0,0,0,0,0,0,4.95541,0,0,0,0,0,18.5656,0,0,3.15769,0,0,11.3807,0,0,0,140.609,0,0,0,0,11.3102,0,0,0,0,9.65742,0,0,0,0,0,0,0,0,0,14.9169,0,0,0,0,0,0,0,0,0,0,0,46.0434,0,0,0,0,1.59119,0,0,0,0,72.2334,0,0,0,0,0,0,0,51.5538,0,0,0,0,0,0,0,75.7202,0,0,0,0,0,0,12.7958,0,0,0,0,0,0,0,0,0,0,31.2438,0,0,0,19.3293,0,0,0,0,0,0,0,0.37096,19.1204,0,0,0,0,0,0,1.53513,0,11.3516,0,1.17342,0,0,0,0,0,0,0,53.9457,0,0,0,0,0,0,0,0,88.5004,14.4492,0,0,0,0,0,0,0,0,0,0,0,0,0,0,0,0,75.8121,0,0,215.175,0,0,58.3606,0,0,138.459,0,0,0,0,0,0,0,17.2702,0,0,0,34.7722,0,44.7893,0,0,0,0,0,0,18.4423,0,0,0,0,0,82.7991,69.9109,0,0,0,0,4.08048,23.1869,0,0,0,19.8293,0,0,0,0,0,0,0,0,0,0,0,0,0,0,0,0,0,0,21.7185,0,0,0,1.59105,0,0,0,0,0,0,0,0,122.081,0,0,0,0,0,0,0,0,0,0,0,35.3074,0,0,0,0,0,12.5684,0,0,0,0,50.7147,0,0,0,0,0,0,0,0,0,0,0,0,0,0,0,0,0,0,0,0,0,0,0,0,0,0,0,0,0,0,0,0,0,0,409.38,0,0,0,0,0,0,0,0,0,0,0,0,0,0,0,0,0,0,0,0,0,0,0,0,0,0,0,0,0,0,0,0,0,0,0,0,0,0,0,0,0,0,0,0,0,0,0,0,0,0,0,0,0,0,0,0,0,0,0,0,0,0,0,0,0,0,0,0,0,0,0,0,0,0,0,0,0,0,0,0,0,0,0,0,0,0,0,0,0,0,0,0,0,0,0,0,0,0,0,0,0,0,0,0,0,0,0,0,0,0,0,0,0,0,0,0,0,0,0,0,0,0,0,0,0,0,0,0,0,0,0,0,0,0,0,0,0,0,0,0,0,0,0,0,0,0,0,0,0,0,0,0,0,0,0,0,0,0,0,0,0,0,0,0,0,0,0,0,0,0,0,0,0,0,0,0,0,0,0,0,0,0,0,0,0,0,0,0,0,0,0,0,0,0,0,0,0,0,0,0,0,0,0,0,0,0,0,0,0,0,0,0,0,0,0,0,0,0,0,0,0,0,0,0,0,27.335,0,0,0,0,0,0,0,0,0,0,0,0,0,0,0,38.3626,0,0,0,0,0,0,0,0,0,0,39.5046,0,0,0,0,28.8711,23.6989,0,0,0,0,20.6533,0,0,0,0,0,0,0,0,0,0,0,0,0,0,0,0,0,0,0,0,0,0,0,0,0,0,0,0,0,0,0,0,0,0,0,0,0,0,0,0,0,0,0,0,0,0,0,0,0,0,0,0,0,0,6.42166,0,0,0,0,2.26339,0,0,0,0,27.5736,0,0,0,0,0,0,0,0,0,0,0,0,0,0,0,0,20.8298,0,0,0,0,0,0,0,0,0,0,0,0,0,0,0,0,0,0,0,0,0,0,0,0,0,0,0,0,0,0,0,0,0,0,0,0,0,0,0,0,0,0,0,0,0,0,0,0,0,0,0,0,0,0,0,0,0,0,0,0,0,0,0,0,0,0,0,0,0,0,0,0,0,0,0,0,0,0,0,0,0,0,0,0,0,0,0,0,0,0,0,0,0,0,0,0
AF,Co+2,2,xtb,-79.8848,138.735,0,0,0.81275,20.847,1.27441,0,0,4.95373,0,7.75357,0,5.29898,0,7.27222,0,65.356,0,6.61259,7.30112,0,0,0,41.9211,0,0,2.96748,0,0,21.0474,0,5.04825,2.55538,0,0,0,51.509,0,95.0677,0,75.8626,10.185,59.1675,0,35.7154,0,0,108.174,62.7772,17.8316,0,15.0543,0,0,0,4.80432,0,0,0,0,0,45.0961,26.3983,0,0,1.98006,107.2,0.99098,0,11.8962,0,0,0,0,0,0,3.30986,0,223.99,0,0,17.4802,0,28.8038,0,0,7.64639,0,0,228.068,0,176.251,0,0,0,0,17.1383,56.8299,0,39.6007,0,0,0,0,0,15.854,0,0,1.02448,0,0,0,13.2946,187.255,0,285.119,0,0,53.0458,0,74.8538,0,0,0,0,12.4047,0,0,474.48,0,0,124.164,0,0,92.3681,192.697,0,0,0,0,0,0,0,51.7265,0,0,0,0,19.3163,0,0,0,0,0,0,0,0,3.12618,0,0,0,0,0,0,0,0.54845,0,20.1811,0,0,0,0,0.96012,0,0,0,0,1.69104,1.42961,6.42908,0,0,0,0,0,0,18.5187,0,0,0,0.93648,0,0,0,0,12.1748,0,0,0,0,0,0,19.4014,0,0,0,50.168,0,9.90992,0,0,0,0,0,117.972,1.6341,0,0,0,0,23.8416,0,0,0,0,10.2258,1.24348,25.0799,0,26.0756,0,0,0,14.2163,0,31.8078,0,0,0,9.96575,0,0,0,0,8.5928,0,21.1216,42.148,97.7113,0,0,0,12.0415,0,0,2.08007,0,0,0,0,0,0,0,0,0,0,0,0,0,0,0,0,0,8.34025,0,0,64.786,41.9882,0,0,170.748,8.72708,0,271.197,4.64447,4.28994,0,0,162.187,89.4556,0,0,171.586,0,0,0,83.044,0,0,3.17354,0,0,0,0,187.457,0,0,0,0,0,0,0,0,0,28.8182,0,0,0,0,0,0,0,0,0,0,0,0,0,0,0,0,0,0,0,0,0,0,0,0,0,0,0,282.307,0,0,0,0,0,0,0,0,0,0,0,0,0,0,0,0,0,0,0,0,0,0,0,0,0,0,0,0,0,0,0,0,0,0,0,0,0,0,0,0,0,0,0,0,0,0,0,0,0,0,0,0,0,0,0,0,0,0,0,0,0,0,0,0,0,0,0,0,0,0,0,0,0,0,0,0,0,0,0,0,0,0,0,0,0,0,0,0,0,0,0,0,0,0,0,0,0,0,0,0,0,0,0,0,0,0,0,0,0,0,0,0,0,0,0,0,0,0,0,0,0,0,0,0,0,0,0,0,0,0,0,0,0,0,0,0,0,0,0,0,0,0,0,0,0,0,0,0,0,0,0,0,0,0,0,0,0,0,0,0,0,0,0,0,0,0,0,0,0,0,0,0,0,0,0,0,0,0,0,0,0,0,0,0,0,0,0,0,0,0,0,0,0,0,0,0,0,0,0,0,0,0,0,0,0,0,0,0,0,0,0,0,0,0,0,0,0,0,0,0,0,0,0,0,0,0,0,2.56913,0,0,0,0,0,5.95637,0,0,0,0,0,0,0,0,0,0,0,0,0,0,6.42551,0,0,0,0,1.5902,0,8.33628,3.15324,0,23.4063,0,1.25431,0,0,0,0,0,6.41233,7.61168,26.3009,0,16.3879,0,0,0,0,0,0,0,0,0,0,0,0,0,0,0,0,0,0,35.4906,0,0,0,0,0,0,0,0,0,81.4677,0,0,0,0,18.6681,0,0,0,0,62.9282,0,0,0,0,0,0,337.17,0,0,0,0,0,0,0,0,0,0,0,0,0,0,0,0,257.003,0,0,96.5934,0,0,0,0,0,0,0,0,0,69.6634,0,0,0,0,0,0,0,0,0,0,0,0,0,0,0,0,0,171.489,0,0,176.344,0,0,0,0,0,0,0,54.0858,0,0,5.75671,0,0,79.8243,0,0,0,0,0,123.815,0,0,0,0,0,0,0,0,0,0,0,0,0,0,0,0,0,0,0,0,0,0,0,0,0,0,0,0,0,0,0,0,0,0,0,0,0,0,0,0,0,0,0,0,0,0,0,0,0,0,0,0,0,0,0,0,0,0,0,0
AH,Co+2,2,xtb,-73.2814,1.12446,2.43313,2.27304,0,0,0.98192,3.04091,1.36328,0,0,2.80595,1.48013,0.24101,16.1431,2.50282,5.44765,0,5.45929,0,0,2.41699,0,22.7833,0,3.49882,0,0,0,1.86603,4.69294,36.5256,0,12.4858,0,0,17.0056,0,18.8243,9.78267,1.73755,12.1922,0,0,0,0,0,0,5.54691,13.6212,0,56.6984,0,0,54.8438,0,12.1523,121.523,104.628,0,0,0,94.4919,0,0,0,25.3814,0,12.1385,0,0,59.4341,0,32.9199,0,0,0,0,0,13.1706,0,0,0,0,0,0,9.10906,0,0,0,0,0,36.8887,0,260.289,0,0,20.0452,0,0,159.638,0,0,0,0,377.585,118.703,0,0,0,0,0,11.3025,185.555,68.4826,0,0,0,0,32.9211,0,9.14188,0,0,107.709,0,0,0,0,1.98237,0,171.477,0,0,93.7976,0,0,0,0,0,0,0,0,0,0,13.678,0,17.2224,0,0,0,0,178.598,0,0,18.8569,0,0,0,16.7517,0,0,0,0,0,0,16.7089,0,0,0,6.13459,0,0,0,13.6762,0,0,0,0,0,0,0,7.87096,0,0,0,0,0,9.62998,0,0,6.63436,101.149,0,0,0,16.4742,0,0,0,0,0,0,0,0,0,21.9578,0,0,0,0,77.1036,17.2789,0,0,0,18.1232,3.39827,194.792,0,0,58.6457,0,0,0,11.6413,0,2.68602,0,2.30329,0,0,0,0,0,0,0,0,0,185.395,0,11.7761,0,12.7392,0,0,0,0,3.67568,0,0,0,0,0,0,0,23.9998,0,0,1.67298,0,0,0,0,0,0,0,0,0,0,0,0,0,25.5667,14.0935,10.6456,0,112.735,0,0,0,0,0,0,70.4786,0,186.518,12.188,205.688,21.7316,126.607,0,0,0,0,0,98.1825,0,0,0,0,0,0,0,8.85656,0,0,0,0,0,0,0,0,0,0,0,0,0,522.681,0,0,0,0,0,0,0,0,0,0,0,0,0,0,0,0,0,0,0,0,0,0,0,0,0,0,0,0,0,0,0,0,0,0,0,0,0,402.637,0,0,0,0,0,0,0,0,0,0,0,0,0,0,0,0,0,0,0,0,0,0,0,0,0,0,0,0,0,0,0,0,0,0,0,0,0,0,0,0,0,0,0,0,0,0,0,0,0,0,0,0,0,0,0,0,0,0,0,0,0,0,0,0,0,0,0,0,0,0,0,0,0,0,0,0,0,0,0,0,0,0,0,0,0,0,0,0,0,0,0,0,0,0,0,0,0,0,0,0,0,0,0,0,0,0,0,0,0,0,0,0,0,0,0,0,0,0,0,0,0,0,0,0,0,0,0,0,0,0,0,0,0,0,0,0,0,0,0,0,0,0,0,0,0,0,0,0,0,0,0,0,0,0,0,0,0,0,0,0,0,0,0,0,0,0,0,0,0,0,0,0,0,0,0,0,0,0,0,0,0,0,1284.46,0,0,0,0,0,0,0,0,0,0,0,0,0,0,0,0,0,0,0,0,0,0,0,0,4.949,0,0,0,0,0,0,0,0,0,0,0,0,11.568,0,0,0,0,0,0,0,0,0,0,0,0,0.38484,0,0,0,0.85469,0,0,0,0,9.71068,6.87216,0,0,6.96633,0,0,0,0,0,0,0,0,0,0,0,0,0,0,0,0,0,0,0,0,0,9.5846,0,0,0,23.4975,0,0,0,0,0,0,0,0,0,0,0,0,0,0,0,0,0,0,0,0,0,0,0,0,0,0,0,0,0,0,0,0,0,0,118.337,0,0,0,2.15627,0,0,103.201,0,5.63551,0,0,0,125.41,0,0,0,0,0,0,0,0,0,0,0,0,0,0,0,0,86.2848,0,0,110.408,0,0,0,96.5796,56.1024,0,0,0,0,0,0,83.8853,0,31.239,0,0,0,0,0,34.7533,0,0,0,0,0,0,0,0,0,0,0,0,0,0,0,0,0,0,0,0,0,0,0,0,0,0,0,0,0,0,0,0,0,0,0,0,0,0,0,0,0,0,0,0,0,0,0,0,0,0,0,0,0,0,0,0,0,0,0,0,0,0,0,0,0,0,0,0,0,0,0,0,0,0
AK,Zn+2,2,xtb,-59.5616,8.47495,2.85872,0,2.46667,1.44489,0,5.36238,7.05314,0.04925,6.1575,8.95132,0,0,0,0,0,8.36834,0,0,37.7805,14.7267,0,0,5.89512,0,0,8.51811,0,3.0332,0,0,0,3.28037,0,9.729,0,0,8.4496,1.09354,0,0,0,0,0,8.63938,0,0,0,0,21.358,0,19.2834,0,0,6.04522,0,0,0,152.028,83.3551,0,0,0,6.42691,69.5232,0,0,0,45.2561,0,0,0,0,2.35842,0,269.489,0,339.07,0,0,0,0,0,0,0,0,0,0,0,0,0,52.3945,0,7.47396,0,120.347,0,0,0,0,0,5.51756,0,0,0,0,0,0,0,0,0,0,0,0,0,0,65.1187,0,0,96.9856,0,0,0,0,0,37.6025,0,0,0,14.0994,0,0,0,0,0,0,134.956,0,0,0,0,0,0,12.6771,0,0,0,0,0,0,0,0,0,0,26.9074,0,0,0,0,0,0,0,0,0,6.5681,0,0,0,0,0,20.3358,0,0,0,15.3939,0,0,0,0,34.8317,0,43.1067,0,0,0,0,0,0,0,0,0,1.27155,18.1298,16.104,0,0,9.50652,0,0,6.36438,0,0,0,41.4694,0,90.7648,30.3712,0,0,0,0,0,0,0,30.1434,0,0,116.353,18.7438,0,6.43121,19.5529,0,10.1943,0,0,0,18.2401,0,0,0,1.07835,0,0,0,0,16.786,0,0,0,0,0,16.9028,0,0,2.34841,12.6899,0,21.6238,27.0664,0,0,0,0,0,0,0,0,265.384,0,14.3925,73.5423,60.2531,0,16.1151,0,0,0,0,0,10.8919,0,0,0,0,0,0,0,0,0,0,0,0,6.14699,13.8366,0,48.9985,294.203,0,0,62.3678,1.54224,0,0,0,0,0,0,0,0,0,0,0,41.2728,0,0,0,0,0,0,0,0,0,0,0,0,0,0,0,556.571,0,0,0,0,0,0,0,0,0,0,0,0,0,0,0,0,0,0,0,0,0,0,541.116,0,0,0,0,0,0,0,0,0,0,0,0,0,0,0,0,0,0,0,0,0,0,0,0,0,0,0,0,0,0,0,0,0,0,0,0,0,0,0,0,0,0,0,0,0,0,0,0,0,0,0,0,0,0,0,0,0,0,0,0,0,0,0,0,0,0,0,0,0,0,0,0,0,0,0,0,0,0,0,0,0,0,0,0,0,0,0,0,0,0,0,0,0,0,0,0,0,0,0,0,0,0,0,0,0,0,0,0,0,0,0,0,0,0,0,0,0,0,0,0,0,0,0,0,0,0,0,0,0,0,0,0,0,0,0,0,0,0,0,0,0,0,0,0,0,0,0,0,0,0,0,0,0,0,0,0,0,0,0,0,0,0,0,0,0,0,0,0,0,0,0,0,0,0,0,0,0,0,0,0,0,0,0,0,0,0,0,0,0,0,0,0,0,0,0,0,0,0,0,0,0,0,0,0,0,0,0,0,0,0,0,0,0,0,0,0,0,0,91.1795,0,0,0,0,0,0,0,0,0,0,0,0,5.66583,0,0,0,12.9041,0,0,24.6632,0,0,25.3686,0,0,89.9944,0,17.2382,51.4982,0,0,0,59.9314,0,0,0,0,0,0,0,0,1.05162,0,0,0,0,0,0,0,0,0,0,0,0,0,0,0,0,0,0,0,0,0,0,0,0,0,0,0,0,0,0,0,0,0,0,0,0,0,0,0,0,0,0,0,0,0,0,0,0,0,0,0,0,0,0,0,0,4.32578,0,0,10.0158,0,7.12432,74.4777,0,0,0,0,7.14887,0,0,0,0,0,0,0,0,0,0,0,0,0,0,0,0,0,0,0,0,0,0,0,0,0,0,77.0011,0,91.8571,0,0,48.931,52.3618,0,0,0,0,0,0,0,0,0,0,0,0,0,0,0,0,0,0,0,0,0,0,0,0,0,0,0,0,0,0,0,0,0,0,0,0,0,0,0,0,0,0,0,0,0,0,0,0,0,0,0,0,0,0,0,0,0,0,0,0,0,0,0,0,0,0,0,0,0,0,0,0,0,0,0,0,0,0,0,0,0,0,0,0,0,0
AT,Ni+2,2,xtb,-63.1415,10.9556,17.2489,6.84164,0,0,0.28771,0,0,10.0995,0,2.07725,0,0,0,0,7.03934,5.94383,0,0,0,0,0,18.8317,0,0,0,0,0,31.2907,0,0,17.5077,17.687,4.19917,0,12.0239,1.41215,0,0,0,4.171,31.3023,6.93852,0,19.7586,0,0,5.56518,0,0,10.3253,0,0,4.29633,0,0,0,0,0,13.9633,0,0,5.42678,0,0,0,24.3551,17.1218,0,6.45738,0,0,0,0,0,0,0,0,78.7314,0,0,31.1867,0,0,0,0,50.3171,0,0,0,112.671,62.8081,250.127,0,0,0,0,0,0,56.8083,0,0,0,23.7828,0,0,0,0,0,0,0,0,0,83.5826,0,0,500.356,0,75.3014,0,0,0,0,0,0,0,36.6225,0,0,0,38.7208,0,0,0,0,0,0,0,15.1624,0,0,0,0,0,0,513.13,0,0,0,0,0,0,0,0,0,0,80.057,0,0,0,3.17277,0,0,0,0,0,0,0,43.7881,0,0,0,0,0,4.27308,0,0,0,0,0,35.215,0,0,0,0,25.9918,0,0,0,0,0,1.16307,0,0,11.4947,0,30.3768,0,0,0,0,0,0,0,42.6516,0,0,0,0,0,14.8223,77.8749,0,0,42.2163,0,13.6097,191.914,0,0,0,0,0,0,0,0,10.2771,0,0,0,0,0,0,0,0,0,16.0548,0,0,0,101.37,9.05987,0,13.7753,28.3872,0,0,0,9.05405,0,0,0,0,27.0343,0,0,0,0,0,116.885,0,0,0,0,0,0,0,9.10416,0,11.7317,0,0,0,0,0,0,0,0,0,0,0,0,0,0,0,15.6551,5.77937,1.71029,94.3125,55.2373,0,0,0,0,0,125.277,0,0,188.49,0,0,0,0,0,0,0,0,0,0,0,0,0,0,0,0,0,0,0,0,0,0,0,0,0,0,0,0,0,0,0,0,0,0,501.988,0,0,0,0,0,0,0,0,0,0,0,0,592.961,0,0,0,0,0,0,0,0,0,0,0,0,0,0,0,0,0,0,0,0,0,0,0,0,0,0,0,0,0,0,0,0,0,0,0,0,0,0,0,0,0,0,0,0,0,0,0,0,0,0,0,0,0,0,0,0,0,0,0,0,0,0,0,0,0,0,0,0,0,0,0,0,0,0,0,0,0,0,0,0,0,0,0,0,0,0,0,0,0,0,0,0,0,0,0,0,0,0,0,0,0,0,0,0,0,0,0,0,0,0,0,0,0,0,0,0,0,0,0,0,0,0,0,0,0,0,0,0,0,0,0,0,0,0,0,0,0,0,0,0,0,0,0,0,0,0,0,0,0,0,0,0,0,0,0,0,0,0,0,0,0,0,0,0,0,0,0,0,0,0,0,0,0,0,0,0,0,0,0,0,0,0,0,0,0,0,0,0,0,0,0,0,0,0,0,0,0,0,0,0,0,0,0,0,0,0,0,65.2822,0,0,0,0,0,0,58.7291,0,0,0,0,0,0,0,0,0,0,158.829,1125.97,0,0,0,0,0,0,0,0,0,0,0,0,0,0,0,0,0,49.7592,20.9675,0,16.6732,0,27.9561,0,31.8677,0,0,0,7.92809,0,0,0,0,0,0,0,0,0,0,0,0,0,0,0,0,0,0,0,0,0,0,0,0,0,0,0,0,0,0,0,0,0,0,0,0,0,0,0,0,0,0,0,0,0,0,0,0,0,0,0,0,13.4643,0,0,2.80792,0,0,176.431,0,0,0,0,0,0,421.645,0,0,0,0,0,0,0,0,0,0,0,0,36.2447,0,0,0,0,0,0,0,0,0,0,0,0,0,0,0,0,0,0,0,0,40.6219,0,0,0,0,0,0,0,0,0,14.6781,0,0,0,0,0,0,0,0,0,0,0,0,8.55736,0,0,0,0,0,0,0,0,0,0,0,0,0,0,0,0,0,0,0,0,0,0,0,0,0,0,0,0,0,0,0,0,0,0,0,0,0,0,0,0,0,0,0,0,0,0,0,0,0,0,0,0,0,0,0,0,0,0,0,0,0,0,0,0,0
AT,Zn+2,2,xtb,-48.7536,9.02718,1.44151,0,0,0,2.2916,0.92006,0,0,11.3511,0,0.81958,0,2.68116,0,15.97,0,0,0,0,0,0,0,0.19444,0,0,4.6599,0,0,47.3963,8.37221,0,14.6319,13.7308,0,12.0943,0,37.1039,0,0,0,0,0,0,0,21.1119,0,0,0,18.1184,0,0,0,0,0,0,19.2324,0,5.85315,0,0,3.92509,0,0,0,0,0,0,0,0,0,0,0,5.23767,0,0,0,0,0,60.1949,0,0,28.4377,0,0,87.758,0,0,0,0,21.5553,0,0,0,0,0,0,0,0,0,2.51953,0,0,0,0,516.414,0,0,73.0074,0,0,0,0,0,39.3872,0,0,0,0,0,95.5408,0,0,0,0,0,0,0,0,0,0,36.6889,0,36.4998,0,0,0,0,0,46.1797,0,0,0,0,0,0,0,0,0,0,0,0,0,0,0,0,0,0,0,13.8233,0,0,0,0,0,0,0,0,0,0,0,21.7172,0,0,0,0,0,0,0,7.94771,49.6193,0,23.1768,0,0,0,0,0,0,0,0,5.59514,0,1.52027,0,37.7097,0,0,0,0,0,0,0,85.1258,0,57.3384,0,0,0,0,80.0321,0,0,0,22.2642,0,0,8.9816,173.168,0,0,0,0,0,0,0,0,10.2313,34.3654,0,0,35.552,0,0,0,0,0,0,0,0,0,0,0,0,0,1.57083,7.371,0,0,0,0,0,12.1543,0,0,199.758,205.887,0,0,0,0,0,0,0,0,0,9.7023,0,0,0,11.4024,0,0,0,0,0,0,0,0,0,0,0,0,0,1.67706,7.29886,0,7.38613,0,0,0,54.6367,161.281,0,0,0,0,0,0,0,0,0,0,0,0,0,0,0,0,0,0,0,0,0,0,0,0,0,0,0,0,0,0,0,0,397.168,0,0,0,0,0,0,0,0,0,574.66,0,0,0,0,0,0,0,0,0,0,0,0,0,0,0,0,0,0,0,0,0,0,0,0,0,0,0,0,0,0,0,0,0,0,0,0,0,0,0,0,0,0,0,0,0,0,0,0,0,0,0,0,0,0,0,0,0,0,0,0,0,0,0,0,0,0,0,0,0,0,0,0,0,0,0,0,0,0,0,0,0,0,0,0,0,0,0,0,0,0,0,0,0,0,0,0,0,0,0,0,0,0,0,0,0,0,0,0,0,0,0,0,0,0,0,0,0,0,0,0,0,0,0,0,0,0,0,0,0,0,0,0,0,0,0,0,0,0,0,0,0,0,0,0,0,0,0,0,0,0,0,0,0,0,0,0,0,0,0,0,0,0,0,0,0,0,0,0,0,0,0,0,0,0,0,0,0,0,0,0,0,0,0,0,0,0,0,0,0,0,0,0,0,0,0,0,0,0,0,0,0,0,0,0,0,0,0,0,0,0,0,0,0,0,0,125.107,0,0,0,0,0,0,0,0,0,0,0,0,0,0,0,0,0,0,0,54.3564,0,0,0,0,0,0,0,0,0,0,0,36.1288,0,0,0,0,0,0,0,49.9497,0,0,0,0,0,38.7916,35.9032,21.0049,0,0,11.2733,0,0,0,0,0,0,0,0,0,0,0,0,0,0,0,0,0,0,0,0,0,0,0,0,0,0,0,0,0,0,0,0,0,0,0,0,0,0,0,0,0,0,0,0,0,0,0,0,0,0,0,0,0,0,0,0,0,0,0,0,0.64224,0,0,0,5.03966,0,0,0,0,36.8963,0,0,0,0,0,0,0,0,0,0,0,0,0,0,0,0,0,0,0,0,0,0,0,0,0,0,0,73.5267,0,0,0,0,34.3214,0,0,0,0,0,0,0,0,0,0,0,0,0,0,0,0,0,0,0,0,0,0,0,0,0,0,0,0,0,0,0,0,0,0,0,0,0,0,0,0,0,0,0,0,0,0,0,0,0,0,0,0,0,0,0,0,0,0,0,0,0,0,0,0,0,0,0,0,0,0,0,0,0,0,0,0,0,0,0,0,0,0,0,0,0
AV,Cu+2,2,xtb,-56.3346,4.56022,1.27307,1.15993,0,6.87524,0,0,2.19667,1.76723,0,0,0,0,0,3.24888,0,0,6.93728,0,0,0,0,0,18.0295,0,9.06842,0,0,0,9.45116,0,0,35.4558,3.14556,37.477,0,2.31106,1.15151,28.6881,0,0,0,0,0,0,0,0,9.58734,0,0,5.17039,0,0,0,0,0,8.77846,22.0015,0,0.35003,0,0,0,0,11.8764,0,0,0,0,0,0,0,0,5.90816,0,0,0,35.2579,0,11.7752,0,0,0,0,0,0,32.7712,0,0,0,0,0,417.566,0,0,139.652,0,0,0,529.415,25.2746,0,0,0,0,0,0,0,0,0,0,0,0,59.1846,0,0,0,0,0,32.2447,0,0,0,0,70.4705,0,54.7628,0,0,0,0,0,0,0,122.761,0,0,0,0,0,0,0,0,0,0,0,0,0,0,0,0,0,0,0,0,0,0,0,0.70573,0,0,0,16.2464,0,0,0,0,0,0,0,0,0,0,0,0,0,0.97781,20.9595,0,0,0,10.5342,0,0,22.9269,0,0,5.10162,0,9.90218,0,0,0,0,0,0,0,0,3.82695,0,0,0,0,0,0,0,0,0,1.37482,0,0,0,0,33.3842,0,0,26.3938,22.7252,0,66.908,0,0,0,0,0,13.9034,39.8843,0,0,14.2121,0,0,0,22.9552,0,0,0,0,11.526,0,0,0,0,0,0,0,3.48915,0,55.4211,0,0,0,0,5.52413,0,0,0,0,0,0,0,161.518,0,79.7768,0,0,0,0,0,0,17.5139,0,19.2287,0,0,8.50605,0,0,0,0,0,0,0,0,51.1595,0,158.999,20.8265,98.5244,96.1824,16.1414,0,0,0,0,0,0,0,0,0,0,0,0,0,0,0,0,0,0,0,0,0,0,0,0,514.257,0,0,0,0,0,0,0,0,0,0,0,0,158.622,0,0,0,0,0,0,0,0,0,0,0,0,0,0,0,0,0,0,0,0,0,0,0,0,0,0,0,0,0,0,0,0,0,0,0,0,0,0,0,0,0,0,0,0,0,0,0,0,0,0,0,0,0,0,0,0,0,0,0,0,0,0,0,0,0,0,0,0,0,0,0,0,0,0,0,0,0,0,0,0,0,0,0,0,0,0,0,0,0,0,0,0,0,0,0,0,0,0,0,0,0,0,0,0,0,0,0,0,0,0,0,0,0,0,0,0,0,0,0,0,0,0,0,0,0,0,0,0,0,0,0,0,0,0,0,0,0,0,0,0,0,0,0,0,0,0,0,0,0,0,0,0,0,0,0,0,0,0,0,0,0,0,0,0,0,0,0,0,0,0,0,0,0,0,0,0,0,0,0,0,0,0,0,0,0,0,0,0,0,0,0,0,0,0,0,0,0,0,0,0,0,0,0,0,0,0,0,0,0,0,0,0,0,0,0,0,0,0,0,0,0,0,0,0,0,0,0,0,0,0,0,0,0,0,0,0,0,0,0,0,1.63382,0,0,0,0,0,0,0,6.0101,0,0,0,0,2.45012,0,0,0,0,45.7281,0,0,0,0,0,0,26.2874,0,38.2538,0,0,0,21.6893,40.8426,0,0.17611,0,0,0,0,0,0,0,0,0,0,0,0,0,0,0,0,0,0,0,0,0,0,0,0,0,0,0,0,0,0,0,0,0,0,0,0,0,0,0,0,0,0,0,0,0,0,0,0,0,0,0,0,0,0,0,0,0,0,0,0,0,88.5261,0,0,20.8386,0,0,14.4161,0,0,0,0,0,0,0,0,0,0,0,0,0,0,0,0,0,0,0,0,0,0,0,0,0,0,0,92.794,0,0,0,19.1777,118.97,0,36.8491,0,0,0,0,0,0,0,0,0,0,0,0,0,0,0,0,0,0,0,0,0,0,0,0,0,0,0,0,0,0,0,0,0,0,0,0,0,0,0,0,0,0,0,0,0,0,0,0,0,0,0,0,0,0,0,0,0,0,0,0,0,0,0,0,0,0,0,0,0,0,0,0,0,0,0,0,0,0,0,0,0,0,0,0
AW,Cu+2,2,xtb,-77.6895,20.5962,0.10788,7.12924,0,0,29.7732,9.4181,0,5.12816,4.41278,0,0,0,1.89828,0,93.2295,48.5427,0,0,0,0,0,38.2489,0,0,2.50219,16.4669,0,55.883,6.98177,4.80198,2.65809,0,0,0,0,0.70784,0,2.28915,0,0,0,0,21.952,0,15.0625,0,0,0,0,4.22335,0,0,0,23.4649,0,244.262,0,0,0,0,2.31564,0,0,0,32.2415,0,0,0,0,13.0445,0,28.8617,0,0,0,0,0,0.61527,0,0,0,32.2654,0,36.7944,0,20.171,0,117.931,0,0,9.99457,95.7659,586.328,292.953,0,0,0.59955,0,0,825.422,0,0,0,0,0,17.0364,0,0,0,32.7461,0,0,0,0,14.5317,0,29.7804,0,0,76.4844,0,0,0,384.203,0,0,0,105.495,0,139.471,0,0,38.3185,0,0,0,0,0,61.3493,0,0,84.6416,0,0,0,16.466,0,0,0,11.2699,0,0,0,0,0,0,0,3.88901,50.7736,0,0,0,16.0743,0,0,0,0,13.7701,47.9373,0,16.2833,0,0,0,4.58754,0,0,0,0,0,41.2607,0,0,0,0,0,0,51.2178,0,45.6163,0,0,0,0,0,0,0,16.8037,0,0,42.4014,80.843,0,0,0,0,0,24.6732,4.55712,59.4568,0,0,0,63.7009,0,19.0208,0,140.896,0,25.901,0,0,0,27.5394,27.9477,0,0,11.2353,92.1089,0,0,0,19.7225,0,6.17611,0,0,12.7629,0,98.1935,0,0,0,0,78.3402,36.5705,0,0,0,0,115.958,0,0,206.959,0,0,0,0,0,66.7288,0,0,0,0,0,0,12.5393,0,0,0,46.3551,0,6.23512,0,85.2326,0,0,0,0,72.2501,0,0,0,0,136.386,148.736,337.179,139.649,0,131.546,0,68.1016,0,0,0,32.4612,0,0,0,0,0,0,0,188.945,0,0,0,0,0,0,0,0,0,0,0,0,0,283.052,0,0,0,0,0,0,0,0,0,0,0,0,0,0,0,0,0,0,0,0,0,0,0,0,0,0,142.679,0,0,0,0,0,0,0,0,0,0,0,0,0,0,0,0,0,0,0,0,0,0,0,0,0,0,0,0,0,0,0,0,0,0,0,0,0,0,0,0,0,0,0,0,0,0,0,0,0,0,0,0,0,0,0,0,0,0,0,0,0,0,0,0,0,0,0,0,0,0,0,0,0,0,0,0,0,0,0,0,0,0,0,0,0,0,0,0,0,0,0,0,0,0,0,0,0,0,0,0,0,0,0,0,0,0,0,0,0,0,0,0,0,0,0,0,0,0,0,0,0,0,0,0,0,0,0,0,0,0,0,0,0,0,0,0,0,0,0,0,0,0,0,0,0,0,0,0,0,0,0,0,0,0,0,0,0,0,0,0,0,0,0,0,0,0,0,0,0,0,0,0,0,0,0,0,0,0,0,0,0,0,0,0,0,0,0,0,0,0,0,0,0,0,0,0,0,0,0,0,0,0,0,0,0,0,0,0,0,0,0,0,0,0,0,0,0,0,0,0,0,0,0,0,0,0,0,0,9.11398,0,5.0237,0,0,0,0,0,0,0,0,0,0,0,10.1927,0,0,0,0,0,0,0,0,0,0,5.32253,4.92759,0,0,76.8811,0,0,0,0,0,84.7169,0,8.35723,34.5205,0,18.9093,0,0,0,0,0,34.2081,0,0,0,0,0,0,0,0,0,0,0,0,0,0,0,0,0,0,0,0,0,0,0,0,0,0,0,0,0,0,0,0,0,0,0,0,0,0,0,0,0,0,0,0,0,224.075,0,0,246.184,0,66.7085,0,217.121,0,0,96.0352,0,529.244,0,0,0,0,0,0,0,0,0,0,0,0,0,0,0,0,0,0,0,0,0,0,72.8676,96.0835,0,0,265.449,293.769,0,0,0,0,0,0,0,0,0,0,0,0,0,0,0,0,0,0,0,0,0,0,0,0,0,0,0,0,0,0,0,0,0,0,0,0,0,0,0,0,0,0,0,0,0,0,0,0,0,0,0,0,0,0,0,0,0,0,0,0,0,0,0,0,0,0,0,0,0,0,0,0,0,0,0,0,0,0,0,0,0,0,0,0
AY,Cu+2,2,xtb,-74.0099,14.1602,0,0.6146,0,4.38867,0.5505,3.48334,0,3.23299,0,1.13996,1.21019,0,6.94817,0,32.6357,0,20.38,0,0,0,3.53975,0,0,1.99335,0,0,0,0,0,1.18676,0,0,4.39637,0,0,9.03655,0,0,39.3024,0,0,30.9861,39.6963,0,46.1976,19.0128,0,0,0,0,0,33.2193,0,0,14.2308,58.3005,0,10.6945,5.29038,0,0,0,10.7066,0,0,0,0,0,0,8.4439,0,0,0,0,0,0,0,0,0,0,11.0617,22.8936,0,0,5.15739,0,0,0,37.3561,0,0,0,0,23.4847,426.565,0,159.562,0,0,47.7014,0,328.97,0,0,0,0,0,0,0,41.9754,0,0,116.731,0,0,19.974,485.144,0,0,0,0,0,0,0,0,5.92775,0,0,26.2673,0,0,101.935,0,0,0,0,0,0,224.949,0,0,0,0,0,0,0,0,21.0427,0,0,0,0,0,7.10081,75.9736,0,0,0,263.9,0,0,0,0,0,41.3374,0,52.3487,0,0,0,30.5532,0,0,0,7.28213,4.01193,0,72.6226,0,0,0,0,28.3241,0,0,0,0,5.19162,1.90584,0,7.52441,0,0,0,0,0,0,24.8616,0,0,0,0,0,0,0,0,0,0,3.01397,0,0,0,0,0,60.8923,0,162.286,0,81.0546,0,15.1818,0,0,38.8653,19.671,0,0,30.2397,0,0,0,22.2313,0,0,2.91055,0,0,150.256,0,25.1647,0,0,0,0,2.19407,138.799,0,0,47.2594,0,0,0,0,0,0,5.04012,0,0,0,45.7036,0,0,0,0,0,0,0,0,0,14.1494,0,0,0,0,52.1929,4.90432,0,0,0,0,17.5402,75.6245,0,0,0,149.15,3.85027,0,0.72077,372.674,0,0,0,0,0,0,0,0,44.6902,0,0,0,0,0,0,0,75.416,0,0,0,0,0,0,0,0,0,0,0,0,0,0,0,0,0,0,0,0,0,0,0,226.283,0,0,0,0,0,0,0,0,0,0,0,0,0,0,0,360.452,0,0,0,0,0,0,0,0,0,0,0,0,0,0,0,0,0,0,0,0,0,0,0,0,0,0,0,0,0,0,0,0,0,0,0,0,0,0,0,0,0,0,0,0,0,0,0,0,0,0,0,0,0,0,0,0,0,0,0,0,0,0,0,0,0,0,0,0,0,0,0,0,0,0,0,0,0,0,0,0,0,0,0,0,0,0,0,0,0,0,0,0,0,0,0,0,0,0,0,0,0,0,0,0,0,0,0,0,0,0,0,0,0,0,0,0,0,0,0,0,0,0,0,0,0,0,0,0,0,0,0,0,0,0,0,0,0,0,0,0,0,0,0,0,0,0,0,0,0,0,0,0,0,0,0,0,0,0,0,0,0,0,0,0,0,0,0,0,0,0,0,0,0,0,0,0,0,0,0,0,0,0,0,0,0,0,0,0,0,0,0,0,0,0,0,0,0,0,0,0,0,0,0,0,0,0,54.5285,0,0,0,0,0,0,0,0,0,0,0,0,0,0,0,0,0,0,0,0,0,0,0,0,0,3.91228,0,0,0,0,0,0,0,0,0,1.61661,6.00398,6.95813,0,0,0,20.1041,0,0,0,0,9.79959,37.4339,0,0,0,0,0,0,0,0,0,5.0928,0,0,0,0,0,0,0,0,0,0,0,0,0,0,0,0,0,0,0,0,91.9762,0,0,0,0,0,0,0,0,0,0,0,0,0,0,0,0,0,0,0,0,0,0,66.5246,0,0,0,0,0,0,0,0,23.1549,0,0,0,0,0,99.5455,65.1698,0,0,0,0,3.21253,0,0,0,0,0,0,0,0,0,0,0,0,0,0,0,0,0,35.4513,0,0,0,0,0,0,0,0,0,0,0,77.8854,0,0,84.6824,0,0,0,0,0,59.243,0,0,0,0,0,0,0,0,0,0,0,0,0,0,0,0,0,0,0,0,0,0,0,0,0,0,0,0,0,0,0,0,0,0,0,0,0,0,0,0,0,0,0,0,0,0,0,0,0,0,0,0,0,0,0,0,0,0,0,0,0,0,0,0,0,0,0,0,0,0,0,0,0,0
AY,Ni+2,2,xtb,-80.0334,6.69823,0,1.99553,0.09935,0.55387,0,0,1.67702,0,0.55102,0.20724,8.87737,0,0,9.40503,0,0,1.48753,2.16662,3.3734,0,0,12.372,0,0,19.1517,0,3.05373,0,0,0,8.04157,69.2063,0,0,37.9113,31.1158,20.7222,0,0,0,5.98704,0,20.2636,0,0,0,0,0,45.3871,0,0,21.2881,39.0617,0,0,0,17.6682,0,9.80145,0,0,41.4882,0,0.42352,0,0,8.1729,0,146.98,28.2171,8.50627,0,0,0,21.7524,0,70.9314,0,41.456,59.5812,0,0,9.48177,0,0,0,163.508,58.3623,0,376.457,0,235.883,0,0,63.8803,0,217.572,0,0,0,0,379.51,0,50.9648,0,32.2457,0,0,0,0,0,3.20868,0,0,0,0,57.868,0,0,0,40.894,0,0,0,0,0,0,56.8401,0,0,0,31.3779,0,0,0,0,0,0,99.2583,270.169,0,0,16.5949,0,0,0,0,0,0,0,0,0,23.3607,0,0,0,8.13601,0,9.49606,0,0,0,0,0,0,3.78946,0,0,0,0,7.82409,0,0,3.03891,4.0851,0,20.0968,0,0,0,0,0,26.4255,0,0,0,0,0,0.39995,0,0,1.32231,5.15609,0,83.5184,0,0,0,0,0,0,0,0,11.2882,0,0,0,0,0,0,51.2454,0,43.8665,0,0,186.551,0,0,82.8713,0,0,0,0,11.6766,0,0,0,5.65266,0,34.7688,0,31.6109,0,4.01386,0,6.07252,0,0,0,7.73303,0,0,0,39.5727,0,0,0,0,40.0609,0,0,0,43.1813,0,8.44515,10.0938,0,0,0,0,0,0,0,0,0,0,0,0,0,0,0,20.6826,7.7267,76.8084,0,0,0,0,0,7.80106,33.759,0,0,0,0,0,18.647,163.409,251.578,0,83.3136,77.0666,0.48183,0,24.6731,0,0,0,0,0,0,0,0,0,0,0,86.9246,0,0,0,0,0,0,0,0,0,0,0,0,0,0,0,0,0,0,0,0,0,0,0,266.426,0,0,0,0,0,0,0,0,0,0,0,0,0,0,0,0,0,0,0,0,418.441,0,0,0,0,0,0,0,0,0,0,0,0,0,0,0,0,0,0,0,0,0,0,0,0,0,0,0,0,0,0,0,0,0,0,0,0,0,0,0,0,0,0,0,0,0,0,0,0,0,0,0,0,0,0,0,0,0,0,0,0,0,0,0,0,0,0,0,0,0,0,0,0,0,0,0,0,0,0,0,0,0,0,0,0,0,0,0,0,0,0,0,0,0,0,0,0,0,0,0,0,0,0,0,0,0,0,0,0,0,0,0,0,0,0,0,0,0,0,0,0,0,0,0,0,0,0,0,0,0,0,0,0,0,0,0,0,0,0,0,0,0,0,0,0,0,0,0,0,0,0,0,0,0,0,0,0,0,0,0,0,0,0,0,0,0,0,0,0,0,0,0,0,0,0,0,0,0,0,0,0,0,0,0,0,0,0,0,0,0,0,0,0,0,0,0,0,0,0,0,0,0,0,0,0,0,0,0,0,0,0,0,0,0,0,0,0,0,0,0,0,0,0,0,0,9.56959,0,10.7234,0,0,0,0,0,0,0,0,0,12.2145,0,0,0,0,2.25465,0,0,13.2861,21.7529,0,0,0,11.5106,17.0345,0,19.1723,0,16.3983,0,0,0,0,1.536,0,0,0,0,0,0,0,0,0,0,0,0,0,0,0,0,0,0,0,0,0,0,0,425.463,0,0,0,0,0,0,0,0,0,0,0,0,0,0,0,0,0,0,0,0,23.2334,0,0,8.60567,0,0,0,0,0,0,0,0,0,0,0,0,0,0,0,0,0,0,52.3173,15.1443,0,0,0,0,0,0,0,0,0,0,0,0,0,0,0,0,0,0,0,0,85.005,0,31.9236,0,0,0,40.226,166.924,0,0,15.6939,0,0,0,0,0,0,0,0,0,0,0,0,0,0,0,0,0,0,0,0,0,0,0,0,0,0,0,0,0,0,0,0,0,0,0,0,0,0,0,0,0,0,0,0,0,0,0,0,0,0,0,0,0,0,0,0,0,0,0,0,0,0,0,0,0,0,0,0,0,0,0,0,0,0,0,0,0,0,0
AY,none,2,xtb,-60.7899,2.60449,0,0,0,4.38649,0,0,0,0,0,0,0.63069,0.72386,0,0,0,0,0,0,0,0,0,3.54163,0,2.42875,0,2.87128,0,0,0.28845,0,0,0,0,2.72104,0,0,26.0856,1.20589,0,0,0,0,6.42902,50.6488,0,0,0,0,33.6256,0,4.97648,18.835,0,0,0,12.7443,8.12785,156.941,7.65575,0,0,0,0,0,0,0,2.2543,0,0,0,0,3.88895,0,0,0,0,0,0,0,0,11.4842,0,0,0.31195,0,11.3059,0,0,0,0,0,0,0,3.594,0,0,0,0,0,0,0,0,0,0,2.1701,0,0,0,0,1.51459,0,0,0,0,0,0,12.0808,12.6605,0,40.1258,0,0,0,0,0,0,0,0,0,0,0,0,3.88363,0,0,0,0,0,0,18.7602,0,0,0,28.18,0,0,9.31118,0,0,0,0,0,0,0,0,0,0,16.8398,6.90741,0,0,0,0,162.248,0,42.1524,0,0,0,21.6591,0,129.336,0,0,0,222.28,0,0,98.0445,0,14.3301,53.6022,0,0,0,0,0,12.2687,0,61.6765,0,44.6988,0,0,0,81.8761,0,0,0,0,8.94877,0,0,0,0,0,0,0,0,15.3902,0,2.10736,0,0,0,0,0,14.9123,0,87.5198,0,22.5402,27.2095,0,52.3403,0,20.4447,0,0,186.021,0,0,0,299.138,0,0,0,39.4048,0,0,0,0,116.879,0,0,6.60515,64.7782,0,18.7754,15.9422,0,9.54476,0,0,40.8703,0,6.01173,0,0,0,0,0,41.1742,0,0,33.2085,79.5921,0,0,0,5.7932,0,0,0,0,0,0,0,0,0,0,0,0,0,0,3.06869,0,0,8.00492,0,0,0,0,0,0,0,0,0,0,33.5099,0,39.2699,0,0,0,0,0,0,0,0,0,0,0,0,0,0,0,0,0,7.98253,0,0,0,0,0,0,0,0,260.661,0,118.187,0,0,0,0,0,0,0,0,0,0,0,0,0,0,635.715,0,0,0,0,0,0,0,0,0,0,0,0,0,0,0,0,0,0,0,0,0,0,0,0,0,0,0,0,0,0,0,0,0,0,0,0,0,0,0,0,0,0,0,0,0,0,0,0,0,0,0,0,0,0,0,0,0,0,0,0,0,0,0,0,0,0,0,0,0,0,0,0,0,0,0,0,0,0,0,0,0,0,0,0,0,0,0,0,0,0,0,0,0,0,0,0,0,0,0,0,0,0,0,0,0,0,0,0,0,0,0,0,0,0,0,0,0,0,0,0,0,0,0,0,0,0,0,0,0,0,0,0,0,0,0,0,0,0,0,0,0,0,0,0,0,0,0,0,0,0,0,0,0,0,0,0,0,0,0,0,0,0,0,0,0,0,0,0,0,0,0,0,0,0,0,0,0,0,0,0,0,0,0,0,0,0,0,0,0,0,0,0,0,0,0,0,0,0,0,0,0,0,0,0,0,0,0,232.481,0,0,0,0,0,0,0,0,0,0,0,0,0,0,16.1108,0,0,0,0,0,0,0,774.557,0,12.9749,0,26.4417,0,0,0,0,0,14.9493,0,18.7857,0,0,0,0,0,0,30.974,23.67,0,0,17.1227,27.991,0,0,0,0,41.4049,0,0,0,0,0,0,0,0,11.4296,0,0,0,0,0,0,0,0,0,0,0,0,0,0,0,0,0,0,0,0,0,0,0,0,0,0,0,0,0,0,0,0,0,0,0,0,0,0,0,0,0,0,0,0,0,0,0,0,0,0,3.85331,0,0,0,5.89248,0,0.59974,0,0,0,0,0.75559,0,0,0,0,0,0,0,0,0,0,0,0,0,0,0,0,0,0,31.8864,0,0,0,0,0,0,0,0,0,0,0,0,0,0,0,0,0,0,0,0,0,0,0,0,0,0,0,0,0,0,0,0,0,0,0,0,0,0,0,0,0,0,0,0,0,0,0,0,0,0,0,0,0,0,0,0,0,0,0,0,0,0,0,0,0,0,0,0,0,0,0,0,0,0,0,0,0,0,0,0,0,0,0,0,0,0,0,0,0,0,0,0,0,0
CG,Zn+2,2,xtb,-51.9306,7.33418,0,1.94382,4.21122,0,0,12.6743,6.50002,0.81885,0,0,2.31604,31.899,0,0,0,5.12516,0,17.264,0,9.16525,0,0,0,7.38533,0,0,0,5.09299,0,3.79622,0,0,33.1826,15.3898,0,0,0,2.79757,0,0,0,0,46.6436,0,0,0,10.5754,35.5518,0,0,0,4.29582,0,57.4136,0,0,10.3653,0,0,0,0,0,0,7.58051,131.581,0,0,0,0,18.3949,0,0,0,0,0,280.533,0,0,0,458.798,40.2384,0,0,0,0,0,0,0,0,0,21.1836,0,230.156,0,0,91.4352,0,0,0,0,0,0,0,38.4441,0,0,0,0,0,0,0,0,136.803,0,0,0,0,0,12.8903,0,0,137.403,0,0,0,196.159,0,0,0,0,0,69.0095,0,0,0,0,0,0,0,0,0,8.69734,0,0,0,0,0,0,0,0,0,0,0,31.7505,0,0,0,0,0,0,0,0,0,0,23.3481,0,0,0,10.6065,0,0,0,0,0,0,0,0,110.684,0,0,0,0,0,0,0,72.9409,0,0,0,0,0,0,0,0,0,0,0,0,59.4662,0,0,0,0,0,0,3.47601,0,0,0,0,0,8.38762,0,0,0,4.32328,0,73.749,185.826,0,0,0,15.5058,0,0,0,0,1.42175,0,0,0,0,0,0,0,0,49.1373,0,40.5575,0,0,5.39615,0,0,0,0,0,0,0,24.9438,113.745,0,0,0,0,0,0,0,0,0,0,0,0,0,0,0,29.1651,0,0,0,0,0,0,0,0,0,0,27.0832,0,162.85,0,0,0,0,0,0,184.835,144.244,110.886,0,0,0,0,0,0,0,0,0,0,66.5389,0,0,0,0,0,0,0,0,0,0,0,0,0,0,0,0,0,0,515.439,0,0,0,0,0,0,0,0,0,0,0,0,0,0,0,0,0,0,0,0,0,0,0,0,643.244,0,0,0,0,0,0,0,0,0,0,0,0,0,0,0,0,0,0,0,0,0,0,0,0,0,0,0,0,0,0,0,0,0,0,0,0,0,0,0,0,0,0,0,0,0,0,0,0,0,0,0,0,0,0,0,0,0,0,0,0,0,0,0,0,0,0,0,0,0,0,0,0,0,0,0,0,0,0,0,0,0,0,0,0,0,0,0,0,0,0,0,0,0,0,0,0,0,0,0,0,0,0,0,0,0,0,0,0,0,0,0,0,0,0,0,0,0,0,0,0,0,0,0,0,0,0,0,0,0,0,0,0,0,0,0,0,0,0,0,0,0,0,0,0,0,0,0,0,0,0,0,0,0,0,0,0,0,0,0,0,0,0,0,0,0,0,0,0,0,0,0,0,0,0,0,0,0,0,0,0,0,0,0,0,0,0,0,0,0,0,0,0,0,0,0,0,0,0,0,0,0,0,0,0,0,0,0,0,0,0,0,0,0,0,0,0,0,0,0,0,0,0,0,0,9.55878,0,0,0,0,0,0,4.31187,0,0,0,0,0,0,0,9.26426,0,0,2.23925,0,0,0,0,0,1.10447,0,0,0,0,0,0,0,0,0,0,0,0,0,0,0,0,0,0,0,0,0,0,0,0,0,0,0,0,0,0,0,0,0,0,0,0,0,0,0,0,0,0,0,0,0,0,0,0,0,0,0,0,0,0,0,0,136.695,0,547.769,0,0,0,0,0,0,0,0,0,0,0,0,0,0,0,0,1.25218,0,71.0346,0,0,0,0,0,1.0828,0,0,0,0,0,0,0,0,0,0,0,0,0,0,0,0,0,0,0,0,0,0,0,0,71.3063,56.7123,0,0,0,146.1,0,0,0,0,0,0,0,0,0,0,0,0,0,0,0,0,0,0,0,0,0,0,0,0,0,0,0,0,0,0,0,0,0,0,0,0,0,0,0,0,0,0,0,0,0,0,0,0,0,0,0,0,0,0,0,0,0,0,0,0,0,0,0,0,0,0,0,0,0,0,0,0,0,0,0,0,0,0,0,0,0,0,0
CQ,none,2,xtb,-57.8781,5.66372,3.84401,0,0,0,0,1.68634,0,0,5.75998,13.949,0,0,42.9566,0,0,0,0,0,0,5.12929,0,0,0,11.1025,2.68002,0,0,0,0,7.27884,0,0,0,8.72302,7.35464,0,0,26.2333,0,6.10247,0,0,0,0,0,3.79433,11.4055,0,0,0,3.46469,0,0,68.6556,0,4.50867,0,20.4515,21.2126,0,33.7635,0,0,0,0,0,0,0,0,0,0,0,0,0,194.369,0,4.73856,0,0,0,0,0,0,0,9.25619,0,0,0,0,0,0,17.8022,0,0,37.4343,0,0,0,0,124.119,0,84.9189,0,11.1433,0,0,206.992,0,0,0,0,0,0,0,0,0,0,0,3.40807,0,0,0,0,64.3747,0,0,44.4993,0,0,0,0,0,0,4.90992,0,12.3706,0,21.9357,0,0,0,0,0,0,0,0,0,0,0,0,0,0,0,0,0,0,11.7525,0,0,0,43.1442,0,0,0,0,0,0,15.0565,0,0,0,0,0,0,0,0,0,0,110.943,0,71.6643,0,0,0,0,0,0,137.161,0,0,0,12.2582,0,75.1857,0,0,0,0,0,33.7222,0,4.52276,138.723,0,98.456,0,0,0,36.7818,0,0,151.345,0,102.487,0,0,96.7112,0,0,17.0942,0,0,27.4942,0,0,0,0,0,15.7104,0,18.0432,97.631,0,8.94778,0,0,0,32.3631,46.6443,0,0,21.5671,0,0,0,111.148,0,23.8401,0,0,0,107.189,10.2492,0,18.8757,0,12.0264,0,19.7956,0,0,9.77022,0,4.86012,0,0,0,0,0,0,0,0,0,0,0,0,46.4695,124.049,0,0,0,0,0,6.64954,0,0,0,0,0,0,0,64.9443,0,0,0,0,37.266,0,0,0,0,0,0,0,0,0,0,0,0,0,0,0,0,0,0,0,0,0,0,0,0,0,0,0,0,0,0,0,0,0,0,0,0,0,0,0,0,0,0,0,0,463.076,0,0,0,0,0,0,0,0,0,0,0,0,0,0,0,0,0,0,0,0,0,0,0,0,0,0,0,0,0,0,0,0,0,0,0,0,0,0,0,0,0,0,0,0,0,0,0,0,0,0,0,0,0,0,0,0,0,0,0,0,0,0,0,0,0,0,0,0,0,0,0,0,0,0,0,0,0,0,0,0,0,0,0,0,0,0,0,0,0,0,0,0,0,0,0,0,0,0,0,0,0,0,0,0,0,0,0,0,0,0,0,0,0,0,0,0,0,0,0,0,0,0,0,0,0,0,0,0,0,0,0,0,0,0,0,0,0,0,0,0,0,0,0,0,0,0,0,0,0,0,0,0,0,0,0,0,0,0,0,0,0,0,0,0,0,0,0,0,0,0,0,0,0,0,0,0,0,0,0,0,0,0,0,0,0,0,0,0,0,0,0,0,0,0,0,0,0,0,0,0,0,0,0,0,0,0,0,0,0,0,0,0,0,0,0,43.2879,0,0,0,40.6567,0,0,0,0,0,80.355,0,0,0,0,0,0,0,29.2881,0,0,0,0,0,6.23855,24.8512,0,0,0,0,0,0,6.92902,0,0,0,0,0,0,0,0,0,13.7922,0,0,0,0,0,0,0,0,0,0,0,0,0,0,0,0,0,0,0,0,0,0,0,0,0,0,0,0,0,0,0,0,0,0,0,0,0,0,0,0,0,0,0,0,0,0,0,0,0,0,0,0,0,0,0,0,0,0,0,0,0,0,44.7819,0,71.5796,0,0,0,0,5.07678,0,0,0,0,0,0,4.02281,34.6389,0,0,0,0,0,0,0,0,0,0,0,24.9284,0,0,22.2732,5.13383,0,0,0,0,0,0,0,0,0,0,0,0,0,0,0,0,0,0,0,0,0,0,0,0,0,0,0,0,0,0,0,0,0,0,0,0,0,0,0,0,0,0,0,0,0,0,0,0,0,0,0,0,0,0,0,0,0,0,0,0,0,0,0,0,0,0,0,0,0,0,0,0,0,0,0,0,0,0,0,0,0,0,0,0,0,0,0,0,0,0,0,0,0,0,0,0
CV,Cu+2,2,xtb,-59.5942,2.56048,2.52287,2.03155,0,3.31427,3.73181,0,0.90964,0,0,10.2539,3.56628,0,0,0,12.2535,0,0,4.64722,0,0,11.3268,0,0,29.9221,0,0,3.33955,0,9.06258,0,4.91805,0,0,0,0,5.36856,0,0,0,0,0.75553,0,10.5972,0,0,0,36.4682,22.5139,0,22.5058,0,0,0,0,22.6637,31.4981,0,0,0,2.74959,0,0,0,0,0,0,33.6002,0,0,0,0,5.74897,0,0,0,0,0,0,8.90877,0,0,30.8638,0,0,0,0,0,0,15.5881,0,0,0,85.4778,0,45.3205,0,27.0344,66.93,0,0,0,0,0,0,0,0,598.025,0,0,0,79.0912,0,0,0,0,0,123.632,0,0,0,0,22.5021,0,0,0,9.39365,0,0,0,0,0,0,414.129,0,0,0,0,163.445,0,0,0,0,34.0061,0,0,0,0,0,0,0,0,0,0,0,0,0,0,0,0,2.49898,0,0,0,1.97459,0,0,0,0,0,0,6.74629,0,0,0,0,6.93812,0,0,0,0,16.8824,0,0,0,13.5968,0,85.5688,11.2241,0,0,0,0,0,0,0,0,0,0,0,4.52101,0,0,0,0,5.71387,0,0,0,0,0,5.91178,0,0,56.0514,0,0,0,0,0,19.8248,82.4159,0,0,5.41706,0,0,0,10.6018,0,0,0.82535,0,0,0,0,0,9.31643,0,28.4596,0,19.4351,48.1244,0,0,0,0,26.6857,0,0,0,0,0.78936,0,0,10.5269,0,0,0,0,0,0,0,0,0,0,0,0,0,0,0,0,0,15.5676,0,94.8664,6.40973,82.0119,0,0,0,0,0,0,0,145.697,0,0.27336,3.40852,8.63411,14.2887,90.6801,185.286,0,0,0,0,0,0,0,0,0,0,0,0,0,0,0,0,0,0,0,0,0,0,0,0,243.727,0,0,0,0,0,0,0,0,0,0,0,0,0,0,0,0,0,0,0,0,0,0,0,0,0,0,0,0,0,432.307,0,0,0,0,0,0,0,0,0,0,0,0,0,0,0,0,0,0,0,0,0,0,0,0,0,0,0,0,0,0,0,0,0,0,0,0,0,0,0,0,0,0,0,0,0,0,0,0,0,0,0,0,0,0,0,0,0,0,0,0,0,0,0,0,0,0,0,0,0,0,0,0,0,0,0,0,0,0,0,0,0,0,0,0,0,0,0,0,0,0,0,0,0,0,0,0,0,0,0,0,0,0,0,0,0,0,0,0,0,0,0,0,0,0,0,0,0,0,0,0,0,0,0,0,0,0,0,0,0,0,0,0,0,0,0,0,0,0,0,0,0,0,0,0,0,0,0,0,0,0,0,0,0,0,0,0,0,0,0,0,0,0,0,0,0,0,0,0,0,0,0,0,0,0,0,0,0,0,0,0,0,0,0,0,0,0,0,0,0,0,0,0,0,0,0,0,0,0,0,0,0,0,0,0,0,0,0,0,0,0,0,0,0,0,0,0,24.0917,0,0,0,0,0,0,0,0,0,0,0,0,0,16.8575,0,0,9.86488,0,0,1.59847,0,0,0,2.12369,0,0,0,0,0,0,0,0,0,31.283,30.8195,35.6285,0,5.20002,20.8381,0,0,0,0,0,0,0,0,0,0,0,0,0,0,0,0,0,0,0,0,0,0,0,0,0,0,0,0,0,0,0,0,0,0,0,0,0,0,0,0,0,0,0,0,0,0,0,0,0,0,0,0,0,0,0,0,0,0,0,0,0,0,0,172.575,0,0,0,38.2375,59.8932,0,15.3567,37.8734,0,0,0,0,0,0,0,0,0,0,0,0,0,0,0,0,0,0,95.1267,0,0,0,0,28.3364,0,0,0,0,0,0,70.5924,0,0,0,0,0,0,0,0,0,0,0,0,0,0,0,0,0,0,0,0,0,0,0,0,0,0,0,0,0,0,0,0,0,0,0,0,0,0,0,0,0,0,0,0,0,0,0,0,0,0,0,0,0,0,0,0,0,0,0,0,0,0,0,0,0,0,0,0,0,0,0,0,0,0,0,0,0,0,0,0,0,0,0,0
CV,Ni+2,2,xtb,-70.6786,10.9098,0.61659,2.9711,0,0,0,2.36476,5.94186,7.27371,0,0,6.64859,0,1.89145,15.3622,2.95754,0,0,23.0338,13.556,0,13.6875,0,1.92941,0,0,0,0,10.9826,0,0.15342,0,0.29168,0,4.56806,0,8.81115,1.37418,23.3132,12.3157,0,8.28698,0,0,9.63496,0,0,154.481,0,0,12.7968,0,0.44948,11.3946,32.1416,17.2083,0,0,0,6.44966,0,0,9.77083,0,0,0,58.4749,0,0,1.39504,0,0,40.7691,0,94.1924,0,0,0,0,0,0,15.9942,0,234.222,0,0,62.8053,0,0,0,78.0666,0,131.384,0,280.788,0,0,0,415.972,0,162.597,0,0,0,0,580.998,0,0,0,0,0,0,0,99.1576,0,0,0,0,0,112.456,0,0,0,0,0,0,13.5798,0,0,0,0,100.487,0,0,0,0,0,0,0,0,0,0,0,0,21.2201,0,0,0,0,0,0,0,0,0,0,0,0,0,0,0,0,4.9335,0,0,0,0,3.81028,0,0,0,0,0,9.64153,0,0,0,0,0,13.7202,0,1.92495,0,0,23.6396,0,0,0,8.22107,2.51584,0,0,0,84.5792,0,0,0,0,0,0,0,0,7.59772,3.97342,0,0,0,0,0,0,0,0,1.73591,0,0,20.5158,0,0,140.422,0,0,42.0293,7.98208,0,0,0,0,0,4.61529,11.9268,0,0,0.78955,0,10.9985,0,0,0,44.9349,0,0,0,0,0,3.38447,0,188.851,0,0,0,0,30.8315,0,10.8344,0,4.57163,0,0,0,0,0,0,0,0,0,0,0,0,0,0,0,0,0,10.3564,0,0,6.73017,0,0,119.795,0,103.722,0,0,0,0,0,0,226.439,8.47476,2.67338,196.366,33.5202,0,125.925,0,0,97.8614,0,0,0,0,0,0,0,0,0,0,0,0,0,0,0,0,0,0,0,0,0,0,0,0,0,0,0,0,0,0,0,0,0,447.443,0,0,0,0,0,0,0,0,0,0,0,0,0,0,0,0,0,403.288,0,0,0,0,0,0,0,0,0,0,0,0,0,0,0,0,0,0,0,0,0,0,0,0,0,0,0,0,0,0,0,0,0,0,0,0,0,0,0,0,0,0,0,0,0,0,0,0,0,0,0,0,0,0,0,0,0,0,0,0,0,0,0,0,0,0,0,0,0,0,0,0,0,0,0,0,0,0,0,0,0,0,0,0,0,0,0,0,0,0,0,0,0,0,0,0,0,0,0,0,0,0,0,0,0,0,0,0,0,0,0,0,0,0,0,0,0,0,0,0,0,0,0,0,0,0,0,0,0,0,0,0,0,0,0,0,0,0,0,0,0,0,0,0,0,0,0,0,0,0,0,0,0,0,0,0,0,0,0,0,0,0,0,0,0,0,0,0,0,0,0,0,0,0,0,0,0,0,0,0,0,0,0,0,0,0,0,0,0,0,0,0,0,0,0,0,0,0,0,0,0,0,0,0,0,0,0,0,0,0,0,0,0,44.0603,0,0,0,0,0,0,0,0,0,0,0,0,0,0,0,0,0,4.47855,0,15.8279,10.9689,0,0,0,0,2.37103,0,0,0,0,0,0,0,0,8.95971,47.3242,33.7414,20.5518,7.70179,27.0152,0,0,0,0,0,0,0,0,0,0,0,0,0,0,0,0,0,0,0,0,0,0,0,0,0,0,0,0,0,0,0,0,0,0,0,0,0,0,0,0,0,0,0,0,0,0,0,0,0,0,0,0,0,0,0,0,0,0,0,0,0,22.1817,0,10.8456,54.8982,0,0,0,0,0,0,0,70.6193,0,0,0,0,0,0,0,0,0,0,0,0,0,0,0,0,0,0,0,0,0,0,0,75.1114,64.8413,0,0,9.54813,17.5179,71.4965,21.1198,120.39,0,0,0,0,0,0,0,0,0,0,0,0,0,0,0,0,0,0,0,0,0,0,0,0,0,0,0,0,0,0,0,0,0,0,0,0,0,0,0,0,0,0,0,0,0,0,0,0,0,0,0,0,0,0,0,0,0,0,0,0,0,0,0,0,0,0,0,0,0,0,0,0,0,0,0,0,0,0,0,0,0,0,0
CV,Zn+2,2,xtb,-61.3464,15.9887,0,1.99219,7.35016,12.4912,0,2.24361,2.98933,8.61756,0,0,0,5.13233,1.33505,0,0,4.68203,0,4.41984,0,0,0,2.3538,3.85919,0,0,0,1.18667,0,2.19901,11.766,11.7284,0,27.1792,0,0,3.99868,0,0,0,5.36092,0,41.0961,28.6766,0,22.3966,0,0,0,0,17.7933,0,0,38.5582,0,12.1005,36.5266,0,0,10.5232,0,0,0,0,0,5.74159,0,87.0764,0,0,80.5862,328.493,0,0,0,0,0,0,0,0,0.5087,0,0,0,0,0,0,132.566,0,0,0,0,0,0,169.344,139.279,0,0,0,0,0,0,0,0,23.6245,0,0,0,0,65.1905,0,0,0,0,0,0,0,0,0,0,109.94,0,173.666,0,225.904,0,0,0,121.149,0,0,0,0,0,0,283.236,0,0,0,0,0,0,1.50832,0,0,0,0,0,0,178.141,0,0,0,0,0,0,0,0,0,16.876,0,0,0,0,22.6224,0,0,0,0,0,0,0,0,4.87241,0,0,9.61114,0,0,0,0,3.058,0,3.11605,0,0,0,0.50264,0,0,2.50243,0,0,0,0,0,0,0,0,0,0,4.37609,0,0,0,0,0,1.90076,0,0,0,0,0,0,43.3719,0,0,34.5682,28.4262,0,0,64.2136,85.0216,0,0,0,10.6202,0,20.0172,0,0,0,0,0,0,0,0,2.39116,27.0838,0,10.2074,44.5741,0,0,39.5506,0,0,0,0,13.5444,0,0,0,8.85374,7.27335,0,0,0,0,0,0,0,0,0,0,0,0,0,0,0,0,0,0,10.9987,83.3018,0,13.3916,0,96.3833,0,0,0,0,0,0,0,246.911,5.82088,120.286,111.958,0,0,11.3109,0,0,0,0,37.8613,0,0,0,0,0,0,0,0,0,0,428.056,0,0,0,0,0,0,0,0,0,0,0,0,0,0,0,0,0,0,0,0,0,0,0,0,0,0,0,0,0,0,0,0,0,463.415,0,0,0,0,0,0,0,0,0,0,0,0,0,0,0,0,0,0,0,0,0,0,0,0,0,0,0,0,0,0,0,0,0,0,0,0,0,0,0,0,0,0,0,0,0,0,0,0,0,0,0,0,0,0,0,0,0,0,0,0,0,0,0,0,0,0,0,0,0,0,0,0,0,0,0,0,0,0,0,0,0,0,0,0,0,0,0,0,0,0,0,0,0,0,0,0,0,0,0,0,0,0,0,0,0,0,0,0,0,0,0,0,0,0,0,0,0,0,0,0,0,0,0,0,0,0,0,0,0,0,0,0,0,0,0,0,0,0,0,0,0,0,0,0,0,0,0,0,0,0,0,0,0,0,0,0,0,0,0,0,0,0,0,0,0,0,0,0,0,0,0,0,0,0,0,0,0,0,0,0,0,0,0,0,0,0,0,0,0,0,0,0,0,0,0,0,0,0,0,0,0,0,0,0,0,0,0,0,0,0,0,0,0,0,0,0,0,0,0,0,0,0,0,0,0,0,0,0,0,0,8.12196,0,0,11.5,0,0,0,0,12.3149,11.4901,0,0,0,0,0,0,1.91411,0,0,0,0,19.6211,0,0,45.5549,0,0,19.1375,7.5034,13.0701,13.8088,0,0,0,0,0,0,0,0,0,0,0,0,0,0,0,0,0,0,0,0,0,0,0,0,0,0,0,0,0,0,0,0,0,0,0,0,0,177.289,0,0,423.837,0,0,0,0,0,0,0,0,0,0,0,0,0,0,0,0,0,0,0,0,0,0,0,0,0,0,0,63.8484,0,6.22363,0,0,0,0,0,0,0,0,0.64123,0,0,0,0,0,0,0,0,0,0,0,0,0,0,0,0,58.3553,0,69.7205,0,60.0179,49.8233,54.6795,0,0,0,0,0,0,0,0,0,0,0,0,0,0,0,0,0,0,0,0,0,0,0,0,0,0,0,0,0,0,0,0,0,0,0,0,0,0,0,0,0,0,0,0,0,0,0,0,0,0,0,0,0,0,0,0,0,0,0,0,0,0,0,0,0,0,0,0,0,0,0,0,0,0,0,0,0,0,0,0,0,0,0,0
DE,Co+2,2,xtb,-88.7914,2.71587,3.72773,0,2.7933,5.10496,0,1.95903,1.60603,0,6.41291,10.7203,0,0.73144,0,5.21813,0,33.9807,2.45049,0,2.10095,0,5.64577,0,12.3495,5.10894,0,17.8477,0,4.56786,12.5898,0,0,6.79012,12.3669,0,0,10.3983,0,2.38987,0,14.9165,0,0,0,0.31357,48.9143,0,8.45591,0,0,15.5234,65.7459,0,0,3.19161,0,0,23.5919,0,157.828,35.3907,0,18.2126,39.4915,0,0,257.196,0,0,23.4467,0,0,78.8692,0,0,0,0,8.97731,0,0,0,0,0,0,6.37783,0,0,0,14.4109,0,0,0,116.223,0,79.372,71.3476,0,0,27.9592,0,0,42.8313,90.8045,0,0,19.7899,0,0,0,131.3,132.015,0,0,0,193.632,0,226.89,0,103.016,0,0,68.0131,0,0,0,64.51,0,0,0,47.6896,173.763,0,0,323.583,0,54.7552,0,0,330.661,0,47.8895,0,0,0,0,0,317.959,0,0,276.403,0,0,0,0,43.1474,0,0,0,0,43.2603,0,0,0,0,0,0,0,15.4894,0,0,43.5079,0,0,0,41.7255,0,0,0,0,7.81041,63.6553,0,0,0,0,0,0,0,0,0,0,0,0,0.31511,0,0,0,3.57237,0,0,0,0,0,0,0,0,0,21.6031,0,13.3793,0,0,6.83218,0,0,0,57.4556,148.938,133.54,50.7234,140.395,0,0,10.5328,0,0,0,0,0,29.0588,0,0,35.9056,9.7267,19.4044,0,0,0,104.881,0,0,0,0,67.8653,0,105.215,0,0,98.2222,0,75.5144,0,0,0,0,0,201.623,5.31547,0,0,179.09,0,0,0,0,0,0,0,0,0,0,0,40.6286,0,0,36.8555,0,0,143.476,195.582,0,80.3941,0,0,0,317.759,0,0,0,135.255,126.771,0,0,0,139.925,0,0,0,0,0,0,0,0,0,0,0,0,0,0,0,0,0,0,0,0,0,0,0,0,0,0,0,0,0,0,0,0,0,0,0,765.476,0,0,0,0,433.805,0,344.766,0,0,0,894.181,0,0,0,0,0,0,0,0,0,0,0,0,0,0,0,0,0,0,0,0,0,0,0,0,0,0,0,0,0,0,0,0,0,0,0,0,0,0,0,0,0,0,0,0,0,0,0,0,0,0,0,0,0,0,0,0,0,0,0,0,0,0,0,0,0,0,0,0,0,0,0,0,0,0,0,0,0,0,0,0,0,0,0,0,0,0,0,0,0,0,0,0,0,0,0,0,0,0,0,0,0,0,0,0,0,0,0,0,0,0,0,0,0,0,0,0,0,0,0,0,0,0,0,0,0,0,0,0,0,0,0,0,0,0,0,0,0,0,0,0,0,0,0,0,0,0,0,0,0,0,0,0,0,0,0,0,0,0,0,0,0,0,0,0,0,0,0,0,0,0,0,0,0,0,0,0,0,0,0,0,0,0,0,0,0,0,0,0,0,0,0,0,0,0,0,0,0,0,0,0,0,0,0,0,0,0,0,0,0,0,0,0,0,0,0,0,0,0,0,0,0,0,0,0,0,0,0,0,9.08185,0,0,0,0,0,0,3.04006,0,0,0,0,0,0,2.77926,0,16.1091,0,1836.68,0,0,4.13655,93.8034,0,0.22205,15.852,356.064,0,0,0,0,0,0,0,0,0,0,0,0,0,0,0,0,0,0,0,0,0,0,0,0,0,0,0,0,0,0,0,0,0,0,0,0,629.047,0,0,0,0,32.6323,0,0,0,0,0,0,0,0,0,0,0,0,0,0,656.113,0,58.8294,0,0,0,0,0,0,0,0,0,0,0,0,96.4636,0,152.055,0,0,0,0,0,0,0,0,0,0,0,0,0,0,0,0,0,0,0,0,0,0,0,0,0,98.8366,0,0,0,84.3216,0,0,77.9244,0,56.9589,0,0,93.7217,0,35.3842,0,57.0422,0,0,0,0,0,0,0,0,0,0,0,0,0,0,0,0,0,0,0,0,0,0,0,0,0,0,0,0,0,0,0,0,0,0,0,0,0,0,0,0,0,0,0,0,0,0,0,0,0,0,0,0,0,0,0,0,0,0,0,0,0,0,0,0,0,0,0,0,0,0,0,0,0,0,0,0,0,0
DF,Zn+2,2,xtb,-71.8471,8.04272,0.17353,0,0,3.3713,0,3.80231,3.966,9.73465,0,0,17.4965,1.89224,0,3.77965,0,0,0,0,9.16728,70.2529,9.86481,12.7823,0,12.4266,1.26454,0,0,0,0,4.06725,0,0,0,31.0016,0,0,43.4896,0,0,19.2146,0,0,2.13815,0,0,0,11.6246,0,0,27.6006,0,19.3145,0,0,0,0,0,0,2.23348,0,15.9963,0,0,7.96718,1.61083,0,0,0,0,0,2.99066,14.6692,0,0,0,0,0,112.467,0,0,0,0,0,0,17.242,0,0,80.0664,0,18.1558,0,0,0,0,0,134.991,0,126.983,0,0,36.1177,0,239.951,0,0,0,0,0.40769,27.2761,0,0,0,0,55.8896,0,0,0,67.6345,0,0,0,16.3258,0,0,0,38.7906,30.7585,0,0,0,71.6681,232.815,0,0,0,0,7.18683,0,264.071,0,0,0,0,0,24.7829,0,0,0,0,0,0,19.0439,0,0,0,0,0,0,0,0,0,0,0,7.81194,0,0,1.13444,0,13.1448,0,0,0.69576,78.475,0,0,0,2.36687,0,8.2997,22.3237,0,0,0,0,0,0,29.2039,0,0,27.779,0,0,0,0,0,0,0,0,0,0,0,0,0,69.5691,0,3.32339,0,0,0,0,10.6126,0,0,22.9552,0,102.777,122.156,0,0,0,100.121,58.4765,0,8.20768,0,0.11159,0,18.3034,0.8142,0,0,0,5.94221,12.0977,0,3.87843,0,0,0,0,0,0,0,0,0,42.4986,0.80627,0,32.9396,0,35.4568,0,0.97274,364.503,0,0,0,76.323,225.235,0,0,0,0,0,0,0,0,0,0,0,0,0,0,0,22.4101,1.52316,0,0,0,0,10.6934,0,0,3.6737,102.047,0,141.595,0,0,0,119.474,0,0,0,0,0,0,0,0,0,0,0,0,0,0,0.35913,0,0,5.78292,0,0,0,0,0,0,0,0,0,0,0,0,0,440.2,0,0,0,0,0,0,0,0,0,463.003,0,0,0,0,0,0,0,0,0,0,650.409,0,0,0,0,0,0,0,0,0,0,0,0,0,0,0,0,0,0,0,0,0,0,0,0,0,0,0,0,0,0,0,0,0,0,0,0,0,0,0,0,0,0,0,0,0,0,0,0,0,0,0,0,0,0,0,0,0,0,0,0,0,0,0,0,0,0,0,0,0,0,0,0,0,0,0,0,0,0,0,0,0,0,0,0,0,0,0,0,0,0,0,0,0,0,0,0,0,0,0,0,0,0,0,0,0,0,0,0,0,0,0,0,0,0,0,0,0,0,0,0,0,0,0,0,0,0,0,0,0,0,0,0,0,0,0,0,0,0,0,0,0,0,0,0,0,0,0,0,0,0,0,0,0,0,0,0,0,0,0,0,0,0,0,0,0,0,0,0,0,0,0,0,0,0,0,0,0,0,0,0,0,0,0,0,0,0,0,0,0,0,0,0,0,0,0,0,0,0,0,0,0,0,0,0,0,0,0,0,0,0,0,0,0,0,0,0,0,0,0,0,0,0,0,0,0,0,0,0,5.8787,0,0,12.2679,0,0,0,0,0,0,7.98121,0,0,0,0,0,0,0,6.48082,3.36714,0,0,0,3.65741,0,0,0,0,818.826,0,0,0,0,5.38731,8.43492,6.89512,36.0277,0,16.7582,0,0,0,0,0,0,0,0,0,0,0,0,0,0,0,0,0,0,0,0,0,0,0,0,0,0,0,408.581,0,0,0,0,0,0,0,0,0,0,0,0,0,0,0,0,0,0,0,0,0,29.3033,0,0,0,0,89.1754,0,0,68.1398,0,0,0,0,0,0,0,0,0,0,0,0,0,0,0,0,0,0,0,0,0,0,0,0,0,0,0,0,0,0,0,0,0,0,54.1215,0,0,0,0,48.9973,0,0,0,0,0,0,0,0,0,0,0,0,0,0,0,0,0,0,0,0,0,0,0,0,0,0,0,0,0,0,0,0,0,0,0,0,0,0,0,0,0,0,0,0,0,0,0,0,0,0,0,0,0,0,0,0,0,0,0,0,0,0,0,0,0,0,0,0,0,0,0,0,0,0,0,0,0,0,0,0,0
DK,Zn+2,2,xtb,-69.873,5.0276,4.65052,0,3.27884,0,5.3264,0,0,1.51342,3.0123,0,2.98805,0,1.69511,0,3.31189,0,0.23063,1.48774,0,0,15.24,0,0,0,3.40771,3.11018,0,0,5.19792,10.1837,67.2195,0,0,19.62,0,0,19.7724,0,0,0,42.6198,8.40704,0,0,0,1.8254,0,15.6987,96.6321,9.1169,0,29.7674,0,0,0,0,39.2386,0,0,0,177.75,0,0,85.1941,0,0,0,36.4351,0,0,0,0,0,4.16946,0,0,0,0,0,0,53.7929,0,0,0,0,0,0,0,100.008,0,0,0,18.5872,0,0,0,23.3837,0,30.0124,0,0,219.564,0,0,0,0,0,0,0,0,0,87.3432,0,0,0,0,0,0,38.5388,0,36.6285,0,0,153.736,0,0,0,0,0,107.195,0,0,0,0,33.6151,0,0,0,0,0,32.0412,0,0,0,0,0,0,324.684,0,0,0,0,0,0,0,0,0,0,0,0,0,32.0247,0,0,0,0,0,6.50961,0,49.4513,0,0,0,0,30.7564,0,11.3965,0,0,2.03881,0,0,0,0,0,0,0,0,0,15.0067,2.91839,0,0,0,0,8.20842,0,0,0,0,0,0,0,0,62.1364,27.2231,0,0,17.4168,35.0314,0,0,0,60.1125,33.6334,0,0,149.662,122.419,78.6385,0,7.24869,0,7.69203,52.1226,0,0,13.3319,0,0,0,0,7.13473,0,0,0,0,13.5609,61.311,0,0,45.6647,0,19.3112,11.5215,0,0,21.4097,0,0,91.9439,0,0,166.245,0,130.208,0,0,0.96724,158.623,3.0171,0,0.71076,0,0,0,0,0,0,0,0,45.8214,0,0,0,0,0,0,0,0,0,0,1.02423,2.94158,0,6.45842,0,135.253,0,0,0,154.471,167.702,0,0,0,0,0,0,0,0,0,0,0,0,0,0,0,0,0,0,0,0,0,0,0,0,0,0,0,0,0,0,0,0,0,0,0,349.285,0,0,0,0,492.915,0,0,0,855.127,0,0,0,0,0,0,0,0,0,0,0,0,0,0,0,0,0,0,0,0,0,0,0,0,0,0,0,0,0,0,0,0,0,0,0,0,0,0,0,0,0,0,0,0,0,0,0,0,0,0,0,0,0,0,0,0,0,0,0,0,0,0,0,0,0,0,0,0,0,0,0,0,0,0,0,0,0,0,0,0,0,0,0,0,0,0,0,0,0,0,0,0,0,0,0,0,0,0,0,0,0,0,0,0,0,0,0,0,0,0,0,0,0,0,0,0,0,0,0,0,0,0,0,0,0,0,0,0,0,0,0,0,0,0,0,0,0,0,0,0,0,0,0,0,0,0,0,0,0,0,0,0,0,0,0,0,0,0,0,0,0,0,0,0,0,0,0,0,0,0,0,0,0,0,0,0,0,0,0,0,0,0,0,0,0,0,0,0,0,0,0,0,0,0,0,0,0,0,0,0,0,0,0,0,0,0,0,0,0,0,0,0,0,0,0,0,0,0,0,0,0,0,0,0,0,0,0,0,0,0,0,0,24.4902,0,0,3.93977,59.0222,0,0,0,0,0,0,0,0,0,0,2.68811,694.694,215.418,0,7.06771,92.2513,0,48.2636,0,0,0,0,0,0,0,0,0,0,0,0,0,0,0,0,0,0,0,0,0,0,0,0,0,0,0,0,0,0,0,0,0,0,0,0,0,0,0,0,0,0,0,0,0,0,0,0,0,0,0,0,0,0,0,0,0,0,0,0,0,0,0,0,0,0,7.20857,0,0,0,7.51886,16.2694,0,0,0,0,107.377,0,0,0,0,0,0,0,0,0,0,0,0,0,0,0,0,0,0,0,0,0,0,0,0,0,0,0,0,0,0,0,0,0,0,0,0,0,0,0,37.7683,0,0,68.9691,0,0,0,0,0,0,0,0,0,0,0,0,0,0,0,0,0,0,0,0,0,0,0,0,0,0,0,0,0,0,0,0,0,0,0,0,0,0,0,0,0,0,0,0,0,0,0,0,0,0,0,0,0,0,0,0,0,0,0,0,0,0,0,0,0,0,0,0,0,0,0,0,0,0,0,0,0
DL,Ni+2,2,xtb,-80.853,27.7611,0,0,4.99537,3.63573,0,0.64412,2.26706,0,0,0,3.76199,3.84192,0,12.3353,0,0,17.0847,0,0,23.8004,50.2118,0,33.2084,0,5.86605,9.49334,1.79118,0,0,25.4982,0,0,3.04163,14.6732,30.6234,0,2.7198,0,1.90336,0,0,0,21.8611,25.0342,0,5.4474,0,98.5745,1.95628,0,0,0,7.9824,9.15654,0,0,0,4.90985,0,0,0,0,87.2563,169.787,0,50.984,0,0,53.6887,0,112.419,0,0,22.7389,0,7.94727,0,0,4.21823,0,0,0,157.947,0,0,46.1309,0,0,0,61.6232,0,39.5051,0,122.106,30.5254,0,0,352.05,0,128.81,0,0,48.6556,0,0,0,0,52.3315,0,0,0,0,35.4065,0,0,0,0,29.8164,0,0,0,0,200.313,0,0,201.966,0,0,0,0,0,0,0,356.399,0,0,0,0,0,2.9931,0,0,0,0,0,0,0,0,0,0,0,0,0,15.5802,0,0,0,0,0,0,0,0,0,0,0,14.4133,0,25.6548,0,0,0,42.5137,0,0,0,0,30.3777,0,2.95627,0,0,0,0,0,0,7.14655,2.81884,0,0,0,6.24803,0,0,0,66.0702,0,0,0,0,0,0,0,0,6.47829,0,0,130.475,0,50.9219,0,0,0,0,0.38596,67.9354,0,0,214.837,31.2901,0,0,0,0,3.30506,0,6.09889,0,0,20.1023,4.18581,0,0,9.6194,0,0,0,11.2136,0,0,0,75.9432,0,0,0,0,0,0,26.7415,0,0,0,0,0,295.558,0,53.5526,0,64.5715,0,146.814,0,0,0,0,0,0,0,0,0,0,0,14.0816,0,24.1984,3.65784,0,0,0,0,0,5.11989,0,169.323,0,0,0,0,132.952,9.21477,43.1649,0,11.7475,19.9219,0,181.394,0,0,0,155.901,0,0,0,0,0,0,0,0,0,0,0,0,0,0,0,0,515.266,0,0,0,0,0,0,0,0,0,0,0,0,380.325,0,0,0,0,0,0,0,0,0,0,0,0,0,0,451.293,0,0,0,0,0,0,0,0,0,0,0,0,0,0,0,0,0,0,0,0,0,0,0,0,0,0,0,0,0,0,0,0,0,0,0,0,0,0,0,0,0,0,0,0,0,0,0,0,0,0,0,0,0,0,0,0,0,0,0,0,0,0,0,0,0,0,0,0,0,0,0,0,0,0,0,0,0,0,0,0,0,0,0,0,0,0,0,0,0,0,0,0,0,0,0,0,0,0,0,0,0,0,0,0,0,0,0,0,0,0,0,0,0,0,0,0,0,0,0,0,0,0,0,0,0,0,0,0,0,0,0,0,0,0,0,0,0,0,0,0,0,0,0,0,0,0,0,0,0,0,0,0,0,0,0,0,0,0,0,0,0,0,0,0,0,0,0,0,0,0,0,0,0,0,0,0,0,0,0,0,0,0,0,0,0,0,0,0,0,0,0,0,0,0,0,0,0,0,0,0,0,0,0,0,0,0,0,0,0,0,0,0,0,5.99031,0,0,0,0,0,0,0,0,0,0,0,0,0,0,43.7466,0,0,8.45518,0,0,0,0,0,0,0,2.09307,0,0,0,0,0,12.5684,0,4.35885,0,0,0,24.3159,29.0477,0,46.6381,44.5718,21.8301,0,0,0,0,0,0,0,0,0,0,0,0,0,0,0,0,0,0,0,0,0,0,0,0,0,0,0,0,0,0,0,0,0,0,0,0,0,0,0,0,0,0,32.6709,0,0,0,0,334.288,75.4509,0,0,0,0,0,0,0,0,0,0,0,0,0,0,0,0,0,0,92.352,0,0,0,0,0,0,59.763,0,0,239.424,0,0,0,0,0,0,0,0,0,0,0,0,0,0,0,0,0,0,86.806,0,0,0,70.6659,0,0,0,56.938,0,0,0,0,0,38.2593,0,0,0,0,0,21.299,0,25.4136,0,0,0,0,0,0,0,0,0,0,0,0,0,0,0,0,0,0,0,0,0,0,0,0,0,0,0,0,0,0,0,0,0,0,0,0,0,0,0,0,0,0,0,0,0,0,0,0,0,0,0,0,0,0,0,0,0,0,0,0,0,0,0,0,0,0,0,0,0,0
DN,Co+2,2,xtb,-79.919,2.87219,0,11.068,4.45308,0,0,4.43292,12.1088,0,7.47678,0,0,5.35889,3.80237,0,5.5733,0,1.44966,0,5.50604,0,0,0,21.1695,0,3.95918,0,18.9456,0,0,10.6639,0,1.04375,0,10.4306,0,0,2.80574,0,13.0755,0,0,30.1476,0,0,22.2031,0,22.3316,0,0,0,68.1634,0,0,0,24.1886,42.8752,0,0,130.574,0,0,38.8498,175.949,0,0,12.7528,0,0,0,0,60.9392,5.57322,0,0,0,0,34.1412,0,22.7703,0,0,0,0,10.0821,130.995,165.156,0,0,0,0,0,37.9782,0,0,133.856,0,118.594,0,0,60.8978,0,0,42.2784,0,0,34.9017,120.299,0,0,0,66.856,101.5,0,260.711,0,44.2763,0,28.3958,0,0,0,0,136.348,0,0,0,130.682,0,0,144.209,0,0,0,0,0,0,0,0,0,0,0,0,85.5388,269.49,0,0,0,0,0,0,0,0,0,0,281.234,0,0,0,0,0,0,0,0,0,0,0,62.1336,0,12.3027,0,0,61.7682,0,0,0,0,0,0,0,0,0,0,0,0,1.59979,0,0,0,0,0,0,0,27.9495,0,0,0,0,7.59237,0,28.0668,0,0,0,0.69711,0,0,0,178.99,0,0,0,14.0147,0,0,0,0,21.2772,282.92,0,0,99.4555,0,0,0,0,6.79867,0,0,7.56477,0,3.91688,0,0,0,0,0,0,0,26.1646,0,87.2442,0,0,0,0,5.21434,190.003,0,0,10.4766,0,0,0,238.436,0,0,0,0,97.3902,0,75.6095,0,0,0,0,0,0,0,0,0,0,0,31.8836,0,32.9116,0,0,0,0,0,0,154.613,169.058,0,0,0,0,0,0,235.173,66.5785,0,0,76.9867,0,0,123.998,0,0,0,0,0,0,0,0,0,0,0,0,0,0,0,0,0,0,0,0,0,0,0,0,0,0,0,0,0,191.96,0,0,717.254,0,0,0,0,0,524.977,0,0,0,0,0,0,0,459.3,0,0,0,0,0,0,0,0,0,0,0,0,0,0,0,0,0,0,0,0,0,0,0,0,0,0,0,0,0,0,0,0,0,0,0,0,0,0,0,0,0,0,0,0,0,0,0,0,0,0,0,0,0,0,0,0,0,0,0,0,0,0,0,0,0,0,0,0,0,0,0,0,0,0,0,0,0,0,0,0,0,0,0,0,0,0,0,0,0,0,0,0,0,0,0,0,0,0,0,0,0,0,0,0,0,0,0,0,0,0,0,0,0,0,0,0,0,0,0,0,0,0,0,0,0,0,0,0,0,0,0,0,0,0,0,0,0,0,0,0,0,0,0,0,0,0,0,0,0,0,0,0,0,0,0,0,0,0,0,0,0,0,0,0,0,0,0,0,0,0,0,0,0,0,0,0,0,0,0,0,0,0,0,0,0,0,0,0,0,0,0,0,0,0,0,0,0,0,0,0,0,0,0,0,0,0,0,0,0,0,0,0,0,0,0,0,0,0,0,0,0,0,0,0,0,0,0,0,0,0,14.3207,0,0,5.16111,0,0,0,0,0,2.89539,0,1.06465,0,3.27575,0,0,0,0.91667,0,0,0,0,0,0,0,0,0,0,0,0,0,0,0,0,0,0,628.982,0,0,0,0,0,0,0,0,0,0,0,525.83,0,0,0,0,0,0,0,0,0,0,0,0,0,0,0,0,0,0,0,0,0,0,0,72.6716,0,0,0,0,14.2063,0,0,0,0,0,0,0,0,0,0,0,0,0,0,0,0,0,0,0,0,0,396.621,0,52.4824,0,0,0,0,24.0675,0,0,0,0,0,0,0,0,0,0,0,0,0,27.2078,0,0,0,0,0,0,0,0,0,0,66.7977,0,50.926,61.8818,0,0,0,0,0,0,40.1938,24.5427,0,0,0,0,0,0,0,0,0,0,0,0,0,0,0,0,0,0,0,0,0,0,0,0,0,0,0,0,0,0,0,0,0,0,0,0,0,0,0,0,0,0,0,0,0,0,0,0,0,0,0,0,0,0,0,0,0,0,0,0,0,0,0,0,0,0,0,0,0,0,0,0,0
DN,Ni+2,2,xtb,-81.0754,2.80932,5.397,2.15687,0,15.9252,0,5.12358,1.49678,0,0,4.62154,0,0,6.70829,2.44966,2.83892,0,0,1.07192,7.01117,0,0,5.05882,0,0,0,0,2.05389,4.15066,0,0,17.8385,0.68222,0,0,0,0,4.6242,43.7298,0,16.758,12.0995,0,0,7.74659,0,0,4.55639,0,6.98446,0,0,0,0,22.6847,0,17.5875,0,0,86.2548,23.704,0,25.7836,0,0,0,113.729,41.7329,0,0,0,13.2789,0,0,0,0.16916,0,0,56.8416,0,0,69.5236,0,0,65.1337,0,0,12.3044,0,316.17,0,0,43.681,15.5897,0,0,34.4418,0,206.518,176.657,0,0,98.5415,149.81,0,5.35938,278.923,0,0,204.714,0,0,214.376,0,0,0,369.619,0,105.167,76.4766,0,0,0,0,0,0,0,0,261.281,0,0,0,0,92.4374,0,0,0,0,0,0,56.9015,0,0,0,0,0,0,0,0,303.199,0,0,0,0,0,0,0,0,0,0,0,3.50081,0,0,0,0,0,13.8107,0,18.2788,0,0,0,9.95786,10.5691,0,0,0,0,0,0,0,0,0,0,6.12452,0,0,0,0,0,0,0,4.61818,0,17.2887,0,0,0,0,0,30.8407,0,0,3.824,0,0,7.36309,0,70.751,0,61.3337,0,0,0,0,0,0,174.582,0,125.157,20.2229,0,0,0,5.93709,0,0,0,2.88607,0,0,0,0,4.45382,0,0,64.18,0,56.4481,0,0,0,20.3815,0,0,0,0,259.655,0,12.3113,0,0,0,0,97.5464,119.603,0,77.4716,0,0,0,0,0,0,0,0,0,0,0,0,38.3518,0,0,0,0,0,0,19.2977,99.2106,109.671,0,106.494,0,0,0,150.585,0,0,0,0,0,0,0,0,0,124.416,135.458,0,0,0,0,0,0,0,0,0,0,0,0,0,0,0,0,0,0,0,0,0,0,0,0,0,0,0,0,0,0,0,204.823,0,0,0,0,0,468.492,0,0,0,282.176,869.302,0,0,0,0,0,0,0,0,0,0,0,0,0,0,0,0,0,0,0,0,0,0,0,0,0,0,0,0,0,0,0,0,0,0,0,0,0,0,0,0,0,0,0,0,0,0,0,0,0,0,0,0,0,0,0,0,0,0,0,0,0,0,0,0,0,0,0,0,0,0,0,0,0,0,0,0,0,0,0,0,0,0,0,0,0,0,0,0,0,0,0,0,0,0,0,0,0,0,0,0,0,0,0,0,0,0,0,0,0,0,0,0,0,0,0,0,0,0,0,0,0,0,0,0,0,0,0,0,0,0,0,0,0,0,0,0,0,0,0,0,0,0,0,0,0,0,0,0,0,0,0,0,0,0,0,0,0,0,0,0,0,0,0,0,0,0,0,0,0,0,0,0,0,0,0,0,0,0,0,0,0,0,0,0,0,0,0,0,0,0,0,0,0,0,0,0,0,0,0,0,0,0,0,0,0,0,0,0,0,0,0,0,0,0,0,0,0,0,0,0,9.44571,0,0,0,0,0,0,0,0,0,0,0,0,0,0,0,0,0,7.77803,0,0,0,0,4.12614,0,0,0,0,9.66518,0,0,0,8.46464,0,0,0,0,0,0,0,0,0,0,0,802.017,0,0,0,0,0,0,0,0,0,0,0,0,0,0,0,0,0,0,0,0,0,0,0,0,0,0,0,0,0,0,0,0,0,0,0,114.432,0,0,0,0,0,0,0,0,0,0,0,0,0,0,0,0,0,15.5116,0,0,0,0,0,0,0,0,0,0,0,0,86.1102,0,55.3452,0,0,0,0,150.418,0,0,39.0474,0,0,0,0,0,102.602,0,0,0,147.764,0,0,0,23.6344,0,0,0,153.358,0,72.191,0,0,0,0,0,0,0,0,0,0,0,0,0,0,23.6433,0,0,0,0,0,0,0,0,0,0,0,0,0,0,0,0,0,0,0,0,0,0,0,0,0,0,0,0,0,0,0,0,0,0,0,0,0,0,0,0,0,0,0,0,0,0,0,0,0,0,0,0,0,0,0,0,0,0,0,0,0,0,0,0,0,0,0,0,0,0,0,0,0
DW,Ni+2,2,xtb,-93.9509,7.46324,5.23718,1.35264,0,0,0,7.71137,3.50217,1.5712,0,3.82809,0,15.7385,0,1.6666,13.5095,0,0,6.48436,15.3281,1.17786,13.3999,0,0,1.34074,0,4.56835,0,0,7.57287,0,0,2.25434,57.2805,0,5.02341,0,4.92188,3.28074,0,0,0,0,20.9439,0,0,2.64596,0,5.19995,0,0,6.15058,0,0,128.962,0,16.6587,0,5.2916,10.4299,0,0,25.9255,0,0,0,71.3227,15.5463,132.485,0,0,0,11.0684,0,184.993,0,0,10.0087,9.17548,14.8032,0,0,0,121.921,0,0,126.518,0,0,155.854,0,124.193,30.5738,127.778,0,45.8418,14.2409,128.533,0,0,210.277,208.044,0,115.128,44.3283,0,8.94902,0,0,0,70.9357,0,7.76435,0,0,0,0,0,0,10.3544,0,0,0,32.5515,0,0,0,0,138.678,0,0,1.93157,180.945,0,0,0,14.8279,0,0,0,0,0,0,0,0,286.682,6.65975,0,40.377,0,0,21.8324,0,0,0,0,0,9.99186,0,0,0,0.44596,0,0,0,1.51577,0,0,0,0,9.48215,1.42303,0,35.0847,0,0.7848,11.6519,0,0,0,0,0,0,26.0747,0,0,0,0,3.21765,0,0,0,0,0,0,0,0,55.6749,0,0,0,3.95946,0,4.7212,24.2514,154.25,0,23.5793,0,0,13.5716,0,13.3081,0,0,0,0,11.5595,0,0,317.433,10.4233,0,0,0,0.56189,0,0,7.45816,7.18941,0.85725,0,12.3274,0,0,2.99047,0,23.4241,0,0,0,62.4919,0,0,0,0,15.5207,0,22.6612,0,180.271,0,50.7187,359.523,0,50.0429,0,35.1036,0,0,0,0,0,19.2613,0,0,0,0,33.6201,0,0,0,0,21.0517,0,0,22.7996,0,0,0,0,25.1219,0,0,0,0,197.813,0,61.5161,90.9326,0,0,91.7203,0,127.129,0,0,0,0,0,0,0,0,0,132.242,0,3.16089,0,0,0,0,0,0,0,28.034,0,0,0,0,0,0,0,0,0,0,0,0,0,325.27,0,0,0,0,417.651,0,0,0,0,0,0,0,399.57,0,0,0,0,0,0,0,0,0,0,0,0,0,0,0,0,0,0,0,0,0,0,0,0,0,0,0,0,0,0,0,0,0,0,0,0,0,0,0,0,0,0,0,0,0,0,0,0,0,0,0,0,0,0,0,0,0,0,0,0,0,0,0,0,0,0,0,0,0,0,0,0,0,0,0,0,0,0,0,0,0,0,0,0,0,0,0,0,0,0,0,0,0,0,0,0,0,0,0,0,0,0,0,0,0,0,0,0,0,0,0,0,0,0,0,0,0,0,0,0,0,0,0,0,0,0,0,0,0,0,0,0,0,0,0,0,0,0,0,0,0,0,0,0,0,0,0,0,0,0,0,0,0,0,0,0,0,0,0,0,0,0,0,0,0,0,0,0,0,0,0,0,0,0,0,0,0,0,0,0,0,0,0,0,0,0,0,0,0,0,0,0,0,0,0,0,0,0,0,0,0,0,0,0,0,0,0,0,0,0,0,0,0,0,0,0,0,0,0,0,0,0,0,0,0,0,0,0,0,0,0,24.0647,0,0,0,0,0,0,0,8.20532,0,20.5192,0,0,0,0,0,0,0,0,0,0,0,0,0,2.87007,0,35.1402,0,0,0,0,0,0,32.1717,0,0,13.9193,0,0,41.444,384.057,0,0,0,0,0,0,0,0,0,0,508.241,0,0,0,0,0,0,0,0,0,0,0,0,0,0,0,0,0,0,0,0,0,0,0,0,0,0,0,0,0,0,0,0,0,0,0,21.4969,0,0,0,0,0,0,0,0,0,0,0,0,133.241,0,0,0,0,0,0,0,0,0,102.007,0,0,0,42.7688,0,0,0,0,0,0,73.3899,0,0,0,0,0,0,0,73.866,0,0,46.877,0,45.1672,0,16.13,0,0,0,0,0,39.2888,0,0,0,0,0,0,0,0,0,0,0,0,0,0,0,0,0,0,0,0,0,0,0,0,0,0,0,0,0,0,0,0,0,0,0,0,0,0,0,0,0,0,0,0,0,0,0,0,0,0,0,0,0,0,0,0,0,0,0,0,0,0,0,0,0,0,0,0,0,0,0,0,0,0,0
EA,none,2,xtb,-55.3302,3.21143,0,0,0,0,0,0,0,3.52809,0,0,0.91488,0,0,0,0,0,0,0,9.74146,0,0,38.731,0,0,0,0,0,0,0,57.4763,0,10.1518,0,0,9.03794,0,0,0,0,0,0,0,18.5621,42.6033,0,0,20.2953,0,0,0,68.717,0,0,0,137.385,0,0,0,27.6787,0,3.41439,0,0,0,0,0,1.25973,0,0,0,0,16.3652,95.5305,0,0,27.5463,0,0,0,0,0,0,0,0,0,0,0,21.6946,0,3.59477,0,0,0,0,0,0,0,0,0,26.6122,87.5982,0,0,0,30.3646,0,0,0,0,24.1524,0,115.359,0,0,0,0,0,0,0,76.8698,0,0,0,0,0,0,0,0,42.6922,0,0,0,0,0,27.4935,0,0,0,0,0,0,0,0,0,188.324,0,0,0,0,0,0,0,0,2.04342,0,0,0,37.8632,0,0,0,0,0,0,0,0,16.3201,0,0,0,39.8466,0,0,273.65,0,0,0,92.8468,0,0,0,1.96045,0,65.5508,0,23.3964,0,0,37.9596,0,0,1.41901,0,0,207.854,0,133.229,0,0,0,110.508,0,0,0,0,0,30.2059,0,0,349.951,0,0,0,19.7409,0,23.5704,75.2254,0,0,185.079,0,0,0,0,27.3654,0,0,0,24.1354,0,28.3439,0,0,0,31.0577,0,37.298,0,0,55.6386,0,0,0,103.55,217.061,0,26.272,0,0,0,7.7858,0,20.2753,0,0,0,309.596,24.9245,0,0,0,0,9.18198,0,0,139.611,0,0,0,0,0,0,0,0,11.5493,0,0,0,0,39.4548,0,0,0,0,19.7236,0,0,0,0,0,0,0,0,0,0,0,0,0,54.4691,0,0,0,0,0,0,0,0,0,0,0,0,0,0,0,520.981,0,0,0,0,0,0,0,0,0,0,0,0,0,0,0,0,0,0,0,0,0,0,0,0,0,0,0,0,0,0,0,0,0,0,0,0,0,0,0,0,0,0,0,0,0,0,0,0,0,0,0,0,0,0,0,0,0,0,0,0,0,0,0,0,0,0,0,0,0,0,0,0,0,0,0,0,0,0,0,0,0,0,0,0,0,0,0,0,0,0,0,0,0,0,0,0,0,0,0,0,0,0,0,0,0,0,0,0,0,0,0,0,0,0,0,0,0,0,0,0,0,0,0,0,0,0,0,0,0,0,0,0,0,0,0,0,0,0,0,0,0,0,0,0,0,0,0,0,0,0,0,0,0,0,0,0,0,0,0,0,0,0,0,0,0,0,0,0,0,0,0,0,0,0,0,0,0,0,0,0,0,0,0,0,0,0,0,0,0,0,0,0,0,0,0,0,0,0,0,0,0,0,0,0,0,0,0,0,0,0,0,0,0,0,0,0,0,0,0,0,0,0,0,0,0,0,0,0,0,0,0,0,0,0,0,0,0,0,0,0,0,0,0,0,0,0,0,0,0,0,0,0,56.5293,0,0,0,0,0,0,40.5501,0,0,0,118.117,726.24,0,0,0,40.0257,21.2892,30.7406,0,0,0,0,0,0,0,0,0,0,0,0,7.42281,0,0,14.0506,0,0,0,0,0,0,0,0,0,0,0,0,0,0,0,0,0,0,0,0,0,0,0,0,0,0,0,0,0,252.549,0,0,0,0,0,0,0,0,0,0,0,0,0,0,0,0,0,0,0,0,0,0,0,0,0,0,0,0,0,0,0,0,0,0,6.61254,0,0,0,0,0,0,3.68954,0,4.45798,0,0,0,0,0,0,0,0,0,0,29.7293,0,0,0,0,0,33.2501,0,0,0,26.7059,0,0,0,0,0,0,0,0,0,0,0,0,0,0,0,0,0,0,0,0,0,0,0,0,0,0,0,0,0,0,0,0,0,0,0,0,0,0,0,0,0,0,0,0,0,0,0,0,0,0,0,0,0,0,0,0,0,0,0,0,0,0,0,0,0,0,0,0,0,0,0,0,0,0,0,0,0,0,0,0,0,0,0,0,0,0,0,0,0,0,0,0,0
ED,Zn+2,2,xtb,-70.4672,1.00823,2.39834,5.17685,0,10.9262,0,14.0303,0,0,9.63137,0,25.6417,0,0,0,7.25695,9.42903,0.74698,0,0,11.8806,0,0,0,0,7.14767,14.841,9.84047,0,0,0,0,17.5077,7.12075,0,0,0,12.5479,9.08251,0,0,20.2317,0,25.4272,0,0,0,0,28.2224,0,0,13.8588,0,0,0,2.95327,0,0,30.1925,0,0,0,0,0,0,187.124,24.2998,53.2636,0,38.9589,0,0,0,0,0,0,0,0,137.611,0,0,0,0,37.4664,0,0,0,129.07,139.698,0,64.7758,0,0,0,0,0,183.247,82.8019,0,0,0,4.28598,0,8.71374,0,0,0,0,0,0,0,141.531,0,0,0,89.6416,9.26084,0,0,0,0,0,12.4599,0,0,176.883,0,0,0,0,141.676,69.3625,0,0,0,0,0,319.931,0,0,0,0,0,51.3158,0,0,0,0,0,0,0,0,0,0,0,12.2924,0,0,0,59.0003,0,0,0,0,0,0,10.3993,0,29.8199,0,0,0,0,25.1921,0,0,0,0,0,0,0,23.008,0,0,0,0,0,0,42.2165,0,0,15.5814,0,0,0,0,19.6102,0,0,0,0,0,0,0,66.3053,0,8.6809,0,0,10.7688,0,15.6938,0,0,0,28.9734,0,0,92.4924,193.794,80.4859,0,0,20.8313,0,0,0,2.75006,0,8.84054,0,0,2.96225,0,24.7901,0,0,0,0,43.5369,0,0,316.967,0,13.4396,0,0,0,0,4.31453,0,0,219.692,0,0,0,170.544,160.579,19.7011,0,0,0,0,0,0,215.706,0,0,31.2874,0,0,0,0,0,0,22.5189,0,0,0,0,0,0,33.1674,0,0,195.478,0,0,0,180.807,0,58.4246,0,0,0,0,0,0,0,0,0,0,0,0,0,0,0,0,0,0,0,0,0,0,0,0,0,0,0,0,0,0,0,0,0,0,157.79,0,0,0,0,12.4095,0,0,0,618.546,0,0,0,1048.94,0,0,0,0,0,0,0,0,0,0,0,0,0,0,0,0,0,0,0,0,0,0,0,0,0,0,0,0,0,0,0,0,0,0,0,0,0,0,0,0,0,0,0,0,0,0,0,0,0,0,0,0,0,0,0,0,0,0,0,0,0,0,0,0,0,0,0,0,0,0,0,0,0,0,0,0,0,0,0,0,0,0,0,0,0,0,0,0,0,0,0,0,0,0,0,0,0,0,0,0,0,0,0,0,0,0,0,0,0,0,0,0,0,0,0,0,0,0,0,0,0,0,0,0,0,0,0,0,0,0,0,0,0,0,0,0,0,0,0,0,0,0,0,0,0,0,0,0,0,0,0,0,0,0,0,0,0,0,0,0,0,0,0,0,0,0,0,0,0,0,0,0,0,0,0,0,0,0,0,0,0,0,0,0,0,0,0,0,0,0,0,0,0,0,0,0,0,0,0,0,0,0,0,0,0,0,0,0,0,0,0,0,0,0,0,0,0,0,0,0,0,0,0,0,0,0,0,0,0,0,0,6.40569,0,21.2644,0,0,0,0,0,0,0,24.9858,0,2.46324,0,0,0,0,17.8806,0,6.5734,0,0,11.569,0,0,0,0,0,0,0,0,0,0,0,0,0,0,0,0,0,0,0,0,0,0,0,0,0,0,0,0,0,0,0,0,0,0,0,0,0,0,0,460.765,0,0,0,0,0,0,0,0,0,0,0,0,0,0,0,0,0,0,0,0,0,0,0,0,0,0,0,0,0,0,0,13.3483,0,0,65.7595,0,69.067,0,0,72.1858,0,0,0,0,0,0,0,0,0,0,0,0,0,0,0,0,0,0,0,0,0,0,0,0,0,0,0,87.1985,0,0,0,0,104.538,0,0,0,0,0,0,0,0,0,0,0,0,0,0,0,0,0,0,0,0,0,0,0,0,0,0,0,0,0,0,0,0,0,0,0,0,0,0,0,0,0,0,0,0,0,0,0,0,0,0,0,0,0,0,0,0,0,0,0,0,0,0,0,0,0,0,0,0,0,0,0,0,0,0,0,0,0,0,0,0,0,0,0,0
EE,Co+2,2,xtb,-91.9294,20.7333,1.00491,0,0,1.52888,0,2.66076,3.33164,2.26697,4.21231,1.78881,0.45868,0,1.61877,0,8.25128,0,3.01872,0,0,17.3755,0,4.96342,0,0,9.34862,0,9.20968,0,6.63816,0,0,0,1.70964,0,9.88818,2.01561,0,0.43757,0,0,0,2.21336,2.26286,0,0,0,0,3.96313,0,0,29.4383,0,17.5663,0,43.6074,0,0,76.7986,0,16.8773,0,15.1131,8.47148,38.2611,0,0,0,216.276,0,141.731,0,0,43.7791,0,0,0,124.168,0,0,36.5213,32.2581,0,0,0,0,19.2013,0,42.5596,0,0,0,13.0271,0,0,0,48.6167,0,114.389,5.11325,0,0,0,0,96.8109,0,0,0,0,12.2981,0,0,0,0,180.743,0,16.0418,0,0,17.1519,0,193.127,0,52.1171,253.161,29.6111,0,0,0,0,0,0,0,65.6343,0,0,0,129.179,0,154.652,0,0,0,0,636.267,0,0,0,0,115.467,252.801,0,0,85.5356,0,0,64.9882,0,0,0,93.2104,107.758,0,0,37.6861,0,0,0,0,0,0,0,0,0,13.5195,0,1.67086,0,0,0,9.54342,0,0,0,0,0,0,0,0.23146,0,0,0,0,0,7.84501,0,0,0,7.06399,0,0,0,40.3189,0,0,0,0,27.9023,0,17.6865,41.0913,0,32.7189,0,0,0,53.2081,132.296,163.071,0,0,71.7327,34.7943,26.5064,0,0,0,0,0,0,0.69803,23.9691,0,3.05227,0,0,0,142.672,0,0,0,0,0,0,16.7505,0,0,236.333,65.1366,0,6.08782,0,0,0,0,0,152.195,0,0,77.2394,65.4923,0,0,0,0,0,0,0,0,0,0,0,0,67.0492,0,0,0,0,195.349,0,8.40935,0,80.7914,0,0,0,0,378.626,0,225.785,0,199.72,0,105.07,0,0,0,0,0,0,0,0,0,0,0,0,0,0,0,0,0,0,0,0,0,0,0,0,0,0,0,260.173,0,0,0,0,0,0,0,0,0,0,0,0,0,0,0,577.283,0,613.768,0,0,0,0,0,604.958,0,0,0,0,0,0,0,0,0,0,0,0,0,0,0,0,0,0,0,0,0,0,0,0,0,0,0,0,0,0,0,0,0,0,0,0,0,0,0,0,0,0,0,0,0,0,0,0,0,0,0,0,0,0,0,0,0,0,0,0,0,0,0,0,0,0,0,0,0,0,0,0,0,0,0,0,0,0,0,0,0,0,0,0,0,0,0,0,0,0,0,0,0,0,0,0,0,0,0,0,0,0,0,0,0,0,0,0,0,0,0,0,0,0,0,0,0,0,0,0,0,0,0,0,0,0,0,0,0,0,0,0,0,0,0,0,0,0,0,0,0,0,0,0,0,0,0,0,0,0,0,0,0,0,0,0,0,0,0,0,0,0,0,0,0,0,0,0,0,0,0,0,0,0,0,0,0,0,0,0,0,0,0,0,0,0,0,0,0,0,0,0,0,0,0,0,0,0,0,0,0,0,0,0,0,0,0,0,0,0,0,0,0,0,0,0,0,0,0,0,0,0,0,0,0,0,0,0,3.92445,0,0,0,0,0,0,0,0,1.5769,0,8.95241,0,0,0,0,8.93479,0,526.189,0,8.44952,1.18015,12.6263,0,0,0,0,1078.53,0,0,0,0,0,0,0,0,0,0,0,0,0,0,0,0,0,0,0,0,624.071,0,0,0,0,0,0,779.281,0,0,0,0,0,0,0,0,0,0,0,0,0,0,0,0,0,0,0,0,0,0,0,0,0,0,0,0,0,0,23.1662,0,18.3537,402.25,0,0,0,108.926,0,86.5842,0,0,0,0,56.5144,0,0,0,0,0,0,0,0,0,0,0,0,0,0,0,0,75.2576,0,0,0,0,0,74.6101,0,0,0,0,0,85.0417,0,0,0,0,0,0,0,81.3518,0,0,42.0962,34.1498,0,0,0,0,0,0,0,0,0,0,0,0,0,0,0,0,0,0,0,0,0,0,0,0,0,0,0,0,0,0,0,0,0,0,0,0,0,0,0,0,0,0,0,0,0,0,0,0,0,0,0,0,0,0,0,0,0,0,0,0,0,0,0,0,0,0,0,0,0,0,0,0,0,0,0
EH,Cu+2,2,xtb,-76.7442,5.60224,0,1.07493,0.30208,0,0.98074,0,0,0,3.2554,3.26452,1.35442,0,0,5.33357,0,0,1.62213,10.7218,3.85091,37.8177,0,0,0,0,0,0,1.47942,0,0,1.72028,11.6496,0,0,0,0,2.24705,0,0,4.83496,0,3.05691,0,29.9018,0,0,0,18.9329,0,0,0,0,11.8618,0,58.236,0,13.288,0,0,21.9811,0,0,18.4259,0,0,0,0,0,0,0,98.7674,0,0,0,91.5424,0,85.9985,0,0,0,0,0,54.067,0,0,18.7264,0,0,0,0,52.116,0,0,0,49.7,0,0,21.2691,40.369,0,0,0,89.8969,0,0,0,0,0,0,0,138.323,0,0,0,40.7584,0,25.1911,0,0,76.2042,0,20.2994,0,0,0,0,0,0,180.78,0,0,0,120.702,0,0,163.783,130.946,0,0,85.0886,0,0,0,0,0,0,0,5.82092,0,0,23.6733,0,0,0,13.155,0,0,0,0,40.2027,0,0,0,0,0,28.365,0,0,0,2.86342,0,0,0,7.73771,15.3677,0,0,20.3021,0,0,0,0,0,0,0,0,0,0,0,0,33.5653,0,0,0,9.66129,0,0,37.4545,0,0,0,0,0,3.80698,0,0,26.7381,0,0,0,0,4.69654,16.5553,0,251.545,0,35.7989,116.949,6.39615,106.092,76.169,0,23.4466,0,0,21.3725,4.4769,0,0,0,0,0,0,209.025,0,0,25.7143,10.239,0,0,0,0,0,0.04027,74.1519,0,4.32185,0,3.99466,0,31.9132,0,0,40.147,0,0,0,2.93388,19.9875,0,0,217.741,0,0,0,0,0,0,0,0,0,0,20.5155,78.5409,0,0,28.4765,0,72.3401,0,20.8626,0,0,79.0749,0,163.203,0,0,0,0,0,222.832,0,0,0,0,0,0,0,0,0,15.0436,0,0,0,0,0,0,0,0,0,0,0,0,0,0,0,0,0,0,0,0,0,0,0,0,0,0,0,0,781.839,0,0,0,0,0,0,0,0,0,0,0,0,0,0,0,0,0,0,304.16,0,0,0,0,0,0,360.568,0,0,0,0,0,0,0,0,0,0,0,0,0,0,0,0,0,0,0,0,0,0,0,0,0,0,0,0,0,0,0,0,0,0,0,0,0,0,0,0,0,0,0,0,0,0,0,0,0,0,0,0,0,0,0,0,0,0,0,0,0,0,0,0,0,0,0,0,0,0,0,0,0,0,0,0,0,0,0,0,0,0,0,0,0,0,0,0,0,0,0,0,0,0,0,0,0,0,0,0,0,0,0,0,0,0,0,0,0,0,0,0,0,0,0,0,0,0,0,0,0,0,0,0,0,0,0,0,0,0,0,0,0,0,0,0,0,0,0,0,0,0,0,0,0,0,0,0,0,0,0,0,0,0,0,0,0,0,0,0,0,0,0,0,0,0,0,0,0,0,0,0,0,0,0,0,0,0,0,0,0,0,0,0,0,0,0,0,0,0,0,0,0,0,0,0,0,0,0,0,0,0,0,0,0,0,0,0,0,0,0,0,0,0,0,0,0,0,0,2.61526,0,0.92213,0,0,0,0,0,1.90848,0,0,11.0807,2.35461,0,0,0,7.56824,3.4233,0,0,0,0,0,0,0,0,0,0,0,0,0,0,0,0,1093.42,0,0,0,0,0,0,0,0,0,0,0,0,0,11.3712,0,0,0,23.9343,0,0,0,0,0,0,0,0,0,0,0,0,0,0,0,0,0,0,0,0,0,0,0,0,0,0,0,0,0,151.859,448.045,0,0,0,0,0,0,0,291.767,79.5737,0,0,0,0,0,166.971,0,0,0,0,0,0,0,0,0,0,0,0,0,0,0,0,0,0,0,0,0,0,0,0,86.9998,0,0,46.5193,0,0,0,0,0,0,82.9958,0,0,0,0,0,0,0,0,0,0,0,0,0,0,0,0,0,0,0,0,0,0,0,0,0,0,0,0,0,0,0,0,0,0,0,0,0,0,0,0,0,0,0,0,0,0,0,0,0,0,0,0,0,0,0,0,0,0,0,0,0,0,0,0,0,0,0,0,0,0,0,0,0,0,0,0,0,0,0,0,0
ES,none,2,xtb,-59.3424,2.86382,0.56002,0,1.46973,0,0,0,0,0,2.60707,1.78479,0,8.40298,0,0,0,0,10.1787,0,13.8146,0,0,0,0,0,4.19894,0,0,6.87557,0,13.3127,0.56063,0,0,10.5436,0,0,0,5.46224,0,5.79641,0.94206,0,9.67847,0,0,0,21.8966,0,0,0,0,16.2229,0,0,47.3254,0,68.4444,15.5711,44.5401,0,122.419,0,0,0,0,0,15.3642,0,0,0,0,46.5032,0,0,0,0,3.18977,0,8.37627,0,0,0,0,0,0,0,0,0,0,76.5579,0,0,0,8.46877,0,0,0,97.6527,27.4952,0,0,0,0,0,0,31.111,0,0,0,0,0,30.5079,31.9838,0,0,106.09,0,0,0,0,0,0,29.4323,0,0,0,0,0,0,0,0,109.941,0,0,0,231.551,0,0,0,0,169.542,0,0,326.2,0,0,0,0,0,0,0,0,0,0,0,0,0,0,0,6.20107,0,0,0,0,0,0,14.5583,0,0,0,0,0,0,0,0,0,0,0,0,57.2694,0,0,0,0,0,3.01543,0,0,0,0,0,0,0,158.118,0,0,0,0,104.828,0,0,0,0,0,12.7071,0,0,19.6731,0,0,0,0,0,319.152,69.7198,0,0,138.729,0,0,0,0,0,24.7326,0,0,0,0,91.3145,0,22.4685,228.819,0,23.8336,0,42.8264,0,45.4421,0,0,0,54.0053,0,0,0,0,565.228,0,0,164.194,0,0,4.53636,0,101.945,0,0,0,0,0,41.2691,0,0,84.692,57.0933,0,0,0,0,0,0,0,0,0,0,0,0,0,0,0,0,0,0,0,0,2.16844,52.5479,3.17904,0,0,0,0,0,0,0,0,0,0,0,0,0,0,0,32.4845,25.9234,0,0,0,0,0,0,0,0,0,0,0,0,0,0,0,0,0,0,0,0,0,37.4067,0,0,0,0,0,0,0,0,0,0,626.508,0,0,0,0,0,102.767,0,0,0,0,0,0,0,0,0,0,0,0,0,0,0,0,0,0,0,0,0,0,0,0,0,0,0,0,0,0,0,0,0,0,0,0,0,0,0,0,0,0,0,0,0,0,0,0,0,0,0,0,0,0,0,0,0,0,0,0,0,0,0,0,0,0,0,0,0,0,0,0,0,0,0,0,0,0,0,0,0,0,0,0,0,0,0,0,0,0,0,0,0,0,0,0,0,0,0,0,0,0,0,0,0,0,0,0,0,0,0,0,0,0,0,0,0,0,0,0,0,0,0,0,0,0,0,0,0,0,0,0,0,0,0,0,0,0,0,0,0,0,0,0,0,0,0,0,0,0,0,0,0,0,0,0,0,0,0,0,0,0,0,0,0,0,0,0,0,0,0,0,0,0,0,0,0,0,0,0,0,0,0,0,0,0,0,0,0,0,0,0,0,0,0,0,0,0,0,0,0,0,0,0,0,0,0,0,0,0,0,0,0,0,0,0,0,0,25.8922,0,0,125.821,0,0,0,0,0,0,8.37578,0,0,0,25.7975,0,864.799,0,0,0,0,177.515,0,0,0,0,0,0,0,0,0,0,0,0,0,0,0,0,0,0,0,0,0,0,0,0,0,0,0,0,0,0,0,0,0,0,0,0,0,0,0,0,0,0,0,0,0,0,0,0,0,0,0,0,0,356.503,0,0,0,0,0,0,0,0,0,0,0,0,0,0,0,0,0,0,0,0,0,0,0,0,0,0,0,151.068,0,0,0,0,0,0,8.8029,0,0,0,0,0,0,31.4579,5.43821,0,0,0,8.14468,42.1437,0,0,0,0,0,0,0,0,69.0168,0,0,0,0,11.5188,0,0,0,0,0,0,0,0,0,0,0,0,0,0,0,0,0,0,0,0,0,0,0,0,0,0,0,0,0,0,0,0,0,0,0,0,0,0,0,0,0,0,0,0,0,0,0,0,0,0,0,0,0,0,0,0,0,0,0,0,0,0,0,0,0,0,0,0,0,0,0,0,0,0,0,0,0,0,0,0,0,0,0,0,0,0,0,0,0,0
FC,none,2,xtb,-59.9882,2.05008,0,0,0,0,4.74491,0,0,3.07011,0,0,0,0,0,0.78549,0,0,0,0.72243,0,0,0,0,2.57697,0,0,0.44861,0,0,0,0,0,2.47523,0,0,3.94544,0,0,29.3018,0,0,0,0,21.5065,0,0,4.65102,0,0,0,18.001,0,16.3249,0,0,2.63302,0,11.6103,0,0,32.8703,0,48.3548,0,21.1638,0,85.2257,0,0,0,0,0,0,28.212,0,0,0,0,0,0,0,0,0,0,37.7341,0,0,0,0,8.03926,0,0,0,0,44.4659,97.1922,0,0,0,0,0.42247,0,0,0,0.32324,0,0,0,6.69001,0,0,0,12.3721,0,0.9217,0,0,0,0,0,0,0,0,0,4.01079,0,0,0,0,0,0,0,0,0,138.404,0,23.4826,0,0,6.58028,0,0,36.0187,0,7.92727,0,0,0,0,0,9.14182,0,0,0,0,0,0,0,18.7623,41.686,0,0,0,14.9767,0,0,0,0,0,0,2.18834,5.74323,0,412.191,11.2629,0,40.8514,0,0,0,0,0,88.758,0,0,0,0,0,0,0,0,3.6379,27.4805,101.931,0,0,36.0654,0,0,19.4053,0,0,0,0,39.0071,0,0,0,0,0,0,13.7841,0,0,0,7.82247,56.3127,234.188,0,0,99.3472,0,0,3.86877,0,0,6.59836,0,10.5009,62.4439,0,1.81715,0,0,0,0,0,0,133.88,0,0,52.2904,0,0,19.3883,0,0,0,305.173,0,31.2046,0,0,0.63568,21.3112,0,8.73778,0,14.3619,0,0,2.41648,0,0,0,4.31537,0,0,0,0,0,0,0,0,0,0,0,0,0,0,0,0,0,2.59445,0,0,0,0,2.49042,0,0,0,0,0,0,0,0,0,0,0,0,93.445,0,0,0,0,0,0,0,0,0,0,0,0,3.34078,0,0,0,0,0,0,0,0,0,0,0,1.63357,0,0,0,0,0,0,0,0,0,0,0,0,0,0,0,0,0,0,0,0,0,560.185,0,0,0,0,0,0,0,0,0,0,0,0,0,0,0,0,0,0,0,0,0,0,0,0,0,0,0,0,0,0,0,0,0,0,0,0,0,0,0,0,0,0,0,0,0,0,0,0,0,0,0,0,0,0,0,0,0,0,0,0,0,0,0,0,0,0,0,0,0,0,0,0,0,0,0,0,0,0,0,0,0,0,0,0,0,0,0,0,0,0,0,0,0,0,0,0,0,0,0,0,0,0,0,0,0,0,0,0,0,0,0,0,0,0,0,0,0,0,0,0,0,0,0,0,0,0,0,0,0,0,0,98.4308,0,0,0,0,0,0,0,0,0,0,0,0,0,0,0,0,0,0,0,0,0,0,0,0,0,0,0,0,0,0,0,0,0,0,0,0,0,0,0,0,0,0,0,0,0,0,0,0,0,0,0,0,0,0,0,0,0,0,0,0,0,0,0,0,0,0,0,0,0,0,0,0,0,0,0,0,0,0,0,0,0,0,0,0,0,0,0,0,0,0,0,0,0,0,22.8684,0,0,0,0,0,13.5152,0,0,0,11.5953,0,0.22987,0,47.154,0,0,17.0418,0,0,18.8596,0,0,0,0,0,0,19.6325,0,0,0,45.3134,0,20.6171,0,0,45.416,0,0,0,0,0,0,0,0,0,0,0,0,0,0,0,0,0,0,0,0,0,0,0,0,0,0,0,0,0,0,0,0,0,0,0,0,0,0,0,0,0,0,0,0,0,0,0,0,0,0,0,0,0,0,0,0,0,0,12.8216,0,2.92483,0,0,0,0,3.92981,0,0,0,0,0,0,0,0,0,67.4663,0,0,0,0,18.6848,0,0,0,0,0,0,0,0,0,0,0,0,0,0,0,0,0,0,0,0,0,0,0,0,0,0,0,0,0,0,0,0,0,0,0,0,0,0,0,0,0,0,0,0,0,0,0,0,0,0,0,0,0,0,0,0,0,0,0,0,0,0,0,0,0,0,0,0,0,0,0,0,0,0,0,0,0,0,0,0,0,0,0,0,0,0,0,0,0,0,0,0,0,0,0,0,0,0
FH,Co+2,2,xtb,-88.0977,3.98812,0,0.89625,0,0,3.91502,0,1.64137,1.19437,0,0.44595,0,1.22302,2.4929,0,9.93519,0,0,9.73914,0,2.62181,6.40351,0,0,4.17974,0,0,0,0.57148,0,45.767,3.61388,0,8.00397,0,0,0,5.26011,0,2.40711,0,0,0,3.57244,0,29.1009,0,18.7195,0,31.1056,10.4607,18.0232,0,0,42.4767,0,0,18.6364,0,15.9196,24.2194,5.7035,76.0186,0,0,5.0265,13.9734,0,0,35.7679,22.2051,0,0,0,0,0,3.44195,0,0,0,3.41972,0,0,0,0,14.3254,47.0146,0,394.059,0,0,0,0,95.5427,0,0,0,0,0,31.2507,0,0,0,0,0,0.81725,0,0,0.26721,0,58.1689,97.8749,0,50.5731,0,0,0,0,48.8814,0,227.202,0,0,11.1105,0,97.9506,0,0,330.244,0,0,0,87.6898,0,122.827,0,0,90.6543,0,0,0,27.8284,0,0,6.22397,0,0,0,163.113,258.973,14.7544,0,0,0,0,0,4.7481,0,0,17.8587,0,0,0,0,11.9163,0,1.11728,0,0,2.5321,0,0,0,2.71189,0,0,0,0.5521,0.05608,4.53695,0,27.6786,0,0,0,37.35,0,1.30572,11.9587,0,0,0,10.8367,0,0,0,0,0,0,17.0702,0,0,0,0,0,8.91286,0,13.4092,0,0.6029,0,0,11.2947,0,0,0,35.5007,62.2279,0,0,71.487,0,0,0,28.0329,1.11366,0.10133,0,0,3.33855,0,21.0906,15.7387,0,3.21429,0,0,0,0,2.68055,0,0,0,0.57411,98.7929,0,74.6679,70.6915,0,0,0,0,3.90188,3.88752,0,0.13076,0,1.78336,0,0,0,0,0,0,0,0,0,0,0,0,0,0,4.67979,0,0,44.1735,1.49572,111.888,0,0,0,0,0,63.5003,17.2275,0,170.802,0,305.18,0,31.7185,167.455,61.584,0,0,0,0,0,0,0,0,9.99052,0,0,0,0,0,3.06406,276.585,0,0,0,0,0,0,0,0,0,0,0,0,0,0,0,0,0,0,0,0,0,0,0,0,0,0,0,0,0,0,0,0,0,0,0,0,0,0,0,451.85,0,0,0,0,0,0,0,0,0,0,0,0,0,0,0,0,0,0,0,0,0,0,0,0,0,0,0,0,0,0,0,0,0,0,0,0,0,0,0,0,0,0,0,0,0,0,0,0,0,0,0,0,0,0,0,0,0,0,0,0,0,0,0,0,0,0,0,0,0,0,0,0,0,0,0,0,0,0,0,0,0,0,0,0,0,0,0,0,0,0,0,0,0,0,0,0,0,0,0,0,0,0,0,0,0,0,0,0,0,0,0,0,0,0,0,0,0,0,0,0,0,0,0,0,0,0,0,0,0,0,0,0,0,0,0,0,0,0,0,0,0,0,0,0,0,0,0,0,0,0,0,0,0,0,0,0,0,0,0,0,0,0,0,0,0,0,0,0,0,0,0,0,0,0,0,0,0,0,0,0,0,0,0,0,0,0,0,0,0,0,0,0,0,0,0,0,0,0,0,0,0,0,0,0,0,0,0,0,0,0,0,0,0,0,0,0,0,0,0,0,0,0,1.9601,0,0,0,0,0,0,0,0,0,0,0,0,8.94259,0,19.0417,0,0.44385,0,0,0,4.59851,0,0,0,0,0,0,0,31.972,0,0,0,0,0,0,11.9858,0,0,0,4.37476,9.58829,0,9.94341,0,0,0,0,0,840.452,0,0,275.304,0,0,0,0,0,8.56596,0,0,0,0,0,0,0,0,0,0,0,661.804,0,0,0,0,0,0,0,0,0,0,0,0,0,0,0,0,0,0,0,0,0,0,0,0,0,90.0943,0,23.8778,0,16.6174,0,0,0,0,0,119.67,286.53,0,0,0,0,0,0,0,0,0,0,0,0,0,0,0,0,0,98.3223,0,0,0,0,70.8362,112.463,0,0,0,0,0,0,0,0,0,0,34.4446,38.7671,0,0,0,0,0,0,0,0,0,0,0,0,0,0,0,0,0,0,0,0,0,0,0,0,0,0,0,0,0,0,0,0,0,0,0,0,0,0,0,0,0,0,0,0,0,0,0,0,0,0,0,0,0,0,0,0,0,0,0,0,0,0,0,0,0,0,0,0,0,0,0,0,0,0,0,0
FI,Co+2,2,xtb,-89.3111,10.3692,0,0.98588,0,0,0,1.99252,0,2.95877,0,4.3647,0,2.43598,1.12333,1.95528,0,0,2.32688,0,0,7.0103,14.6269,9.00594,3.96004,0,2.7132,3.00828,0,0,36.7944,0,0,3.37243,0,0.35491,0,7.11647,0,53.0701,0,16.7164,0,18.3292,0,0,38.434,0,26.9231,51.0791,2.87589,15.1721,0,0.53044,0.39809,0,0,12.4276,69.4437,0,4.65442,0,0,1.04757,0,0,60.6317,8.19997,0,0,0,0,13.5837,0,10.7265,0,0,0,0,17.5832,0,0,80.2164,0,207.181,0,40.6375,0,42.174,0,0,0,110.026,0,0,0,0,0,0,4.9007,25.8943,0,0,80.5184,0,46.0565,74.8061,0,0,0.21352,341.849,0,0,73.9824,0,0,645.701,0,0,7.74152,0,0,0,0,80.0833,3.06138,0,0,0,168.579,0,0,0,0,0,205.596,0,0,67.191,0,0,0,0,10.8115,140.017,0,0,0,0,0,0,0,0,0,0,0,10.4912,10.0829,0,4.33798,0,0,0,0,0,0,0,0.32436,8.63452,0,9.83853,0,0,0.27361,0,0,0,0,0.16188,0,0,0,13.7945,0,0,0,21.9062,17.6343,0,0.63109,6.39573,0,0,0,0,0,0,0,0,17.7321,0,0,0,17.8083,0,0,0,1.41319,8.5506,0,0,0,0,7.93892,16.6114,0,48.6314,0,16.8807,155.802,0,30.7716,0,0,0,0,50.0963,0.13514,4.85834,0,0.82869,10.7849,5.14519,0.39721,0,0,1.2268,0,0,25.9613,0,0,19.8465,0,0,0,0,103.503,16.1857,22.6038,2.13992,0,0,0,0,0,0.10715,47.09,0,0,0,0,0.15442,0,0,0,0,0,0,0,0,0,0,0,3.63754,1.11657,0,0,213.258,0,0,0,33.7184,0,0,62.8468,0,245.192,1.89818,6.04586,13.3522,0,197.165,272.844,4.20973,0,0,173.236,0,0,0,0,0,0,0,0,0,0,1.87337,0,0.39672,492.231,0,0,0,0,0,0,0,0,0,0,0,0,0,0,0,0,0,0,0,0,0,0,0,0,0,0,0,0,0,555.361,0,0,0,0,0,0,0,0,0,0,0,0,0,0,0,0,0,0,0,0,0,0,0,0,0,0,0,0,0,0,0,0,0,0,0,0,0,0,0,0,0,0,0,0,0,0,0,0,0,0,0,0,0,0,0,0,0,0,0,0,0,0,0,0,0,0,0,0,0,0,0,0,0,0,0,0,0,0,0,0,0,0,0,0,0,0,0,0,0,0,0,0,0,0,0,0,0,0,0,0,0,0,0,0,0,0,0,0,0,0,0,0,0,0,0,0,0,0,0,0,0,0,0,0,0,0,0,0,0,0,0,0,0,0,0,0,0,0,0,0,0,0,0,0,0,0,0,0,0,0,0,0,0,0,0,0,0,0,0,0,0,0,0,0,0,0,0,0,0,0,0,0,0,0,0,0,0,0,0,0,0,0,0,0,0,0,0,0,0,0,0,0,0,0,0,0,0,0,0,0,0,0,0,0,0,0,0,0,0,0,0,0,0,0,0,0,0,0,0,0,0,0,0,0,0,0,0,0,0,0,3.23746,0,4.13978,0,22.7374,0,0,0,0,0,0,0,0,0,0,0,0,0,0.95374,0,23.9384,0,37.6176,4.02123,58.6151,0,0,0,25.6209,30.7058,0,5.87998,0,19.4506,0,0,15.1418,0,0,9.39005,0,10.4674,0,9.72292,0,0,0,0,0,0,0,285.509,0,0,0,0,0,0,0,0,0,0,0,0,516.715,0,0,0,0,0,0,0,0,0,0,0,0,0,0,0,0,0,0,0,23.8338,0,0,0,0,0,0,0,0,0,254.801,0,163.872,524.691,93.7688,0,0,0,0,0,0,0,0,0,0,0,0,0,0,0,0,0,0,0,0,0,0,0,0,0,0,0,92.6339,0,0,0,0,93.0529,42.1894,0,0,0,64.2973,0,0,50.1845,50.3476,0,36.9005,0,0,0,0,0,0,0,0,0,0,0,0,0,0,0,0,0,0,0,0,0,0,0,0,0,0,0,0,0,0,0,0,0,0,0,0,0,0,0,0,0,0,0,0,0,0,0,0,0,0,0,0,0,0,0,0,0,0,0,0,0,0,0,0,0,0,0,0,0,0,0,0,0,0,0,0,0
FT,none,2,xtb,-63.9042,0.87709,0,0,0,4.82268,1.77618,0,1.59725,1.05528,0,3.14723,0,0,0,0.34989,0,0,1.35199,0,0,0,0,0,0,0,0.57423,4.90661,0,3.19749,1.73361,0,1.27087,0,0,0,7.33212,0,0,0,3.46143,0,43.2528,0,0,2.34114,0,0,0,3.0541,0,0,1.22454,0,0,0,0,0,0,12.802,0,0,0,0,0,0,0,21.1548,0,0,11.2186,0,0,2.59304,0,17.1121,0,0,10.8888,0,0,0,6.12016,0,0,0,0,0,0,2.14514,0,0,0,0,0,0,5.64636,0,0,82.2079,0,29.0418,0,0,0,0,31.3995,0,0,0,0,0,0,4.84468,0,0,0,0,0,0,1.25418,0,0,0,0,0,0,0,4.33439,0,0,0,0,0,0,76.6449,0,0,18.4651,0,0,0,11.1194,0,33.9863,0,0,0,63.4114,0,0,0,133.721,0,0,0,0,11.5228,0,7.66786,0,0,0,18.6163,0,0,0.49854,0,0,1.42981,0,10.7037,0,0,0,0,5.59484,0,0,0,0,0,0,20.3458,0,0,7.9142,0,0,215.089,0,0,0,0,0,25.2175,0,0,44.054,0,0,0,37.2572,0,0,75.8561,0,0,0,30.4076,0,0,92.8143,0,52.2682,0,0,316.842,0,24.9948,0,95.9615,0,43.5746,0,0,5.50894,0,13.2835,0,48.7038,0,11.1035,0,0,0,76.852,0,0,93.9951,39.2785,57.8185,0,95.5762,0,126.547,0,0,61.0489,8.0645,0,8.11603,0,0,0,0,0,29.9468,0,0,20.6145,31.9847,0,0,0,0,0,0,0,0,0,0,0,0,0.90288,0,0,0,0,0,0,31.3736,0,0,3.48831,0,0,0,0,3.46725,1.51021,0,9.87419,47.9087,0,0,0,0,0,0,43.3359,0,0,0,0,0,0,0,0,0,0,0,0,0,0,0,0,0,0,0,0,0,0,0,0,0,0,0,0,0,0,0,91.6546,0,0,0,0,0,0,0,0,0,0,0,0,0,0,0,0,0,0,0,0,529.882,665.208,0,0,0,0,0,0,0,0,0,0,0,0,0,0,0,0,0,0,0,0,0,0,0,0,0,0,0,0,0,0,0,0,0,0,0,0,0,0,0,0,0,0,0,0,0,0,0,0,0,0,0,0,0,0,0,0,0,0,0,0,0,0,0,0,0,0,0,0,0,0,0,0,0,0,0,0,0,0,0,0,0,0,0,0,0,0,0,0,0,0,0,0,0,0,0,0,0,0,0,0,0,0,0,0,0,0,0,0,0,0,0,0,0,0,0,0,0,0,0,0,0,0,0,0,0,0,0,0,0,0,0,0,0,0,0,0,0,0,0,0,0,0,0,0,0,0,0,0,0,0,0,0,0,0,0,0,0,0,0,0,0,0,0,0,0,0,0,0,0,0,0,0,0,0,0,0,0,0,0,0,0,0,0,0,0,0,0,0,0,0,0,0,0,0,0,0,0,0,0,0,0,0,0,0,0,0,0,0,0,0,0,0,0,0,38.4782,0,0,0,0,27.6202,0,0,0,0,0,0,35.8153,16.4707,0,0,37.7986,0,20.5513,0,0,12.3139,0,0,0,0,0,0,14.8522,0,91.2552,0,35.1817,0,0,0,0,0,0,0,0,0,0,0,0,0,8.42511,0,0,0,0,0,0,0,0,0,0,0,0,0,0,0,0,0,0,0,0,0,0,0,0,0,0,0,0,0,0,0,0,0,0,0,0,0,0,0,0,0,0,0,0,0,0,0,110.562,0,0,0,0,17.5165,0,0,0,0,0,0,2.99611,0,0,10.4286,0,0,0,0,0,0,0,0,0,0,61.7738,0,0,0,0,0,0,0,0,0,0,0,0,0,0,0,0,0,0,0,0,0,0,0,0,0,0,0,0,0,0,0,0,0,0,0,0,0,0,4.07112,0,0,0,0,0,0,0,0,0,0,0,0,0,0,0,0,0,0,0,0,0,0,0,0,0,0,0,0,0,0,0,0,0,0,0,0,0,0,0,0,0,0,0,0,0,0,0,0,0,0,0,0,0,0,0,0,0,0,0,0,0,0,0
GA,Ni+2,2,xtb,-57.9993,3.64463,0,0.49265,0,0.80468,0,7.53624,0,0,3.51602,1.46346,0,0,0,5.73932,0,10.8532,0,0,17.3632,0,0,23.476,0,0,6.83891,11.9403,0,9.51172,0,26.2791,0,0.12843,0,0,31.3069,0,0,8.66171,3.77508,0,6.3858,15.2426,0,6.05433,0,20.5145,0,0,0,0,0,6.40301,0,43.1582,0,0,9.57827,0,0,80.9846,0,34.7947,0,92.3228,0,0,151.831,0,0,312.141,0,129.045,0,0,0,0,0,0,0,0,491.783,0,0,0,27.4518,0,124.425,0,0,0,146.504,0,0,0,0,0,0,9.65464,0,6.08561,0,0,0,0,569.312,0,0,0,0,103.648,0,0,0,0,0,0,0,65.4768,0,49.996,0,0,0,0,0,0,0,0,0,0,0,107.473,0,0,0,0,0,0,0,0,0,0,0,0,0,0,0,0,0,0,0,0,0,0,0,0,0,0,0,0,9.05849,0,0,0,0,0,0,0,12.8033,0,0,0,0,0,56.0275,0,0,0,0,0,0,0,40.4115,0,0,0,0,0,0,0,0,0,0,0,0,5.66327,0,13.7188,0,0,0,0,0,13.5292,2.90844,0,0,1.15087,0,0,0,0,0,120.849,0,0,0,0,50.9858,0,0,0,0,0,0,0,0,0,0,21.6901,0,0,5.30762,0,0,0,0,8.69615,0,0,0,0,0,0,6.36592,0,0,0,0,0,0,0,0,0,0,280.99,59.8344,0,0,0,0,0,0,0,0,0,26.7413,0,0,0,0,0,0,0,0,0,5.17174,0,0,0,0,0,10.1964,0,187.638,0,0,103.36,0,116.089,87.7454,0,106.506,0,0,0,0,0,0,0,0,0,0,0,0,0,0,0,0,0,0,0,0,0,0,0,0,0,0,0,506.901,0,0,0,0,0,0,0,0,0,0,0,388.302,0,0,0,0,0,0,0,0,0,0,0,0,0,0,0,0,0,0,0,0,0,0,0,0,0,0,0,0,0,0,0,0,0,0,0,0,0,0,0,0,0,0,0,0,0,0,0,0,0,0,0,0,0,0,0,0,0,0,0,0,0,0,0,0,0,0,0,0,0,0,0,0,0,0,0,0,0,0,0,0,0,0,0,0,0,0,0,0,0,0,0,0,0,0,0,0,0,0,0,0,0,0,0,0,0,0,0,0,0,0,0,0,0,0,0,0,0,0,0,0,0,0,0,0,0,0,0,0,0,0,0,0,0,0,0,0,0,0,0,0,0,0,0,0,0,0,0,0,0,0,0,0,0,0,0,0,0,0,0,0,0,0,0,0,0,0,0,0,0,0,0,0,0,0,0,0,0,0,0,0,0,0,0,0,0,0,0,0,0,0,0,0,0,0,0,0,0,0,0,0,0,0,0,0,0,0,0,0,0,0,0,0,0,0,0,0,0,0,0,0,0,0,0,0,0,0,0,0,0,0,5.07431,0,0,0,0,0,0,0,0,0,0,0,0,0,0,0,0,0,0,5.46412,0,0,0,0,8.89605,0,0,0,0,0,0,0,0,23.126,0,0,0,0,4.97716,0.02076,0,0,0,0,0,0,0,0,0,0,0,0,0,0,0,0,0,0,0,0,0,0,0,0,0,0,0,0,0,0,0,0,0,0,0,0,0,0,0,0,0,0,0,0,0,0,0,0,0,0,0,0,0,32.2107,0,0,0,0,0,0,18.9928,0,0,0,0,0,79.5506,0,0,0,0,0,0,0,0,0,0,192.727,0,0,0,0,0,0,0,0,0,0,0,0,0,0,0,0,0,0,0,0,76.1734,0,0,0,0,66.6531,0,16.9483,23.9728,0,38.4345,29.7747,0,0,0,0,30.2303,0,0,0,0,0,0,0,0,0,0,0,0,0,0,0,0,0,0,0,0,0,0,0,0,0,0,0,0,0,0,0,0,0,0,0,0,0,0,0,0,0,0,0,0,0,0,0,0,0,0,0,0,0,0,0,0,0,0,0,0,0,0,0,0,0,0,0,0,0,0,0,0
GF,none,2,xtb,-53.4694,0.83013,0,0,0.52794,0,0,0,1.04418,1.12093,0,0,0,0,0,0,0,0.53994,0,0,2.43116,0,0,0,0,0,0,0,0,0,0,6.82164,0,0,0,0,0,0,5.9934,1.91736,0,23.6909,0,0,0,0,0,3.10289,0,0,0,20.0138,0,0,27.8034,0,26.8542,0,0,0.35637,0,0,0,0,6.48362,0,7.31474,0,0,0,2.32839,0,0,0,0,0,37.4636,0,37.8257,132.39,0,0,0,11.8325,0,0,0,7.62133,0,0,0,0,0,11.7629,0,0,0,0,0,72.7208,0,0,0,0,37.5196,0,0,0,26.3464,0,0,0,0,0,64.7836,0,0,87.3678,0,0,0,0,24.7005,0,0,0,0,0,95.4905,0,0,0,0,0,0,59.9963,0,0,0,0,48.6472,0,24.2534,0,0,0,0,0,16.7767,0,0,0,0,3.08634,0,0,0,0,0,0,10.5912,0,0,0,0,0,0,34.3239,0,0,9.04167,0,10.269,0,11.2125,0,0,0,119.605,4.86294,0,0,0,0,0,0,0,0,10.5451,0,0,0,15.089,0,0,0,0,0,0,11.2384,10.6062,0,0,0,0,0,0,0,0,0,234.99,44.5033,0,0,31.3413,0,0,35.2187,0,0,207.315,0,20.1289,10.0766,0,41.4248,8.80856,0,0,0,0,4.98136,0,0,0,0,12.0646,0,0,33.3573,0,185.824,20.0221,0,75.5462,0,0,0,1.28672,0,0,78.7375,11.1001,0,13.1161,0,43.6062,17.9141,0,0,0,0,10.8517,0,0,0,0,0,0,0,12.165,0,0,0,0,0,0,0,0,0,0,3.92043,0,0,3.26957,0,2.84497,0,0,0,0,0,4.50798,0,0,0,0,0,0,0,0,79.9904,0,0,0,0,0,0,0,0,0,0,0,0,0,0,0,0,0,0,0,0,0,0,0,0,0,0,0,0,0,0,0,0,0,0,0,0,0,0,0,0,0,0,463.847,0,0,0,0,0,0,0,0,0,0,0,0,0,0,0,0,0,0,0,0,0,0,0,0,0,0,0,0,0,0,0,0,0,0,0,0,0,0,0,0,0,0,0,0,0,0,0,0,0,0,0,0,0,0,0,0,0,0,0,0,0,0,0,0,0,0,0,0,0,0,0,0,0,0,0,0,0,0,0,0,0,0,0,0,0,0,0,0,0,0,0,0,0,0,0,0,0,0,0,0,0,0,0,0,0,0,0,0,0,0,0,0,0,0,0,0,0,0,0,0,0,0,0,0,0,0,0,0,0,0,0,0,0,0,0,0,0,0,0,0,0,0,0,0,0,0,0,0,0,0,0,0,0,0,0,0,0,0,0,0,0,0,0,0,0,0,0,0,0,0,0,0,0,0,0,0,0,0,0,0,0,0,0,0,0,0,0,0,0,0,0,0,0,0,0,0,0,0,0,0,0,0,0,0,0,0,0,0,0,0,0,0,0,0,0,0,0,25.5524,0,36.7033,0,0,0,0,1.40924,0,0,0,0,34.4513,0,0,0,0,0,0,0,0,0,0,0,0,30.4478,0,0,0,0,0,76.795,0,0,0,0,0,0,0,0,0,0,29.3071,61.5423,0,29.1171,0,0,0,0,0,0,0,0,0,0,0,0,0,0,0,0,0,0,0,0,0,0,0,0,0,0,0,0,0,0,0,0,0,0,0,0,0,0,0,0,0,0,0,0,0,0,0,0,0,0,0,0,0,0,70.251,0,28.8635,0,0,0,0,0,0,0,4.97972,58.8989,0,1.31444,0,0,0,0,0,94.588,0,0,0,0,0,0,0,0,0,0,0,0,0,0,0,0,0,0,0,0,0,0,0,0,0,0,0,0,0,0,0,0,0,0,0,0,0,0,0,0,0,0,0,0,0,0,0,0,0,0,0,0,0,0,0,0,0,0,0,0,0,0,0,0,0,0,0,0,0,0,0,0,0,0,0,0,0,0,0,0,0,0,0,0,0,0,0,0,0,0,0,0,0,0,0,0,0,0,0,0,0,0,0,0,0,0,0,0,0,0
GK,Ni+2,2,xtb,-75.9211,5.89495,3.32206,0,2.1691,6.19434,0,0,1.17747,10.498,0,0,0,3.04623,0,12.6441,4.95655,0.06313,0,0.49569,0,15.476,2.46255,6.68122,0,0,0,0,36.0585,2.52863,0,0,17.5243,10.3541,0,31.2768,0,0,4.3661,0,16.7728,0,0,54.3468,0,7.6721,0,12.3449,0,19.0379,0,0,0,14.239,4.95071,46.1823,61.869,0,42.0129,7.61381,21.7354,0,0,0,0,0,57.7174,0,0,59.1496,0,0,0,29.0332,0,0,59.2511,0,0,6.21111,76.8079,0,0,21.9596,95.906,0,0,0,373.007,0,0,172.439,275.499,0,0,440.393,0,0,15.9851,299.54,0,0,0,0,132.35,0,0,0,151.753,0,0,0,0,93.3076,0,0,0,0,0,0,0,0,0,0,111.679,0,0,0,109.385,0,0,0,19.8892,0,0,0,0,68.4236,0,0,0,0,0,0,0,0,0,0,0,0,0,19.2494,0,0,0,0,0,24.0759,0,0,0,0,0,0,5.60821,0,0,0,0,0,8.68903,21.013,0,0,0,0,0,21.217,0,0,0,0,0,0,0,0,29.0304,0,0,0,1.18506,0,0,0,0,0,0,28.8398,0,23.2925,0,0,0,12.6769,0,0,9.67025,0,0,32.4127,0,4.18329,0,45.152,0,0,0,0,50.8986,0,96.4157,46.209,0,0,0,0,0,0,0,0,17.1016,0,9.68194,0,0,10.4995,0,9.69588,0,59.0029,0,0,0,6.47261,0,1.36579,0,10.1874,0,0,92.4484,0,0,0,0,3.87183,0,70.9004,0,0,5.31469,0,0,13.8885,0,2.10209,0,0,0,0,0,0,4.55364,0,0,0,0,0,0,0,0,90.382,0,120.349,0,11.3213,152.169,0,230.317,0,0,0,0,227.467,0,48.2853,75.0576,0,162.026,0,0,0,0,0,0,0,0,0,0,0,0,0,0,0,294.675,0,0,0,0,0,0,0,0,0,0,0,0,0,0,0,0,0,0,0,0,0,0,0,0,0,0,0,472.799,0,0,0,0,0,0,0,0,0,0,0,0,0,0,0,0,0,0,0,0,0,0,0,0,0,0,0,0,0,0,0,0,0,0,0,0,0,0,0,0,0,0,0,0,0,0,1666.31,0,0,0,0,0,0,0,0,0,0,0,0,0,0,0,0,0,0,0,0,0,0,0,0,0,0,0,0,0,0,0,0,0,0,0,0,0,0,0,0,0,0,0,0,0,0,0,0,0,0,0,0,0,0,0,0,0,0,0,0,0,0,0,0,0,0,0,0,0,0,0,0,0,0,0,0,0,0,0,0,0,0,0,0,0,0,0,0,0,0,0,0,0,0,0,0,0,0,0,0,0,0,0,0,0,0,0,0,0,0,0,0,0,0,0,0,0,0,0,0,0,0,0,0,0,0,0,0,0,0,0,0,0,0,0,0,0,0,0,0,0,0,0,0,0,0,0,0,0,0,0,0,0,0,0,0,0,0,0,0,0,0,0,0,0,0,0,0,0,0,0,0,0,0,0,0,0,0,0,0,0,5.8396,0,0,0,0,0,0,0,12.1838,0,0.694,0,0,0,0,18.8148,0,6.15895,0,0,44.5557,3.35924,0,11.7667,21.8924,0,7.81773,0,0,0,0,0,0,0,0,0,0,0,0,0,0,0,0,0,0,0,0,0,0,0,0,0,0,0,0,0,0,0,0,0,0,0,0,0,0,0,0,0,0,0,0,0,0,36.3312,0,0,0,0,0,0,0,0,0,0,40.1432,0,0,0,0,0,0,321.792,0,15.7554,0,0,0,0,0,0.46193,0,74.543,0,0,0,0,0,0,0,0,0,0,0,0,0,0,0,0,0,0,123.799,0,0,0,76.3291,0,0,0,0,0,0,0,0,80.8681,0,0,34.8201,87.6149,82.7194,152.143,0,0,0,0,50.7146,0,0,0,0,0,0,0,0,0,0,0,0,0,0,0,0,0,0,0,0,0,0,0,0,0,0,0,0,0,0,0,0,0,0,0,0,0,0,0,0,0,0,0,0,0,0,0,0,0,0,0,0,0,0,0,0,0,0,0,0,0,0,0,0,0,0,0,0,0,0,0,0,0,0,0,0
GN,Co+2,2,xtb,-71.5599,12.533,8.52045,0,26.5111,4.66453,0,0.74134,8.41309,6.61761,14.015,0,1.1341,4.42779,0,2.36385,0,8.40782,0,0,0.5002,0,4.55848,7.67251,0,11.4102,0,4.1789,0,4.23297,0,0,4.8459,0,55.7246,25.7972,0,0,0,0,22.6648,0,1.78395,0,0,0,25.22,0,0,0,6.04561,22.909,0,22.9404,128.32,0,0,60.1214,11.8722,36.5491,0,0,0,0,7.04994,0,0,45.0049,0,16.5219,0,0,128.91,0,0,37.647,0,29.5008,0,0,0,0,0,0,0,126.93,0,0,204.265,0,0,0,0,111.347,0,0,169.073,0,0,0,62.3059,0,0,338.411,0,0,0,74.5901,0,168.797,0,203.454,0,0,8.29566,0,237.595,0,110.65,0,0,0,0,27.6826,0,0,0,0,83.8516,0,0,0,0,0,67.4546,159.735,0,0,0,0,0,0,443.239,0,0,0,0,0,331.281,0,129.658,0,0,0,0,0,0,0,0,0,0,35.5466,0,0,0,0,5.82672,0,0,0,0,0,0,0,0,0,0,0,0,43.3033,3.65388,53.4516,0,0,0,0,0,0,0,0,0,0,0,0,0,0,27.5688,0,0,0,0,0,16.6397,0,0,0,0,0,0,2.08389,0,0,0,0,0,0,0,43.664,46.2543,0,169.665,29.2219,0,0,0,0,0,0,0,0,15.8338,0,0,0,0,0,0,68.0084,0,0,53.5873,0,0,155.455,0,0,0,0,49.5377,173.186,0,0,0,0,0,60.5795,0,0,0,0,0,114.529,0,0,0,0,0,0,0,0,0,0,0,0,0,0,0,130.73,0,176.028,0,0,206.981,0,0,0,202.786,68.859,102.523,369.572,0,169.339,127.111,0,0,0,0,0,0,0,0,0,0,0,0,0,0,0,0,0,0,0,0,0,0,0,0,0,0,0,0,0,0,0,0,0,0,693.7,0,0,0,0,0,0,358.686,0,0,0,0,0,0,0,0,0,0,585.622,0,0,0,0,0,0,0,0,0,0,0,0,0,0,0,0,0,0,0,0,0,0,0,0,0,0,0,0,0,0,0,0,0,0,0,0,0,0,0,0,0,0,0,0,0,0,0,0,0,0,0,0,0,0,0,0,0,0,0,0,0,0,0,0,0,0,0,0,0,0,0,0,0,0,0,0,0,0,0,0,0,0,0,0,0,0,0,0,0,0,0,0,0,0,0,0,0,0,0,0,0,0,0,0,0,0,0,0,0,0,0,0,0,0,0,0,0,0,0,0,0,0,0,0,0,0,0,0,0,0,0,0,0,0,0,0,0,0,0,0,0,0,0,0,0,0,0,0,0,0,0,0,0,0,0,0,0,0,0,0,0,0,0,0,0,0,0,0,0,0,0,0,0,0,0,0,0,0,0,0,0,0,0,0,0,0,0,0,0,0,0,0,0,0,0,1574.1,0,0,0,0,0,0,0,0,0,0,0,0,0,0,0,0,0,0,0,0,0,0,0,0,0,0,0,0,0,0,0,4.58249,0,0,0,0,0,0,0,0,0,0,2.60118,0,0,0,0,0,1.09023,0,0,0,0,0,0,1.69864,0,0,0,0,0,0,0,0,0,0,0,0,0,0,0,486.19,0,0,0,0,0,0,0,0,0,0,0,0,0,0,508.718,0,0,0,0,0,0,0,0,0,0,0,0,0,0,0,0,0,0,0,0,0,0,15.6533,0,28.4918,0,0,0,0,0,0,0,0,0,0,0,0,0,0,0,0,0,0,86.3617,0,0,0,0,0,77.6968,0,0,160.093,0,0,0,0,0,0,0,0,0,0,0,90.4378,40.2733,0,98.1523,0,0,96.8823,0,0,68.8795,0,0,0,0,0,0,92.8859,0,0,57.3187,53.5727,0,0,0,0,0,0,0,0,0,0,0,0,0,0,0,0,0,0,0,0,0,0,0,0,0,0,0,0,0,0,0,0,0,0,0,0,0,0,0,0,0,0,0,0,0,0,0,0,0,0,0,0,0,0,0,0,0,0,0,0,0,0,0,0,0,0,0,0,0,0,0,0,0,0,0,0,0,0
GT,Zn+2,2,xtb,-45.6092,10.7867,1.54452,0,0,0,0,0,4.43528,0,0,9.80484,0.87914,0,2.09547,15.7597,0,0,0,0,6.56359,0,0,0,1.01139,0,0,0,6.54157,0,58.2695,0,4.74818,23.9648,0,0,0,0,0,33.5092,0,0,0,0,32.0923,0,0,0,0,14.323,0,0,0,0,0,0,0,0,0,6.39487,0,5.74471,0,0,0,0,0,0,11.2694,0,0,0,0,0,0,3.93721,0,0,0,0,59.0712,0,0,37.0268,0,96.7896,0,0,0,0,0,0,0,0,7.36006,0,0,0,0,0,0,0,0,0,0,509.532,0,66.5021,0,0,0,0,30.1585,0,0,0,0,0,0,0,0,98.7295,0,0,0,0,0,0,0,0,0,0,36.6308,67.8989,0,0,0,28.3896,0,0,0,0,0,0,0,0,0,0,0,0,0,0,0,0,0,0,0,0,0,0,0,12.5953,0,0,0,0,0,0,0,0,0,0,0,9.35057,0,0,0,0,0,0,51.559,14.88,0,21.047,0,0,0,0,0,0,0,0,0,0,34.0357,0,0,0,0,0,0,108.615,0,0,0,6.71799,15.6968,33.425,0,0,0,91.9711,0,0,0,0,0,1.84753,0,174.93,0,0,0,0,0,0,0,0,0,30.3935,0,0,32.9591,0,0,0,0,10.8007,0,0,0,0,0,0,0,0,3.09184,0,0,0,2.85794,0,0,0,0,216.645,67.1724,136.457,0,0,0,0,0,0,0,0,0,10.9108,0,0,0,0,0,0,0,0,0,0,0,0,0.96192,0,0,0,0,1.41249,0,0,3.69864,0,0,0,142.22,0,75.7682,0,0,0,0,0,0,0,0,0,0,0,0,0,0,0,0,0,0,0,0,0,0,0,0,0,0,0,0,0,0,0,396.296,0,0,0,0,0,0,0,0,0,0,599.29,0,0,0,0,0,0,0,0,0,0,0,0,0,0,0,0,0,0,0,0,0,0,0,0,0,0,0,0,0,0,0,0,0,0,0,0,0,0,0,0,0,0,0,0,0,0,0,0,0,0,0,0,0,0,0,0,0,0,0,0,0,0,0,0,0,0,0,0,0,0,0,0,0,0,0,0,0,0,0,0,0,0,0,0,0,0,0,0,0,0,0,0,0,0,0,0,0,0,0,0,0,0,0,0,0,0,0,0,0,0,0,0,0,0,0,0,0,0,0,0,0,0,0,0,0,0,0,0,0,0,0,0,0,0,0,0,0,0,0,0,0,0,0,0,0,0,0,0,0,0,0,0,0,0,0,0,0,0,0,0,0,0,0,0,0,0,0,0,0,0,0,0,0,0,0,0,0,0,0,0,0,0,0,0,0,0,0,0,0,0,0,0,0,0,0,0,0,0,0,0,0,0,0,0,0,0,0,0,0,0,0,0,0,0,0,118.582,0,0,0,0,0,0,0,0,0,0,0,0,0,0,0,0,0,0,0,0,0,0,0,0,0,0,0,0,42.5215,0,35.3804,0,0,0,0,0,14.6676,0,0,0,0,0,0,0,18.4214,36.7706,0,21.1443,0,0,0,0,0,0,0,0,0,0,0,0,0,0,0,0,0,0,0,0,0,0,0,0,0,0,0,0,0,0,0,0,0,0,0,0,0,0,0,0,0,0,0,0,0,0,0,0,0,0,0,0,0,0,0,0,0,0,0,0,0,0,0,0,0,4.06749,0,1.96426,0,0,0,37.5152,0,0,0,0,0,0,0,0,0,0,0,0,0,0,0,0,0,0,0,0,0,0,0,0,0,0,0,0,71.3282,0,0,0,0,34.2674,0,0,0,0,0,0,0,0,0,0,0,0,0,0,0,0,0,0,0,0,0,0,0,0,0,0,0,0,0,0,0,0,0,0,0,0,0,0,0,0,0,0,0,0,0,0,0,0,0,0,0,0,0,0,0,0,0,0,0,0,0,0,0,0,0,0,0,0,0,0,0,0,0,0,0,0,0,0,0,0,0,0,0,0
HE,Cu+2,2,xtb,-76.7681,8.5786,0,0,0,5.29767,4.3685,0.08536,0,1.47747,0,0,2.16419,0,8.51542,0,9.82203,9.02638,1.12229,0,36.8456,0,0,2.85946,3.31451,0,0,0,9.44739,0,0,0,0,7.32347,0,0,0.6805,2.56642,0,0,6.02548,0,0,0,11.3032,0,0,0,0,8.27635,0,18.2501,0,0,1.80565,0,0,0,0,0,9.25561,0,0,111.915,46.3696,0,0,0,0,0,0,0,0,1.50552,14.2026,0,0,0,0,0,0,10.6668,0,0,0,0,0,0,0,10.8614,0,77.2211,0,0,0,0,0,195.723,0,0,159.858,0,43.9164,0,13.6398,0,0,13.333,0,0,5.10084,155.015,0,0,56.1685,25.8218,0,90.2207,0,146.112,0,0,0,0,0,3.36708,0,14.6002,0,0,0,50.6726,0,0,0,264.819,0,0,0,0,0,0,0,0,0,0,1.48031,0,0,2.25159,24.6617,342.297,0,0,0,0,0,0,40.4053,0,0,0,14.9145,0,0,0,0,0,0,0,5.21496,13.3549,0,0,0,8.91968,0,0,15.5042,20.3705,0,10.0559,0,0,0,0,0,0,0,0,25.3406,0,0,0,21.3356,0,0,0,17.9854,0,0,0,0,0.44149,0,0,0,16.2264,0,0,20.3741,0,55.6023,0,60.1179,68.628,0,0,146.924,100.48,0,110.081,0,0,0,5.80994,0,0,0,3.81376,0,2.84832,0,0,0,0,120.301,139.947,0,0,0,0,3.51148,0,10.2417,0,0,0,0,4.15618,46.821,0,0,144.848,6.40673,0,22.0169,0,0,0,0,0,2.38473,0,0,0,0,0,0,0,0,0,0,0,0,35.484,0,39.6429,0,21.96,0,11.8709,0,124.663,0,194.211,115.453,0,0,0,0,92.9173,0,0,0,0,0,0,0,0,0,6.84567,0,0,0,0,0,0,0,0,0,0,0,0,0,0,0,0,0,77.1571,0,0,0,0,0,0,0,0,0,0,0,0,448.093,0,0,0,0,0,0,0,0,0,0,0,0,0,0,0,0,0,0,0,0,0,0,0,0,293.938,0,0,0,0,0,0,0,0,0,0,0,0,0,0,0,0,0,0,0,0,0,0,0,0,0,0,0,0,0,0,0,0,0,0,0,0,0,0,0,0,0,0,0,0,0,0,0,0,0,0,0,0,0,0,0,0,0,0,0,0,0,0,0,0,0,0,0,0,0,0,0,0,0,0,0,0,0,0,0,0,0,0,0,0,0,0,0,0,0,0,0,0,0,0,0,0,0,0,0,0,0,0,0,0,0,0,0,0,0,0,0,0,0,0,0,0,0,0,0,0,0,0,0,0,0,0,0,0,0,0,0,0,0,0,0,0,0,0,0,0,0,0,0,0,0,0,0,0,0,0,0,0,0,0,0,0,0,0,0,0,0,0,0,0,0,0,0,0,0,0,0,0,0,0,0,0,0,0,0,0,0,0,0,0,0,0,0,0,0,0,0,0,0,0,0,0,0,0,0,0,0,0,0,0,0,0,0,0,0,0,7.99206,0,0,0,0,0,0,0,0,0,0,0,0.26622,0,0,2.31977,0,0,0,6.49188,0,0,0.73633,0,1.8172,0,0,18.989,0,0,0,0,0,0,0,0,485.185,0,0,0,0,0,0,0,0,0,0,0,0,0,0,0,0,0,0,0,0,0,0,29.5573,0,16.2461,0,0,0,0,0,0,0,0,0,0,0,0,0,0,0,0,0,0,0,0,0,0,0,0,0,0,0,0,0,0,0,0,0,86.4656,0,0,0,0,0,100.842,0,0,275.616,47.7295,0,166.38,0,0,0,0,0,0,0,0,0,0,0,0,0,0,0,0,0,0,0,0,110.039,0,0,0,82.857,0,0,102.589,0,0,0,0,0,0,0,0,0,0,0,0,0,0,0,0,0,0,0,0,0,0,0,0,0,0,0,0,0,0,0,0,0,0,0,0,0,0,0,0,0,0,0,0,0,0,0,0,0,0,0,0,0,0,0,0,0,0,0,0,0,0,0,0,0,0,0,0,0,0,0,0,0,0,0,0,0,0,0,0,0,0,0,0,0,0,0,0
HL,Cu+2,2,xtb,-72.7624,5.61407,0,0,1.38811,6.36386,0,0,2.54199,0,0,3.93295,0.20944,0,0,0.15898,0,0.46106,3.5851,0,2.32403,0,0,0,11.423,20.3893,25.3881,0,0,11.0284,1.05841,0,0,0,2.93386,16.2463,0,0,0,2.40332,0,0,0,0,11.8803,0,0,0.92448,51.3136,0,29.8875,0,0,0,0,3.49411,0,10.5211,0,0,6.3473,0,0,12.841,0,0,0,28.5054,27.5194,311.424,236.63,0,0,0,10.9829,0,0,0,0,0,0,0,0,0,28.7883,17.3892,0,0,0,0,0,0,47.1655,0,0,0,0,28.8112,0,0,0,29.7874,0,0,0,26.5182,0,0,0,0,81.3215,0,64.8716,0,0,0,11.9072,0,0,0,0,0,0,0,63.1019,30.2344,0,0,0,34.1941,0,0,0,0,0,159.44,0,0,0,0,279.183,0,0,0,0,0,31.7779,0,0,6.59915,15.9126,0,0,0,0,0,0,0,0,0,18.1352,0,0,0,0,0,0,30.7625,0,0,8.87866,7.39483,0,0,0,8.15951,0,0,0,21.871,0.39341,0,0,0,0,1.07738,0,35.823,0,0,0,0,2.04912,0,0,0,0,0,0,0,0,25.2992,0,0,19.4685,0,0,0,23.5369,0,0,55.3901,34.3128,0,0,2.32313,0,0,35.4626,144.254,0,40.9361,0,0,0,0,23.6507,0,0,108.603,12.5206,0,0,91.985,0,0,0,0,34.2498,0,24.2372,0,0,10.9766,0,24.5978,0,37.3423,0,54.083,5.06055,0,40.5276,0,4.989,0,0,0,0,19.0498,0,0.99797,0,0,0,0,0,0,0,0,0,6.96254,0,0,66.2077,104.267,0,0,0,20.2233,0,0,23.2231,54.3746,233.424,0,147.242,0,15.0531,145.65,0,0,0,0,39.7623,0,0,0,0,0,10.9355,0,0,0,0,0,0,0,0,0,0,0,0,0,0,0,0,0,0,53.9271,0,0,0,0,0,0,0,0,0,0,0,0,0,0,0,0,0,0,0,286.197,0,0,0,0,0,0,0,0,0,0,0,0,0,0,0,0,0,0,0,0,0,0,0,0,0,0,0,0,0,0,0,0,0,0,0,0,0,0,0,0,0,0,0,0,0,0,0,0,0,0,0,0,0,0,0,0,0,0,0,0,0,0,0,0,0,0,0,0,0,0,0,0,0,0,0,0,0,0,0,0,0,0,0,0,0,0,0,0,0,0,0,0,0,0,0,0,0,0,0,0,0,0,0,0,0,0,0,0,0,0,0,0,0,0,0,0,0,0,0,0,0,0,0,0,0,0,0,0,0,0,0,0,0,0,0,0,0,0,0,0,0,0,0,0,0,0,0,0,0,0,0,0,0,0,0,0,0,0,0,0,0,0,0,0,0,0,0,0,0,0,0,0,0,0,0,0,0,0,0,0,0,0,0,0,0,0,0,0,0,0,0,0,0,0,0,0,0,0,0,0,0,0,0,0,0,0,0,0,0,0,0,0,0,0,0,0,0,0,0,0,0,0,0,0,0,0,0,0,3.70415,6.64249,0,0,450.88,0,0,0,0,0,0,0,2.60986,0,0,0,0,0,0,0,0,20.7229,0.64357,0,0,7.02324,42.2947,32.2923,0,0,0,0,6.77723,114.297,36.4083,0,0,0,0,0,0,0,0,0,0,0,0,0,0,0,0,0,0,0,0,0,0,0,0,4.6356,0,14.1218,0,0,0,0,0,0,0,0,0,0,0,44.6025,0,0,0,0,0,0,0,0,0,0,0,0,0,0,0,0,0,0,0,0,68.9544,0,0,0,0,0,0,260.946,102.346,0,0,127.384,0,221.5,0,0,0,0,0,0,0,0,0,0,0,0,0,0,0,0,0,0,0,0,0,0,0,0,140.953,157.735,0,61.7316,0,0,0,0,0,0,0,0,0,0,0,0,0,0,0,0,0,0,0,0,0,0,0,0,0,0,0,0,0,0,0,0,0,0,0,0,0,0,0,0,0,0,0,0,0,0,0,0,0,0,0,0,0,0,0,0,0,0,0,0,0,0,0,0,0,0,0,0,0,0,0,0,0,0,0,0,0,0,0,0,0,0,0,0,0,0,0,0
HQ,Cu+2,2,xtb,-76.1292,10.1104,0,0,2.98469,4.4121,0,1.3695,1.93251,0,0,0,1.38979,0,7.43149,1.81116,0,0,14.3716,0,0,0,6.87251,0,2.31531,0,13.3619,19.9233,0,0,9.04678,0,0,0,4.99023,0,3.50521,0,10.9833,0,0,0,2.77805,0,38.3197,0,0,0,0,0,7.37826,0,0,0,2.41594,0,8.40132,0,0,0,13.6776,0,0,21.5615,8.25841,0,0,0,0,0,0,61.1269,0,6.44382,0,0,0,0,0,0,311.234,28.6163,158.684,0,0,0,0,0,0,0,12.2362,0,0,18.4705,0,0,0,71.4043,0,0,0,0,0,0,50.8124,0,55.7308,0,38.5671,0,23.2132,121.357,0,0,0,167.733,0,0,25.6084,22.4591,0,0,0,0,0,54.9794,91.689,0,0,0,0,0,0,0,102.446,0,160.996,0,0,0,0,0,0,0,0,0,2.98926,10.8353,35.8092,0,0,0,4.53777,0,0,184.519,0,0,0,0,0,0,47.8702,0,0,0,16.6923,0,0,0,1.42885,0,0,8.26255,0,0,0,18.3462,0,0,28.7311,0,0,8.40832,0,0,0,0,0,0,9.57585,0,0,0,0,2.54907,0,0,11.8536,0,49.2065,0,0,0,0,0,15.0599,0,1.37999,11.9259,0,48.1972,0,0,0,0,0,18.7446,3.69586,139.699,0,65.5348,0,0,0,0,12.6185,0,0,0,11.1725,0,0,20.213,0,0,0,24.6853,10.1241,0,0,0,0,44.8195,0,10.7717,0,0,0,3.77905,8.09697,7.26881,0,0,0,0,0,138.287,34.0772,0,0,1.84001,0,0,0,87.2302,0,211.783,0,0,0,0,0,0,21.6581,29.0168,0,31.524,0,0,63.9293,0,0,120.237,123.944,0,0,183.863,0,0,106.617,0,0,0,0,0,0,0,0,0,0,0,12.0747,0,0,0,0,0,0,0,0,0,0,0,0,0,0,0,0,0,0,0,751.307,0,0,0,0,723.503,0,0,0,0,0,0,0,0,0,0,0,0,0,236.399,0,0,0,0,0,0,0,0,0,0,0,0,0,0,0,0,0,0,0,0,0,0,0,0,0,0,0,0,0,0,0,0,0,0,0,0,0,0,0,0,0,0,0,0,0,0,0,0,0,0,0,0,0,0,0,0,0,0,0,0,0,0,0,0,0,0,0,0,0,0,0,0,0,0,0,0,0,0,0,0,0,0,0,0,0,0,0,0,0,0,0,0,0,0,0,0,0,0,0,0,0,0,0,0,0,0,0,0,0,0,0,0,0,0,0,0,0,0,0,0,0,0,0,0,0,0,0,0,0,0,0,0,0,0,0,0,0,0,0,0,0,0,0,0,0,0,0,0,0,0,0,0,0,0,0,0,0,0,0,0,0,0,0,0,0,0,0,0,0,0,0,0,0,0,0,0,0,0,0,0,0,0,0,0,0,0,0,0,0,0,0,0,0,0,0,0,0,0,0,0,0,0,0,0,0,0,0,0,0,0,0,0,0,0,0,0,0,0,0,0,0,0,0,0,0,0,0,0,0,1.51395,0,0,3.52857,0,0,0,0,0,0,0,0,3.15835,0,1.43525,0,0,0,0,0,14.9832,0,1.66866,1.07766,0.95997,0,0,0,0,0,0,0,0,0,0,348.699,0,0,0,0,0,0,0,0,0,0,0,0,0,0,0,0,0,0,0,0,8.05354,1464.35,0,6.0499,0,0,0,0,0,0,0,0,0,0,0,0,0,0,0,0,0,0,0,0,0,0,0,0,0,0,0,0,0,0,0,0,0,107.889,101.512,0,34.5534,0,0,0,0,0,0,0,0,135.885,63.3992,0,0,0,0,0,0,0,0,0,0,0,0,57.0372,0,0,0,0,0,0,0,0,0,0,0,117.141,0,79.1992,82.0789,0,0,0,0,0,0,0,0,0,0,0,0,0,0,0,0,0,0,0,0,0,0,0,0,0,0,0,0,0,0,0,0,0,0,0,0,0,0,0,0,0,0,0,0,0,0,0,0,0,0,0,0,0,0,0,0,0,0,0,0,0,0,0,0,0,0,0,0,0,0,0,0,0,0,0,0,0,0,0,0,0,0,0,0,0,0
HR,none,2,xtb,-73.8402,11.2105,2.70214,0,7.14518,0,5.10348,14.5791,0,0,0,0,9.96923,0,59.233,0,0,2.36132,0,0,0,27.6934,0,1.65528,0,0,0,0,0,10.6308,0,12.6396,0,0,0,0,0,10.5442,0,0,25.0227,0,0,6.23364,2.01745,0,0,0,0,0,0,0,23.9891,42.5443,38.088,0,0,0,32.164,0,16.7962,0,14.2281,0,150.806,50.073,2.00344,0,10.0392,0,56.6004,0,38.4754,68.102,0,0,11.1651,0,25.9957,0,0,0,82.2497,0,0,0,0,26.6852,0,0,20.3065,16.4038,0,12.0703,0,0,0,3.2334,0,0,23.1392,0,0,27.1722,37.1101,0,0,0,0,86.6044,0,0,192.913,0,0,0,32.513,0,0,0,0,4.46778,0,0,0,15.2811,0,142.274,14.6129,0,0,0,0,0,0,0,0,0,0,0,0,3.84724,0,0,0,0,0,98.623,0,39.9052,87.1285,0,0,0,0,0,0,0,38.0514,0,0,0,0,0,0,0,5.67062,0,8.63144,7.77601,9.32578,0,0,0,0,0,0,19.1952,0,0,0,0,0,0,74.075,0,257.801,90.4733,0,36.8879,0,0,0,46.1665,0,0,11.859,35.0684,0,24.5338,0,85.123,0,0,26.3162,0,37.1441,0,143.053,0,3.07347,0,12.2406,0,232.04,0,14.9912,0,0,27.3289,0,26.7473,0,3.84753,24.6409,0,42.0148,0,4.41285,0,4.22122,0,20.2402,0,0,0,0,0,39.9885,0,61.3158,0,52.741,40.8665,0,0,29.0336,0,31.2571,0,219.998,16.1135,0,138.091,198.028,82.4368,33.5078,0,0,284.229,0,51.3577,0,97.7283,0,0,0,0,0,0,0,0,0,0,0,0,0,0,0,0,0,0,175.531,0,3.60912,32.2865,1.20895,0,55.2707,0,0,0,0,0,0,0,0,0,55.954,0,0,109.993,0,0,0,0,0,0,0,0,0,0,0,0,0,0,0,0,0,0,0,0,0,0,0,0,0,271.653,0,0,0,563.207,0,0,0,0,0,0,0,0,0,0,0,0,141.892,0,0,0,0,0,0,0,0,0,0,0,0,0,0,0,0,0,0,0,0,0,0,0,0,0,0,0,0,0,0,0,0,0,0,0,0,0,0,0,0,0,0,0,0,0,0,0,0,0,0,0,0,0,0,0,0,0,0,0,0,0,0,0,0,0,0,0,0,0,0,0,0,0,0,0,0,0,0,0,0,0,0,0,0,0,0,0,0,0,0,0,0,0,0,0,0,0,0,0,0,0,0,0,0,0,0,0,0,0,0,0,0,0,0,0,0,0,0,0,0,0,0,0,0,0,0,0,0,0,0,0,0,0,0,0,0,0,0,0,0,0,0,0,0,0,0,0,0,0,0,0,0,0,0,0,0,0,0,0,0,0,0,0,0,0,0,0,0,0,0,0,0,0,0,0,0,0,0,0,0,0,0,0,0,0,0,0,0,0,0,0,0,0,0,0,0,0,1207.99,0,0,0,0,0,0,0,0,0,0,0,0,0,0,0,0,0,0,0,0,0,0,0,0,0,0,0,0,0,0,0,0,0,0,53.4378,0,0,0,0,10.4277,60.9433,0,0,36.1013,0,0,23.8935,0,0,21.6611,0,48.7779,18.6773,0,55.0569,0,0,0,0,0,0,0,0,0,0,0,0,0,0,0,0,0,0,0,0,0,0,0,0,0,0,0,599.366,0,0,0,0,0,0,0,0,0,316.549,0,0,0,0,0,0,0,0,0,0,0,0,0,0,0,0,0,0,0,0,0,0,0,0,0,0,0,0,2.68169,0,0,0,0,0,0,0,0,10.6096,0,5.12807,0,0,176.745,0,0,0,0,2.48427,0,0,0,0,12.6631,0,0,0,0,0,0,0,0,0,55.8906,0,0,0,13.5681,0,0,0,0,0,0,0,0,0,0,0,0,0,0,0,0,0,0,0,0,0,0,6.68258,0,0,0,0,0,0,0,0,0,0,0,0,0,0,0,0,0,0,0,0,0,0,0,0,0,0,0,0,0,0,0,0,0,0,0,0,0,0,0,0,0,0,0,0,0,0,0,0,0,0,0,0,0,0,0,0,0,0,0,0,0,0,0,0,0,0
HV,Co+2,2,xtb,-79.5771,1.89167,0,0.93622,0.91555,0,0.29166,0.65703,0,0.26544,0,0.62002,0,2.54944,0,6.02858,0,9.08653,5.8982,0,5.90268,0,0.60038,3.13736,0,0,1.82571,0,0,0,6.83636,0,17.2118,0,5.72545,4.00354,0,0,0,0.1911,3.77528,0,0.79859,0,0,1.92439,0,0,0,0,25.9703,0,2.6077,10.3054,0,40.8861,0,4.00987,0,34.6443,0,4.29659,104.578,5.20462,0,0,20.7392,0,0,0,321.7,0,0,66.3282,0,42.253,0,0,57.6155,0,11.6307,0,0,55.7183,0,0,0,0,0,0,0,0,0,0,0,6.83712,55.9398,0,0,70.0667,0,0,0,0,0,39.7227,0,0,28.3483,0,0,33.3949,168.233,177.932,0,0,0,0,0,85.5824,43.1429,0,0,0,100.027,0,0,19.3248,0,0,0,0,0,91.4817,0,0,0,25.6968,0,0,0,0,0,0,0,0,411.852,144.597,0,0,69.8529,15.4102,0,0,0,0,0,16.2188,0,50.6417,0,0,0,0,0,0,0,0,0,0,19.6554,0,0,0,0,9.32743,0,0,9.25332,0,0,2.34127,0,0,0,3.58743,0,0,2.06424,0,0,7.60799,0,7.10341,0,0,0,0,0,14.5656,0,0,0,0,0,0,0,20.4061,34.317,0,0,34.8955,0,0,119.417,0,15.7823,33.2084,0,2.76261,0,31.1396,71.5023,0,0,0,2.86847,0,0,31.7698,8.66758,22.6365,0,0,0,0,0,0,0,0,1.20656,0,115.906,0.76074,0,0,0,0,5.63242,0,3.44153,0,0,22.1273,5.86917,0,0,0,0,0,2.23744,0,0,0,0,0,0,0,0,0,0,0,0,7.82667,0,3.50997,9.285,0,0,105.651,0,38.0191,0,0,60.8477,5.47421,0,0,2.55465,131.763,309.995,0,232.397,118.957,0,0,0,0,0,0,0,0,0,6.48776,0,0,0,0,0,0,0,0,0,0,0,0,0,0,0,0,0,0,385.574,0,0,0,0,0,0,0,0,0,0,0,0,0,0,0,0,0,0,0,0,0,0,0,0,496.726,0,0,0,0,0,0,0,0,0,0,0,0,0,0,0,0,0,0,0,0,0,0,0,0,0,0,0,0,0,0,0,0,0,0,0,0,0,0,0,0,0,0,0,0,0,0,0,0,0,0,0,0,0,0,0,0,0,0,0,0,0,0,0,0,0,0,0,0,0,0,0,0,0,0,0,0,0,0,0,0,0,0,0,0,0,0,0,0,0,0,0,0,0,0,0,0,0,0,0,0,0,0,0,0,0,0,0,0,0,0,0,0,0,0,0,0,0,0,0,0,0,0,0,0,0,0,0,0,0,0,0,0,0,0,0,0,0,0,0,0,0,0,0,0,0,0,0,0,0,0,0,0,0,0,0,0,0,0,0,0,0,0,0,0,0,0,0,0,0,0,0,0,0,0,0,0,0,0,0,0,0,0,0,0,0,0,0,0,0,0,0,0,0,0,0,0,0,0,0,0,0,0,0,0,0,0,0,0,0,0,0,0,0,0,0,0,0,0,0,0,0,0,0,0,7.33715,0,0,0,0,0,2.11599,0,3.7364,0,0,0,0,2.42957,0,0,0,0,0,0,2.72187,0,0,17.7185,0,42.6469,0,0,0,6.21875,664.943,10.4827,9.80665,12.3769,0,0,0,0,0,0,0,0,0,0,0,0,0,0,0,0,0,0,0,0,10.522,0,0,0,9.59826,0,0,0,0,570.098,0,0,0,0,0,0,0,0,0,0,0,0,0,0,0,506.987,0,0,0,0,0,29.3768,0,0,0,18.2513,0,0,0,0,0,0,0,0,0,0,0,0,0,70.9015,0,0,172.893,0,0,0,0,0,0,0,0,0,0,0,0,0,0,0,0,0,0,0,0,0,0,0,0,28.3935,125.734,0,0,0,72.6861,0,0,72.1636,0,0,0,0,0,0,0,0,0,0,0,0,0,0,0,0,0,0,0,0,0,0,0,0,0,0,0,0,0,0,0,0,0,0,0,0,0,0,0,0,0,0,0,0,0,0,0,0,0,0,0,0,0,0,0,0,0,0,0,0,0,0,0,0,0,0,0,0,0,0,0,0,0,0,0,0,0,0,0,0
IE,none,2,xtb,-64.7479,3.8582,2.33662,0,0.03436,2.71549,0,0,4.39576,0,3.52685,0,0,0.4752,0,0,4.84239,0,2.51653,0,0,0,0.53328,0,0,0,2.22005,0,0,0,0,0,0,1.64598,0,0,1.74603,0.58938,0,0,4.66616,0,1.06552,0,1.98291,0,0,0.35363,0,3.71348,0,0,0,0,16.7208,22.9966,0,0,3.22477,46.0837,0,0,0,0,0,0,0,2.31788,0,0,2.42491,0,0,0.99257,0,0,7.0055,0,0,0,0,0,0,0,0,0,6.08049,0,0,0,0,0,0,0,0,0,0,0,0,0,9.94889,0,15.2454,0,0,0,0,0,0,0,131.71,0,0,52.3725,0,0,0,138.629,11.7886,0,0,0,0,0,21.7855,0,0,0,0,0,0,0,57.4357,0,0,181.613,0,0,80.6968,0,0,0,0,77.5098,0,0,0,0,0,0,0,0,0,0,0,0,0,0,0,0,20.5873,0,0,0,0,22.8134,0,0,0,24.5116,0,0,0,0,0,22.495,0,199.916,0,0,7.73409,0,0,0,13.8436,2.33893,166.722,0,0,9.07347,0,0,13.5814,0,0,0,0,0,36.5206,0,0,0,102.52,0,4.42613,0,0,0,0,0,0,0,33.7219,0,0,129.614,0,156.709,147.946,168.081,0,0,29.828,0,0,61.6516,0,0,0,5.54472,0,19.6798,25.7163,0,0,88.9022,0,0,12.9492,109.831,0,0,0,12.7205,0,0,26.9522,0,0,0,22.0613,0,0,0,0,2.05402,2.71684,60.761,0,2.57383,0,0,42.1423,0,0,0,0.1961,0,0,0,0,0,4.35514,0,0,7.96761,0,0,0,0,0,0,0,0,0,0,0,0,1.14827,0,0,6.12253,3.59948,0,2.30435,3.31386,0,0,0,0,0,37.0399,0,0,64.3517,0,0,0,0,0,0,0,0,0,0,0,0,0,0,0,0,0,0,0,0,0,0,0,0,0,0,0,0,0,0,0,0,0,0,0,0,0,0,368.181,0,0,0,0,0,367.663,531.441,0,0,0,0,0,0,0,0,0,0,0,0,0,0,0,0,0,0,0,0,0,0,0,0,0,0,0,0,0,0,0,0,0,0,0,0,0,0,0,0,0,0,0,0,0,0,0,0,0,0,0,0,0,0,0,0,0,0,0,0,0,0,0,0,0,0,0,0,0,0,0,0,0,0,0,0,0,0,0,0,0,0,0,0,0,0,0,0,0,0,0,0,0,0,0,0,0,0,0,0,0,0,0,0,0,0,0,0,0,0,0,0,0,0,0,0,0,0,0,0,0,0,0,0,0,0,0,0,0,0,0,0,0,0,0,0,0,0,0,0,0,0,0,0,0,0,0,0,0,0,0,0,0,0,0,0,0,0,0,0,0,0,0,0,0,0,0,0,0,0,0,0,0,0,0,0,0,0,0,0,0,0,0,0,0,0,0,0,0,0,0,0,0,0,0,0,0,0,0,0,0,0,0,0,0,0,0,0,0,0,0,0,0,103.947,0,0,0,0,0,0,0,0,0,28.2418,0,0,0,0,0,0,0,0,34.5281,0,0,13.8179,0,0,12.8661,10.6753,0,43.0153,0,32.5915,0,101.999,44.3344,62.5829,27.7123,0,0,0,0,6.48372,0,5.25749,0,0,0,0,0,0,0,0,0,0,0,0,0,0,0,0,0,0,0,0,0,0,0,0,0,0,0,0,0,0,0,0,0,0,0,0,0,0,0,0,0,0,0,0,0,0,0,0,153.354,0,0,0,0,0,0,0,0,0,0,13.8689,0,0,0,0,0,7.50037,0,0,32.6116,2.27185,0,0,0,0,0,0,39.7861,0,0,0,0,0,0,0,0,0,0,0,0,0,0,0,0,0,0,0,0,0,0,0,0,0,0,0,0,0,0,0,0,0,0,0,0,0,0,0,0,0,0,0,0,0,0,0,0,0,0,0,0,0,0,0,0,0,0,0,0,0,0,0,0,0,0,0,0,0,0,0,0,0,0,0,0,0,0,0,0,0,0,0,0,0,0,0,0,0,0,0,0,0,0,0,0,0,0,0,0,0,0,0,0,0,0,0,0
II,Co+2,2,xtb,-83.9183,3.64666,2.36088,0,0,0.86262,0.0521,3.94138,0.20413,2.69059,0.13571,0,3.05458,0,0,0,1.02715,0,24.9041,0,0,11.2192,6.53727,16.4397,0,0,0.98988,4.95611,0,0,0,15.7654,7.39474,5.01437,1.40506,0.76821,0,2.83447,1.20234,0,0,61.2225,2.58231,27.232,3.04167,0,0,0,7.48682,0,20.0055,0,51.5035,0,0,49.3977,0,0,2.36574,0,0,0.65747,0,0,4.55003,11.7109,0,0,0,0,24.2656,0,2.98508,0,0,0,0,164.299,0,0,0,4.7243,0,106.876,0,0,118.241,0,0,30.7273,96.1024,0,0,0,0,11.6189,25.592,0,0,0,136.575,0,89.6578,0,0,71.7412,0,69.6344,0,0,382.243,0,51.825,0,0,0,0,0,22.8433,0,344.303,0,0,337.001,0,118.183,0,0,0,0,0,0,0,0,124.934,0,0,0,0,20.8266,0,0,0,0,0,0,0,0,279.697,0,0,0,0,6.87259,0,0,0,9.61417,0,0,2.33344,0,0,0,4.96078,0,0,0,13.3259,0,0,0,0,0,9.14807,0,0,0,0,0,0,0,0,3.86881,0,0,4.6481,0,0,0,0,0,5.50127,0,2.68417,0,1.25797,0,9.01695,0,22.4995,0,13.6437,0,0,0,0,0,0,13.8604,78.7898,0,6.42053,0,11.3618,17.1011,0,0,0,157.432,0,0,32.3529,1.10458,24.679,0,0,6.02802,0,7.24213,0,0,0,0,0,0,0,4.30526,30.9449,0,0,3.35967,0,6.56349,0,0,1.94237,0,154.635,0,0,9.14485,0,9.24284,18.2078,2.11525,0,0,0,0,7.64826,0,0,0,0,0,0,0,0,0,0,0,0,0,0,8.31208,7.55798,15.468,148.166,0,0,0,0,0,0,103.157,16.1263,0,5.258,191.474,168.221,5.263,357.219,25.1694,0,119.335,0,0,0,0,0,0,0,0,0,0,0,0,0,0,0,0,530.912,0,0,0,0,0,0,0,0,0,0,0,0,0,0,0,0,0,0,0,0,0,0,0,0,0,0,0,582.553,0,0,0,0,0,0,0,0,0,0,0,0,0,0,0,0,0,0,0,0,0,0,0,0,0,0,0,0,0,0,0,0,0,0,0,0,0,0,0,0,0,0,0,0,0,0,0,0,0,0,0,0,0,0,0,0,0,0,0,0,0,0,0,0,0,0,0,0,0,0,0,0,0,0,0,0,0,0,0,0,0,0,0,0,0,0,0,0,0,0,0,0,0,0,0,0,0,0,0,0,0,0,0,0,0,0,0,0,0,0,0,0,0,0,0,0,0,0,0,0,0,0,0,0,0,0,0,0,0,0,0,0,0,0,0,0,0,0,0,0,0,0,0,0,0,0,0,0,0,0,0,0,0,0,0,0,0,0,0,0,0,0,0,0,0,0,0,0,0,0,0,0,0,0,0,0,0,0,0,0,0,0,0,0,0,0,0,0,0,0,0,0,0,0,0,0,0,0,0,0,0,0,0,0,0,0,0,0,0,0,0,0,0,0,0,0,0,0,0,0,0,0,0,0,0,0,0,0,0,0,0,0,2.88067,0,0,4.7934,10.1058,18.0036,0,0,0,86.9034,0,0,0,30.1821,0,0,0,0,0,0,2.71498,0,0,22.7367,53.1915,0,0,0,17.8085,43.6224,11.7491,16.8618,24.869,0,0,9.35121,0,0,0,0,0,0,0,0,0,0,0,0,0,0,830.381,0,0,0,0,0,0,0,0,0,0,0,0,0,0,0,0,0,0,0,0,0,0,42.6112,0,0,0,0,0,0,0,0,0,0,0,0,0,0,0,21.7521,295.648,0,0,0,0,257.338,0,117.142,0,0,465.503,0,0,0,0,0,0,0,0,0,0,0,0,0,0,0,0,0,0,0,0,0,0,0,110.818,0,0,0,0,77.8588,0,0,0,39.7933,84.9629,0,0,0,17.0694,117.863,0,0,0,0,0,0,0,0,0,0,0,0,0,0,0,0,0,0,0,0,0,0,0,0,0,0,0,0,0,0,0,0,0,0,0,0,0,0,0,0,0,0,0,0,0,0,0,0,0,0,0,0,0,0,0,0,0,0,0,0,0,0,0,0,0,0,0,0,0,0,0,0,0,0,0,0,0,0,0
II,Cu+2,2,xtb,-68.8866,6.45527,0.96488,0,0.08324,0,4.11735,0,3.6355,0,0,0,10.1126,0,0.20201,0,0,0,0,1.11943,8.97789,33.559,0,0,0,6.69497,0,3.93927,0,5.48762,0.6042,0,0,3.98197,0,75.6908,0,0,16.7678,0,4.76073,3.13279,0,7.47814,7.06899,0,0,1.37447,0,0,6.07804,1.50115,0,0,3.49473,0,0,0,0,17.061,0,0,0,7.16613,0,0,0,9.84237,0,0,0,0,0,0.47774,0,0,0,1.59189,24.2516,0,0,0,0,0,3.37241,0,0,0,304.498,0,0,229.064,0,63.7828,0,0,0,0,0,28.0057,0,0,21.4217,0,0,0,565.567,0,0,0,21.9602,0,0,0,0,45.3269,0,0,0,0,66.0476,0,0,0,0,91.3273,0,0,0,0,0,0,0,140.309,0,2.62055,0,0,0,0,0,0,0,0,0,0,0,0,0,0,0,2.1246,0,0,16.1771,0,0,0,0,0,6.41986,0,2.8933,0,0,0,0,0,6.4961,0,0,0,0,0,0,0,12.8176,0,0,9.59147,0,0,17.1725,0,0,0,0,0,6.50677,0,0,6.05213,0,19.8776,0,0,0,0,4.68763,5.14258,0,1.5069,0,0,3.8702,0,0,2.8853,0,0.72552,0,0,0,0,0,0,68.9476,123.956,0,0,0,14.1711,42.8655,0,0,25.7373,0,0,5.48327,0,11.0746,0,0,0,9.16816,0,0,40.141,0,0,0,0,0,12.6135,0,0,7.37505,0,0,0,24.2735,0,0,0,8.85951,0,38.7916,113.374,0,124.763,4.7748,0,1.53888,0,0,0,0,0,0,0,0,2.06027,0,0,18.9352,1.68279,0,0,0,0,0,0,0,0,0,0,116.634,172.593,56.1679,16.7182,90.478,18.4957,18.533,0,11.2286,0,0,0,0,0,0,0,0,0,0,0,0,0,0,0,0,0,0,0,0,0,0,0,0,461.508,0,0,0,0,0,0,0,133.817,0,0,0,0,0,0,0,0,0,0,0,0,0,0,0,0,0,0,0,0,0,0,0,0,0,0,0,0,0,0,0,0,0,0,0,0,0,0,0,0,0,0,0,0,0,0,0,0,0,0,0,0,0,0,0,0,0,0,0,0,0,0,0,0,0,0,0,0,0,0,0,0,0,0,0,0,0,0,0,0,0,0,0,0,0,0,0,0,0,0,0,0,0,0,0,0,0,0,0,0,0,0,0,0,0,0,0,0,0,0,0,0,0,0,0,0,0,0,0,0,0,0,0,0,0,0,0,0,0,0,0,0,0,0,0,0,0,0,0,0,0,0,0,0,0,0,0,0,0,0,0,0,0,0,0,0,0,0,0,0,0,0,0,0,0,0,0,0,0,0,0,0,0,0,0,0,0,0,0,0,0,0,0,0,0,0,0,0,0,0,0,0,0,0,0,0,0,0,0,0,0,0,0,0,0,0,0,0,0,0,0,0,0,0,0,0,0,0,0,0,0,0,0,0,0,0,0,0,0,0,0,0,0,0,0,0,0,0,0,1.98499,0,0,0,0,0,0,0,0,11.6539,0,0,12.8476,0,6.09942,0,38.7785,0,0,34.2567,0,16.2081,0,0,40.2517,0,0,43.8556,0,0,0,22.7113,20.8065,19.8907,89.9406,31.151,10.9479,0,7.5674,0,0,0,0,0,0,0,0,0,0,0,0,0,0,0,0,0,0,0,0,0,0,0,0,0,0,0,0,0,0,0,0,0,0,0,0,0,0,0,0,0,0,0,0,0,0,0,0,0,0,0,0,0,0,0,0,53.0359,0,0,0,0,101.115,0,0,0,0,0,17.0295,0,0,0,0,0,0,0,0,0,0,0,0,0,0,0,0,0,0,0,0,0,0,0,0,0,87.9851,0,0,0,0,74.1875,71.4449,0,0,34.2792,0,0,0,0,0,0,0,0,0,0,0,0,0,0,0,0,0,0,0,0,0,0,0,0,0,0,0,0,0,0,0,0,0,0,0,0,0,0,0,0,0,0,0,0,0,0,0,0,0,0,0,0,0,0,0,0,0,0,0,0,0,0,0,0,0,0,0,0,0,0,0,0,0,0,0,0,0,0,0,0,0,0,0
IP,Ni+2,2,xtb,-75.8641,35.1784,0,0.46036,0,1.96796,8.02597,6.66689,0,0,12.4861,0,0,4.2763,5.79538,0,11.2649,0,5.76421,0,0,9.55953,13.5097,0,10.9796,0,0,14.2148,11.1589,27.8172,0,0,21.8677,7.203,0,6.48792,0,89.2768,0,0,0,0,4.57168,5.30097,0,0,4.77603,0,0,0,13.1394,0,22.2143,1.24994,3.47681,0,0,0,1.1691,0,0,106.98,22.2825,0,7.91952,0,0,0,33.6318,0,0,147.191,0,0,0,16.2354,0,111.843,6.58221,0,163.077,0,0,0,133.336,0,91.3061,0,0,0,321.658,256.895,0,49.408,0,0,0,0,0,0,0,0,136.466,0,103.427,0,0,0,0,0,20.3906,0,0,6.92786,0,51.6083,0,0,0,0,0,0,39.0323,0,0,0,60.1854,0,0,0,0,0,0,251.864,0,0,0,0,0,0,0,0,10.3876,0,0,0,0,0,0,0,0,0,0,0,0,52.7496,0,0,0,0,0,1.69081,0,0,3.91725,0,0,5.41471,0,0,0,0,0,0,1.12919,0,0,3.68328,0,0,0,0,0,0,0,0,0,0,10.6188,19.2164,0,0,0,0,0,25.9847,31.3989,0,7.63888,0,0,0,0,0,63.0778,3.18358,0,0.12971,1.91416,0,16.1968,0,0,0,16.2932,0,8.15135,0,156.934,0,1.48895,0,0,0,13.5809,0,2.47887,0,0,0,0,8.61948,5.87496,0,0,0,23.9986,0,4.89959,0,0,1.07963,0,0.43026,0,0,0,4.41924,33.063,0,0,133.959,49.3826,2.11018,2.02304,0,0,0,0,0.84168,0,0,0,0,0,0,0,0,0,0,0,0,0,0,199.479,10.6419,17.2602,0,0,0,101.615,0,0,15.5329,0,0,41.7088,24.5029,129.92,4.32621,5.92328,323.403,0,0,62.7553,114.141,0,0,0,0,0,0,0,0,0,394.404,0,0,0,0,0,0,0,0,0,0,0,0,0,0,0,0,0,0,0,0,0,0,0,0,0,0,0,0,0,0,0,0,0,0,0,529.895,0,0,0,0,0,0,0,0,0,0,0,0,0,0,0,0,0,0,0,0,0,0,0,0,0,0,0,0,0,0,0,0,0,0,0,0,0,0,0,0,0,0,0,0,0,0,0,0,0,0,0,0,0,0,0,0,0,0,0,0,0,0,0,0,0,0,0,0,0,0,0,0,0,0,0,0,0,0,0,0,0,0,0,0,0,0,0,0,0,0,0,0,0,0,0,0,0,0,0,0,0,0,0,0,0,0,0,0,0,0,0,0,0,0,0,0,0,0,0,0,0,0,0,0,0,0,0,0,0,0,0,0,0,0,0,0,0,0,0,0,0,0,0,0,0,0,0,0,0,0,0,0,0,0,0,0,0,0,0,0,0,0,0,0,0,0,0,0,0,0,0,0,0,0,0,0,0,0,0,0,0,0,0,0,0,0,0,0,0,0,0,0,0,0,0,0,0,0,0,0,0,0,0,0,0,0,0,0,0,0,0,0,0,0,0,0,0,0,0,0,0,0,0,0,0,0,0,0,0,0,0,0,0,0,1.90971,0,0,4.57443,0,0,7.39614,0,26.204,26.367,0,4.34708,0,0,0,17.2942,0,0,0.63168,0,18.176,0,0,23.9147,41.2094,0,10.3433,0.14708,0,0.15663,0,0,1.07572,0,0,0,0,0,0,0,0,0,0,0,0,0,0,0,0,0,0,0,0,0,0,0,0,0,0,0,0,0,0,0,0,0,104.009,0,0,0,0,0,0,0,0,0,0,0,0,0,0,0,40.5346,0,0,0,0,0,0,105.88,0,0,0,0,0,0,0,0,0,0,0,0,0,0,0,111.942,0,0,0,0,0,0,0,0,0,0,231.437,0,0,85.7399,0,0,0,0,92.7362,0,0,0,0,79.2138,0,0,0,0,0,105.192,39.9808,0,0,0,0,0,0,0,0,0,0,48.5879,0,0,0,0,0,0,0,0,0,0,0,0,0,0,0,0,0,0,0,0,0,0,0,0,0,0,0,0,0,0,0,0,0,0,0,0,0,0,0,0,0,0,0,0,0,0,0,0,0,0,0,0,0,0,0,0,0,0,0,0,0,0,0,0,0,0,0,0
IY,Zn+2,2,xtb,-80.0738,26.5116,0.54804,0,4.5431,1.65271,2.92624,1.36436,0,10.2532,0,1.97901,0,5.58003,1.30756,0,8.7137,0,0,0,0,14.2644,5.33665,0,11.1622,50.6635,0,5.19721,0,0,0,0,0,0,5.46186,59.4547,0,0,4.20789,0,0,2.51834,0,9.60161,3.07501,0,0,0,5.21054,0,0,2.22417,37.6506,0,0,2.00388,0,0,0,0,0,11.2029,0,0,0,10.5016,339.523,0,63.902,0,0,0,0,25.5086,12.0795,101.882,0,82.5575,0,392.896,0,0,0,365.327,0,0,177.25,8.52455,0,0,0,0,11.1587,0,0,0,72.0642,0,4.3546,0,0,0,0,0,0,69.9619,0,0,0,0,0,0,0,9.66739,0,15.0531,27.3638,0,0,0,0,0,11.4795,0,0,0,62.0054,0,14.9301,0,0,52.402,0,0,0,0,0,0,0,0,0,0,0,0,0,0,0,0,19.2262,0,0,0,44.0615,36.3023,122.116,0,0,0,0,0,0,17.5963,9.06311,0,0,0,0,19.4028,0,0,0,3.16822,0,24.1472,0,0.12827,0,35.5517,0,0,0,0,0,0,0,0,0,0,0,0,3.59914,0,4.75677,4.92136,0,0,0,0,28.5619,0,0,0,0,2.9471,0,0,79.707,5.0553,0,22.5265,0,23.7277,0,0,0,0,0,12.9895,0,11.7537,0,15.4454,15.1065,0,6.23714,0,0,100.135,0,107.296,0,44.4894,0,0,33.166,597.668,0,0,0,3.6278,0,0,23.5401,1.21,2.0764,0,0,0,0.54261,0,1.9658,0,84.8987,0,0,0,6.46583,280.844,61.6199,84.573,0,5.64021,0,0,0,0,0,0,0,0,0,0,0,0,6.76263,7.05315,31.0686,208.755,0,312.286,0,0,0,0,1.18482,0,0,152.369,207.338,200.569,8.40573,0,8.4437,16.1546,0,0,0,0,0,0,0,0,0,3.63823,0,0,0,0,0,0,0,0,91.2946,0,0,0,0,0,0,0,0,0,0,0,0,0,0,0,0,0,0,0,0,0,0,0,383.709,0,0,0,0,0,0,0,0,0,0,0,0,0,0,0,0,411.891,0,0,0,0,0,0,0,0,0,0,0,0,0,0,0,0,0,0,0,0,0,0,0,0,0,0,0,0,0,0,0,0,0,0,0,0,0,0,0,0,0,0,0,0,0,0,0,0,0,0,0,0,0,0,0,0,0,0,0,0,0,0,0,0,0,0,0,0,3050.17,0,0,0,0,0,0,0,0,0,0,0,0,0,0,0,0,0,0,0,0,0,0,0,0,0,0,0,0,0,0,0,0,0,0,0,0,0,0,0,0,0,0,0,0,0,0,0,0,0,0,0,0,0,0,0,0,0,0,0,0,0,0,0,0,0,0,0,0,0,0,0,0,0,0,0,0,0,0,0,0,0,0,0,0,0,0,0,0,0,0,0,0,0,0,0,0,0,0,0,0,0,0,0,0,0,0,0,0,0,0,0,0,0,0,0,0,0,0,0,0,0,0,0,247.802,0,0,0,0,0,0,0,0,0,0,0,0,0,0,0,0,0,0,0,0,0,0,0,0,0,0,0,0,19.9616,0,0,0,0,0,0,0,0,0,43.1318,0,22.8034,80.6451,0,22.2525,0,11.8854,0,0,0,0,7.72416,64.793,0,0,0,64.2818,1.37882,24.5503,12.5766,0,0,16.0778,0,0,0,0,0,13.0358,0,0,0,0,0,0,0,0,0,0,0,0,0,0,0,0,0,0,0,0,0,0,0,0,0,0,0,0,0,0,0,0,0,0,0,0,0,0,0,0,0,0,0,30.6227,0,0,0,0,0,46.059,0,0,0,0,0,0,0,0,0,0,0,0,0,0,0,0,0,0,0,0,0,0,0,33.6608,0,0,0,0,0,0,0,0,0,73.1438,94.2586,0,0,0,42.6544,57.5802,0,0,0,0,0,0,0,0,0,0,0,0,0,0,0,0,0,0,0,13.705,0,0,0,0,0,0,0,0,0,0,0,0,0,0,0,0,0,0,0,0,0,0,0,0,0,0,0,0,0,0,0,0,0,0,0,0,0,0,0,0,0,0,0,0,0,0,0,0,0,0,0,0,0,0,0,0,0,0,0,0,0,0,0,0,0,0,0
KN,Ni+2,2,xtb,-83.6195,15.7113,0,1.83615,5.78146,0,0,0,4.33746,1.91499,0,0,6.11448,2.27879,0,15.5519,0,0,14.2514,0,0,0,3.37654,0,16.1988,0,0,0.83819,5.16508,0,0,0,8.50461,0,0,0,4.40474,7.4185,18.9376,42.7248,0,17.8042,0,14.9325,33.446,0,0,1.55023,11.3781,0,0,0,10.3986,0,13.109,0,0,2.88767,54.1955,0,0,10.0784,0,0,12.6259,7.21172,0,0,8.89259,0,0,71.9437,0,22.5969,0,46.2215,83.9236,0,0,14.2352,59.5591,0,0,136.26,0,0,0,265.305,33.7233,0,0,0,17.6975,0,0,0,0,144.553,209.645,0,0,98.1344,0,24.6343,0,159.065,0,0,0,0,0,0,33.1005,0,323.299,0,0,49.8487,286.846,0,0,0,0,143.968,0,0,0,0,0,0,0,0,306.07,0,0,6.61414,0,0,0,0,0,50.6993,0,0,0,0,0,0,0,0,0,13.8255,0,0,0,0,0,336.131,0,9.80984,0,19.8782,0,0,0,0,2.68805,0,22.6635,0,0,0,0,0,0,11.254,0,0,24.47,0,0,56.8349,0,0,0,0,0,3.12012,0,0,0,0,20.0206,0,1.86478,0,0,2.8396,0,18.2885,0,0,0,0,0,20.22,0,18.6095,3.39548,83.2693,0,0,0,0,0,39.089,171.263,0.20254,0,0,0,27.9707,0,0,10.7698,28.6857,0,0,7.31704,0,1.00022,0,0,0,0,0,15.0833,26.564,0,0,0,0,0,6.31731,0,2.36976,0,0,0,35.2006,5.39729,0,0,0,0,0,0,190.923,37.2189,0,132.091,93.2857,0,2.1043,0,0,4.80227,0,0,0,0,31.857,0,0,0,0,0,0,0,0,0,0,0,203.228,0,0,41.2884,0,224.417,6.177,1.37448,0,21.7521,0,196.034,149.979,0,0,0,0,0,0,0,59.9882,0,0,0,0,0,0,0,0,0,0,0,0,0,0,0,529.5,0,0,0,0,0,0,0,0,0,0,0,130.751,0,0,800.41,0,0,0,0,0,0,0,0,0,0,0,0,0,0,0,0,0,0,0,0,0,0,0,0,0,0,0,0,0,0,0,0,0,0,0,0,0,0,0,0,0,0,0,0,0,0,0,0,0,0,0,0,0,0,0,0,0,0,0,0,0,0,0,0,0,0,0,0,0,0,0,0,0,0,0,0,0,0,0,0,0,0,0,0,0,0,0,0,0,0,0,0,0,0,0,0,0,0,0,0,0,0,0,0,0,0,0,0,0,0,0,0,0,0,0,0,0,0,0,0,0,0,0,0,0,0,0,0,0,0,0,0,0,0,0,0,0,0,0,0,0,0,0,0,0,0,0,0,0,0,0,0,0,0,0,0,0,0,0,0,0,0,0,0,0,0,0,0,0,0,0,0,0,0,0,0,0,0,0,0,0,0,0,0,0,0,0,0,0,0,0,0,0,0,0,0,0,0,0,0,0,0,0,0,0,0,0,0,0,0,0,0,0,0,0,0,0,0,0,0,0,0,0,0,0,0,0,10.9095,0,0,0,0,0,0,0,0,0,0,0,62.0167,0,0,19.026,0,0,0,0,0,0,0,0,7.48962,0,217.781,819.102,0,26.422,98.327,0,0,0,0,0,0,0,0,0,0,0,0,0,0,0,0,0,0,0,0,0,0,0,0,0,0,0,0,0,0,0,356.427,0,0,0,0,0,0,0,0,0,0,0,0,0,0,0,0,0,0,0,0,0,0,657.275,0,0,0,0,0,0,0,0,0,0,0,0,0,0,10.9158,0,0,4.12004,0,0,0,0,0,0,0,0,311.977,0,0,0,0,0,0,0,40.093,0,0,0,164.007,0,0,0,0,0,0,0,0,0,28.8828,0,0,0,0,80.2169,0,0,0,0,0,0,0,0,0,0,0,13.5046,0,0,0,39.9923,0,0,0,0,0,0,0,0,0,0,0,0,0,0,0,0,0,0,0,0,0,0,0,0,0,0,0,0,0,0,0,0,0,0,0,0,0,0,0,0,0,0,0,0,0,0,0,0,0,0,0,0,0,0,0,0,0,0,0,0,0,0,0,0,0,0,0,0,0,0,0,0,0,0
KP,Co+2,2,xtb,-83.1866,7.90291,1.07181,0,6.21902,1.30494,3.06306,0,3.27161,0,0,0,2.45135,9.68714,0,1.30814,0,5.58762,2.41303,0,2.35939,0,3.33379,15.9799,0,8.87052,0,0.59659,17.0901,0,1.75869,0,33.9425,0,0,2.67153,26.6173,0,4.95234,0,0,16.9416,23.6193,69.3361,0,0,0,60.2814,0,2.05033,0,0,62.1536,119.538,0,61.9143,0,0,145.027,0,0.89688,36.4964,0,0,0,0,29.6531,108.829,0,0,0,0,0,6.09713,0,11.8777,0,78.5091,0,0,0,0,0,216.494,58.1829,0,0,0,236.162,0,0,0,37.1068,287.417,0,0,83.1502,0,83.6887,0,185.587,0,82.9942,180.617,0,0,0,0,0,0,0,0,15.1993,0,0,267.387,0,0,0,0,0,0,47.7995,0,0,0,0,0,4.41225,0,0,63.089,0,0,0,0,253.807,0,0,0,0,30.1405,0,0,0,0,22.8846,0,0,0,0,0,0,0,0,28.7614,0,12.2536,0,0,43.5999,0,0,0,13.0103,3.58449,0,0,0,0,0,0,14.6385,2.31712,0,0,0,2.03318,0,0,0,0,1.22528,0,0,26.5074,0,0,0,4.96101,0,0,0,0,160.3,0,0,256.643,80.7254,0,0,0,0,0,0,108.48,0,15.2512,0,24.7812,191.261,0,0,0,65.4988,0,0,388.721,38.0038,0,0,136.733,0,32.0183,0,649.058,0,0,24.7877,0,175.295,286.275,0,22.6219,0,0,6.36622,0,19.8836,7.83614,0,0,0,0,0,2.05342,0,0,21.1887,0,1691.58,0,0,237.972,21.1579,0,66.5075,0,44.8146,0,0,0,11.5607,0,0,0,1314.92,0,0,0,0,0,196.633,0,0,0,0,0,0,0,64.8503,6.13004,0,68.1971,11.3033,5.211,93.3461,0,274.298,285.851,0,173.393,163.802,86.7593,0,0,0,0,0,0,0,0,0,0,0,0,0,0,0,0,0,0,0,0,0,0,0,0,0,0,0,0,0,0,0,0,0,0,0,0,0,0,154.269,0,0,895.846,0,0,0,0,0,0,0,0,0,0,0,0,0,0,0,0,0,0,0,0,0,0,0,0,0,0,0,0,0,0,0,0,0,0,0,0,0,0,0,0,0,0,0,0,0,0,0,0,0,0,0,0,0,0,0,0,0,0,0,0,0,0,0,0,0,0,0,0,0,0,0,0,0,0,0,0,0,0,0,0,0,0,0,0,0,0,0,0,0,0,0,0,0,0,0,0,0,0,0,0,0,0,0,0,0,0,0,0,0,0,0,0,0,0,0,0,0,0,0,0,0,0,0,0,0,0,0,0,0,0,0,0,0,0,0,0,0,0,0,0,0,0,0,0,0,0,0,0,0,0,0,0,0,0,0,0,0,0,0,0,0,0,0,0,0,0,0,0,0,0,0,0,0,0,0,0,0,0,0,0,0,0,0,0,0,0,0,0,0,0,0,0,0,0,0,0,0,0,0,0,0,0,0,0,0,0,0,0,0,0,0,0,0,0,0,0,0,0,0,0,0,0,0,0,0,0,0,0,0,0,0,0,0,0,0,0,9.13908,0,0,0,0,0,0,0,0,0,0,5.71399,0,0,0,0,0,4.74567,19.5178,0.28675,17.9303,32.4477,0,21.1016,21.9158,3.15618,16.2165,0,0,0,2.77929,5.21723,0,0,0,0,0,0,0,0,0,0,0,0,0,0,0,0,0,0,0,0,0,0,0,0,0,0,0,0,0,0,0,0,0,20.2742,0,0,0,0,0,0,0,0,0,9.49977,0,0,0,0,0,0,0,0,0,19.24,0,0,0,0,0,22.0356,343.118,0,0,0,0,81.2191,0,0,0,0,0,0,0,0,0,0,0,0,0,0,0,0,0,0,0,0,0,0,0,0,0,0,0,0,0,76.3105,0,0,0,0,0,72.5868,0,0,66.5257,0,0,194.006,0,16.1167,0,10.987,0,0,0,0,0,0,0,0,0,0,0,0,0,0,0,0,0,0,0,0,0,0,0,0,0,0,0,0,0,0,0,0,0,0,0,0,0,0,0,0,0,0,0,0,0,0,0,0,0,0,0,0,0,0,0,0,0,0,0,0,0,0,0,0,0,0,0,0,0,0,0,0,0,0,0,0
KW,Cu+2,2,xtb,-85.4058,21.3673,0,6.17748,1.81238,0,0,0.89828,7.31228,0,0,0,1.74751,4.43348,0,0,0,3.66456,0,0,7.72563,16.6995,0,6.81568,0,0,14.83,1.99981,0,10.4491,0,0,49.6354,12.1677,29.6581,0,0,50.5797,0,3.45854,0,13.1919,0,0,15.8422,0,0,0,0,0,20.5674,0,5.24,0,21.821,0,20.7846,0,0,0,0,4.2403,0,0,0,0,5.74899,0,3.73018,0,3.26223,0,0,0,0.72335,0,0,0,101.603,0,6.98825,0,0,0,0,0,52.1989,0,31.8024,0,20.7866,0,0,410.698,134.69,18.1915,1.6586,0,0,0,36.0788,0,994.002,0,0,44.1548,0,0,0,0,89.3493,0,0,0,0,49.9173,0,0,0,57.2328,0,0,0,0,0,5.47126,0,0,10.9017,0,0,18.3523,0,0,85.3805,0,0,0,0,0,0,13.0505,0,0,0,21.5578,20.886,2.34247,9.85491,0,0,0,0,0,0,0,28.4013,0,0,22.0132,0,0,6.3688,0,0,0.44687,0,0,71.958,0,0,48.7081,0,0,1.36998,9.60623,1.13228,0,0,0,0,0,0,0,47.6711,0,64.4822,0,26.2364,33.257,0,0,93.9961,0,0,0,0,0.56449,0,22.8265,0,0,3.17965,0,4.20355,0,0,17.635,0,12.4952,0,0,29.8712,0,0,0,0,20.2725,89.7987,42.6781,0,53.5672,70.9921,0,0,0,0.1451,0,15.7597,0,0,60.3932,0,0,29.9091,0,0,31.2743,68.5813,28.0656,13.4726,0,11.5349,0,0,97.0631,0,0,17.9998,3.39768,0,35.5721,0,12.7718,0,284.194,0,52.13,0,0,38.3504,15.8172,33.1705,20.8275,0,10.7433,0,0,0,81.5289,0,0,0,29.7852,0,0,0,0,0,0,72.7282,0,0,0,0,0,80.5225,13.7937,164.437,8.55518,78.1942,42.154,0,0,0,440.288,0,0,0,0,0,38.1765,0,0,15.9679,0,0,0,103.827,0,0,0,0,0,0,0,0,0,0,0,0,0,0,0,90.8436,0,0,126.447,0,0,0,0,0,0,0,0,0,0,0,0,0,0,0,0,0,0,0,0,0,0,0,0,0,0,0,0,0,0,0,0,0,0,0,0,0,0,0,0,0,0,0,0,0,0,0,0,0,0,0,0,0,0,0,0,0,0,0,0,0,0,0,0,0,0,0,0,0,0,0,0,0,0,0,0,0,0,0,0,0,0,0,0,0,0,0,0,0,0,0,0,0,0,0,0,0,0,0,0,0,0,0,0,0,0,0,0,0,0,0,0,0,0,0,0,0,0,0,0,0,0,0,0,0,0,0,0,0,0,0,0,0,0,0,0,0,0,0,0,0,0,0,0,0,0,0,0,0,0,0,0,0,0,0,0,0,0,0,0,0,0,0,0,0,0,0,0,0,0,0,0,0,0,0,0,0,0,0,0,0,0,0,0,0,0,0,0,0,0,0,0,0,0,0,0,0,0,0,0,0,0,0,0,0,0,0,0,0,0,0,0,0,0,0,0,0,0,0,0,0,0,0,0,0,0,0,0,0,0,0,199.033,0,0,0,49.759,0,0,0,0,0,0,0,0,0,0,0,0,40.7997,0,0,0,0,93.8918,0,0,0,0,18.5928,0,39.0369,41.7126,28.542,95.52,0,0,0,0,0,10.8787,0,0,0,0,0,0,0,0,0,0,0,5.13182,41.4417,18.4657,0,136.202,0,0,0,0,0,0,0,6.7678,0,0,0,0,0,0,0,0,0,0,0,0,0,0,0,0,0,0,0,0,0,0,0,0,0,0,0,0,0,0,0,0,0,0,0,0,0,0,0,0,0,0,0,0,0,0,38.3248,0,131.738,52.211,0,0,0,0,0,3.71636,0,0,0,0,0,0,0,217.685,0,0,0,0,0,0,0,0,0,0,0,0,0,0,0,64.8073,0,0,28.6175,0,94.6837,0,0,0,23.3257,0,0,0,0,0,0,0,0,0,0,0,0,0,0,0,0,0,0,0,0,0,0,0,0,0,0,0,0,0,0,0,0,0,0,0,0,0,0,0,0,0,0,0,0,0,0,0,0,0,0,0,0,0,0,0,0,0,0,0,0,0,0,0,0,0,0,0,0,0,0,0,0,0,0,0,0,0,0,0,0,0
LA,Zn+2,2,xtb,-56.1591,1.5979,0.86885,0.77265,0,0.57469,0.72981,0,0,11.3088,0,0.97693,0,1.31913,0,0,31.3818,33.8957,0,2.17107,0,14.5358,0,0,0,0,0,2.58518,0,0,0,0,0,0,2.52588,24.3709,0,0,4.93346,0,0,1.65763,0,0.18685,0,0,0,0,0,39.7241,0,12.6029,0,0,0,0,0,184.132,51.8172,0,0,43.0597,0,0,0,11.086,0,78.3622,0,0,0,29.8817,0,0,0,190.237,0,310.605,0,22.0884,0,3.35549,0,0,0,0,0,0,0,0,0,41.3561,0,0,0,0,143.569,0,0,0,0,0,0,1.36692,0,0,0,0,0,0,0,0,0,56.8515,0,0,0,0,0,0,74.8178,0,0,25.1407,0,0,0,0,0,45.0335,0,0,0,0,0,0,133.977,0,0,0,0,0,0,0,0,0,0,0,0,0,0,0,0,0,0,0,0,0,0,8.24771,0,0,0,0,0,0,12.4315,0,0,40.4493,0,0,0,0,0,0,0,0,0,0,8.30047,0,2.03948,0,27.4664,0,4.20325,0,0,0,4.2263,0,0,0,0,13.5004,0,0,0,16.8094,0,0,0,2.56038,0,13.115,0,92.8088,0,0,27.3474,0,0,0,0,0,0,0,0,153.413,0,13.2502,0,0,0,0.88778,5.9835,0,15.8244,0,0,0,8.29494,0,0,0,3.69499,0,12.0425,0,0,0,0,0,0,3.84635,0,0,0,1.15772,0,7.85615,0,0,0,0,0,66.2177,326.005,41.3834,0,0,34.3294,0,0,0,0,0,31.5978,0,0,0,0,7.6431,0,0,3.36225,0,0,0,0,0,0,0,12.0602,0,20.185,0,320.34,1.79575,0,67.1525,0,0,6.0209,0,0,0,0,0,0,0,0,0,0,0,0,0,0,0,0,0,0,0,0,0,0,0,0,0,0,0,0,536.248,0,0,0,0,0,0,0,0,0,0,0,0,0,0,0,0,0,0,509.654,0,0,0,0,0,0,0,0,0,0,0,0,0,0,0,0,0,0,0,0,0,0,0,0,0,0,0,0,0,0,0,0,0,0,0,0,0,0,0,0,0,0,0,0,0,0,0,0,0,0,0,0,0,0,0,0,0,0,0,0,0,0,0,0,0,0,0,0,0,0,0,0,0,0,0,0,0,0,0,0,0,0,0,0,0,0,0,0,0,0,0,0,0,0,0,0,0,0,0,0,0,0,0,0,0,0,0,0,0,0,0,0,0,0,0,0,0,0,0,0,0,0,0,0,0,0,0,0,0,0,0,0,0,0,0,0,0,0,0,0,0,0,0,0,0,0,0,0,0,0,0,0,0,0,0,0,0,0,0,0,0,0,0,0,0,0,0,0,0,0,0,0,0,0,0,0,0,0,0,0,0,0,0,0,0,0,0,0,0,0,0,0,0,0,0,0,0,0,0,0,0,0,0,0,0,0,0,0,0,0,0,0,0,0,0,0,0,0,0,0,0,0,0,0,0,0,0,6.08083,61.5794,0,0,0,0,0,0,0,0,18.3322,20.338,0,44.4446,0,0,0,0,0,0,0,0,0,0,0,0,44.2733,43.9672,50.9622,0,0,0,8.77072,51.3838,6.39499,0,0,0,0,0,0,0,0,0,0,0,0,0,0,0,0,0,0,0,0,0,0,0,0,0,0,0,0,0,0,0,0,0,0,0,0,0,0,0,0,0,0,0,0,0,0,0,0,0,0,0,0,0,0,0,0,5.4513,6.759,0,0,0,0,0,80.1767,0,0,0,0,0,0,0,0,0,0,0,0,0,0,0,0,0,0,0,0,0,0,0,0,0,0,0,0,0,87.305,0,0,0,62.7224,73.1235,0,0,47.6177,0,0,0,0,0,0,0,0,0,0,0,0,0,0,0,0,0,0,0,0,0,0,0,0,0,0,0,0,0,0,0,0,0,0,0,0,0,0,0,0,0,0,0,0,0,0,0,0,0,0,0,0,0,0,0,0,0,0,0,0,0,0,0,0,0,0,0,0,0,0,0,0,0,0,0,0,0,0,0,0,0,0,0,0,0
LH,Ni+2,2,xtb,-78.7786,2.65176,0,0.28518,0,2.91809,3.59273,0.4429,0,5.56464,3.91725,0,0,2.95497,0,0,1.27771,0,7.75893,0,0,6.60814,3.08998,0,0,0,0.94775,13.6153,0,0,9.22896,21.7081,0,8.26282,0,0,4.86534,2.47238,0,0,3.24553,1.97588,0,0,47.9807,3.13321,0,11.0222,2.06322,0,5.43169,0,13.7753,9.52376,0,0,0,0,0,0,162.896,0,2.6024,1.33801,0,23.2291,58.779,0,0,0,38.1244,0,0,9.37047,0,0,0,143.962,0,0,0,0,21.5624,0,0,0,48.4844,0,0,0,0,0,92.857,0,54.7991,0,192.6,0,0,0,0,0,0,0,0,0,0,17.5889,273.118,65.3371,0,0,0,50.321,0,104.053,49.0849,0,0,37.9247,0,0,33.5448,0,0,0,0,63.5445,0,0,0,0,117.768,0,0,6.66942,0,0,0,0,0,0,0,0,15.66,0,0,326.927,0,0,24.4426,0,0,0,0,0,0,0,0,1.9934,0,0,0,0,0,12.3583,0,0,0,0,15.162,4.88167,0,0,0,0,0,0,43.917,0,0,7.98708,0,0,0,0,16.5528,0,4.71827,0,1.994,0,0,12.1343,0,0,7.52439,0,0,0,0,0,0,0,14.7739,18.1893,0,17.2805,0,0,0,0,7.83502,0,0,0,9.56431,0,0,72.6893,112.242,33.7936,0,0,0,3.05225,0,0,0,4.16421,4.30039,0,11.4084,7.76042,0,0,0,0,0,0,0,0,0,0,2.93136,0,29.8166,0,14.2059,0,0,29.7966,0,206.717,0,20.0272,0,0,108.318,0,4.00786,0,3.09522,0,0,0,0,0,0,0,0,0,0,5.96898,3.44444,0,2.70277,0,10.9771,0,0,0,0,0,129.272,17.3039,0,0,0,36.569,0.63703,266.269,10.7305,136.576,0,0,0,92.0123,0,0,0,0,0,0,11.9725,0,0,0,0,0,0,0,0,0,0,0,0,0,0,0,0,0,0,0,0,0,0,0,0,0,0,0,412.67,0,0,385.34,0,0,0,0,0,0,0,0,0,0,0,0,0,0,0,0,0,0,0,0,0,0,0,0,0,0,0,0,0,0,0,0,0,0,0,0,0,0,0,0,0,0,0,0,0,0,0,0,0,0,0,0,0,0,0,0,0,0,0,0,0,0,0,0,0,0,0,0,0,0,0,0,0,0,0,0,0,0,0,0,0,0,0,0,0,0,0,0,0,0,0,0,0,0,0,0,0,0,0,0,0,0,0,0,0,0,0,0,0,0,0,0,0,0,0,0,0,0,0,0,0,0,0,0,0,0,0,0,0,0,0,0,0,0,0,0,0,0,0,0,0,0,0,0,0,0,0,0,0,0,0,0,0,0,0,0,0,0,0,0,0,0,0,0,0,0,0,0,0,0,0,0,0,0,0,0,0,0,0,0,0,0,0,0,0,0,0,0,0,0,0,0,0,0,0,0,0,0,0,0,0,0,0,0,0,0,0,0,58.9671,0,0,0,0,0,0,0,0,0,0,0,0,0,0,0,0,0,0,0,0,0,0,0,0,0,0,0,0,26.1835,2.36186,0,0,0,0,0,0,0,0,32.9461,0,0,0.20099,0,0,0,9.33083,0,0,5.54851,0,0,0,57.4514,0,53.8898,0,35.8532,0,0,18.3283,0,0,0,0,0,0,0,0,0,0,0,0,0,0,0,0,0,0,0,0,3.12574,0,0,0,0,0,1.39809,0,0,0,543.31,0,0,0,0,0,0,0,0,0,0,0,0,0,0,0,0,0,0,0,0,0,0,8.51375,0,0,0,20.1927,0,0,0,0,0,0,0,0,0,49.5723,0,0,0,0,0,0,0,0,0,0,62.8088,0,0,144.283,0,0,0,0,0,0,0,215.953,0,0,0,0,0,0,0,0,0,0,0,0,45.8645,0,0,0,0,0,0,0,0,24.1537,0,0,0,21.5052,0,0,0,0,0,0,0,0,0,0,0,0,0,0,0,0,0,0,0,0,0,0,0,0,0,0,0,0,0,0,0,0,0,0,0,0,0,0,0,0,0,0,0,0,0,0,0,0,0,0,0,0,0,0,0,0,0,0,0,0,0,0,0,0,0,0,0,0,0,0,0
LI,Zn+2,2,xtb,-65.578,1.5137,1.45109,0,1.56406,3.01679,3.57418,0,4.42619,0,5.29983,4.9949,0,1.17204,0,9.32716,0,0.38452,5.83577,0,0,0,0,39.0924,6.22016,0,0.41094,0,0,0.69074,0.05564,0,0,0,11.9588,0,0.64056,16.8383,0,4.68242,0,1.54465,0,0,0,14.0885,0,0,0,0,7.2662,0,0,0,0,73.8085,0,0,205.881,0,0,0,0,7.56676,42.7973,0,0,52.8093,0,0.81711,0,0,21.3182,0,43.0422,0,0,0,113.029,19.9455,167.544,239.124,0,0,0,0,0,35.6269,0,0,0,71.553,0,0,0,0,0,0,0,0,39.2127,0,0,0,0,27.23,0,0,0,0,0,0,59.8139,0,0,0,0,0,0,0,0,0,53.6577,0,0,0,0,121.01,0,0,0,0,3.0387,0,0,104.593,0,0,0,0,0,0,0,0,0,0,0,0,0,0,0,0,0,0,15.8681,0,0,0,0,0,0,0,0,3.71456,0,1.05174,0,4.70767,0,0,0,0,0.34999,0,0,0,0,0,0,0,5.88127,2.96057,0,18.7439,0,0,0,7.11597,0,6.43732,0,0,0,85.6172,0,0,0,33.2296,0,0,0,0,0,5.81196,0,0,48.8846,0,0,0,0,29.7617,49.3046,0,10.9646,0,0,153.904,0,0,0,20.3704,0,0,0,13.3839,0,9.68743,9.96664,13.1781,0,6.74182,0,0,33.6509,0,0,0,0,0,10.7643,5.59652,0,0,0,0,0,0,0,0.99561,0,14.0292,92.1356,0,0,0,0,292.822,186.311,0,0,1.06102,12.9871,0,0,0,0,0,0,0,0,0,5.05549,0,8.15455,10.5562,0,4.64306,0,0,0,0,0,0,0,0,109.288,19.4083,168.921,6.44614,45.0287,9.68219,0,82.6023,0,0,0,0,0,0,0,0,0,0,0,0,0,0,0,0,0,0,0,0,0,0,0,0,0,536.706,0,0,0,0,0,0,0,0,0,0,0,0,0,0,0,0,0,0,484.013,0,0,0,0,0,0,0,0,0,0,0,0,0,0,0,0,0,0,0,0,0,0,0,0,0,0,0,0,0,0,0,0,0,0,0,0,0,0,0,0,0,0,0,0,0,0,0,0,0,0,0,0,0,0,0,0,0,0,0,0,0,0,0,0,0,0,0,0,0,0,0,0,0,0,0,0,0,0,0,0,0,0,0,0,0,0,0,0,0,0,0,0,0,0,0,0,0,0,0,0,0,0,0,0,0,0,0,0,0,0,0,0,0,0,0,0,0,0,0,0,0,0,0,0,0,0,0,0,0,0,0,0,0,0,0,0,0,0,0,0,0,0,0,0,0,0,0,0,0,0,0,0,0,0,0,0,0,0,0,0,0,0,0,0,0,0,0,0,0,0,0,0,0,0,0,0,0,0,0,0,0,0,0,0,0,0,0,0,0,0,0,0,0,0,0,0,0,0,0,0,0,0,0,0,0,0,0,0,0,0,0,0,0,0,0,0,0,0,0,0,0,0,0,0,0,0,0,0,0,0,9.89154,64.2944,0,0,0,0,0,0,0,0,0,0,26.7782,0,33.5217,0,0,0,30.3559,0,0,6.34349,44.8546,56.6467,0,0,0,0,51.8398,27.1176,43.9049,0,88.176,49.7206,7.97347,0,0,0,0,0,0,0,0,0,0,0,0,0,0,0,0,0,0,0,0,0,0,0,0,0,0,0,0,0,0,0,0,0,0,0,0,0,0,0,0,0,0,0,0,0,0,0,0,0,0,0,0,0,16.3442,0,0,0,0,0,0,0,0,0,0,7.88916,81.3697,0,0,0,0,0,0,0,0,0,0,0,0,0,0,0,0,0,0,0,0,0,0,0,0,0,0,0,80.2528,0,0,82.788,0,0,0,72.6081,37.8359,0,0,0,0,0,0,0,0,0,0,0,0,0,0,0,0,0,0,0,0,0,0,0,0,0,0,0,0,0,0,0,0,0,0,0,0,0,0,0,0,0,0,0,0,0,0,0,0,0,0,0,0,0,0,0,0,0,0,0,0,0,0,0,0,0,0,0,0,0,0,0,0,0,0,0,0,0,0,0,0,0,0,0,0,0,0
MK,Zn+2,2,xtb,-69.0993,8.25365,0,0,1.88269,0,6.79917,2.1504,2.10323,0,1.98031,4.879,0,2.28326,0,5.3241,0,1.15468,0,27.6318,0,1.91724,5.61298,0,13.361,0,0,0,0,0,19.5609,0,15.1124,6.54663,0,9.87211,0,11.432,0,0,1.85596,0,2.68171,0,15.7045,0,0,0,0,0,0,26.2992,0,5.67582,0,0,15.7058,0,0,0,0,32.8453,36.1285,0,0,0,70.0791,0,0,0,24.9778,4.93038,0,0,0,0,0,54.2934,168.163,270.075,47.4072,0,0,0,0,0,0,0,0,9.36257,0,0,0,97.0919,0,0,0,0,0,41.481,0,0,0,3.03693,0,0,0,0,0,0,0,0,0,0,0,0,0,0,0,107.669,0,0,89.265,0,0,15.9858,0,0.38153,0,78.097,0,40.1416,0,0,0,0,0,145.842,0,3.72195,0,0,0,0,0,1.34329,0,0,0,0,0,0,0,0,0,0,0,0,0,16.3181,0,0,0,0,0,0,0,0,3.78046,4.04907,0,0,0,0,0,8.377,0,0,0,0,138.605,69.0003,11.0626,0,101.422,0,18.7343,0,0,0,4.82584,0,0,0,0,0,0,26.3323,0,5.78776,0,0,0,0.67687,0,43.2231,0,0,42.767,0,2.08147,0,0,80.8585,12.26,0,0,31.4822,0,158.097,14.1435,0,0,0.08466,0,7.75905,0,2.59463,0,0,1.87039,0,0,0,0,16.7314,0,30.0399,2.33472,13.1287,0,0,0,18.6949,0,0,3.1998,0,0,0,0,0,9.95851,0,0,0,0.69872,279.599,153.976,0,74.8555,6.34557,0,4.40112,5.53625,0,0,0,0,0,0,0,0,0,0,0,0,0,11.7883,7.584,5.43291,0,14.9429,0,0,0,6.42427,19.2172,236.652,30.8191,0,0,58.2786,0,0,0,0,0,126.851,0,0,0,0,0,0,0,0,0,0,0,0,0,0,0,0,0,0,0,0,0,0,0,0,0,0,462.961,0,0,0,0,0,0,0,0,0,0,0,0,0,0,0,0,0,621.535,0,0,0,0,0,0,0,0,0,0,0,0,0,0,0,0,0,0,0,0,0,0,0,0,0,0,0,0,0,0,0,0,0,0,0,0,0,0,0,0,0,0,0,0,0,0,0,0,0,0,0,0,0,0,0,0,0,0,0,0,0,0,0,0,0,0,0,0,0,0,0,0,0,0,0,0,0,0,0,0,0,0,0,0,0,0,0,0,0,0,0,0,0,0,0,2639.73,0,0,0,0,0,0,0,0,0,0,0,0,0,0,0,0,0,0,0,0,0,0,0,0,0,0,0,0,0,0,0,0,0,0,0,0,0,0,0,0,0,0,0,0,0,0,0,0,0,0,0,0,0,0,0,0,0,0,0,0,0,0,0,0,0,0,0,0,0,0,0,0,0,0,0,0,0,0,0,0,0,0,0,0,0,0,0,0,0,0,0,0,0,0,0,0,0,0,0,0,0,0,0,0,0,0,0,0,0,0,0,0,0,0,0,0,0,0,0,0,0,0,0,0,0,0,0,0,0,0,0,0,0,0,0,0,43.1861,16.1384,0,3.90409,0,0,26.9396,0,0,1.33521,37.4436,0,61.1619,0,9.78488,3.13511,0,50.2654,35.9889,0,0,3.65962,4.96244,0,0,0,0,0,1.52362,0,0,0,0,0,0,0,0,0,0,0,0,0,0,0,0,0,0,0,0,0,0,0,0,0,0,0,0,0,0,0,0,0,0,0,0,0,0,146.659,0,0,0,0,0,0,0,0,0,0,0,0,0,0,0,0,0,0,0,0,0,1.25183,80.1278,0,0,0,0.28824,0,0,0,0,0,0,0,0,0,0,0,0,0,0,0,0,0,0,0,0,0,0,0,0,0,0,0,0,0,0,0,43.6288,101.636,0,0,0,57.1084,0,0,0,0,0,0,0,0,0,0,0,0,0,0,0,0,0,0,0,0,0,0,0,0,0,0,0,0,0,0,0,0,0,0,0,0,0,0,0,0,0,0,0,0,0,0,0,0,0,0,0,0,0,0,0,0,0,0,0,0,0,0,0,0,0,0,0,0,0,0,0,0,0,0,0,0,0,0,0,0,0,0,0,0
ML,Cu+2,2,xtb,-74.0872,7.86093,0,1.1837,6.48292,0,0,0,1.6076,0,6.79088,0,7.81518,0,0,63.3822,0,0,2.05535,0,0,0,5.39735,0,0,0,32.3028,7.36123,1.90892,0,1.0108,0,7.08634,0,0,0,0,7.7093,0,17.3982,0,0.1581,0,0,0,11.9292,0,1.46146,0,0,0,0,0,29.4621,0,0,116.772,0,20.6099,0,48.8326,0,0,0,2.99372,0,0,0,0,0,0,1.5809,0,0,0,0,0,51.6753,34.9776,0,3.93986,0,0,0,0.31577,24.332,0,0,0,6.0026,181.964,0,0,0,0,0,63.5132,0,0,396.952,226.605,0,0,84.7303,0,332.489,0,0,0,0,0,0,0,48.6668,0,0,0,46.2732,0,0,0,0,0,0,4.06701,0,0,25.0229,0,0,0,164.248,0,0,211.042,0,0,0,0,0,64.0337,0,22.522,0,0,0,0,0,0,0,0,0,0,1.08268,0,0,0,0,0,0,0,0,0,19.737,0,12.2978,0,0,0,0,5.918,27.5974,0,0,0,1.65642,0,0,11.9497,0,0,3.31369,47.6517,0,21.5774,0,3.93979,7.7145,0,0,0,0,0,0,38.9604,20.4757,0,0,0,0,0,0,0,2.45537,0,0,0,16.5999,27.3746,0,0,0,176.489,0,0,0,4.64912,0,0,94.9723,85.0882,0,0,0,288.623,0,7.86199,0,0,25.9929,5.811,0,136.247,0,0,5.42641,0,0,27.952,0,0,0,65.0089,8.14739,106.4,0,0,0,25.0293,9.54059,0,0,91.9695,0,0,66.376,29.5955,7.09356,0,0,0,0,0,0,0,0,0,0,0,0,0,180.039,0,20.2795,188.794,41.3086,0,45.921,0,0,3.44347,12.955,2.5597,0,0,96.157,0,0,454.846,26.1584,123.618,33.8808,0,0,0,0,0,0,0,0,0,0,0,0,0,0,0,0,0,0,0,0,0,0,0,0,0,0,140.704,0,0,0,0,0,0,0,0,0,0,0,0,0,0,0,0,0,0,0,0,0,0,176.225,0,0,0,0,0,0,0,0,0,0,0,0,0,0,0,0,0,0,0,0,0,0,0,0,0,0,0,0,0,0,0,0,0,0,0,0,0,0,0,0,0,0,0,0,0,0,0,0,0,0,0,0,0,0,0,0,0,0,0,0,0,0,0,0,0,0,0,0,0,0,0,0,0,0,0,0,0,0,0,0,0,0,0,0,0,0,0,0,0,0,0,0,0,0,0,0,0,0,0,0,0,0,0,0,0,0,0,0,0,0,0,0,0,0,0,0,0,0,0,0,0,0,0,0,0,0,0,0,0,0,0,0,0,0,0,0,0,0,0,0,0,0,0,0,0,0,0,0,0,0,0,0,0,0,0,0,0,0,0,0,0,0,0,0,0,0,0,0,0,0,0,0,0,0,0,0,0,0,0,0,0,0,0,0,0,0,0,0,0,0,0,0,0,0,0,0,0,0,0,0,0,0,0,0,0,0,0,0,0,0,0,0,0,0,0,0,0,0,0,0,0,0,0,0,0,0,0,2.3038,0,0,0,0,137.175,0,0,0,0,0,0,0,22.9236,0,0,0,11.0209,0,6.29815,4.63997,0,36.315,0,35.4026,0,29.1196,91.9068,0,17.817,0,0,26.8168,0,31.0425,13.4723,0,0,0,0,0,0,0,0,0,0,0,0,0,0,0,0,0,0,0,0,0,0,0,0,0,0,0,0,0,0,0,0,0,0,0,0,0,0,0,0,0,0,0,0,0,0,0,0,0,0,0,0,0,137.663,0,0,0,0,0,0,0,0,0,0,59.0146,111.56,8.3561,0,0,0,0,0,49.953,0,0,0,0,0,0,0,0,0,0,0,0,0,0,0,0,0,0,0,0,0,0,230.777,0,0,0,148.934,0,72.8601,0,78.2921,0,0,0,0,0,0,0,0,0,0,0,0,0,0,0,0,0,0,0,0,0,0,0,0,0,0,0,0,0,0,0,0,0,0,0,0,0,0,0,0,0,0,0,0,0,0,0,0,0,0,0,0,0,0,0,0,0,0,0,0,0,0,0,0,0,0,0,0,0,0,0,0,0,0,0,0,0,0,0,0,0,0,0
MS,Zn+2,2,xtb,-55.1267,5.08565,0.33448,0,0,7.60974,0.02437,0,6.41284,0,0,3.67469,2.33377,0,0,0,0,0,0,15.2574,0,0,0,11.179,0,17.8391,0,0,8.44406,0,0,40.4144,15.4528,0,52.6743,16.8104,0,0,12.087,0,0,0,37.6583,7.47759,0,0,2.91834,0,0,0,2.97059,0,0,17.8581,0,19.5581,0,0,0,0,7.73786,0,0,0,0,0,0,0,0,0,0,0,7.36153,0,0,0,0,0,0,0,20.1607,0,0,0,54.8833,19.3028,0,0,0,0,21.3038,0,0,0,0,0,0,0,0,0,117.296,0,419.941,0,0,0,26.6458,0,0,0,22.0088,0,0,0,0,0,129.699,0,0,0,0,0,0,0,0,5.29562,0,0,100.03,0,0,0,0,0,0,0,0,17.5897,0,18.3397,0,0,18.9704,0,0,0,0,0,0,0,0,0,0,0,0,0,0,0,0,35.2275,0,18.2185,0,0,6.76789,0,0,0,0,0,4.96901,0,0,0,0,110.191,0,0,0,0,0,0,12.4337,0.36155,0,0,0,0,0,0,0,0,25.9503,0,0,0,16.2301,0,123.726,0,97.7101,0,0,0,0,0,0,0,0,50.8821,0,0,11.3646,0,0,10.4038,0,21.2314,0,169.093,0,42.2025,0,0,0,0,0,40.8246,0,0.95845,0,0,0,0,0,0,15.165,35.2569,0,0,5.41728,0,0,0,0,0,28.1711,0,0,141.848,0,0,0,8.13586,0,0,0,1.94195,148.979,32.0559,0,143.136,0,0,0,0,0,0,0,0,0,0,0,0,0,0,0,9.59923,0,0,10.1423,10.435,0,0,0,0,0,0,0,0,149.718,59.2899,0,0,0,0,0,0,0,0,0,0,0,0,0,0,0,0,0,0,0,0,0,0,0,0,0,0,0,0,0,0,0,0,0,381.339,0,0,0,0,0,0,0,0,0,0,0,550.15,0,0,0,0,0,0,0,0,0,0,0,0,0,0,0,0,0,0,0,0,0,0,0,0,0,0,0,0,0,0,0,0,0,0,0,0,0,0,0,0,0,0,0,0,0,0,0,0,0,0,0,0,0,0,0,0,0,0,0,0,0,0,0,0,0,0,0,0,0,0,0,0,0,0,0,0,0,0,0,0,0,0,0,0,0,0,0,0,0,0,0,0,0,0,0,0,0,0,0,0,0,0,0,0,0,0,0,0,0,0,0,0,0,0,0,0,0,0,0,0,0,0,0,0,0,0,0,0,0,0,0,0,0,0,0,0,0,0,0,0,0,0,0,0,0,0,0,0,0,0,0,0,0,0,0,0,0,0,0,0,0,0,0,0,0,0,0,0,0,0,0,0,0,0,0,0,0,0,0,0,0,0,0,0,0,0,0,0,0,0,0,0,0,0,0,0,0,0,0,0,0,0,0,0,0,0,0,0,0,0,0,0,0,0,106.088,0,0,0,0,0,0,0,83.3679,0,0,0,0,0,0,0,0,0,0,0,0,0,0,38.8242,0,0,0,0,0,0,0,0,37.6118,0,0,31.2559,11.2764,0,17.6388,0,0,16.3135,0,0,0,1.50485,5.94768,0,0,0,4.43374,0,0,0,0,0,0,0,0,0,0,0,453.155,0,0,0,0,0,0,0,0,0,0,0,0,0,0,0,0,0,0,0,0,0,0,0,0,0,0,0,0,0,0,0,0,0,0,0,0,0,0,0,0,0,0,0,0,0,0,0,0,0,0,0,0,0,0,1.67161,0,0,0,43.4975,0,0,0,0,0,0,0,0,0,0,0,0,0,0,0,0,0,0,0,0,0,0,0,0,64.033,0,0,0,0,0,48.158,0,0,0,0,0,0,0,0,0,0,0,0,0,0,0,0,0,0,0,0,0,0,0,0,0,0,0,0,0,0,0,0,0,0,0,0,0,0,0,0,0,0,0,0,0,0,0,0,0,0,0,0,0,0,0,0,0,0,0,0,0,0,0,0,0,0,0,0,0,0,0,0,0,0,0,0,0,0,0,0,0,0,0,0,0,0,0
NQ,Ni+2,2,xtb,-83.5671,10.434,0.28661,0,0,0,2.95875,0,12.4147,0,15.13,9.44665,1.25719,0,2.49859,10.0175,6.05975,2.80856,0,0,0,6.17914,7.66282,31.5181,0,5.18445,12.7899,0,0,0,0,26.259,0,21.1684,0,0,19.69,23.8407,0,57.7553,0,11.4117,16.0252,0,0,0,42.6273,23.311,16.9112,36.9194,39.1168,0,0,46.3633,0,0,0,0,9.8704,0,0,14.7711,0,0,79.8851,0,0,0,0,24.524,0,58.7509,0,0,10.7013,139.703,0,0,0,0,0,17.8394,0,249.726,0,0,103.176,42.0761,0,67.8655,0,0,24.1412,0,0,0,0,0,0,132.729,270.847,0,60.2099,0,68.103,0,0,126.149,77.2348,282.236,0,0,0,0,26.9628,0,0,0,0,52.8371,0,0,0,0,0,157.94,0,47.0195,0,0,0,585.412,0,0,63.7132,218.978,0,0,0,0,0,262.515,0,37.254,0,0,0,0,0,0,0,0,0,0,0,0,15.2621,0,0,56.4864,0,0,0,0,0,8.52176,0,0,0,0,0,20.7106,0,0,0,0,0,9.17858,0,0,0,9.86382,0,0,0,0,0,0,0,0,0,0,6.29916,0,0,25.8746,0,0,0,0,21.5401,0,0,7.529,0,0,7.77092,0,24.9493,0,0,0,42.2225,0,0,30.9921,184.322,0,7.1578,0,134.991,0,0,1.67395,0,0,0,0,0,0,0,0,18.0803,0,12.9758,23.8645,0,0,0,0,0,0,0,0,18.2264,72.3414,0,0,43.6358,22.4055,0,7.43339,0,0,0,0,0,3.7352,0,0,0,44.8668,0,0,0,0,111.379,0,0,0,0,0,0,0,0,0,0,0,25.0554,10.8368,0,0,19.2537,0,104.587,176.887,0,179.818,0,0,0,31.6761,167.14,249.317,0,0,0,0,0,0,0,0,0,0,0,0,0,0,0,0,0,0,0,0,0,0,0,0,186.298,0,0,0,0,0,438.468,0,0,0,0,0,0,0,525.346,0,0,0,0,0,0,0,436.275,0,0,0,0,0,0,0,0,0,0,0,0,0,0,0,0,0,0,0,0,0,0,0,0,0,0,0,0,0,0,0,0,0,0,0,0,0,0,0,0,0,0,0,0,0,0,0,0,0,0,0,0,0,0,0,0,0,0,0,0,0,0,0,0,0,0,0,0,0,0,0,0,0,0,0,0,0,0,0,0,0,0,0,0,0,0,0,0,0,0,0,0,0,0,0,0,0,0,0,0,0,0,0,0,0,0,0,0,0,0,0,0,0,0,0,0,0,0,0,0,0,0,0,0,0,0,0,0,0,0,0,0,0,0,0,0,0,0,0,0,0,0,0,0,0,0,0,0,0,0,0,0,0,0,0,0,0,0,0,0,0,0,0,0,0,0,0,0,0,0,0,0,0,0,0,0,0,0,0,0,0,0,0,0,0,0,0,0,0,0,0,0,0,0,0,0,0,0,0,0,0,0,0,0,0,0,0,0,0,0,0,0,0,0,0,0,0,0,0,0,0,0,0,0,24.1006,0,0,0,0,0,0,0,0,0,0,0,0,0,0,7.30951,0,0,0,0,0,8.243,0,0,13.6774,6.2424,0,7.66042,0,0,0,0,0,2.65384,6.10216,0,0,0,0,0,0,0,215.719,0,0,0,0,0,0,0,0,0,0,0,0,0,0,0,0,0,0,0,0,492.79,0,0,0,0,0,0,0,0,0,0,0,0,0,0,0,0,0,0,0,0,0,0,0,0,163.292,157.645,0,0,0,0,0,24.5574,701.494,0,0,0,0,0,0,0,0,0,0,0,0,0,0,0,0,0,0,62.1425,0,26.9807,0,0,47.1168,0,0,0,0,0,0,0,0,27.8812,0,0,0,0,0,0,0,0,0,0,0,0,45.012,0,0,54.2321,0,30.3836,0,0,33.9113,0,0,0,0,0,23.2222,0,0,0,0,0,0,0,0,0,0,0,0,0,0,0,0,0,0,0,0,0,0,0,0,0,0,0,0,0,0,0,0,0,0,0,0,0,0,0,0,0,0,0,0,0,0,0,0,0,0,0,0,0,0,0,0,0,0,0,0,0,0,0,0,0,0,0,0,0,0
PE,none,2,xtb,-60.5628,3.11634,0,0,0,0.83904,0,0,0.11517,0,0,0,0,0,0,1.83997,0,0,0,0.63408,0,0,3.61311,0,0,0,0,0.74729,1.92877,0,8.92994,0,0,0,0,0,3.33054,0,0,8.23845,0,0,0,0,55.9517,0,0,0,0,58.1173,3.80166,0,0,0,186.321,10.5148,0,0,0,5.81423,0,0,0,0,0,5.38437,0,4.47861,0,1.80379,18.2487,0,0,0,1.70013,0,0,0,0,0,0,4.63373,0,0,0,0,0,15.7859,0,0,0,0,0,0,0,0,90.1932,89.7257,0,21.0179,0,0,0,0,0,0,0,0,0,12.4363,0,0,0,0,0,0,17.3031,0,0,9.36331,0,0,0,0,12.0051,0,0,0,0,5.21569,0,0,0,0,0,141.022,0,0,0,0,0,0,0,0,0,0,0,0,0,5.89071,0,0,0,0,0,0,0,3.69642,0,0,0,0,0,0,19.0051,0,0,0,0,0,20.1732,95.5913,0,4.34043,0,0,0,0,39.3276,0,0,53.6068,0,0,0,112.709,0,44.7342,0,0,0,0,0,0,16.4107,0,4.87175,0,3.83193,17.5982,0,0,10.6305,0,6.39678,108.958,22.5103,18.827,0,0,59.3516,190.657,0,0,0,0,0,0,446.687,0,0,0,0,0,112.289,0,0,11.9608,0,0,0,60.0803,11.0506,0,0,89.8479,0,28.5948,0,0,0,19.4306,0,0.6215,0,372.967,0,0,0,0.97312,0,0,0,112.971,0,0,20.5559,0,0,11.4037,0,0,0,0,0,0,0,0,0,14.5716,0,0,0,0,0,14.1938,0,0,0,0,0,0,0.80235,156.436,13.5927,0,4.07056,0,0,0,0,0,0,0,0,0,0,0,0,0,0,0,0,0,0,0,0,0,0,0,0,0,0,0,0,0,0,0,0,0,0,0,0,0,0,0,0,0,0,0,0,0,0,0,0,0,0,0,0,0,0,0,0,0,0,0,0,0,0,0,0,0,542.207,0,0,0,0,0,0,0,0,0,0,0,0,0,0,0,0,0,0,0,0,0,0,0,0,0,0,0,0,0,0,0,0,0,0,0,0,0,0,0,0,0,0,0,0,0,0,0,0,0,0,0,0,0,0,0,0,0,0,0,0,0,0,0,0,0,0,0,0,0,0,0,0,0,0,0,0,0,0,0,0,0,0,0,0,0,0,0,0,0,0,0,0,0,0,0,0,0,0,0,0,0,0,0,0,0,0,0,0,0,0,0,0,0,0,0,0,0,0,0,0,0,0,0,0,0,0,0,0,0,0,0,0,0,0,0,0,0,0,0,0,0,0,0,0,0,0,0,0,0,0,0,0,0,0,0,0,0,0,0,0,0,0,0,0,0,0,0,0,0,0,0,0,0,0,0,0,0,0,0,0,0,0,0,0,0,0,0,0,0,0,0,0,0,0,0,0,0,0,0,0,0,0,0,0,0,0,0,0,0,0,0,0,0,0,0,0,0,0,0,29.3078,0,0,0,0,0,0,0,0,0,0,0,0,0,0,21.1729,0,0,0,0,17.9581,0,4.67315,85.1655,0,0,18.488,33.71,0,0,19.8253,8.93232,0,0,0,1.68348,0,0,0,0,0,0,0,0,0,0,0,0,0,0,0,0,0,0,0,0,0,0,0,0,0,0,0,0,0,0,0,0,0,0,0,0,0,0,0,17.5247,0,0,0,0,0,0,0,0,0,53.9558,0,0,0,0,0,0,0,0,0,0,0,0,0,0,0,0,0,0,0,0,0,0,0,0,0,0,0,0,67.9032,0,0,0,0,0,0,0,24.7559,19.0955,0,0,0,0,0,0,0,0,0,0,0,0,0,0,0,0,0,60.6488,0,0,0,0,0,0,0,0,0,0,0,0,0,0,0,0,0,0,0,0,0,0,0,0,0,0,0,0,0,0,0,0,0,0,0,0,0,0,0,0,0,0,0,0,0,0,0,0,0,0,0,0,0,0,0,0,0,0,0,0,0,0,0,0,0,0,0,0,0,0,0,0,0,0,0,0,0,0
PI,Zn+2,2,xtb,-61.4466,4.23284,0,0.50902,0,1.0166,1.03986,0,3.70794,0.75987,0,0,5.55702,0,6.7688,0,3.50432,0,1.39902,0,0,0,0,8.10776,3.96353,0,0,6.93648,0,2.7405,0,0,0,15.3187,0,0,0,16.3578,0,0,2.14565,85.4188,0,0,0,0,168.463,15.5677,0,113.939,0,0,0,0,0,10.1398,0,0,0,0,0,0,0,80.4289,0,14.8316,0,0,41.6898,0,0,0,0,0,0,151.983,0,0,11.0112,0,0,352.294,0,51.0174,0,0,0,0,0,0,0,0,0,0,0,15.1519,0,0,0,0,0,0,0,0,0,42.2543,9.09493,0,0,0,0,0,0,16.2635,0,0,0,0,44.2023,0,0,0,0,0,0,125.216,0,0,31.4011,0,0,0,0,0,0,0,89.7833,0,0,0,0,27.3906,0,0,0,0,0,0,0,0,0,0,0,0,0,8.27798,0,0,0,4.73252,0,0,4.9796,0,0,0,0,0,3.09143,0,0,0,0,0,0,2.65834,0,11.546,0,0,0,0,10.9533,0,0,0,16.136,0,26.3514,16.3844,0,0,52.5097,0,0,0,0,22.255,6.8635,0,0,0,0,0,0,1.87342,15.6816,0,7.66565,0,0,15.2339,0,12.4963,0,0,57.6715,0,16.1108,0,9.58601,0,71.2633,0,0,0,0,15.2367,0,7.97496,0,0.87985,0,0,0,0,26.8066,0,12.4871,0,0,0,0,8.76974,0,0,16.9086,0,37.6515,0,0,31.293,21.5306,0,0,222.345,0,2.6659,0,38.9119,62.2568,0,89.9444,0,0,0,0,0,0,0,0,0,4.02247,0,0,2.26461,0,0,0,0,0,0,0,0,2.69321,0,182.808,12.9972,134.354,1.29472,13.3688,4.76426,0,1.57182,0,0,0,0,0,0,0,0,0,0,0,0,0,0,0,0,0,0,0,0,0,0,0,0,0,560.562,0,0,0,0,0,0,0,0,0,0,0,0,0,0,0,0,0,0,0,0,0,480.441,0,0,0,0,0,0,0,0,0,0,0,0,0,0,0,0,0,0,0,0,0,0,0,0,0,0,0,0,0,0,0,0,0,0,0,0,0,0,0,0,0,0,0,0,0,0,0,0,0,0,0,0,0,0,0,0,0,0,0,0,0,0,0,0,0,0,0,0,0,0,0,0,0,0,0,0,0,0,0,0,0,0,0,0,0,0,0,0,0,0,0,0,0,0,0,0,0,0,0,0,0,0,0,0,0,0,0,0,0,0,0,0,0,0,0,0,0,0,0,0,0,0,0,0,0,0,0,0,0,0,0,0,0,0,0,0,0,0,0,0,0,0,0,0,0,0,0,0,0,0,0,0,0,0,0,0,0,0,0,0,0,0,0,0,0,0,0,0,0,0,0,0,0,0,0,0,0,0,0,0,0,0,0,0,0,0,0,0,0,0,0,0,0,0,0,0,0,0,0,0,0,0,0,0,0,0,0,0,0,0,0,0,0,0,0,0,0,0,0,0,0,0,0,7.66358,0,0,0,0,0,0,0,0,0,0,0,0,0,0,0,23.2889,0,0,0,0,4.74393,0,0,43.2221,0,28.8937,85.808,0,0,27.9105,27.6048,0,0,0,64.6992,0,23.4264,10.1508,15.0595,0,0,0,0,0,0,0,0,0,0,0,0,0,0,0,0,0,0,0,0,0,0,0,0,0,0,0,0,0,0,0,0,0,0,0,0,0,0,0,0,0,0,0,0,0,0,0,0,1.09546,0,0,0,0,0,0,0,0,0,0,0,0,0,74.6042,0,0,0,0,0,0,0,0,0,0,0,0,0,0,0,0,0,0,0,0,0,0,0,0,0,0,0,0,0,0,0,81.6541,0,82.5326,40.8988,0,0,0,51.3278,0,0,0,0,0,0,0,0,0,0,0,0,0,0,0,0,0,0,0,0,0,0,0,0,0,0,0,0,0,0,0,0,0,0,0,0,0,0,0,0,0,0,0,0,0,0,0,0,0,0,0,0,0,0,0,0,0,0,0,0,0,0,0,0,0,0,0,0,0,0,0,0,0,0,0,0,0,0,0,0,0,0,0,0,0
PR,none,2,xtb,-65.8236,7.02864,7.66966,14.6651,0,0,1.68021,0,0.39889,0,5.50958,0,0,0,0,6.51702,0,0,0,3.32904,123.495,0,0,0,54.8261,0,2.37989,0,8.61426,0,2.39877,0,0,8.62426,0,0,0,0,8.68649,0,0,12.972,0,29.6148,0,0,0,51.0166,0,0,0,0,37.3054,0,48.4324,0,1.89008,0,0,0,0,0,0,0,0,61.9139,0,0,0,0,0,5.37532,0,61.6336,83.0543,0,0,0,0,0,0,16.7694,0,0,125.346,21.4439,0,212.288,0,0,0,0,0,10.2397,0,24.0535,0,0,0,54.5541,0,0,0,34.5976,0,0,0,0,0,0,0,0,0,0,65.0227,0,0,1.03444,0,0,0,154.832,0,0,0,0,0,0,22.6198,0,0,0,0,0,0,0,0,83.1587,0,0,1.27592,0,0,0,0,98.2275,0,0,0,0,17.1791,0,0,21.6092,0,0,0,15.4212,0,0,0,31.5997,0,0,0,0,0,0,11.7468,0,0,28.5016,0,0,0,0,0,0,30.1084,0,0,0,252.984,0,56.3404,0,0,0,0,0,35.7402,0,0,47.4857,17.7324,0,0,0,0,9.20578,0,7.9333,0,0,0,3.40645,0,10.2129,0,0,86.6072,0,0,83.7811,0,0,170.961,0,44.2878,0,0,0,3.49519,0,0,6.08836,0,0,0,27.0804,0,0,0,41.3803,0,0,0,95.9929,0,0,0,10.2387,9.79161,0,0,5.1404,0,36.3719,0,0,22.2983,0,241.088,0,0.34019,0,17.8914,5.05267,0,9.35946,0,4.76099,0,0.99314,0,0,26.3689,0,0,0,0,0,306.653,0,0,4.96267,0,0,0,0,0,214.549,0,1.98028,0,0,0,0,0,0,3.00575,0,2.64365,2.34721,0,0,0,0,0,0,0,72.9416,133.853,0,0,0,31.6556,0,0,0,0,0,0,0,0,0,0,0,0,0,0,0,0,0,0,0,0,0,0,0,0,0,0,0,0,0,0,0,329.199,0,0,0,0,0,0,0,0,0,364.098,0,0,0,0,0,0,0,0,0,0,0,0,0,0,0,0,0,0,0,0,0,0,0,0,0,0,0,0,0,0,0,0,0,0,0,0,0,0,0,0,0,0,0,0,0,0,0,976.549,0,0,0,0,0,0,0,0,0,0,0,0,0,0,0,0,0,0,0,0,0,0,0,0,0,0,0,0,0,0,0,0,0,0,0,0,0,0,0,0,0,0,0,0,0,0,0,0,0,0,0,0,0,0,0,0,0,0,0,0,0,0,0,0,0,0,0,0,0,0,0,0,0,0,0,0,0,0,0,0,0,0,0,0,0,0,0,0,0,0,0,0,0,0,0,0,0,0,0,0,0,0,0,0,0,0,0,0,0,0,0,0,0,0,0,0,0,0,0,0,0,0,0,0,0,0,0,0,0,0,0,0,0,0,0,0,0,0,0,0,0,0,0,0,0,0,0,0,0,0,0,0,0,0,0,0,0,0,0,0,0,0,0,0,0,0,0,0,0,0,0,0,31.9804,22.9983,0,0,36.7009,0,61.5554,0,0,0,0,0,0,45.5372,0,0,0,0,0,60.2723,0,11.1191,0,21.557,0,10.0854,0,0,45.3796,0,0,34.625,0,27.8454,0,0,0,0,0,0,0,0,0,0,0,0,0,0,0,0,0,0,0,0,0,0,0,0,0,0,0,0,0,0,0,0,0,0,0,0,0,0,0,0,0,0,0,0,0,0,0,0,0,0,0,0,0,0,0,0,0,0,0,0,0,0,0,0,0,0,0,0,25.8045,0,6.17078,0,2.30393,0,0,10.2023,4.15936,0,31.4555,0,0,0,0,0,0,25.8323,0,0,0,0,0,0,0,0,0,156.391,0,0,13.2339,0,0,0,0,0,0,0,0,0,0,0,0,0,0,0,0,0,0,0,12.7343,0,0,0,0,0,0,0,0,0,0,0,0,0,0,0,0,0,0,0,0,0,0,0,0,0,0,0,0,0,0,0,0,0,0,0,0,0,0,0,0,0,0,0,0,0,0,0,0,0,0,0,0,0,0,0,0,0,0,0,0,0,0,0,0,0,0,0,0,0,0
PT,Ni+2,2,xtb,-68.4285,7.50434,0,1.08037,3.8373,0,0,12.1878,0,0,0,0,17.8574,4.34186,0,0.98994,0,0,0,5.01514,0,0,0,9.5901,0,5.12925,0,0,8.06523,0,0,7.3232,0,0,4.01323,0,0,0,0,4.77414,11.5601,7.45401,0,0,0,0,0,7.56366,0,0,13.069,25.6394,0,0,17.9249,0,32.9851,0,25.4644,0,65.5109,0,0,38.8672,0,0,32.4223,0,0,0,20.6393,0,0,53.1677,0,0,0,0,0,0,0,95.3051,0,0,0,0,56.234,0,0,0,0,90.8035,0,0,0,276.496,0,0,17.8814,0,4.49212,0,0,0,0,0,0,0,0,106.933,0,48.7888,56.7641,0,0,41.7153,0,0,0,0,0,45.7951,0,0,610.069,0,0,0,52.1652,0,0,0,0,0,0,0,45.9518,0,0,0,12.6791,0,0,0,0,0,0,0,0,0,0,0,0,0,0,0,0,0,0,0,0,0,8.0392,0,0,6.41476,0,0,0,0,31.2609,0,0,322.409,39.4931,0,0,0,11.2753,0,0,0,0,15.2488,0,0,1.83451,0,10.794,0,44.868,0,0,0,0,0,9.93065,0,0,0,0,0,0,0,2.1843,0,7.38365,0,0,27.5822,0,5.15647,32.4581,0,385.808,7.70654,0,0,8.10411,38.1572,0,0,0,0,0,0,4.00204,0,0,0,1.94118,1.26432,0,0,0,26.3319,0,0,5.28301,0,0,0,0,2.1886,0,0,0,98.1797,5.79106,0,0,2.17442,2.96475,15.6083,0,0,21.5599,0,0,42.2177,0,0,93.7014,0,0,0,0,0,0,5.68967,0,0,0,0,0,0,0,0,0,0,0,0,0,3.46428,0,0,0,15.549,0,165.573,24.6133,156.857,0,0,0,0,0,0,0,0,168.276,0,0,0,0,0,0,0,0,0,0,0,0,0,0,0,0,0,0,0,0,0,0,0,0,0,0,0,0,0,0,0,0,497.819,0,0,0,0,0,0,0,0,0,0,0,0,363.95,0,0,0,0,0,0,0,0,0,0,0,0,0,0,0,0,0,0,0,0,0,0,0,0,0,0,0,0,0,0,0,0,0,0,0,0,0,0,0,0,0,0,0,0,0,0,0,0,0,0,0,0,0,0,0,0,0,0,0,0,0,0,0,0,0,0,0,0,0,0,0,0,0,0,0,0,0,0,0,0,0,0,0,0,0,0,0,0,0,0,0,0,0,0,0,0,0,0,0,0,0,0,0,0,0,0,0,0,0,0,0,0,0,0,0,0,0,0,0,0,0,0,0,0,0,0,0,0,0,0,0,0,0,0,0,0,0,0,0,0,0,0,0,0,0,0,0,0,0,0,0,0,0,0,0,0,0,0,0,0,0,0,0,0,0,0,0,0,0,0,0,0,0,0,0,0,0,0,0,0,0,0,0,0,0,0,0,0,0,0,0,0,0,0,0,0,0,0,0,0,0,0,0,0,72.5576,0,0,0,0,0,0,0,0,0,0,0,0,0,0,0,0,32.8915,0,0,0,0,0,875.597,0,0,0,0,31.5674,5.88517,0,0,0,0,33.1735,0,0,0,28.535,0,25.5575,0,0,37.7543,0,39.528,0,23.9447,0,50.4932,0,0,0,0,0,0,0,0,0,0,0,0,0,0,0,0,0,0,0,0,0,0,0,0,0,0,0,0,0,0,0,0,0,0,0,0,0,0,0,0,0,0,0,0,0,0,0,1.69326,0,0,0,0,411.913,0,0,0,0,0,0,0,0,0,0,0,0,0,0,0,0,0,0,0,0,0,0,0,0,78.3316,0,29.0275,0,0,0,0,0,0,0,0,0,0,0,0,0,0,0,0,0,0,0,0,0,0,0,29.1281,0,0,0,0,0,43.3374,0,0,0,9.62881,0,0,0,0,0,0,0,0,0,0,0,0,0,0,0,0,0,0,0,0,0,0,0,0,0,0,0,0,0,0,0,0,0,0,0,0,0,0,0,0,0,0,0,0,0,0,0,0,0,0,0,0,0,0,0,0,0,0,0,0,0,0,0,0,0,0,0,0,0,0,0,0,0,0,0,0,0
PT,none,2,xtb,-54.3361,0.32423,2.30658,0,0,0.3757,0,0,0.80198,0,0,2.86238,0,0,0,0,0,0,91.1187,0,0,0,12.679,0,0,0,19.0705,1.96412,0,10.704,12.385,44.4152,0,0,0,9.86949,0,1.84937,0,0,0,0,2.14398,0,0,0,0,37.5011,0,0,0,154.477,17.2849,0,0,1.33605,0,0,0,0,55.6541,0,0,25.4719,0,0,0.84706,2.83917,0,0,0,3.20789,1.91927,0,0,0,0,0,0,0,0,0,88.385,73.2803,0,0,46.2569,0,0,0,144.006,0,0,17.9645,0,23.1281,0,0,0,0,0,0,23.0379,0,0,0,0,0,0,10.5117,0,0,0,0,0,91.2707,0,0,0,2.66208,0,0,0,0,0,0,0,0,0,0,18.5539,0,0,0,0,0,0,8.66007,0,0,0,0,0,0,0,0,0,0,0,0,0,0,0,0,16.4393,0,0,0,0,16.7386,0,28.3403,0,0,0,0,0,0,0,0,89.0768,0,0,0,0,0,0,0,0,2.44328,0,0,0,0,0,0,0,0,0,45.6285,0,0,49.5613,0,0,53.9827,0,214.349,0,0,0,0,58.7225,0,0,100.941,53.8511,86.4193,0,0,0,99.3272,0,40.4893,0,0,0,0,0,54.2918,4.98516,0,0,54.4519,90.5666,0,0,0,0,62.4577,0,0,96.76,0,0,50.7907,0,13.7153,0,0,0,59.466,144.11,0,0,24.4237,0,0,21.1034,98.9408,0,0,0,0,39.2956,0,0,47.4492,104.586,25.8018,0,0,92.323,66.7261,0,0,0,0,0,0,0,0,3.87173,0,0,0,0,0,0,0,0,0,0,0,0,0,11.3744,0,8.40475,0,0,0,0,0,0,0,0,0,0,0,0,0,0,0,0,0,0,0,0,0,0,0,0,0,0,0,0,0,0,0,0,0,0,0,0,0,0,0,0,0,0,0,0,0,9.10336,0,0,214.383,0,0,0,0,0,0,0,0,0,0,0,0,0,0,0,0,0,0,0,0,0,0,0,0,0,0,0,0,0,0,0,0,0,0,0,0,0,0,0,0,0,0,0,0,0,0,0,0,0,0,0,0,0,0,0,0,0,0,0,0,0,0,0,0,0,0,0,0,0,0,0,0,0,0,0,0,0,0,0,0,0,0,0,0,0,0,0,0,0,0,0,0,0,0,0,0,0,0,0,0,0,0,0,0,0,0,0,0,0,0,0,0,0,0,0,0,0,0,0,0,0,0,0,0,0,0,0,0,0,0,0,0,0,0,0,0,0,0,0,0,0,0,0,0,0,0,0,0,0,0,0,0,0,0,0,0,0,0,0,0,0,0,0,0,0,0,0,0,0,0,0,0,0,0,0,0,0,0,0,0,0,0,0,0,0,0,0,0,0,0,0,0,0,0,0,0,0,0,0,0,0,0,0,0,0,0,0,0,0,0,0,0,0,0,0,0,0,0,0,0,0,0,0,0,43.9734,0,0,0,0,0,0,0,0,49.4029,0,48.3037,0,0,0,0,0,0,0,0,0,12.2182,0,0,0,0,37.4179,31.8724,0,0,0,0,0,17.6491,0,0,0,0,0,0,6.62111,23.3783,0,0,0,0,0,0,0,0,0,0,0,0,0,0,0,0,0,0,0,0,0,0,0,0,0,0,0,0,0,0,0,0,0,0,0,0,0,0,0,0,0,0,0,0,0,0,0,0,0,0,0,0,0,0,8.17961,0,0,0,0,0,0,0,0,0,0,0,0,0,0,0,0,0,0,0,0,0,0,0,0,0,0,0,55.7771,0,0,0,0,21.5542,0,0,0,0,0,31.3606,21.3387,0,0,0,0,0,0,0,0,0,0,0,22.2881,0,0,0,51.2186,0,0,0,0,0,0,0,0,0,0,0,0,0,0,0,0,0,0,0,0,0,0,0,0,0,0,0,0,0,0,0,0,0,0,0,0,0,0,0,0,0,0,0,0,0,0,0,0,0,0,0,0,0,0,0,0,0,0,0,0,0,0,0,0,0,0,0,0,0,0,0,0,0,0,0,0,0
QA,none,2,xtb,-54.5781,5.07066,0.95275,2.65566,3.67735,0,6.05125,5.45984,2.88461,2.86235,1.96855,0,0,0,42.5864,0,25.4466,0,0,0.91864,0.11106,0,68.1517,0,0,1.64483,0,0,0,0,0,0,0,0,0,0,0,0,1.78611,0,0,10.346,0,3.60466,0,0,79.6254,0,89.3528,0,0,1.04947,0,0,0,0,0,0,0,0,0,0,0,0,0,0,68.8864,0,0,2.15345,0,0,3.05115,0,0,0,19.1888,2.89155,0,0,0,0,0,0,0,0,0,1.87189,0,0,0,0,0,0,0,0,16.0147,0,0,0,0,0,27.7655,0,0,0,0,0,0,0,17.4768,139.289,0,0,0,0,54.0497,0,0,0,0,0,0,0,0,0,0,0,0,0,0,0,46.5336,0,0,12.236,0,0,0,0,0,0,0,0,91.0841,0,0,0,0,0,0,0,0,0,2.94335,0,242.039,0,0,0,0,0,5.20898,0,27.5088,0,0,0,0,0,0,0,0,0,41.2424,0,0,0,211.904,0,0,0,0,0,0,0,0,0,0,0,0,0,0,11.4906,34.4684,42.9001,0,0,0,0,0,0,0,0,0,74.7973,0,0,0,0,0,0,0,0,0,0,0,8.73659,0,0,0,177.691,0,0,0,0,335.184,0,145.164,0,0,0,0,258.846,0,0,0,0,0,0,280.527,0,35.1443,0,52.7377,0,0,0,0,0,0,0,0,0,0,0,20.8756,0,0,0,305.874,0,0,0,0,0,0,0,9.52833,0,22.1622,0,0,0,0,0,0,0,0,0,0,0,0,0,0,0,0,0,0,0,0,89.1972,0,0,0,0,0,0,0,0,0,0,31.688,46.1681,0,0,0,0,0,0,0,33.3013,0,0,0,0,101.264,0,0,0,0,0,0,0,0,8.53401,0,0,0,0,0,450.094,0,0,0,0,0,0,337.466,0,0,0,0,0,0,0,0,0,0,0,0,0,0,0,0,0,0,0,0,0,0,0,0,0,0,0,0,0,0,0,0,0,0,0,0,0,0,0,0,0,0,0,0,0,0,0,0,0,0,0,0,0,0,0,0,0,0,0,0,0,0,0,0,0,0,0,0,0,0,0,0,0,0,0,0,0,0,0,0,0,0,0,0,0,0,0,0,0,0,0,0,0,0,0,0,0,0,0,1635.03,0,0,0,0,0,0,0,0,0,0,0,0,0,0,0,0,0,0,0,0,0,0,0,0,0,0,0,0,0,0,0,0,0,0,0,0,0,0,0,0,0,0,0,0,0,0,0,0,0,0,0,0,0,0,0,0,0,0,0,0,0,0,0,0,0,0,0,0,0,0,0,0,0,2184.41,0,0,0,0,0,0,0,0,0,0,0,0,0,0,0,0,0,0,0,0,0,0,0,0,0,0,0,0,0,0,0,0,0,0,0,0,0,0,0,0,0,0,0,0,0,0,0,0,0,0,0,0,0,0,0,0,0,0,0,0,0,0,0,0,0,0,0,0,0,0,0,0,0,0,0,0,0,0,0,0,0,0,0,0,0,0,0,0,0,0,0,2.19927,0,0,0,0,5.37377,0,0,0,2.91147,0,0,0,5.16521,0,0,12.0461,0,0,0,0,0,0,0,0,0,0,0,0,0,0,0,0,0,0,0,0,0,0,0,0,0,0,0,0,0,0,0,0,0,0,0,0,0,0,0,0,0,0,0,0,7.7741,0,0,0,0,26.2158,0,0,19.952,0,0,0.72337,0,65.322,0,0,0,0,1.33467,0,3.04964,4.39593,0,0.20057,0,0,0,0,0,0,0,0,0,0,0,0,0,0,0,0,0,0,0,0,0,0,0,0,0,0,0,0,0,0,0,0,0,0,5.31995,0,0,0,0,0,0,0,0,0,0,0,0,0,0,0,0,0,0,0,0,0,0,0,0,0,0,0,0,0,0,0,0,0,0,0,0,0,0,0,0,0,0,0,0,0,0,0,0,0,0,0,0,0,0,0,0,0,0,0,0,0,0,0,0,0,0,0,0
QC,Co+2,2,xtb,-70.8138,9.16436,14.0959,0,3.31671,0,8.90465,16.1823,0,0,0,11.9072,5.04692,0,0,0,0,0,1.43093,0,8.85157,11.5606,0,3.62731,0,0,0,0,0,6.66757,31.5307,0,0,0,0,10.9156,12.9352,0,0,22.7444,0,45.7319,0,0,13.4944,21.4491,22.2023,0,2.66421,0,3.62865,0,0,0,0,15.8725,0,0,1.11618,0,75.1648,0,268.065,0,0,72.2922,0,0,0,0,0,0,28.1833,0,0,0,27.6926,0,178.241,0,42.715,17.5942,0,0,0,0,0,0,0,0,0,182.84,101.594,0,152.497,0,0,0,0,0,0,0,348.788,0,16.556,0,0,0,0,0,0,60.9981,0,0,106.933,72.613,0,63.6922,0,0,0,0,10.2953,0,44.4681,0,0,0,0,0,0,0,42.5423,0,0,0,190.857,0,0,368.366,0,41.682,0,0,0,0,0,0,0,0,0,0,0,0,4.58204,0,0,9.20491,0,0,0,0,0,0,0,0,0,0,14.0827,0,0,0,0,0,0,2.36658,0,12.6787,0,0,0,40.211,0,0,0,0,0,0,0,6.65656,11.8142,0,0,0,0,0,0,0,0,12.7405,0,0,0,13.1153,0,0,37.1312,0,0,28.3593,0,0,0,18.3708,0,0,0,24.587,0,211.513,0,14.1195,0,0,1.65361,7.83576,0,0,0,0,0,0,0,3.01492,50.7979,0,0,13.6413,0,0,0,0,29.2146,0,0,0,39.6136,0,0,0,0,185.268,0,0,0,0,0,44.3008,0,24.6123,0,97.9892,0,0,0,0,0,0,0,0,0,0,0,0,0,0,0,0,19.6873,0,48.2091,13.6174,0,0,14.646,0,0,0,0,0,0,77.1363,193.46,0,0,0,0,0,0,0,0,144.969,0,0,0,0,0,0,0,0,0,0,0,0,0,0,0,0,0,0,0,0,0,0,0,0,0,0,0,0,0,0,0,640.896,0,0,0,335.22,0,490.285,0,0,0,0,0,0,0,0,0,0,0,0,0,0,0,0,0,0,0,0,0,0,0,0,0,0,0,0,0,0,0,0,0,0,0,0,0,0,0,0,0,0,0,0,0,0,0,0,0,0,0,0,0,0,0,0,0,0,0,0,0,0,0,0,0,0,0,0,0,0,0,0,0,0,0,0,0,0,0,0,0,0,0,0,0,0,0,0,0,0,0,0,0,0,0,0,0,0,0,0,0,0,0,0,0,0,0,0,0,0,0,0,0,0,0,0,0,0,0,0,0,0,0,0,0,0,0,0,0,0,0,0,0,0,0,0,0,0,0,0,0,0,0,0,0,0,0,0,0,0,0,0,0,0,0,0,0,0,0,0,0,0,0,0,0,0,0,0,0,0,0,0,0,0,0,0,0,0,0,0,0,0,0,0,0,0,0,0,0,0,0,0,0,0,0,0,0,0,0,0,0,0,0,0,0,0,0,0,0,0,0,0,0,0,0,0,0,0,0,0,0,0,0,0,0,0,0,0,0,0,49.8206,11.7323,0,0,0,0,0,0,0,0,0,0,0,19.9179,19.2278,0,47.1591,0,0,0,0,19.0975,0,0,21.1761,0,0,0,0,0,0,0,0,0,0,0,0,0,0,0,0,0,0,0,0,0,0,0,0,0,0,0,0,0,0,0,0,402.359,0,0,0,0,0,0,0,0,0,0,0,0,0,0,0,0,0,0,0,0,0,0,0,0,0,0,0,0,0,0,0,0,0,0,0,0,18.4416,0,22.9507,0,0,0,0,0,0,32.7609,0,29.0368,0,0,0,0,0,0,0,121.283,0,0,0,0,0,0,0,15.1445,0,0,0,0,0,0,100.174,0,0,0,0,0,0,0,0,0,0,0,0,0,36.273,36.6191,0,0,0,0,0,0,0,0,0,0,0,0,0,0,0,0,0,0,0,0,0,0,0,0,0,0,0,0,0,0,0,0,0,0,0,0,0,0,0,0,0,0,0,0,0,0,0,0,0,0,0,0,0,0,0,0,0,0,0,0,0,0,0,0,0,0,0,0,0,0,0,0,0,0,0,0,0,0
QC,none,2,xtb,-57.8785,21.0378,0,0,0,0,25.888,11.0801,0,0,5.95935,0,13.7913,0,0,0,0,0,0,0,0,4.10811,0,0,0,11.7065,2.26277,0,0,0,0,7.38912,0,0,14.4183,8.46133,0,0,16.406,0,0,8.06958,0,0,0,0,0,2.45715,10.9907,0,0,0,3.69444,0,0,69.9487,0,4.39019,0,20.9543,19.982,0,32.8377,0,0,0,0,0,0,0,0,0,0,0,0,0,194.88,0,3.89698,0,0,0,0,0,0,0,9.05883,0,0,0,0,0,0,18.3089,0,0,38.0565,0,0,0,0,122.917,0,86.4991,0,11.022,0,0,206.356,0,0,0,0,0,0,0,0,0,0,0,3.35965,0,0,0,0,63.9655,0,0,44.7938,0,0,0,0,0,0,4.86114,0,12.5229,0,22.0078,0,0,0,0,0,0,0,0,0,0,0,0,0,0,0,0,0,0,11.2975,0,0,0,45.2372,0,0,0,0,0,0,15.8572,0,0,0,0,0,0,0,0,0,0,113.451,0,73.2507,0,0,0,0,0,0,131.017,0,0,0,13.6006,0,73.3927,0,0,0,0,0,33.2379,0,5.36839,135.561,98.2049,0,0,0,0,35.0897,0,127.352,29.3045,0,101.679,0,0,0,96.8017,0,17.2407,0,0,26.901,0,0,0,0,0,16.611,0,21.8109,93.7609,0,9.70036,0,0,0,32.3864,47.0695,0,0,21.3671,0,0,0,111.299,0,23.5375,0,0,0,105.68,11.803,0,18.6363,0,11.9744,0,19.7616,0,0,9.58176,0,4.88913,0,0,0,0,0,0,0,0,0,0,0,0,42.4446,128.239,0,0,0,0,0,6.6533,0,0,0,0,0,0,0,65.2023,0,0,0,0,37.3366,0,0,0,0,0,0,0,0,0,0,0,0,0,0,0,0,0,0,0,0,0,0,0,0,0,0,0,0,0,0,0,0,0,0,0,0,0,0,0,0,0,0,0,0,463.341,0,0,0,0,0,0,0,0,0,0,0,0,0,0,0,0,0,0,0,0,0,0,0,0,0,0,0,0,0,0,0,0,0,0,0,0,0,0,0,0,0,0,0,0,0,0,0,0,0,0,0,0,0,0,0,0,0,0,0,0,0,0,0,0,0,0,0,0,0,0,0,0,0,0,0,0,0,0,0,0,0,0,0,0,0,0,0,0,0,0,0,0,0,0,0,0,0,0,0,0,0,0,0,0,0,0,0,0,0,0,0,0,0,0,0,0,0,0,0,0,0,0,0,0,0,0,0,0,0,0,0,0,0,0,0,0,0,0,0,0,0,0,0,0,0,0,0,0,0,0,0,0,0,0,0,0,0,0,0,0,0,0,0,0,0,0,0,0,0,0,0,0,0,0,0,0,0,0,0,0,0,0,0,0,0,0,0,0,0,0,0,0,0,0,0,0,0,0,0,0,0,0,0,0,0,0,0,0,0,0,0,0,0,0,0,43.3713,0,0,0,40.7137,0,0,0,0,0,80.1053,0,0,0,0,0,0,0,29.2527,0,0,0,0,0,6.22291,24.8126,0,0,0,0,0,0,6.92034,0,0,0,0,0,0,0,0,0,13.8407,0,0,0,0,0,0,0,0,0,0,0,0,0,0,0,0,0,0,0,0,0,0,0,0,0,0,0,0,0,0,0,0,0,0,0,0,0,0,0,0,0,0,0,0,0,0,0,0,0,0,0,0,0,0,0,0,0,0,0,0,0,0,0,67.3293,49.7991,0,0,0,0,0,0,4.688,0,0,0,0,0,0,38.5867,0,0,0,0,0,0,0,0,0,0,25.0048,0,0,22.292,5.12878,0,0,0,0,0,0,0,0,0,0,0,0,0,0,0,0,0,0,0,0,0,0,0,0,0,0,0,0,0,0,0,0,0,0,0,0,0,0,0,0,0,0,0,0,0,0,0,0,0,0,0,0,0,0,0,0,0,0,0,0,0,0,0,0,0,0,0,0,0,0,0,0,0,0,0,0,0,0,0,0,0,0,0,0,0,0,0,0,0,0,0,0,0,0,0,0
QL,Cu+2,2,xtb,-77.3366,36.6144,2.48003,4.29076,0,0,4.88312,9.60108,1.06632,0,0,6.42951,13.8743,0,2.77857,0,0,26.7147,0,0,0,80.7917,5.07525,0,8.99811,21.9579,0,36.9357,4.27982,0,0,18.3461,0,0,24.3789,0,0,0,30.5886,0,0,21.0403,0,62.1312,0,0,0,0,0,20.2742,0,4.63586,0,0,0,0,0,0,128.604,0,0,0,7.10396,0,47.4038,0,0,0,0,14.2576,0,0,0,0.87504,0,0,26.5869,0,0,132.62,0,0,84.7636,0,7.66398,0,0,0,0,45.9219,0,0,0,103.705,0,10.1922,0,0,7.96607,46.4277,77.3659,173.262,0,0,492.461,0,277.323,315.493,0,0,0,0,76.073,0,47.0685,0,49.5461,0,0,0,0,93.4327,0,0,0,50.1434,0,0,0,0,0,0,96.9032,0,0,0,80.1295,0,0,11.1291,0,0,0,0,0,0,0,0,0,0,331.999,0,0,16.0663,0,0,0,0,0,0,0,27.4296,16.9349,0,0,2.07698,0,0,0,0,0,0,32.9804,0,0,0,11.3188,0,11.4937,0,0,0,0,0,4.2537,0,51.8703,0,25.8964,14.2075,0,0,14.4603,0,0,0,0,0,0,110.418,0,0,0,0,0,0,0,1.77256,0,107.579,5.68057,0,9.4343,0,0,9.97022,0,0,0,207.95,20.3681,7.32842,0,0,122.079,0,28.3307,15.3556,6.59195,0,0,0,0,0,33.6992,0,26.7854,188.993,0,0,0,10.7883,0,0,111.157,0,0,0,0,70.1863,86.8154,0,0,0,0,0,17.9945,0,5.57348,0,0,0,0,0,0,33.0517,0,0,72.9129,0,0,285.528,0,134.986,116.481,0,0,21.0038,103.088,0,6.04877,19.9854,74.7518,344.978,0,167.171,303.725,0,141.776,122.87,0,0,0,0,0,0,0,0,0,0,0,0,0,0,0,0,0,0,0,0,0,0,0,0,0,0,0,0,0,152.67,0,0,0,0,0,0,0,0,0,1078.48,0,0,0,0,0,0,0,0,0,0,211.086,0,0,0,0,0,0,0,0,0,0,0,0,0,0,0,0,0,0,0,0,0,0,0,0,0,0,0,0,0,0,0,0,0,0,0,0,0,0,0,0,0,0,0,0,0,0,0,0,0,0,0,0,0,0,0,0,0,0,0,0,0,0,0,0,0,0,0,0,0,0,0,0,0,0,0,0,0,0,0,0,0,0,0,0,0,0,0,0,0,0,0,0,0,0,0,0,0,0,0,0,0,0,0,0,0,0,0,0,0,0,0,0,0,0,0,0,0,0,0,0,0,0,0,0,0,0,0,0,0,0,0,0,0,0,0,0,0,0,0,0,0,0,0,0,0,0,0,0,0,0,0,0,0,0,0,0,0,0,0,0,0,0,0,0,0,0,0,0,0,0,0,0,0,0,0,0,0,0,0,0,0,0,0,0,0,0,0,0,0,0,0,0,0,0,0,0,0,0,0,0,0,0,0,0,0,0,0,0,0,0,0,0,0,0,0,0,0,0,0,0,0,0,0,252.881,0,0,0,0,0,0,0,0,4.10165,0,0,0,0,0,0,0,0,0,2.14731,0,0,4.31863,0,0,0,6.84954,37.1786,0,50.7648,0,122.372,115.176,0,47.3139,23.9096,225.555,0,263.812,0,0,0,0,0,0,1563.59,0,0,0,0,0,0,0,0,0,0,0,0,0,0,0,0,0,0,0,0,0,0,0,0,0,0,0,0,0,689.356,0,0,0,0,0,0,0,0,0,0,0,0,0,0,0,0,0,0,0,0,0,0,0,0,75.0077,0,0,0,0,0,85.3065,0,0,0,0,0,0,0,0,306.775,57.4379,0,0,0,0,0,0,0,0,0,0,0,45.3674,0,169.731,0,0,230.716,0,0,0,703.962,0,0,0,0,0,0,0,0,0,0,0,0,0,0,0,0,0,0,0,0,0,0,0,0,0,0,0,0,0,0,0,0,0,0,0,0,0,0,0,0,0,0,0,0,0,0,0,0,0,0,0,0,0,0,0,0,0,0,0,0,0,0,0,0,0,0,0,0,0,0,0,0,0,0,0,0,0,0,0,0,0,0,0,0,0,0,0,0,0,0
QN,Cu+2,2,xtb,-72.4874,8.83459,0,3.32858,0,4.28412,0,3.92751,15.4765,4.86719,0,22.9193,0,0,6.54518,0,0,0,0,4.04275,0,6.57205,0,4.08708,0,0,0,6.27022,0,6.44044,0,0,35.0541,0,28.4555,0,0,0,3.21902,11.226,0,0,18.2166,0,0,0,0,81.6022,0,0,28.6819,0,0,5.4749,0,0,0,20.2171,0,0,9.64975,0,0,0,0,82.0435,0,4.12617,0,0,0,0,0,16.425,0,0,0,0,27.2185,0,73.6674,0,0,101.314,0,0,119.386,0,9.52599,0,84.6815,0,0,133.129,0,36.7446,118.085,34.4952,0,0,27.5285,0,54.348,0,0,0,0,0,19.223,25.1694,0,0,0,0,16.6646,0,0,151.108,0,596.276,0,0,0,0,0,198.49,102.883,0,0,0,0,0,0,0,0,55.7664,0,0,281.817,0,37.3603,0,0,0,0,0,0,0,0,0,0,0,0,0,6.56944,0,0,0,0,0,14.651,0,0,0,1.79375,0,0,2.90811,0,0,0,71.0826,0,0,0,0,0,0,41.7736,0,0,0,0,0,0,0,0,6.4486,0,0,0,2.07415,0,0,0,0,0,1.96554,11.6888,0,23.6002,0,0,9.30135,0,0,0,15.9905,0,0,0,0,4.98643,0,0,0,0,0,157.566,0,0,0,8.98466,0,30.1218,0,1.89824,11.6135,0,5.2754,0,0,0,0,0,0,19.7476,0,0,0,0,0,2.57409,7.63125,0,0,0,0,2.55243,0,0,0,0,0,2.89743,182.475,0,15.9592,0,0,0,117.983,33.0557,0,0,90.6555,0,0,0,0,0,0,24.5862,0,0,0,0,0,0,0,0,0,0,298.248,0,17.7732,0,0,0,231.677,0,0,174.352,0,0,0,0,0,0,0,0,0,0,0,0,0,0,0,0,0,0,0,0,0,0,0,0,0,0,0,0,0,348.119,0,0,0,98.8592,0,0,409.923,0,0,812.453,0,0,0,0,0,0,0,0,0,0,0,0,0,0,0,0,0,0,0,0,0,0,0,0,0,0,0,0,0,0,0,0,0,0,0,0,0,0,0,0,0,0,0,0,0,0,0,0,0,0,0,0,0,0,0,0,0,0,0,0,0,0,0,0,0,0,0,0,0,0,0,0,0,0,0,0,0,0,0,0,0,0,0,0,0,0,0,0,0,0,0,0,0,0,0,0,0,0,0,0,0,0,0,0,0,0,0,0,0,0,0,0,0,0,0,0,0,0,0,0,0,0,0,0,0,0,0,0,0,0,0,0,0,0,0,0,0,0,0,0,0,0,0,0,0,0,0,0,0,0,0,0,0,0,0,0,0,0,0,0,0,0,0,0,0,0,0,0,0,0,0,0,0,0,0,0,0,0,0,0,0,0,0,0,0,0,0,0,0,0,0,0,0,0,0,0,0,0,0,0,0,0,0,0,0,0,0,0,0,0,0,0,0,0,0,0,0,0,0,0,0,0,0,0,0,0,0,0,11.8404,0,0,0,0,0,0,0,0,14.7964,0,0,0,0,0,0,0,0,0,0,0,0,0,0,0,0,17.5577,1.42645,3.48838,0,9.89606,24.2077,1.61882,0,0,0,0,0,0,0,0,0,0,0,0,0,0,0,0,0,0,0,0,0,0,0,0,0,0,0,0,0,0,0,0,0,0,0,0,0,0,0,0,0,0,0,0,0,0,0,0,0,0,0,0,0,0,0,0,0,0,0,0,379.419,0,0,0,0,0,0,0,0,0,0,0,0,0,0,0,0,0,108.416,30.2115,0,0,18.9584,0,0,0,0,47.9221,0,64.1261,85.8807,0,0,0,0,0,0,0,0,0,0,0,73.7288,0,0,0,0,0,0,0,0,63.3914,0,0,0,0,0,0,0,74.1995,0,0,0,0,0,0,0,0,0,0,0,0,0,0,0,0,0,0,0,0,0,0,0,0,0,0,0,0,0,0,0,0,0,0,0,0,0,0,0,0,0,0,0,0,0,0,0,0,0,0,0,0,0,0,0,0,0,0,0,0,0,0,0,0,0,0,0,0,0,0,0,0,0,0,0,0,0,0
QP,Cu+2,2,xtb,-73.2085,1.95446,6.65632,5.70267,0,0,0,5.97351,2.82005,0,6.32954,8.00256,0,2.90393,5.02893,10.432,0,0,0,0,2.36471,0,0,2.84119,0,0,2.65374,0,0,17.4242,0,0,13.489,0,0,33.6806,0,63.1981,0,7.11849,3.01667,1.60707,0,13.1589,0,0,10.9017,0,29.0316,0,0,4.19151,0,0,38.2754,0,0,0,0,0,39.2778,0,0,0,11.4575,0,60.6659,0,0,0,3.40069,0,0,0,0,0,63.8929,0,0,0,8.5459,0,25.741,0,0,0,0,7.38536,0,0,0,0,33.9021,0,112.47,0,8.78628,0,107.071,0,0,40.1857,139.198,70.1221,0,0,170.644,0,0,158.012,116.169,349.06,0,0,0,0,5.20101,0,0,133.696,0,0,0,0,0,0,97.1573,50.744,0,0,0,284.861,0,27.3637,0,0,0,0,0,0,0,0,0,0,0,0,0,0,0,5.12325,0,0,0,0,0.82198,0,0,0,0,0,0,0,0,0,0,9.93523,7.83231,0,0,7.8053,0,0,0,0,0,9.10599,0,3.44737,0,0,0,0,0,34.3443,0,0,0,0,22.0112,4.17081,0,0,0,33.6967,0,0,30.4226,0,0,8.87461,0,0,0,0,0,9.51965,0.76888,0,0,2.621,125.631,1.95997,0,3.71765,0,0,0,0,20.8181,0,0,0,0,0,1.62185,12.0965,0,0,23.3322,0,29.4011,0,0,0,0,1.51027,30.2921,60.2716,0,0,0,39.878,0,0,0,0,0,435.879,32.2319,0,0,0,19.4545,0,4.31622,0,0,0,0,0,0,0,12.8055,0,45.1456,0,0,0,0,0,0,0,0,0,0,63.2108,22.414,0,0,0,0,30.2025,0,123.81,153.035,0,7.70127,216.49,0,113.467,0,0,141.215,0,0,0,0,0,0,0,0,0,0,0,0,0,0,0,0,0,0,0,0,0,697.867,0,0,0,0,640.443,0,0,0,0,0,0,0,0,0,0,0,0,0,0,0,0,0,0,0,0,0,407.473,0,0,0,0,0,0,0,0,0,0,0,0,0,0,0,0,0,0,0,0,0,0,0,0,0,0,0,0,0,0,0,0,0,0,0,0,0,0,0,0,0,0,0,0,0,0,0,0,0,0,0,0,0,0,0,0,0,0,0,0,0,0,0,0,0,0,0,0,0,0,0,0,0,0,0,0,0,0,0,0,0,0,0,0,0,0,0,0,0,0,0,0,0,0,0,0,0,0,0,0,0,0,0,0,0,0,0,0,0,0,0,0,0,0,0,0,0,0,0,0,0,0,0,0,0,0,0,0,0,0,0,0,0,0,0,0,0,0,0,0,0,0,0,0,0,0,0,0,0,0,0,0,0,0,0,0,0,0,0,0,0,0,0,0,0,0,0,0,0,0,0,0,0,0,0,0,0,0,0,0,0,0,0,0,0,0,0,0,0,0,0,0,0,0,0,0,0,0,0,0,0,0,0,0,0,0,0,0,0,0,0,0,0,0,0,0,0,0,0,0,0,0,0,0,0,0,0,0,0,0,0,0,0,4.66465,0,0,0,5.99111,0,0,0,0,0,1.06169,5.8788,0,0,0,4.97513,0,0,4.02431,1.00202,14.3027,0,0,0,3.18993,0,0,0.09263,0,0,0,0,0,0,0,0,0,0,0,0,0,0,0,0,0,0,0,0,0,0,0,0,0,0,0,0,0,0,0,0,0,0,0,0,0,0,0,0,0,0,0,0,0,0,0,0,334.3,0,0,0,0,0,0,0,0,0,0,0,0,0,0,26.6567,0,0,0,0,27.2949,0,0,0,0,0,141.072,0,0,92.5651,0,0,0,0,0,0,0,0,57.977,0,0,0,90.3324,0,0,0,65.6164,0,0,90.0145,0,0,0,0,0,71.45,105.74,0,0,0,0,0,0,0,0,0,0,0,0,0,0,0,0,0,0,0,0,0,0,0,0,0,0,0,0,0,0,0,0,0,0,0,0,0,0,0,0,0,0,0,0,0,0,0,0,0,0,0,0,0,0,0,0,0,0,0,0,0,0,0,0,0,0,0,0,0,0,0,0,0,0,0,0,0,0,0,0,0,0,0,0
QP,none,2,xtb,-59.9404,27.7147,5.12264,0,0,2.18903,5.14852,0,0,11.0487,11.077,0,0,0,2.70684,0,5.08794,0,3.56231,0,0,0,1.42,0,0,0,0,0,0,1.39928,4.9098,0,0,0,0,0,0,0,0,0,30.8226,0,0,0,0.14825,24.4619,0,0,0,0,8.05512,0,0,0,0,0,51.888,0,0,2.1661,0,0,0,0,0,0,0,48.6332,0,0,12.9065,3.98858,0,59.7152,0,227.865,0,0,0,0,0,0,0,0,0,0,24.1627,0,0,0,3.96496,0,0,0,0,0,29.9206,0,0,19.1386,80.2432,0,0,0,0,0,181.751,68.3888,0,0,0,0,0,108.685,0,0,0,12.5368,0,0,0,0,0,0,0,0,0,0,0,0,167.635,0,0,0,0,103.195,0,0,0,0,0,0,0,0,0,0,5.24041,0,0,8.4882,0,0,0,0,10.8689,0,0,0,0,0,0,0,6.61985,0,0,0,0,0,3.14649,0,0,0,12.516,0,0,0,12.552,0,0,0,134.892,21.0661,0,0,0,0,0,0,0,0,0,0,77.9157,0,0,21.7395,0,0,44.9282,79.7433,0,0,0,42.5005,31.9196,0,0,30.4047,45.9031,0,0,0,31.8295,0,201.327,0,0,60.9552,0,0,10.7682,0,0,32.1405,99.5673,0,0,0,3.53161,0,0,0,0,0,0,0,0,0,59.7472,0,0,52.0631,0,161.76,0,0,27.7944,0,0,464.338,0,0,0,93.4266,0,2.28716,0,0,26.7264,0,0,0,0,1.15256,0,0,0,0,0,0,0,0,10.2193,0,0,0,0,0,0,0,4.57266,54.5755,0,0,18.0853,0,122.574,12.0047,3.55626,0,2.19615,0,0,0,0,0,0,0,0,0,0,46.4042,0,0,0,0,0,0,0,0,0,0,0,0,0,0,0,0,0,0,0,0,0,0,0,0,0,0,0,0,0,0,0,0,0,0,72.8516,0,0,0,0,0,0,0,0,0,0,0,0,0,439.729,669.688,0,0,0,0,0,0,0,0,0,0,0,0,0,0,0,0,0,0,0,0,0,0,0,0,0,0,0,0,0,0,0,0,0,0,0,0,0,0,0,0,0,0,0,0,0,0,0,0,0,0,0,0,0,0,0,0,0,0,0,0,0,0,0,0,0,0,0,0,0,0,0,0,0,0,0,0,0,0,0,0,0,0,0,0,0,0,0,0,0,0,0,0,0,0,0,0,0,0,0,0,0,0,0,0,0,0,0,0,0,0,0,0,0,0,0,0,0,0,0,0,0,0,0,0,0,0,0,0,0,0,0,0,0,0,0,0,0,0,0,0,0,0,0,0,0,0,0,0,0,0,0,0,0,0,0,0,0,0,0,0,0,0,0,0,0,0,0,0,0,0,0,0,0,0,0,0,0,0,0,0,0,0,0,0,0,0,0,0,0,0,0,0,0,0,0,0,0,0,0,0,0,0,0,0,0,0,0,0,0,0,0,0,0,0,0,0,0,0,0,0,0,0,54.5302,0,0,0,0,0,0,0,52.0609,0,0,0,0,0,21.197,0,0,46.1461,0,0,0,50.8719,0,22.7142,0,0,0,0,0,3.83612,0,0,0,0,0,18.9607,0,0,0,0,0,0,0,0,0,0,0,0,0,0,0,0,0,0,0,0,0,0,0,0,0,0,0,0,0,0,0,0,0,0,0,0,0,0,0,0,0,0,0,0,0,0,0,0,0,0,0,0,0,0,0,10.9822,0,0,9.56442,0,0,0,0,0,0,0,3.40055,0,0,0,0,0,33.3906,18.5162,0,0,0,0,0,0,0,23.7687,22.7426,0,0,0,19.1832,0,0,0,0,0,0,0,0,0,0,0,0,0,0,0,0,0,0,0,0,0,0,0,0,0,0,0,0,0,0,0,0,0,0,0,0,0,0,0,0,0,0,0,0,0,0,0,0,0,0,0,0,0,0,0,0,0,0,0,0,0,0,0,0,0,0,0,0,0,0,0,0,0,0,0,0,0,0,0,0,0,0,0,0,0,0,0,0,0,0,0,0,0,0,0
QY,Zn+2,2,xtb,-83.4639,14.7559,1.98141,0,0,22.3767,0,0,0.98921,0.21981,7.14296,0,0,3.29011,10.7139,0,0,4.12742,0,15.5756,0,0,2.61467,13.166,6.68753,0,10.7453,0,18.9044,12.646,0,0,42.4149,0,0,13.2607,41.9875,0,0,3.2379,47.962,0,0,3.72374,0,0,0,0,4.7976,0,0,0,54.2565,8.15138,0,11.0399,0,17.4498,0,0,0,0,50.8878,0,0,15.855,0,12.1664,15.3153,0,2.96748,0,0,0,25.3647,0,0,27.0245,0,0,0,184.919,9.16333,0,0,13.7161,0,0,172.854,254.684,0,0,101.525,0,20.0806,451.338,0,19.3022,80.4207,0,0,0,0,0,60.1872,0,0,0,0,55.6541,0,113.738,67.0477,0,0,4.21891,0,91.1248,8.62834,0,0,0,134.655,0,0,0,0,0,88.4842,0,32.364,0,0,0,0,0,0,0,0,24.9015,0,0,0,0,23.9084,0,0,0,245.948,0,0,30.0497,0,0,0,9.73848,0,0,0.9351,0,0,0,1.72352,2.69266,0,0,0,11.0655,0,0,0,0,0,8.13838,0,0,0.59878,0,116.658,0,86.4564,0,0,0,0,0,0,0,8.41895,0,0,0,1.57405,0,14.2789,0,11.117,0,0,0,6.32508,0,0,0,0,1.89087,0,0,0,0,0,0,5.66226,0,1.08475,0,41.8848,0,179.605,0,0,0,17.3928,15.5313,0,0,0,48.2426,0,5.35617,14.4043,0,0,28.5922,0,0,24.7877,51.067,0,0,0,0,0,0,4.31563,7.73376,59.2526,0,171.567,0,0,0,8.36199,12.543,21.4716,0,3.59237,0,0,30.3599,0,17.3484,0,0,0,0,0,0,0,0,0,0,0,0,0,3.24318,37.5926,176.773,0,0,0,0,148.768,9.72388,0,0,0,0,245.496,270.686,0,113.773,0,0,0,0,0,0,0,0,0,0,52.7792,0,5.05208,0,0,0,0,0,0,0,63.6129,0,0,0,0,0,0,547.655,0,0,0,0,0,0,0,0,0,0,0,0,521.934,0,0,0,0,0,0,0,0,0,0,0,0,0,0,0,0,424.58,0,0,0,0,0,0,0,0,0,0,0,0,0,0,0,0,0,0,0,0,0,0,0,0,0,0,0,0,0,0,0,0,0,0,0,0,0,0,0,0,0,0,0,0,0,0,0,0,0,0,0,0,0,0,0,0,0,0,0,0,0,0,0,0,0,0,0,0,0,0,0,0,0,0,0,0,0,0,0,0,0,0,0,0,0,0,0,0,0,0,0,0,0,0,0,0,0,0,0,0,0,0,0,0,0,0,0,0,0,0,0,0,0,0,0,0,0,0,0,0,0,0,0,0,0,0,0,0,0,0,0,0,0,0,0,0,0,0,0,0,0,0,0,0,0,0,0,0,0,0,0,0,0,0,0,0,0,0,0,0,0,0,0,0,0,0,0,0,0,0,0,0,0,0,0,0,0,0,0,0,0,0,0,0,0,0,0,0,0,0,0,0,0,0,0,0,0,0,0,0,0,0,0,0,0,0,0,0,0,0,0,0,0,0,0,0,0,0,0,0,0,0,10.219,0,0,18.6002,0,0,0,45.5208,0,0,7.88706,0,898.405,0,0,0,0,30.0756,0,0,0,0,0,0,5.83136,0,0,73.3515,0,0,0,1.72359,25.5985,0,0,0,40.9744,0,17.301,0,0,0,0,0,0,0,0,0,0,0,0,0,0,0,0,0,0,0,0,0,0,0,0,0,0,0,0,0,0,0,0,0,0,0,0,0,0,0,0,0,0,0,0,0,0,0,0,0,0,92.3398,0,0,0,0,0,0,0,0,6.98013,0,0,0,0,0,0,0,53.7317,0,44.9782,0,0,0,0,0,0,0,0,0,0,0,0,0,0,35.0057,0,0,64.9996,0,83.7993,0,0,0,0,70.0037,88.2707,0,0,0,0,0,0,0,0,0,0,0,0,0,0,0,0,0,0,0,0,0,0,0,0,0,0,0,0,0,0,0,0,0,0,0,0,0,0,0,0,0,0,0,0,0,0,0,0,0,0,0,0,0,0,0,0,0,0,0,0,0,0,0,0,0,0,0,0,0,0,0,0,0,0,0,0,0,0,0,0,0,0,0,0,0
RA,Ni+2,2,xtb,-84.9049,16.8565,0.69766,0.92137,0,2.53217,1.63976,0,0,7.89305,0,1.49877,5.81907,1.71099,7.91321,0,9.77247,14.4662,9.45921,5.53172,0,2.89236,0,0,9.36551,0,1.95164,0,5.11049,0,6.8539,0,0.91476,28.8756,0,0,4.44888,0,45.8138,0,4.86885,0.73285,22.2404,0,3.5294,0,27.7474,0,0,10.725,6.45996,0,0,22.561,29.4337,2.36779,0,27.3295,0,0,0,133.54,0,3.29175,0,12.7639,9.25162,0,216.24,59.5825,0,0,0,39.514,0,0,0,49.3199,12.6646,69.7808,0,97.5746,0,0,0,139.576,0,38.273,0,0,18.0318,0,8.50965,53.7836,0,283.358,0,0,0,0,0,179.641,351.075,0,129.895,59.2616,0,40.0963,0,0,0,0,159.573,0,293.742,0,0,0,326.398,0,0,0,0,0,35.4217,2.75157,0,0,0,0,0,112.298,0,0,0,0,1088.66,0,0,0,0,0,128.736,0,0,0,0,0,270.367,0,0,0,0,0,0,25.5859,0,0,6.56302,0,0,0,0,14.1029,0,0,0,0,0,0,0,0,0,0,0,0,31.1515,0,3.32086,0,0,0,0,0,13.3476,0,0,0,0,0,0,49.7899,0,0,222.066,0,2.84364,0,0,0.63666,0,0,0,0,0,1.78693,0,3.67202,0,0,0,538.587,0,31.3331,0,0,0,0.37831,0,0,0,0,28.4838,39.5979,0,14.0438,0,0,0,0,0,0,0,0,0,11.2296,0,0,0,0,0,36.7994,6.64145,0,0,8.92531,0,0,0,0,0,0,0,20.2287,130.27,0,0,0,321.115,0,8.24596,0,0.35752,4.03587,0,0,0,0,0,0,0,12.3447,0,18.2186,0,89.7637,0,0,0,0,0,0,21.2099,2.5632,8.89311,14.2546,57.5186,41.3834,0,0,0,253.924,0,76.9481,0,221.523,93.1417,45.478,0,0,101.097,0,0,0,0,63.1849,0,0,0,0,465.582,0,0,0,0,664.145,0,0,508.353,0,0,0,0,0,0,0,0,0,0,0,0,0,0,0,0,0,0,0,0,0,0,0,0,0,0,0,0,0,0,0,0,0,0,0,0,0,0,0,0,0,0,0,0,0,0,0,0,0,0,0,0,0,0,0,0,0,0,0,0,0,0,0,0,0,0,0,0,0,0,0,0,0,0,0,0,0,0,0,0,0,0,0,0,0,0,0,0,0,0,0,0,0,0,0,0,0,0,0,0,0,0,0,0,0,0,0,0,0,0,0,0,0,0,0,0,0,0,0,0,0,0,0,0,0,0,0,0,0,0,0,0,0,0,0,0,0,0,0,0,0,0,0,0,0,0,0,0,0,0,0,0,0,0,0,0,0,0,0,0,0,0,0,0,0,0,0,0,0,0,0,0,0,0,0,0,0,0,0,0,0,0,0,0,0,0,0,0,0,0,0,0,0,0,0,0,0,0,0,0,0,0,0,0,0,0,0,0,0,0,0,0,0,0,0,0,0,0,0,0,0,0,0,0,0,0,0,0,0,0,0,0,0,0,0,0,0,0,0,0,0,0,0,0,0,0,0,0,0,0,0,6.70666,0,0,0,0,0,0,0,32.9772,0,13.9058,0,0,0,28.6908,0,0,45.8618,9.60425,494.262,285.636,0,0,0,20.3004,0,6.26783,0,0,0,11.1712,0,0,0,0,0,0,0,0,0,0,0,0,0,0,0,0,0,0,0,0,204.98,0,0,0,0,0,0,0,0,0,0,312.579,0,0,0,0,0,0,0,0,0,0,0,0,0,0,0,0,0,0,0,0,0,0,0,0,0,160.914,58.6374,0,0,0,0,1.66794,0,0,0,0,1.25794,0,0,0,0,0,0,0,0,0,0,0,28.2521,0,0,0,94.3151,85.3208,0,0,32.9413,0,0,0,73.3244,0,0,0,0,0,0,0,0,0,0,51.6523,0,0,0,35.8771,31.9152,0,0,0,0,0,0,0,6.9424,0,43.1345,0,0,10.5884,0,0,0,0,0,0,0,0,0,0,0,0,0,0,0,0,0,0,0,0,0,0,0,0,0,0,0,0,0,0,0,0,0,0,0,0,0,0,0,0,0,0,0,0,0,0,0,0,0,0,0,0,0,0,0,0,0,0,0,0,0,0,0,0,0,0,0,0,0
RC,Cu+2,2,xtb,-77.0632,4.49825,0.3874,2.36871,0,4.54302,2.14638,0,4.68985,3.07965,0,2.48151,0,3.98106,6.02364,0,11.3364,0,1.13676,0,0.36898,0,0,0,2.56638,0.91646,0,0,0,5.46292,0,0,0,0,0,0,36.597,0,27.4489,0,0,0,12.2242,0,18.9274,0,15.34,0,41.8646,0,5.69795,20.6528,0,0,15.9293,0,0,62.7914,58.7137,47.1447,0,0,0,0,0,3.12594,0,0,263.536,0,0,0,0,10.2879,0,3.81509,0,0,185.028,0,19.219,19.694,0,0,0,0,10.5654,0,31.8622,0,0,0,0,0,0,55.4076,0,0,0,0,0,197.942,37.2734,0,0,0,70.7465,535.782,49.5853,0,0,5.81254,0,0,0,0,40.4426,82.6479,0,0,0,77.5315,0,0,0,0,0,0,55.8839,0,88.194,0,0,0,0,15.2575,0,0,0,0,39.8676,0,0,39.0824,0,0,21.8958,0,0,0,0,0,0,0,4.31468,0,452.584,0,0,0,4.36346,0,0,14.5099,0,0,0,0,0,0,0,162.342,14.9491,0,0,61.1725,0,0,61.9104,0,0,0,0,0,0,0,0,44.1425,0,0,0,0,0,11.898,0,1.58941,0,0,0,0,0,0.50863,0,18.0862,0,0,2.57614,0,0,0,0,0,7.24029,0,0,7.62997,0,0,0,240.627,0,14.5397,0,0,0,13.9722,0,0,11.0845,0,0,0,32.1259,0,0,0,22.192,23.5315,0,0,0,0,0,72.1092,15.8498,3.56927,0,1.05573,0,0,0,11.9069,0,0,23.9813,46.7984,0,0,0,0,8.17062,0,0,3.72303,0,0,0,0,0,0,0,16.8643,0,0,0,0,118.89,0,0,0,6.00517,0,0,0,0,31.2112,178.248,0,0.52495,87.3508,0,0,0,0,44.9384,0,0,692.114,0,0,43.488,0,0,0,0,0,0,0,0,0,0,0,0,0,0,0,0,0,763.052,0,0,0,0,374.435,0,0,0,0,0,0,0,0,0,0,0,0,0,0,0,0,0,0,0,0,0,0,0,0,0,0,0,0,0,328.691,0,0,0,0,0,0,0,0,0,0,0,0,0,0,0,0,0,0,0,0,0,0,0,0,0,0,0,0,0,0,0,0,0,0,0,0,0,0,0,0,0,0,0,0,0,0,0,0,0,0,0,0,0,0,0,0,0,0,0,0,0,0,0,0,0,0,0,0,0,0,0,0,0,0,0,0,0,0,0,0,0,0,0,0,0,0,0,0,0,0,0,0,0,0,0,0,0,0,0,0,0,0,0,0,0,0,0,0,0,0,0,0,0,0,0,0,0,0,0,0,0,0,0,0,0,0,0,0,0,0,0,0,0,0,0,0,0,0,0,0,0,0,0,0,0,0,0,0,0,0,0,0,0,0,0,0,0,0,0,0,0,0,0,0,0,0,0,0,0,0,0,0,0,0,0,0,0,0,0,0,0,0,0,0,0,0,0,0,0,0,0,0,0,0,0,0,0,0,0,0,0,0,0,617.175,0,0,0,0,0,0,0,0,0,0,0,0,0,0,5.64662,0,0,0,0,0,2595.22,18.0917,0,0,0,0,12.1965,2.52062,0,20.3783,61.984,4.41772,3.34175,32.695,0,0,0,0,16.4923,0,0,0,0,0,0,0,0,0,0,0,0,0,0,0,0,0,0,0,0,0,0,0,0,0,0,0,0,0,0,0,0,0,0,0,0,0,0,0,0,0,0,0,0,175.297,0,0,0,0,0,0,0,0,0,0,0,0,0,0,0,0,0,0,0,0,0,0,0,0,0,0,0,0,0,6.37971,0,5.05389,0,0,0,70.4458,0,0.18007,0,0,0,0,0,0,0,10.1027,18.8169,0,0,0,0,0,0,0,0,0,0,0,11.8637,30.3378,0,0,85.3975,0,0,0,0,34.481,0,0,0,48.6209,0,0,0,0,0,0,0,0,0,0,0,0,0,0,0,0,0,0,0,0,0,0,0,0,0,0,0,0,0,0,0,0,0,0,0,0,0,0,0,0,0,0,0,0,0,0,0,0,0,0,0,0,0,0,0,0,0,0,0,0,0,0,0,0,0,0,0,0,0,0,0,0,0,0,0,0,0,0
RG,Co+2,2,xtb,-80.5913,17.2924,0.55103,0,0.57479,0,9.2942,0,0,1.75211,6.41733,0.559,0,3.6659,5.15623,0,20.1732,0,0,14.4612,0,5.42699,3.26951,25.7158,0,16.1135,0,5.55329,0,37.1091,0,29.3077,45.7204,5.21158,63.6185,0,0,0,31.8512,0,29.0029,0,32.5271,0,185.42,18.8513,13.3265,0,16.7576,0,0,0,0,31.0339,0,0,60.2574,21.3172,0,152.441,79.8488,40.3896,0,0,38.4632,0,30.1937,0,0,0,0,15.0246,0,143.175,0,0,2.79304,0,204.339,0,0,0,14.0693,0,22.0015,0,11.2122,0,11.3886,0,0,78.8156,0,22.3237,0,0,0,127.608,0,0,0,0,0,144.08,0,104.344,30.4071,0,0,0,51.4249,0,0,267.568,0,321.023,0,0,0,0,0,416.963,0,0,17.3851,0,102.443,0,0,0,0,0,0,0,0,0,0,0,0,67.1292,0,0,0,0,0,0,0,0,0,0,0,0,0,0,11.697,0,0,0,0,73.0614,121.328,0,0,0,0,0,187.066,0,0,0,0,0,402.266,0,0,0,0,2.73779,0,29.6489,0,0,14.3199,0,0,0,0,17.8356,0,0,0,0,0,5.73731,0,0,0,43.9021,3.29338,0,11.7872,0,0,0,0,60.1632,0,0,1.2044,0,0,0,0,29.1669,0,0,3.11413,0,0,11.6054,0,10.974,10.2021,0,0,0,0,0,0,0,1.98171,0,0,0,0,5.55203,73.2965,0,0,0,12.4809,0,0,0,0,4.05762,0,0,0,0.79964,4.44931,0,345.117,0,0,0,155.01,0,0,0,0,5.34742,12.5959,0,0,0,0,0,0,0,0,0,0,0,24.9822,0,0,0,18.8972,0,0,0,10.7301,19.5874,11.1845,7.58467,0,0,0,203.536,128.412,0,111.668,124.402,0,151.498,0,0,0,0,0,0,0,0,0,578.219,0,0,0,0,0,0,0,0,0,0,0,0,601.849,0,0,0,0,0,0,0,0,0,0,321.432,0,1115.15,0,0,0,0,0,0,0,0,0,0,0,0,0,0,0,0,0,0,0,0,0,0,0,0,0,0,0,0,0,0,0,0,0,0,0,0,0,0,0,0,0,0,0,0,0,0,0,0,0,0,0,0,0,0,0,0,0,0,0,0,0,0,0,0,0,0,0,0,0,0,0,0,0,0,0,0,0,0,0,0,0,0,0,0,0,0,0,0,0,0,0,0,0,0,0,0,0,0,0,0,0,0,0,0,0,0,0,0,0,0,0,0,0,0,0,0,0,0,0,0,0,0,0,0,0,0,0,0,0,0,0,0,0,0,0,0,0,0,0,0,0,0,0,0,0,0,0,0,0,0,0,0,0,0,0,0,0,0,0,0,0,0,0,0,0,0,0,0,0,0,0,0,0,0,0,0,0,0,0,0,0,0,0,0,0,0,0,0,0,0,0,0,0,0,0,0,0,0,0,0,0,0,0,0,0,0,0,0,0,0,0,0,0,3046.99,0,0,0,0,0,0,0,0,0,0,0,0,0,0,113.243,0,0,0,0,0,0,0,0,0,0,0,0,0,0,0,32.791,0,48.0965,0,12.1554,0,0,26.5887,0,0,17.1545,0,47.9047,0,0,9.79703,0,118.328,42.4426,0,0,0,0,0,0,0,0,0,0,0,0,0,0,0,0,0,0,0,0,0,0,0,0,0,0,0,0,0,0,0,0,0,0,0,0,0,0,0,0,0,0,0,0,0,0,0,0,0,0,0,0,131.597,0,0,0,0,0,0,0,0,0,0,0,0,0,0,109.489,0,12.6005,0,0,0,0,0,0,0,0,0,0,0,0,20.3822,0,0,0,0,0,0,0,0,0,0,0,0,51.7198,0,0,45.0792,0,142.073,0,69.5665,0,0,0,0,33.6552,0,0,0,0,71.7018,0,0,65.5382,0,0,27.8346,0,0,34.9696,21.7401,0,0,0,0,0,0,0,0,0,0,0,0,0,0,0,0,0,0,0,0,0,0,0,0,0,0,0,0,0,0,0,0,0,0,0,0,0,0,0,0,0,0,0,0,0,0,0,0,0,0,0,0,0,0,0,0,0,0,0,0,0,0,0,0,0,0,0,0,0,0,0,0,0,0
RG,Ni+2,2,xtb,-81.7523,12.4137,0,5.87846,0,0,4.50436,0,5.63492,0,1.68461,0,0,0,8.43909,2.42919,0,5.54629,1.17773,0,3.77991,9.44346,20.9812,0,0,16.065,0,7.96949,10.3898,5.51206,0,0,8.9983,7.24168,0,16.4581,15.7969,0,0,0,26.264,0,17.0306,17.2701,0,0,0,5.3446,27.8245,0,40.5712,0,0,43.7715,0,12.2067,0,29.8741,0,0,136.628,89.9932,0,110.562,0,0,0,84.6387,15.9466,0,62.1647,4.79352,0,0,19.3953,0,23.6316,105.603,67.8347,0,0,9.53403,62.6851,0,0,161.822,290.056,0,11.9592,65.4269,0,69.117,0,0,0,0,0,0,0,0,34.5567,681.14,0,426.268,0,0,0,0,33.3204,50.731,0,0,57.0709,63.6978,0,0,0,0,0,0,0,0,82.5028,0,0,0,648.465,50.5222,0,0,272.37,0,0,0,0,0,39.5073,0,0,0,0,0,4.61557,0,0,0,0,0,0,0,0,0,0,0,0,112.129,0,0,0,314.499,4.19131,0,0,0,0.97092,0,0,0,0,14.0527,0,0,0,0,307.193,0,0,27.9012,0,0,0,0,0,0,14.4169,0,0,4.11948,0,0,0,0,0,96.6619,0,156.512,0,0,0,0,0,0,0,0,12.7683,9.59929,0,0,0,22.7034,0,0,14.0326,0,0,0,0,0,0,150.662,0,0,7.49861,0,25.0424,0,0,22.2973,0,37.1287,0,0,0,137.058,0,0,0,0,0,3.9334,0,0,0,0.77623,0,0,0,0,0,0,7.8589,0,0,313.577,0,0,0,0,0,0,13.7622,0,0,58.6911,0,0,5.75304,0,0,0,37.6621,0,31.0883,22.6398,0,0,0,0,0,0,0,0,0,0,19.4807,3.55252,0,40.607,0,200.806,115.053,0,0,0,290.115,0,9.20417,0,141.941,0,0,0,0,394.254,0,0,0,0,387.789,0,0,0,0,0,0,619.465,0,0,0,0,0,0,0,0,0,0,0,0,0,0,0,0,0,0,0,0,0,0,0,0,0,0,0,0,0,0,437.101,0,0,0,0,0,0,0,0,0,0,0,0,0,0,0,0,0,0,0,0,0,0,0,0,0,0,0,0,0,0,0,0,0,0,0,0,0,0,0,0,0,0,0,0,0,0,0,0,0,0,0,0,0,0,0,0,0,0,0,0,0,0,0,0,0,0,0,0,0,0,0,0,0,0,0,0,0,0,0,0,0,0,0,0,0,0,0,0,0,0,0,0,0,0,0,0,0,0,0,0,0,0,0,0,0,0,0,0,0,0,0,0,0,0,0,0,0,0,0,0,0,0,0,0,0,0,0,0,0,0,0,0,0,0,0,0,0,0,0,0,0,0,0,0,0,0,0,0,0,0,0,0,0,0,0,0,0,0,0,0,0,0,0,0,0,0,0,0,0,0,0,0,0,0,0,0,0,0,0,0,0,0,0,0,0,0,0,0,0,0,0,0,0,0,1647.97,0,0,0,0,0,0,0,0,0,0,0,0,0,0,0,0,0,0,0,0,0,4.31267,0,0,0,0,0,0,0,0,0,0,18.6943,0,0,12.6903,0,0,0,0,0,0,4.7412,36.2299,0,7.70796,0,22.6573,0,30.5932,0,0,0,296.879,0,0,0,0,0,0,0,0,7.00152,0,0,0,0,0,0,0,0,0,0,0,0,0,0,234.711,0,0,0,0,0,0,0,0,0,0,0,0,0,0,0,0,0,0,0,0,0,0,0,0,0,0,0,415.071,0,0,167.809,0,0,0,0,119.685,0,0,0,0,0,0,0,0,0,0,0,0,0,0,0,0,0,0,0,0,0,0,0,5.99659,0,0,0,0,0,0,0,0,26.803,0,0,48.7375,0,0,0,0,0,0,0,81.0524,0,0,38.606,61.2273,64.6418,0,79.3581,0,0,0,0,0,0,0,60.4363,0,0,58.9834,0,0,0,0,0,0,0,0,0,0,0,0,0,0,0,0,0,0,0,0,0,0,0,0,0,0,0,0,0,0,0,0,0,0,0,0,0,0,0,0,0,0,0,0,0,0,0,0,0,0,0,0,0,0,0,0,0,0,0,0,0,0,0,0,0,0,0,0,0,0,0,0,0,0
RI,Co+2,2,xtb,-93.2062,17.1108,0,2.20695,0,0.70105,2.40978,3.93241,0,0.3814,0.35604,0.92015,1.19024,0.59537,0,4.43872,0,6.19528,2.56139,6.65141,8.36643,9.5103,0,0,0.25916,5.96265,0.96211,0,5.27123,0,0,13.6779,2.32803,34.2984,0,0,0,24.2328,10.2069,0,18.1353,9.4701,5.41348,8.70222,0,0,12.6935,10.4305,24.3677,0,98.6623,2.2255,0,0,42.5558,0,0,27.9806,0,0,61.7176,0,0,68.3767,9.42539,150.982,0,0,53.84,0,3.72968,0,0,198.558,0,0,0,15.9866,0,92.7909,0,0,32.1704,0,0,83.8446,0,142.702,0,0,0,6.43484,0,0,11.7389,0,0,0,0,0,105.949,111.346,237.25,0,0,151.417,0,50.5866,0,0,0,227.84,70.6355,0,0,33.4144,0,13.7221,0,0,96.3611,0,0,0,112.365,0,227.524,0,0,67.2501,0,0,0,0,0,0,0,0,430.854,0,0,0,0,341.448,0,0,0,0,0,34.1634,0,0,0,0,8.98147,1.49316,0,0,0,0,0,0,0,0,23.0349,0,0,0,0,159.064,0,33.9378,0,0,8.88183,0,0,0,0,0,16.9403,0,0,0,0,0,8.63091,0,0,52.77,1.98459,0,36.7577,0,0,0,0,5.25472,0,16.0142,0,26.0026,9.07174,0,64.9792,0,0,3.78465,0,16.5298,0,32.6915,21.8512,0,6.46545,0,0,0,110.912,11.2668,0,0,0,17.945,0,0,1.22434,0,0,4.12515,0,0,6.38044,0,0,0,0,0,3.5551,0,0,4.97915,0,0,6.32322,2.8678,0,3.91404,36.2041,3.16735,19.699,0,0,151.979,85.5795,0,0,0,0,0,26.6457,0,3.07782,0.92373,0,0,0,0,0,0,0,0,0,0,34.9888,9.91262,0,0,0,0,0,0,12.9922,0,0,0.55326,8.31614,101.288,0.78231,159.195,124.421,0,136.62,396.817,0,0,0,0,0,0,0,0,0,0,0,0,0,503.894,0,0,0,0,0,697.645,0,0,0,0,0,0,280.966,0,0,0,499.775,0,0,0,0,0,0,0,0,0,0,0,0,0,0,0,0,0,0,0,0,0,0,0,0,0,0,0,0,0,0,0,0,0,0,0,0,0,0,0,0,0,0,0,0,0,0,0,0,0,0,0,0,0,0,0,0,0,0,0,0,0,0,0,0,0,0,0,0,0,0,0,0,0,0,0,0,0,0,0,0,0,0,0,0,0,0,0,0,0,0,0,0,0,0,0,0,0,0,0,0,0,0,0,0,0,0,0,0,0,0,0,0,0,0,0,0,0,0,0,0,0,0,0,0,0,0,0,0,0,0,0,0,0,0,0,0,0,0,0,0,0,0,0,0,0,0,0,0,0,0,0,0,0,0,0,0,0,0,0,0,0,0,0,0,0,0,0,0,0,0,0,0,0,0,0,0,0,0,0,0,0,0,0,0,0,0,0,0,0,0,0,0,0,0,0,0,0,2996.66,0,0,0,0,0,0,0,0,0,0,0,0,0,0,0,0,0,0,0,0,0,0,0,0,0,0,0,0,0,0,0,0,0,0,0,0,0,0,0,0,0,0,19.7512,0,0,0,0,0,0,55.3864,0,0,0,0,0,0,0,0,0,5.15723,0,43.6227,0,12.9251,0,0,4.81815,0,19.5086,0,24.6695,24.9251,9.36358,0,38.9266,53.6815,0,0,0,15.936,22.0845,25.9198,0,11.9789,0,0,0,0,0,0,0,0,0,0,0,0,0,0,0,322.088,0,0,0,0,0,0,0,0,0,0,0,0,0,0,0,0,0,0,0,681.641,0,0,0,0,0,0,0,0,0,0,0,0,22.5504,0,0,0,0,0,0,291.679,0,0,21.381,0,0,0,0,0,0,0,32.6935,0,0,0,467.287,0,0,0,34.5653,0,0,0,0,0,87.5675,0,0,0,0,34.2286,0,0,0,0,0,52.1697,0,0,0,0,0,0,0,0,42.5279,43.8088,86.9379,0,0,13.3928,0,90.748,0,0,0,0,0,0,0,0,0,0,0,0,0,0,0,0,0,0,0,0,0,0,0,0,0,0,0,0,0,0,0,0,0,0,0,0,0,0,0,0,0,0,0,0,0,0,0,0,0,0,0,0,0,0,0,0,0,0,0,0,0,0,0,0,0,0,0,0,0,0,0,0,0,0,0,0,0
RR,Zn+2,2,xtb,-84.1316,13.7948,0,2.03832,0,0.40738,2.24756,0,1.16318,0,8.45289,0,0,4.91393,0,0,0,1.34679,0,0,17.1169,0,3.23846,0,2.15049,0,0,8.7254,0,15.0533,0,2.79916,0,0,13.6636,0,3.26787,0,54.8721,0,0,0,14.7767,0,0,12.3827,4.93072,0,0,0,45.1426,0,14.1092,0,36.4238,0,0,49.9788,68.0216,202.325,4.18486,0,11.3239,0,101.78,0,0,0,8.22999,87.0176,0,3.48876,0,20.7057,0,0,201.495,0,0,13.7522,0,0,0,0,27.1577,55.5187,190.163,0,93.1029,0,0,9.43186,0,16.5804,0,11.3404,0,0,0,0,0,0,5.58445,0,0,0,4.27311,0,0,0,0,11.8219,0,12.9301,9.82315,0,0,0,0,0,94.3048,0,0,0,0,69.9767,0,0,0,211.947,173.245,0,0,260.335,0,0,0,85.5285,0,111.791,0,0,0,0,0,0,0,0,0,0,0,0,0,0,0,0,0,14.6142,0,0,0,8.24347,0,0,12.6494,6.61807,0,0,2.1927,0,0,7.93292,0,0,0,0,13.381,0,0,0,0,0,43.1266,0,267.714,0,0,14.7427,0,0,0,0,0,26.0756,9.0462,0,0,3.80198,0,0,0,14.1,0,0,53.3105,0,10.186,0,0,35.0643,0,14.6586,0,14.0183,0,0,69.6738,0,0,78.5537,64.4103,0,56.3834,0,0,6.86373,5.66272,0,1.7263,10.2659,0,0,19.0118,0,11.2465,72.3861,25.6207,0,0,0,0,19.2535,0,11.1027,31.4876,0,0,0,0,18.6711,0,3.34514,138.75,0,20.8569,59.8109,0,89.0593,42.8326,104.416,19.6985,2.20966,0,28.394,0,0,0,0,0,0,0,0,0,0,0,0,0,0,12.3545,0,0,23.2969,0,0,4.03642,50.3351,71.6262,0,0,0,0,0,0,0,0,311.295,158.649,931.221,0,0,557.583,0,0,0,0,0,0,0,0,0,0,0,0,0,0,0,0,840.966,0,0,0,0,583.692,0,0,0,0,0,0,0,0,0,0,504.673,0,0,0,0,0,549.645,0,0,0,0,0,0,0,0,0,0,0,0,0,0,0,0,0,0,0,0,0,0,0,0,0,0,0,0,0,0,0,0,0,0,0,0,0,0,0,0,0,0,0,0,0,0,0,0,0,0,0,0,0,0,0,0,0,0,0,0,2899.19,0,0,0,0,0,0,0,0,0,0,0,0,0,0,0,0,0,0,0,0,0,0,0,0,0,0,0,0,0,0,0,0,0,0,0,0,0,0,0,0,0,0,0,0,0,0,0,0,0,0,0,0,0,0,0,0,0,0,0,0,0,0,0,0,0,0,0,0,0,0,0,0,0,0,0,0,0,0,0,0,0,0,0,0,0,0,0,0,0,0,0,0,0,0,0,0,0,0,0,0,0,0,0,0,0,0,0,0,0,0,0,0,0,0,0,0,0,0,0,0,0,0,0,0,0,0,0,0,0,0,0,0,0,0,0,0,0,0,0,0,0,0,0,0,0,0,0,0,0,0,0,0,0,0,0,0,0,0,0,0,0,0,0,0,0,0,0,0,0,0,40.7459,0,0,0,0,0,0,29.374,26.9378,0,0,0,0,34.0287,0,48.1806,0,32.5908,42.0891,0,0,0,0,17.75,0,26.152,0,0,0,0,0,3.00771,0,0,0,0,0,0,0,0,0,0,0,0,0,0,0,0,0,0,0,0,0,0,0,0,0,554.361,0,0,0,0,0,0,0,0,0,0,0,0,0,0,0,0,0,0,0,0,0,0,0,0,0,0,0,0,0,0,0,0,0,0,0,0,0,5.89003,0,3.29608,0,0,34.877,8.69971,0,0,0,0,0,0,0,12.2292,0,0,0,6.36297,0,0,0,43.603,0,0,0,0,0,0,0,0,0,0,22.4545,0,0,0,0,0,0,0,0,0,0,0,0,0,0,30.1394,14.0742,0,0,0,0,0,0,0,0,0,0,0,0,0,0,0,0,0,0,0,0,0,0,0,0,0,0,0,0,0,0,0,0,0,0,0,0,0,0,0,0,0,0,0,0,0,0,0,0,0,0,0,0,0,0,0,0,0,0,0,0,0,0,0,0,0,0,0,0,0,0,0,0,0,0,0,0
SF,Co+2,2,xtb,-78.8539,8.24168,0.20235,1.29851,0.12072,0,1.34734,2.9476,0.58722,0,0,0,10.9209,0,5.00406,0,6.15381,0.83272,0,12.6556,6.60746,0,11.7833,0,0,0,28.9253,0,0,4.37618,0,63.8085,0,0,0,0,18.3884,12.9309,0,52.1086,0,19.4036,4.97815,0,3.67969,0,13.5417,0,59.5311,0,0,0,0,0,0,24.7659,0,19.4128,0,0,0.456,0,0,16.3728,0,0,8.11204,25.333,0,0,0,0,53.9284,1.35972,0,0,0,118.322,0,0,0,0,0,0,0,26.4506,4.12621,0,0,223.206,0,0,56.6045,0,281.127,0,0,0,157.867,221.104,0,59.982,0,0,0,0,0,0,0,177.008,0,101.609,0,180.577,0,0,82.0151,0,0,0,69.0726,0,0,0,0,11.5993,0,0,0,0,0,0,0,464.509,0,0,0,0,0,0,0,0,0,26.1862,0,0,0,14.075,0,0,0,0,0,0,0,0,0,3.81293,0,0,0,0,0,0,0,2.21204,0,0.93076,0,0,2.54477,0,0,2.05177,0,0,3.70913,0.45355,0.58105,0,0,33.2703,0,0,0,0,0,0,10.7398,2.5244,0,0,0,0,0,0,1.82396,0,0,0,0,0,91.6365,0,0,0,0,35.5751,0,19.6431,0,0,0,0,22.9677,0,34.9223,232.009,0,0,0,0,29.6332,0,0,0,0,0.06329,5.17043,0,2.39235,3.6944,0,0,41.6227,0,0,70.087,0,123.694,0,0,0,26.5554,0,0,0,1.88633,0,13.7852,0,0,3.93355,0,0,0,6.25927,0,0,0,0,0,0,0,0,0,0,0,0,0,0,0,0,0,0,0,0,0,0,207.307,0,0,0,0,51.4475,68.6496,4.49137,0,162.619,0,173.81,0,190.016,0,0,0,0,150.55,0,0,0,0,0,0,0,0,0,0,0,0.21665,0,6.5424,0,0,0,0,0,0,0,0,0,0,0,0,0,0,0,0,0,0,0,0,323.053,0,0,0,0,0,0,0,0,0,0,0,0,0,0,0,0,0,0,0,0,495.893,0,0,0,0,0,0,0,0,0,0,0,0,0,0,0,0,0,0,0,0,0,0,0,0,0,0,0,0,0,0,0,0,0,0,0,0,0,0,0,0,0,0,0,0,0,0,0,0,0,0,0,0,0,0,0,0,0,0,0,0,0,0,0,0,0,0,0,0,0,0,0,0,0,0,0,0,0,0,0,0,0,0,0,0,0,0,0,0,0,0,0,0,0,0,0,0,0,0,0,0,0,0,0,0,0,0,0,0,0,0,0,0,0,0,0,0,0,0,0,0,0,0,0,0,0,0,0,0,0,0,0,0,0,0,0,0,0,0,0,0,0,0,0,0,0,0,0,0,0,0,0,0,0,0,0,0,0,0,0,0,0,0,0,0,0,0,0,0,0,0,0,0,0,0,0,0,0,0,0,0,0,0,0,0,0,0,0,0,0,0,0,0,0,90.2766,0,0,0,0,0,0,0,0,0,0,0,0,0,0,0,0,0,41.2627,0,0,0,31.1581,0,0,0,0,0,0,0,0,0,0,3.2663,0,0,0,0,0,0,0,0,15.3371,0,0,3.33599,0,0,0,0,0,0,0,0,0,0,0,0,15.3019,0,13.5763,25.721,0,25.5286,0,25.2801,0,0,0,0,0,0,0,0,0,0,0,0,0,0,0,0,0,0,0,0,0,0,0,0,0,0,0,0,0,0,0,0,0,0,0,0,0,0,0,251.367,0,0,42.0564,0,0,0,0,0,0,0,14.7244,0,0,0,0,0,0,0,0,0,0,0,0,0,76.9662,0,0,0,294.297,0,0,0,0,0,0,0,0,0,0,0,0,47.2165,0,0,0,0,0,64.3424,0,0,0,45.6191,0,0,0,0,26.949,65.1778,0,0,54.9705,0,0,0,0,0,0,0,0,0,0,0,0,0,0,0,0,0,0,0,0,0,0,0,0,0,0,0,0,0,0,0,0,0,0,0,0,0,0,0,0,0,0,0,0,0,0,0,0,0,0,0,0,0,0,0,0,0,0,0,0,0,0,0,0,0,0,0,0,0,0,0,0,0,0,0,0,0,0
SG,none,2,xtb,-42.8499,4.00145,5.26083,0,0,0,0,2.54774,0,1.62557,0,0,0,0,0,3.88469,0,0,0,0,0,0,0,0,0,0,42.6556,0,9.76273,0,0,0,0,0,0,0.5151,0,0,0,0,0,13.6981,0,0,17.2794,0,0,0,0,0,0,0,0,0,0,0,0,0,163.48,40.9928,0,0,0,0,35.9581,0,0,0,0,36.0689,0,0,0,0,0,0,73.8319,0,28.3129,0,0,0,0,0,0,20.903,0,195.728,0,0,0,0,0,0,35.9876,0,0,152.518,0,0,0,16.7928,0,43.2425,0,0,0,0,0,0,0,0,0,0,0,0,0,0,142.101,0,190.856,0,0,0,0,0,0,0,0,0,0,191.356,0,0,0,0,0,0,30.9901,0,0,0,0,0,140.274,0,0,0,0,0,0,0,0,0,0,33.1976,0,0,0,0,0,0,0,0,0,0,0,0,0,0,0,0,0,34.084,0,0,0,0,0,0,0,0,65.2977,0,0.72591,0,0,0,0,0,0,0,56.9801,0,0,0,0,0,0,1.03519,0,85.4906,0,0,0,0,0,0,15.1703,180.314,0,0,0,0,0,49.5205,0,0,0,0,0,0,0,201.727,0,0,141.332,0,74.766,0,0,0,0,0,0,0,0,0,0,0,0,0,0,0,0,0,0,105.356,0,0,0,59.1135,170.716,0,0,0,0,0,0,63.6597,59.1195,0,0,0,0,0,0,0,0,0,0,0,4.31674,0,0,0,0,0,0,0,138.359,0,23.7157,0,0,0,0,0,0,0,0,42.8165,0,0,0,0,0,0,0,0,0,0,0,0,0,0,0,0,0,0,0,0,0,0,0,0,0,0,0,0,0,0,0,0,0,0,0,0,0,0,0,0,0,0,86.1172,0,0,0,0,0,0,0,0,0,0,0,0,0,0,0,0,0,0,654.601,0,0,0,0,0,0,0,0,0,0,0,0,0,0,0,0,0,0,0,0,0,0,0,0,0,0,0,0,0,0,0,0,0,0,0,0,0,0,0,0,0,0,0,0,0,0,0,0,0,0,0,0,0,0,0,0,0,0,0,0,0,0,0,0,0,0,0,0,0,0,0,0,0,0,0,0,0,0,0,0,0,0,0,0,0,0,0,0,0,0,0,0,0,0,0,0,0,0,0,0,0,0,0,0,0,0,0,0,0,0,0,0,0,0,0,0,0,0,0,0,0,0,0,0,0,0,0,0,0,0,0,0,0,0,0,0,0,0,0,0,0,0,0,0,0,0,0,0,0,0,0,0,0,0,0,0,0,0,0,0,0,0,0,0,0,0,0,0,0,0,0,0,0,0,0,0,0,0,0,0,0,0,0,0,0,0,0,0,0,0,0,0,0,0,0,0,0,0,0,0,0,0,0,0,0,0,0,0,0,0,0,0,0,0,0,0,0,0,0,0,0,0,0,0,0,39.143,0,0,0,0,0,0,0,0,0,0,0,0,0,6.79103,0,0,0,0,0,0,0,0,0,0,0,0,0,0,0,0,0,0,0,0,0,0,20.6914,0,0,0,0,0,0,0,19.207,0,0,0,0,0,0,0,0,0,0,0,0,0,0,0,0,0,0,0,0,0,0,0,0,0,0,0,0,0,0,0,0,0,0,0,0,0,0,0,382.342,0,0,0,0,0,0,0,0,0,0,0,0,0,11.2963,0,0,0,0,0,0,0,0,0,6.43396,33.8966,0,0,0,50.069,0,0,0,0,36.0203,0,0,0,13.0646,0,0,0,0,0,0,0,0,0,0,0,0,0,0,0,0,0,0,0,0,0,0,0,0,0,0,0,0,0,0,0,0,0,0,0,0,0,0,0,0,0,0,0,0,0,0,0,0,0,0,0,0,0,0,0,0,0,0,0,0,0,0,0,0,0,0,0,0,0,0,0,0,0,0,0,0,0,0,0,0,0,0,0,0,0,0,0,0,0
SK,none,2,xtb,-58.7738,3.07576,0.38649,0,2.49172,0,2.60007,4.97256,5.72757,0,2.02921,0,0.45673,0,0,0,12.8773,0,4.62297,0,0,0,1.39444,0,0,2.29489,0,0,0,52.1605,0,5.43127,0,0,3.79789,0,0,0,0,0,0,0,3.61081,0,0,0,0,42.9137,10.4292,0,0,0,0,0,0,41.5141,0,0,0,0,9.00091,0,0,0,13.6601,0,0,0,0,0,0,48.0979,0,0,0,0,6.85301,0,0,1.94567,0,0,0,0,0,0,0,0,0,0,0,0,0,0,17.5006,0,0,0,0,0,0,0,0,45.3306,12.3715,0,0,296.513,0,0,0,0,0,0,30.7769,0,0,0,0,0,0,0,0,27.3601,0,0,0,0,17.633,0,0,0,0,0,0,0,0,85.5983,0,0,30.5738,0,0,0,0,0,0,0,0,0,0,0,0,0,0,0,0,33.5827,0,0,0,0,0,0,196.345,0,0,0,0,45.1678,15.1127,0,0,25.162,0,0,0,0,0,241.923,33.594,0,0,0,0,0,0,0,101.844,0,0,139.325,0,177.882,0,11.6348,0,18.5301,0,0,0,0,141.032,0,46.0689,0,0,0,0,32.613,0,0,0,24.2366,0,0,15.7834,0,0,5.30674,0,51.6588,0,0,0,145.98,0,41.9722,0,0,0,145.899,0,0,0,0,67.4981,0,0,0,0,0,123.705,0,6.90568,0,0,0,203.714,20.0322,0,0,0,0,17.5506,14.3229,23.7528,104.578,0,0,0,0,0,0,0,0,0,0,0,0,0,0,0.32546,0,3.25944,0,0,0,0,6.09647,0,0,0,0,0,0,2.21345,3.79613,0,2.94821,0,0,0,0,0,0,0,0,0,0,35.7317,0,34.0905,0,0,0,31.0454,0,0,0,0,0,0,0,0,0,0,0,0,0,0,0,0,0,0,0,0,0,0,10.3292,0,0,0,0,0,0,0,0,0,461.67,0,0,0,0,0,0,0,485.57,0,0,0,0,0,0,0,0,0,0,0,0,0,0,0,0,0,0,0,0,0,0,0,0,0,0,0,0,0,0,0,0,0,0,0,0,0,0,0,0,0,0,0,0,0,0,0,0,0,0,0,0,0,0,0,0,0,0,0,0,0,0,0,0,0,0,0,0,0,0,0,0,0,0,0,0,0,0,0,0,0,0,0,0,0,0,0,0,0,0,0,0,0,0,0,0,0,0,0,0,0,0,0,0,0,0,0,0,0,0,0,0,0,0,0,0,0,0,0,0,0,0,0,0,0,0,0,0,0,0,0,0,0,0,0,0,0,0,0,0,0,0,0,0,0,0,0,0,0,0,0,0,0,0,0,0,0,0,0,0,0,0,0,0,0,0,0,0,0,0,0,0,0,0,0,0,0,0,0,0,0,0,0,0,0,0,0,0,0,0,0,0,0,0,0,0,0,0,0,0,0,0,0,0,0,0,0,0,0,0,0,0,0,0,0,0,0,0,0,30.4724,0,0,0,0,0,0,0,0,0,532.131,0,419.09,0,11.6832,0,0,25.8276,57.8253,0,0,0,28.0021,0,0,0,0,0,16.2871,0,21.1252,41.6555,0,0,0,0,0,0,0,0,0,0,0,13.6443,0,0,0,0,24.2247,0,0,0,0,0,0,0,0,575.324,0,0,0,0,0,0,0,0,0,0,0,0,0,0,0,0,0,0,0,0,0,0,0,0,0,0,0,0,0,0,0,0,0,0,0,198.633,0,0,0,0,0,0,0,39.081,8.02375,0,0,0,0,0,5.97886,10.1683,0,0,0,0,0,0,0,0,0,0,0,0,0,0,0,0,0,0,0,0,0,0,0,0,0,0,0,0,0,0,0,0,0,0,0,0,0,0,0,0,0,0,0,0,0,0,0,0,0,0,0,0,0,0,0,0,0,0,0,0,0,0,0,0,0,0,0,0,0,0,0,0,0,0,0,0,0,0,0,0,0,0,0,0,0,0,0,0,0,0,0,0,0,0,0,0,0,0,0,0,0,0,0,0,0,0,0,0,0,0,0,0,0,0,0
TD,Co+2,2,xtb,-72.2696,3.01236,1.39624,0,0.59979,1.05841,0,5.53465,3.51377,0,0,0,7.65291,0,0,2.45091,0,0,2.89442,10.0008,0,0,3.18262,0,14.9289,0,0,0,4.87474,0,0,1.01868,0,14.919,0,0.93416,0,0,8.65471,10.3515,1.38355,1.39864,0,0,0,0,2.77182,0,11.1135,0,54.7969,0,0,8.36556,0,0,0,33.812,0,0,68.4944,30.7237,0,83.6539,0,0,7.21185,0,7.05604,0,0,33.5349,0,0,0,0,0,0,0,17.8207,0,0,0,14.6472,0,0,0,0,0,0,83.7367,237.867,12.0721,20.8169,0,0,0,0,206.43,0,51.0365,0,0,0,40.1705,0,0,308.233,0,0,133.199,0,0,0,0,0,0,106.98,48.8669,0,0,0,0,142.667,0,0,0,0,53.8377,0,0,0,0,0,0,0,79.7028,0,244.887,0,0,0,0,230.576,389.313,0,0,0,0,0,0,0,0,0,0,0,0,0,0,0,18.3412,0,0,0,0,0,0,0,0,63.8369,0,0,15.1727,0,0,0,2.80855,0,0,0,0,6.45469,4.22717,0,0,0,0,49.1809,0,0,0,0,0,0,0,0,36.1433,0,0,0,0,24.3811,0,0,0,0,19.3014,0,14.837,0,0,0,8.92665,63.7333,0,61.2375,0,326.693,0,0,0,33.43,0,0,34.375,0,0,0,0,0,0,0,9.25745,0,0,0,84.1347,0,0,0,12.1974,0,0,0,29.289,14.5472,0,154.745,0,0,0,0,0,98.6471,0,183.379,0,0,0,25.3707,0,75.1474,0,0,0,0,0,0,0,85.6714,0,0,0,0,0,0,0,0,0,0,0,0,0,0,0,0,0.63536,0,166.422,0,1.16891,0,148.124,0,0,24.8968,0,0,0,0,0,0,134.769,0,0,0,0,0,0,0,0,0,0,0,0,0,0,0,0,0,0,0,0,0,0,0,0,0,0,271.636,0,0,0,0,0,0,0,0,279.361,798.868,0,0,0,0,0,0,0,0,0,0,0,0,0,0,0,0,0,0,0,0,0,0,0,0,0,0,0,0,0,0,0,0,0,0,0,0,0,0,0,0,0,0,0,0,0,0,0,0,0,0,0,0,0,0,0,0,0,0,0,0,0,0,0,0,0,0,0,0,0,0,0,0,0,0,0,0,0,0,0,0,0,0,0,0,0,0,0,0,0,0,0,0,0,0,0,0,0,0,0,0,0,0,0,0,0,0,0,0,0,0,0,0,0,0,0,0,0,0,0,0,0,0,0,0,0,0,0,0,0,0,0,0,0,0,0,0,0,0,0,0,0,0,0,0,0,0,0,0,0,0,0,0,0,0,0,0,0,0,0,0,0,0,0,0,0,0,0,0,0,0,0,0,0,0,0,0,0,0,0,0,0,0,0,0,0,0,0,0,0,197.318,0,0,0,0,0,0,0,0,0,0,0,0,0,0,0,0,0,0,0,0,0,0,0,0,0,0,0,0,0,0,0,0,0,0,102.137,0,98.4012,0,0,0,0,0,0,12.3973,0,0,0,0,0,0,0,0,0,0,0,0,0,0,0,0,0,10.984,0,0,0,0,0,0,68.6444,0,0,22.2485,0,0,0,0,0,0,0,0,0,0,0,0,0,0,0,0,0,0,0,0,0,0,0,0,0,0,0,0,0,0,0,0,0,0,0,0,0,0,0,0,0,0,0,0,478.983,0,0,0,0,0,0,0,0,0,0,0,0,0,321.279,0,0,0,0,0,1.20634,0,0,69.5412,0,0,0.54365,0,0,0,32.6927,0,0,36.8587,0,0,0,0,0,0,0,0,0,0,0,0,0,0,0,0,0,0,0,0,0,31.2636,0,0,0,0,42.7362,0,0,0,0,0,0,36.7604,0,0,0,0,0,0,0,0,0,0,0,0,0,0,0,0,0,0,0,0,0,0,0,0,0,0,0,0,0,0,0,0,0,0,0,0,0,0,0,0,0,0,0,0,0,0,0,0,0,0,0,0,0,0,0,0,0,0,0,0,0,0,0,0,0,0,0,0,0,0,0,0,0,0,0,0,0,0
TF,Co+2,2,xtb,-81.9943,8.9744,0,1.06281,0.37966,0.69881,0,0,4.46693,3.14657,3.28199,0,7.21016,0,3.39693,7.22076,4.54095,0,7.48891,0,10.3525,0,14.0588,0,0,15.6581,0,0,2.34894,0,57.3219,0,0,0,0,0,11.5076,0,0,8.89069,0,35.3747,5.53502,0,0,13.6044,104.545,0,33.3637,0,0,6.59977,0,0,17.8229,0,0,0,14.8051,17.5208,25.8726,0,0,0,17.3053,0,0.28345,1.99677,0,0,0,28.4666,0,0,0,1.23401,0,146.628,0,0,0,4.38945,0,0,26.0406,0,0,9.37667,0,0,191.83,0,0,0,402.755,0,56.6306,55.9042,15.8157,123.95,0,175.948,0,0,0,0,0,0,0,1.89631,341.393,91.0942,0,0,0,0,107.503,0,25.8364,0,0,0,0,0,0,0,8.31617,0,0,33.1592,0,0,0,0,506.482,0,0,0,0,0,0,32.5553,0,22.3606,0,0,0,0,0,0,0,0,0,0,0,0,0,4.56596,0,0,0,0,4.05033,0,0,0,0,0.29744,0,0,0,2.12667,0,2.81892,1.06509,0,0,0.10301,0.02324,0,9.71882,0,0,55.0267,0,0,0,0,0,3.16359,0,0,0,3.55847,0,0,18.3617,0,0,0,0,0,0,45.4208,0,0,0,100.687,2.12676,0,0,6.02676,0,0,36.1759,0,32.6838,198.216,0,0,9.05597,0,44.9555,0,0,0,0,0.07142,0,9.64464,0,0.33294,0,32.626,0,0,16.8305,11.7742,134.009,0,45.8016,0,0,0,0,16.7267,0,0,2.51756,0,0.27782,10.5387,0,0,32.9776,0,0.05913,0,0,0,0,0,0,0,0,0,0,0,0,12.8964,0,0,0,0,0,0,0,240.474,0,0.21641,0,0,0,0,1.99875,100.306,0,54.6411,156.996,55.1293,0,160.392,98.2863,0,0,0,0,0,129.113,0,0,0,0,0,0,0,0,0,0,0,0.24927,0,2.84603,0,0,0,0,0,0,0,0,0,0,0,0,0,0,0,0,0,0,0,329.256,0,0,0,0,0,0,0,0,0,0,0,0,0,0,0,0,0,0,0,0,0,513.702,0,0,0,0,0,0,0,0,0,0,0,0,0,0,0,0,0,0,0,0,0,0,0,0,0,0,0,0,0,0,0,0,0,0,0,0,0,0,0,0,0,0,0,0,0,0,0,0,0,0,0,0,0,0,0,0,0,0,0,0,0,0,0,0,0,0,0,0,0,0,0,0,0,0,0,0,0,0,0,0,0,0,0,0,0,0,0,0,0,0,0,0,0,0,0,0,0,0,0,0,0,0,0,0,0,0,0,0,0,0,0,0,0,0,0,0,0,0,0,0,0,0,0,0,0,0,0,0,0,0,0,0,0,0,0,0,0,0,0,0,0,0,0,0,0,0,0,0,0,0,0,0,0,0,0,0,0,0,0,0,0,0,0,0,0,0,0,0,0,0,0,0,0,0,0,0,0,0,0,0,0,0,0,0,0,0,0,0,0,0,0,0,0,0,0,0,0,49.379,0,0,0,0,0,0,0,0,0,0,0,0,0,0,0,0,0,0,23.1538,0,0,0,0,0,0,0,0,0,0,0,0,1.75838,0,0,0,16.9029,0,0,0,0,6.03465,0,0,0,0,0,0,43.3707,0,12.4754,24.1054,0,0,29.8063,0,2.22285,47.2556,0,28.0656,0,0,0,0,0,0,0,0,0,0,0,0,0,0,0,0,0,0,0,0,0,0,0,0,0,0,0,0,0,0,0,483.108,0,0,0,0,0,0,0,0,0,30.0239,0,0,0,0,0,0,0,0,0,12.8188,0,0,0,0,0,0,0,0,0,0,0,0,0,81.861,0,0,18.3141,0,0,0,0,0,0,0,0,0,0,0,0,0,0,0,49.8202,0,0,0,0,0,59.1327,0,104.446,0,0,0,0,0,53.6961,0,0,0,84.5974,0,0,0,0,0,0,0,0,0,0,0,0,0,0,0,0,0,0,0,0,0,0,0,0,0,0,0,0,0,0,0,0,0,0,0,0,0,0,0,0,0,0,0,0,0,0,0,0,0,0,0,0,0,0,0,0,0,0,0,0,0,0,0,0,0,0,0,0,0,0,0,0,0,0,0,0,0
TG,Cu+2,2,xtb,-53.9913,4.78121,0,3.2152,0,0,0,0,0.46984,0,1.52843,0,4.54706,4.01895,0,0,5.83882,0,0,0,0,0,0,0,8.1337,0,0.43539,0,1.11199,0,16.3775,0,0,0,46.2401,0,0,7.03992,0,0,0,48.3332,0,0,0,28.1451,0,0,0,0,53.0923,0,0,0,29.9437,0,32.3471,0,0,0,45.3115,0,0,0,0,0,0,13.7444,30.8765,0,88.2501,0,0,0,0,0,0,0,31.8978,0,0,0,0,0,0,0,0,39.9535,0,0,0,0,0,12.8486,17.6804,0,0,0,0,0,0,0,122.629,0,0,48.0004,0,0,0,47.436,0,0,0,0,0,0,0,0,0,589.982,0,0,0,0,0,0,31.8141,0,0,0,0,0,0,0,0,0,19.2752,0,0,0,0,0,6.52056,0,0,0,0,0,0,0,0,0,0,0,0,49.7814,0,0,0,0,517.049,0,0,0,0,442.934,0,0,0,115.03,0,0,26.0839,0,0,138.585,0,0,0,0,0,7.32215,0,0,0,0,0,0,0,0,0,0,0,0,5.04521,0,0,2.27323,0,0,0,0,0,0,13.2204,0,27.1307,0,0,23.5653,0,0,0,0,0,0,0,0,13.5805,0,0,0,0,0,0,0,4.57461,19.9745,0,0,0,0,0,29.0079,10.8268,0,0,0,0,0,0,32.4922,0,6.02657,0,0,0,0,7.47932,0,0,0,0,9.62538,0,0,0,0,191.351,0,347.943,0,0,0,0,0,0,0,0,0,18.8115,0,0,0,0,0,0,0,0,8.43269,0,0,0,0,0,0,2.0667,0,0,221.322,54.3793,0,0,0,21.7989,0,0,0,0,0,0,0,0,0,0,0,0,0,0,0,0,0,0,259.404,0,0,0,0,0,0,0,0,0,0,0,0,0,0,0,0,0,0,0,556.208,0,0,0,0,0,0,0,0,0,0,0,0,0,0,0,0,0,0,0,0,0,0,0,0,0,0,0,0,0,0,0,0,0,0,0,0,0,0,0,0,0,0,0,0,0,0,0,0,0,0,0,0,0,0,0,0,0,0,0,0,0,0,0,0,0,0,0,0,0,0,0,0,0,0,0,0,0,0,0,0,0,0,0,0,0,0,0,0,0,0,0,0,0,0,0,0,0,0,0,0,0,0,0,0,0,0,0,0,0,0,0,0,0,0,0,0,0,0,0,0,0,0,0,0,0,0,0,0,0,0,0,0,0,0,0,0,0,0,0,0,0,0,0,0,0,0,0,0,0,0,0,0,0,0,0,0,0,0,0,0,616.197,0,0,0,0,0,0,0,0,0,0,0,0,0,0,0,0,0,0,0,0,0,0,0,0,0,0,0,0,0,0,0,0,0,0,0,0,0,0,0,0,0,0,0,0,0,0,0,0,0,0,0,0,0,0,0,0,0,26.6943,0,0,0,0,0,0,0,0,0,0,0,0,0,0,0,0,0,0,0,13.5449,0,0,0,0,0,0,32.7114,0,0,0,0,0,0,0,28.5145,0,0,0,0,0,19.1529,639.708,0,0,0,0,14.9585,26.4485,0,0,0,0,0,0,0,0,0,0,0,0,0,0,0,0,0,0,0,0,0,0,0,0,0,0,0,0,0,0,0,0,0,0,0,0,0,0,0,0,0,0,0,0,0,0,0,0,0,0,0,0,0,0,0,0,0,0,0,0,0,0,0,0,3.24667,0,0,0,0,0,0,0,0,0,0,0,2.52702,0,0,0,0,0,0,0,0,0,0,0,0,44.1942,0,0,0,0,0,0,0,0,0,0,0,0,0,59.1862,0,0,0,0,45.6593,0,0,0,0,0,0,0,0,0,0,0,0,0,0,0,0,0,0,0,0,0,0,0,0,0,0,0,0,0,0,0,0,0,0,0,0,0,0,0,0,0,0,0,0,0,0,0,0,0,0,0,0,0,0,0,0,0,0,0,0,0,0,0,0,0,0,0,0,0,0,0,0,0,0,0,0,0,0,0,0,0,0
TG,Ni+2,2,xtb,-60.0008,3.8366,0,0.55734,3.03374,5.51877,0,0,0,0,0,0,0.77494,0,1.02355,6.2464,0,7.10722,0,0,0,0,7.3819,5.46438,0,0,7.28735,0,34.6413,0,0,2.25679,0,0,3.37531,52.2853,5.80153,0,0,0,22.03,13.3824,0,0,55.0763,0,4.66118,0,0,0,0,17.2735,0,0,0,32.5416,15.7029,0,0,51.5078,0,59.3485,0,0,0,0,0,0,0,0,61.201,0,8.35128,0,0,0,0,0,17.9187,0,0,0,0,5.39494,0,173.925,214.315,221.014,0,0,0,53.5591,0,0,100.84,0,0,160.366,0,0,0,0,0,0,0,0,0,0,848.174,0,0,0,0,0,0,0,54.2731,0,0,0,0,20.5722,0,204.036,0,0,0,0,0,45.3644,0,0,0,0,7.4206,0,0,0,0,0,0,0,0,0,0,0,0,0,0,0,0,0,0,0,0,0,0,0,0,0,0,2.07995,0,0,0,0,0,0,0,0,0,9.86546,0,0,13.8047,0,0,0,0,0,0,7.23381,0,0,35.4663,0,0,0,0,0,0,0,0,97.5649,0,10.5039,0,0,0,0,0,0,0,39.0854,0,0,0,7.54392,0,0,0,0,0,0,54.7603,0,86.1574,43.4569,0,0,0,99.5193,0,28.0932,0,0,0,0,0,0,0,0,0,0,0,70.1191,0,0,0,0,0,9.24047,0,0,0,16.6559,0,0,0,0,0,0,162.443,38.0875,0,0,0,12.6032,0,131.614,0,0,0,0,0,0,0,0,4.03608,0,0,0,0,24.6055,0,0,0,0,0,0,0,0,0,0,0,0,118.82,28.869,0,108.028,0,2.82558,0,185.402,0,0,0,0,36.8742,0,0,0,0,0,0,0,0,0,0,0,0,0,0,0,0,0,0,0,0,0,0,0,0,0,0,0,0,0,0,0,532.185,0,0,0,0,0,0,371.423,0,0,0,0,0,0,0,0,0,0,0,0,0,0,0,0,0,0,0,0,0,0,0,0,0,0,0,0,0,0,0,0,0,0,0,0,0,0,0,0,0,0,0,0,0,0,0,0,0,0,0,0,0,0,0,0,0,0,0,0,0,0,0,0,0,0,0,0,0,0,0,0,0,0,0,0,0,0,0,0,0,0,0,0,0,0,0,0,0,0,0,0,0,0,0,0,0,0,0,0,0,0,0,0,0,0,0,0,0,0,0,0,0,0,0,0,0,0,0,0,0,0,0,0,0,0,0,0,0,0,0,0,0,0,0,0,0,0,0,0,0,0,0,0,0,0,0,0,0,0,0,0,0,0,0,0,0,0,0,0,0,0,0,0,0,0,0,0,0,0,0,0,0,0,0,0,0,0,0,0,0,0,0,0,0,0,0,0,0,0,0,0,0,0,0,0,0,0,0,0,0,0,0,0,0,0,0,80.4043,0,0,0,0,0,0,23.5777,0,0,0,0,0,0,0,0,0,0,0,0,83.0623,0,0,16.3502,0,0,0,0,0,0,0,0,0,0,0,0,0,0,0,0,0,0,0,0,0,0,0,0,0,0,34.5937,0,0,39.1032,24.2276,0,0,0,0,0,0,0,0,0,0,0,0,0,0,0,0,0,0,0,0,0,0,0,0,0,0,0,0,0,0,0,0,0,0,0,0,0,0,0,0,0,0,0,0,0,0,0,0,0,0,0,0,0,0,0,0,0,0,0,0,0,0,0,0,0,0,0,0,2.67301,0,0,0.37827,0,0,0,0,43.6562,0,0,0,0,0,0,0,154.409,0,0,0,0,0,0,0,0,0,0,0,85.7187,0,0,0,59.3797,70.6578,0,0,0,0,0,0,0,22.7891,0,0,0,0,0,0,0,0,0,0,0,0,0,0,0,0,0,0,0,0,0,0,0,0,0,0,0,0,0,0,0,0,0,0,0,0,0,0,0,0,0,0,0,0,0,0,0,0,0,0,0,0,0,0,0,0,0,0,0,0,0,0,0,0,0,0,0,0,0,0,0,0,0,0,0,0,0,0,0,0,0,0
TK,Ni+2,2,xtb,-75.9616,2.94761,2.03655,1.41867,0,1.36374,0,16.7567,0,0,1.74121,0,10.4115,0,3.48805,0,0,5.45769,0,0,1.17162,0,0,7.43444,0,8.93714,0,0.98518,0,0,0,2.48097,0,8.85172,0,0,19.0113,0,3.09796,0,19.5433,0,10.0998,0,23.706,0,0,66.0536,9.44121,0,0,0,8.41256,0,41.3315,0,117.757,47.3663,0,1.47949,0,55.3087,4.17622,0,0,0,0,28.7456,0,0,25.5215,0,0,0,60.5585,0,0,0,0,0,19.7412,91.6127,0,0,255.825,114.796,0,0,0,36.0407,5.19785,0,0,12.3503,0,15.7949,0,0,0,0,0,0,0,33.4898,0,0,0,0,558.039,0,0,0,0,82.6842,0,0,0,162.031,0,0,0,0,0,0,0,0,0,0,0,0,0,18.2063,0,18.3087,0,0,0,172.374,0,0,142.027,0,0,0,0,0,19.2767,0,0,0,0,0,0,0,0,1.74987,0,0,0,0,0,0,26.6051,0,0,0,0,17.7502,0,18.8852,0,0,0,0,0,2.44192,0,0,0,75.358,0,0,103.734,0,1.43401,0,0,0,0,37.8664,0,0,0,0,0,0,154.011,0,40.1542,0,0,0,0,7.98308,0,0,16.1826,0,37.6393,0,0,0,2.93523,7.01045,5.81293,0,166.701,0,0,38.6034,0,0,0,0,13.8101,0,0,29.4032,0,20.7696,0,0,0,0,0,29.9203,0,0,0,8.66241,5.83084,0,0,0,0.73455,0,11.8433,0,0,0,9.19369,0.51516,0,0,34.2783,0,15.7502,20.6776,0,0,0,65.866,16.8107,0,0,0,0,0,8.60168,0,0,0,0,0,0,0,0,0,0,0,0,0,0,0,6.89695,0,0,0.54426,57.9617,23.3734,13.3931,99.76,0,82.4548,85.7556,0,0,75.6749,0,0,0,0,0,0,0,23.0247,0,0,0,0,0,0,0,0,0,0,0,0,0,0,0,0,0,0,0,0,394.392,0,0,0,0,0,0,0,0,0,0,0,0,0,0,0,0,0,0,0,0,0,551.428,0,0,0,0,0,0,0,0,0,0,0,0,0,0,0,0,0,0,0,0,0,0,0,0,0,0,0,0,0,0,0,0,0,0,0,0,0,0,0,0,0,0,0,0,0,0,0,0,0,0,0,0,0,0,0,0,0,0,0,0,0,0,0,0,0,0,0,0,0,0,0,0,0,0,0,0,0,0,0,0,0,0,0,0,0,0,0,0,0,0,0,0,0,0,0,0,0,0,0,0,0,0,0,0,0,0,0,0,0,0,0,0,0,0,0,0,0,0,0,0,0,0,0,0,0,0,0,0,0,0,0,0,0,0,0,0,0,0,0,0,0,0,0,0,0,0,0,0,0,0,0,0,0,0,0,0,0,0,0,0,0,0,0,0,0,0,0,0,0,0,0,0,0,0,0,0,0,0,0,0,0,0,0,0,0,0,0,0,0,0,0,126.027,0,0,0,0,0,0,0,0,0,0,0,0,0,0,0,0,10.3417,0,0,97.5704,0,0,0,0,0,0,0,0,0,0,0,0,0,0,0,0,0,27.4472,0,21.8631,77.6539,39.3971,0,0,0,0,0,25.4507,46.3945,0,35.8742,0,13.4781,0,36.0337,0,0,549.846,0,40.7757,0,0,0,0,0,0,0,0,0,0,0,0,0,0,0,0,0,0,0,0,0,0,0,0,0,0,0,0,0,0,0,0,0,0,0,0,0,0,0,0,0,0,0,0,0,0,0,0,0,0,0,0,0,0,0,0,0,0,0,0,0,0,0,8.14553,0,0,0,11.8143,48.2348,0.8989,0,0,90.5237,0,7.91281,0,0,0,0,0,0,0,0,0,0,0,0,0,0,0,0,0,91.1253,0,0,0,0,0,0,0,0,31.4139,0,0,0,0,0,0,0,0,36.272,0,0,0,0,0,18.9047,0,0,0,0,0,0,0,0,0,0,0,0,0,0,0,0,0,0,0,0,0,0,0,0,0,0,0,0,0,0,0,0,0,0,0,0,0,0,0,0,0,0,0,0,0,0,0,0,0,0,0,0,0,0,0,0,0,0,0,0,0,0,0,0,0,0,0,0,0,0,0,0,0,0
TP,Co+2,2,xtb,-72.4602,5.38055,15.892,1.54042,0,0.59292,11.5051,0,7.03127,9.57317,0,0,0.30764,0.44575,0,1.40368,0,6.59746,0,6.07873,0,0,12.2973,0,0,14.7323,3.21386,0,17.9441,43.9636,14.7257,0,0,21.7862,0,0,0,3.36634,0,0,16.7565,10.4518,0,0,0,26.9931,7.01399,0,117.884,0,36.7958,0,0,0,0,15.3511,3.78202,0,0,0,0,0,6.82732,0,0,0,0,0,0,0,10.4591,0,0,34.7633,0,0,0,32.5325,0,66.7631,4.29683,0,130.968,0,0,0,4.41881,0,0,0,213.352,0,0,0,181.069,126.767,0,0,0,0,0,190.739,0,0,0,28.0548,108.064,0,0,0,500.431,0,0,0,190.743,0,167.312,0,0,0,30.5964,0,0,0,205.118,0,0,0,0,109.506,0,0,0,0,0,0,77.3818,0,0,0,0,0,0,0,0,0,0,0,0,24.7091,0,0,0,0,0,0,0,0,0,0,0,0,0,0,0,1.4883,0,4.04812,0,0,0,5.60259,0,5.97997,0,0,0,0,0,0,0,16.9433,0,0,0,0,0,0,0,34.1307,0,8.52475,0,0,3.87233,9.67374,0,0,0,0,0,0,0,0,0,31.7742,0,14.9822,11.7772,0,10.1842,0,0,11.0206,0,0,0,194.257,0,0,0,92.5557,3.56133,0,0,2.31428,0,0,6.11625,0,0,0,0,0,0,22.048,0,19.5658,0,0,0,0,6.17639,4.52388,0,0,0,0,22.0646,126.306,0,0,40.9647,8.81927,0.65731,30.0951,0,0,0,0,0,0,0,0,0,0,0,0,241.169,0,0,9.78623,0,0,0,0,0,0,0,0,0,0,0,0,15.5856,0,0,190.126,4.40949,57.3146,197.631,0,0,0,127.95,0,131.274,0,0,0,0,0,0,0,0,0,0,0,0,0,0,0,0,0,0,0,0,0,0,0,0,0,0,0,0,0,0,0,0,468.382,0,0,0,0,0,0,0,0,0,0,431.351,0,0,0,0,0,0,0,0,0,0,0,0,0,0,0,0,0,0,0,0,0,0,0,0,0,0,0,0,0,0,0,0,0,0,0,0,0,0,0,0,0,0,0,0,0,0,0,0,0,0,0,0,0,0,0,0,0,0,0,0,0,0,0,0,0,0,0,0,0,0,0,0,0,0,0,0,0,0,0,0,0,0,0,0,0,0,0,0,0,0,0,0,0,0,0,0,0,0,0,0,0,0,0,0,0,0,0,0,0,0,0,0,0,0,0,0,0,0,0,0,0,0,0,0,0,0,0,0,0,0,0,0,0,0,0,0,0,0,0,0,0,0,0,0,0,0,0,0,0,0,0,0,0,0,0,0,0,0,0,0,0,0,0,0,0,0,0,0,0,0,0,0,0,0,0,0,0,0,0,0,0,0,0,0,0,0,0,0,0,0,0,0,0,0,0,0,0,0,0,0,123.691,0,0,0,0,0,0,0,0,0,0,0,0,0,0,0,0,0,0,0,0,0,0,0,0,0,0,0,0,24.6145,0,0,0,0,0,0,0,0,12.7564,0,16.8191,0,0,0,0,0,0,0,0,0,0,11.3134,0,3.45395,20.4404,0,0,16.6706,0,0,35.2242,12.3802,0,4.95202,0,0,0,0,0,0,0,0,0,0,0,0,0,0,0,0,0,0,0,0,0,0,0,0,0,0,0,0,0,0,0,0,0,0,0,0,0,0,0,0,0,0,0,0,0,0,0,0,0,0,0,0,91.1407,0,0,0,0,0,8.96133,0,0,0,0,0,0,0,0,0,0,62.3252,0,0,0,0,0,0,0,0,0,0,0,0,0,0,0,0,0,0,0,0,133.565,63.9926,0,0,0,0,0,0,0,49.6,86.2553,0,31.2864,113.434,0,0,42.0008,0,0,0,0,0,0,0,0,0,0,0,0,0,0,0,0,0,0,0,0,0,0,0,0,0,0,0,0,0,0,0,0,0,0,0,0,0,0,0,0,0,0,0,0,0,0,0,0,0,0,0,0,0,0,0,0,0,0,0,0,0,0,0,0,0,0,0,0,0,0,0,0,0,0,0,0,0,0,0,0
TS,none,2,xtb,-53.1087,13.1667,0,1.27992,0,0,0,0,0,0,4.42761,0,115.884,6.36863,18.4675,0,0,0,0,0,0,0,17.7891,0,32.5316,0,16.2897,0,59.0528,0,0,0,0,0,15.9414,0,0,0,0,8.78778,0,0,104.96,0,0,0,0,0,106.677,0,0,0,59.6992,158.621,0,0,20.4663,0,0,0,0,0,0,0,0,0,0,0,0,0,1.92758,0,32.661,0,0,0,0,75.9127,0,0,0,0,0,0,0,21.1895,0,141.826,0,0,0,0,78.6742,0,0,95.8026,0,0,0,0,0,15.2397,0,0,0,0,0,0,16.3468,0,0,0,0,0,0,0,0,0,0,0,0,0,0,0,0,0,0,13.7072,0,0,0,47.9277,0,0,0,0,0,127.434,0,0,0,0,22.1033,0,0,0,0,0,0,22.8699,0,0,0,0,0,0,0,0,0,0,0,24.3306,0,0,0.46224,0,0,0,0,0,0,0,0,35.2379,0,0,0,0,0,0,25.8491,0,0,0,0,0,5.8817,0,0,12.6152,0,0,0,0,17.2147,0,0,149.047,0,16.5607,0,0,24.4992,2.65571,0,0,1.28225,0,46.5004,0,0,0,113.737,0,0,39.2063,214.958,0,17.3638,0,0,0,59.0079,0,0,0,0,0,0,0,0,73.7863,0,22.4054,0,0,0,202.183,5.32089,0,0,0,288.813,0,0,0,0,0,0,0,0,0,0,239.792,0,0,57.3817,0,28.0774,0,0,0,0,0,0,0,0,0,0,0,0,43.1887,0,0,0,0,0,0,0,0,0,15.917,0,0,0,48.0029,0,0,0,0,0,0,0,0,0,0,0,0,0,0,0,0,134.62,0,0,0,0,0,0,0,53.0486,0,0,0,0,0,0,0,0,0,0,0,0,0,0,0,0,0,0,0,0,0,0,0,0,0,0,0,0,0,0,0,263.844,0,0,0,0,0,0,0,0,0,0,0,0,0,0,0,0,0,0,0,0,0,0,0,0,0,0,0,0,0,0,0,0,0,0,0,0,0,0,0,0,0,0,0,0,0,0,0,0,0,0,0,0,0,0,0,0,0,0,0,0,0,0,0,0,0,0,0,0,0,0,0,0,0,0,0,0,0,0,0,0,0,0,0,0,0,0,0,0,0,0,0,0,0,0,0,0,0,0,0,0,0,0,0,0,0,0,0,0,0,0,0,0,0,0,0,0,0,0,0,0,0,0,0,0,0,0,0,0,0,0,0,0,0,0,0,0,0,0,0,0,0,0,0,0,0,0,0,0,0,0,0,0,0,0,0,0,0,0,0,0,0,0,0,0,0,0,0,0,0,0,0,0,0,0,0,0,0,0,0,0,0,0,0,0,0,0,0,0,0,0,0,0,0,0,0,0,0,0,0,0,0,0,0,0,0,0,0,0,0,0,0,0,0,0,0,0,0,0,0,0,0,0,0,0,0,0,0,0,0,0,0,0,0,0,0,0,0,0,0,0,11.2554,0,52.192,0,0,0,0,0,0,0,0,0,0,0,0,0,0,0,0,27.8787,0,0,0,16.2407,0,0,0,0,11.0035,0,0,0,24.4358,0,0,0,0,0,0,0,0,235.828,0,0,0,0,0,0,0,0,0,0,0,0,0,0,0,0,0,0,0,0,0,0,0,0,0,0,0,0,0,0,0,0,0,0,0,0,0,0,0,0,0,243.433,0,6.55534,0,0,0,0,8.81155,0,0,0,0,0,0,0,0.08591,0,0,3.99813,0,0,0,0,0,0,270.801,0,0,38.1413,0,0,0,40.0717,0,0,0,0,0,0,0,0,0,0,0,0,0,0,0,0,0,0,0,0,0,0,0,0,7.86815,0,0,0,0,0,0,0,0,0,0,0,0,0,0,0,0,0,0,0,0,0,0,0,0,0,0,0,0,0,0,0,0,0,0,0,0,0,0,0,0,0,0,0,0,0,0,0,0,0,0,0,0,0,0,0,0,0,0,0,0,0,0,0,0,0,0,0,0
TV,Cu+2,2,xtb,-63.4151,1.51237,0,0,1.4759,0,0,0,2.60891,0,1.00278,5.03445,0,0,1.76779,3.06944,2.00062,0,0,14.5259,0,0,0.24579,0,0,0,0,0.16968,2.40349,0,0,0,0,0,3.35836,2.15174,11.3783,0,17.2637,0,0,0,14.4317,0,0,16.9056,0,0,0,0,20.9529,11.6316,0,22.999,0,5.36922,0,0,46.0792,0,0,10.666,18.341,0,0,0,0,5.63441,0,0,0,0,0,0,4.86459,0,0,0,0,41.5977,0,0,0,0,98.2239,60.0777,0,11.3104,0,0,0,0,11.8084,0.82111,0,0,0,0,0,0,0,0,105.504,0,0,0,66.7486,0,0,0,0,0,0,0,0,0,58.898,0,0,0,0,0,105.38,0,0,0,0,0,11.8503,0,0,0,0,0,0,20.8766,0,0,0,0,0,0,0.77915,0,0,0,0,0,0,0,0,0,0,0,0,356.857,0,141.45,0,0,0,127.884,0,0,0,0,382.537,0,0,0,75.9601,0,0,0,0,0,0,4.49031,0,1.79722,0,5.49429,0,0,5.37682,0,0,0,2.61037,0,0,0,7.40006,0,0,0,0,70.6785,122.099,0,0,0,0,0,0,0,5.74616,0,13.3547,0,0,0,1.92383,0,0,0,7.37511,0,0,0,4.86402,0,0,3.23041,0,0,0,0,23.7823,5.90628,0,0,0,0,0,0,0,7.12764,0,17.532,0,0,0,0,0,7.32082,0,0,0,8.74643,0,0,2.14341,0,33.7643,13.2953,0,510.624,0,0,11.1141,0,0,0,0,0,49.3187,0,9.83762,0,0,0,11.6111,0,0,5.3182,0,0,0,0,0,0,0,0,0,0,0.85556,0,0,6.7134,155.589,2.59438,5.27413,100.275,0,0,56.3254,0,0,0,0,0,0,0,0,0,0,0,0,0,0,0,0,0,323.211,0,0,0,0,0,0,0,0,0,0,0,0,0,0,0,0,0,0,560.453,0,0,0,0,0,0,0,0,0,0,0,0,0,0,0,0,0,0,0,0,0,0,0,0,0,0,0,0,0,0,0,0,0,0,0,0,0,0,0,0,0,0,0,0,0,0,0,0,0,0,0,0,0,0,0,0,0,0,0,0,0,0,0,0,0,0,0,0,0,0,0,0,0,0,0,0,0,0,0,0,0,0,0,0,0,0,0,0,0,0,0,0,0,0,0,0,0,0,0,0,0,0,0,0,0,0,0,0,0,0,0,0,0,0,0,0,0,0,0,0,0,0,0,0,0,0,0,0,0,0,0,0,0,0,0,0,0,0,0,0,0,0,0,0,0,0,0,0,0,0,0,0,0,0,0,0,0,0,0,0,0,0,0,0,0,0,0,0,0,0,0,0,0,0,0,0,0,0,0,0,0,0,0,572.337,0,0,0,0,0,0,0,0,0,0,0,0,0,0,0,0,0,0,0,0,79.7381,0,0,0,0,0,0,0,0,0,0,0,0,0,0,0,0,0,0,0,0,0,0,204.122,0,0,12.79,423.296,0,0,0,0,0,0,0,0,0,0,0,0,0,0,0,0,0,0,35.1008,0,0,0,0,0,613.526,0,0,0,0,0,32.1754,74.0999,37.4284,1.86212,46.1455,45.0364,0,12.0257,0,0,0,0,0,0,0,0,0,0,0,0,0,0,0,0,0,0,0,0,0,0,0,0,0,0,0,0,0,0,0,0,0,0,0,0,0,0,0,0,0,0,0,0,0,0,0,0,0,0,0,0,0,0,0,0,0,0,0,0,2.81235,0,0,0,0,0.54697,0,0,0,0,0,0,0,0,0,0,0,0,0,0,0,0,0,0,0,0,0,0,0,0,0,0,0,0,0,54.2644,0,0,0,0,0,0,0,0,0,30.3084,0,0,0,0,0,0,0,0,0,0,0,0,0,0,0,0,0,0,0,0,0,0,0,0,0,0,0,0,0,0,0,0,0,0,0,0,0,0,0,0,0,0,0,0,0,0,0,0,0,0,0,0,0,0,0,0,0,0,0,0,0,0,0,0,0,0,0,0,0,0,0,0,0,0,0,0,0,0,0,0,0,0
TW,none,2,xtb,-71.5135,3.90508,0,2.03742,0,4.94687,0,8.78208,0,2.64476,0,0,6.78781,0,0,0,0,7.04494,0,6.95613,0,0,9.82236,0,0,0,3.15963,0,0,0,0,1.33646,6.41237,0,53.4874,0,0,1.69662,0,14.6788,0,21.6284,0,0,0,35.4569,0,0,0,11.2166,17.8975,0,0,0,2.67371,0,0,0,1.26232,0,0,0,1.19268,0,0,0,0,2.00147,0,0,0,0,0,0,0,0.66724,0,0,0,2.57548,2.42469,0,0,0,0,0,0,2.01752,0,0,2.06008,0,0,0,0,0,0,3.17122,0,0,0,34.4401,0,8.79591,0,0,0,144.728,13.7864,0,0,0,0,0,4.988,0,0,0,0,0,0,28.7965,0,0,0,0,0,0,0,7.26391,0,4.84599,0,0,0,0,0,29.7349,0,0,14.237,0,0,18.6437,0,0,0,0,0,0,0,2.11408,0,0,0,10.6919,0,2.98463,0,0,0,0,0,0,4.77383,0,0,0,202.379,2.80232,0,13.6287,21.8819,0,3.36878,0.85432,0,69.4079,0,51.9442,0,0,0,0,0,0,0,35.3358,0,155.44,0,0,0,0,0,0,0,0,9.24435,8.30308,0,5.22323,0,94.0981,0,0,0,7.33292,30.3723,0,66.104,0,21.2005,0,0,0,6.03144,0,106.946,27.3217,0,0,28.9988,0,20.0773,12.7792,33.2804,13.0487,0,0,0,0,102.955,258.716,0,13.2446,0,0,4.9395,0,17.0364,16.7516,5.27759,0,0,81.2175,0,0,3.91263,17.1905,0,0,21.8515,0,0.73046,15.8914,0,110.712,0,0,0,4.10567,0,0,0,99.9315,42.6899,0,0,0,0,0,5.40711,0,0,0,0,0,0,0,24.6483,0,0,0,31.5208,0,0,0,0,0,0,0,0,32.0248,0,0,0,0,0,0,45.6575,0,0,0,0,0,0,0,0,3.77227,0,0,0,0,0,0,0,0,0,0,0,0,0,1.8659,0,0,0,0,2.24556,0,105.788,0,0,0,0,0,0,0,0,0,0,0,0,0,0,0,0,509.228,0,0,0,0,0,0,0,0,0,0,0,0,0,0,0,0,0,0,0,0,0,0,0,0,0,0,0,0,0,0,0,0,0,0,0,0,0,0,0,0,0,0,0,0,0,0,0,0,0,0,0,0,0,0,0,0,0,0,0,0,0,0,0,0,0,0,0,0,0,0,0,0,0,0,0,0,0,0,0,0,0,0,0,0,0,0,0,0,0,0,0,0,0,0,0,0,0,0,0,0,0,0,0,0,0,0,0,0,0,0,0,0,0,0,0,0,0,0,0,0,0,0,0,0,0,0,0,0,0,0,0,0,0,0,0,0,0,0,0,0,0,0,0,0,0,0,0,0,0,0,0,0,0,0,0,0,0,0,0,0,0,0,0,0,0,0,0,0,0,0,0,0,0,0,0,0,0,0,0,1095.24,0,0,0,0,0,159.049,0,0,0,0,0,0,0,0,0,0,0,0,0,0,0,0,0,0,0,0,0,0,0,0,47.2992,0,0,0,0,0,0,0,0,0,40.1919,0,0,0,0,22.653,0,0,0,0,0,0,38.1941,0,0.12884,0,0,0,0,0,0,0,0,0,0,0,0,0,0,0,0,29.1761,0,13.8294,92.5862,32.154,62.6753,0,0,0,0,0,0,0,0,0,0,0,0,0,0,0,0,0,0,0,0,0,0,0,0,0,0,0,0,0,0,0,0,0,0,0,0,0,0,0,0,0,0,0,0,0,0.70837,0,0,0,0,0,0,0,0,0,0,0,99.431,0,0,0,0.63658,0,0,9.85978,13.7823,0,0,0,4.55016,0,0,0,1.694,0,0,0,0,0,0,0,0,0,0,0,0,0,0,0,0,0,0,0,0,0,0,0,0,0,0,0,0,0,0,0,0,0,0,0,0,0,0,0,0,0,0,0,0,0,0,0,0,0,0,0,0,0,0,0,0,0,0,0,0,0,0,0,0,0,0,0,0,0,0,0,0,0,0,0,0,0,0,0,0,0,0,0,0,0,0,0,0,0,0,0,0,0,0,0,0,0,0,0,0,0,0,0,0,0,0,0,0,0,0,0,0,0
VI,none,2,xtb,-57.5566,18.8048,0,0,3.8502,0,0,10.2911,0,0,0,0,5.31301,0.52458,0,0,5.17963,0,0,0,7.28692,0,0,0,0,0,2.56746,0,0,0,0,0,0,0,10.48,0,0,0,0,14.2007,0,0,6.04027,0,0,0,2.55366,0,0,0.81887,14.0427,0,0,0,0,23.0028,0,54.3079,0,0,90.0752,17.632,0,23.9997,0,0,0,1.48579,0,0,0,6.3494,0,0,0,0,6.88033,0,0,0,0,0,2.54138,0,0,0,0,0,2.89692,135.752,0,0,0,0,0,0,0,0,8.59199,0,0,0,0,0,12.1667,0,1.10079,0,0,0,0,0,0,0,0,0,0,0,0,20.8405,0,0,10.8332,0,0,0,0,0,0,0,0,0,0,0,0,0,0,0,0,0,0,0,0,2.03361,0,0,0,0,0,0,0,0,0,8.47313,0,0,0,0,0,0,0,0,0,30.7281,0,0,0,0,0,67.9314,0,21.4268,0,0,183.167,0,0,15.5939,0,0,65.1592,0,0,33.1562,10.8168,0,0,0,0,0,31.8571,0,44.1318,0,0,4.82972,0,0,0,6.52458,22.3092,0,0,7.54873,0,0,111.286,0,0,3.12237,0,0,0,1.12078,0,0,0,16.5262,0,4.98126,0,0,13.1184,0,0,0,0,7.40161,0,0,0,25.2895,0,0,36.8608,0,19.8141,515.063,0,0,0,13.5023,0,0,0,0,3.696,32.4978,0,2.5176,0,0,0,7.14873,0,0,40.3978,0,0,5.42514,0,10.0581,0,0,7.38469,69.6407,0,0,20.5671,0,0,0,2.73159,0,0,6.78985,0,0,0,0,8.35245,0,0,12.4658,0,2.21204,0,1.68416,0,0.06372,2.16869,0,4.85606,0,6.09635,0,0,0.5703,0,0,44.282,0,0,0,29.9098,0,0,0,0,0,0,0,0,0,0,0,0,0,0,0,0,0,0,0,0,0,0,0,0,0,0,0,0,0,0,0,0,0,0,0,0,0,0,0,0,0,348.34,0,0,0,0,511.706,0,0,0,0,0,0,0,0,0,0,0,0,0,0,0,0,0,0,0,0,0,0,0,0,0,0,0,0,0,0,0,0,0,0,0,0,0,0,0,0,0,0,0,0,0,0,0,0,0,0,0,0,0,0,0,0,0,0,0,0,0,0,0,0,0,0,0,0,0,0,0,0,0,0,0,0,0,0,0,0,0,0,0,0,0,0,0,0,0,0,0,0,0,0,0,0,0,0,0,0,0,0,0,0,0,0,0,0,0,0,0,0,0,0,0,0,0,0,0,0,0,0,0,0,0,0,0,0,0,0,0,0,0,0,0,0,0,0,0,0,0,0,0,0,0,0,0,0,0,0,0,0,0,0,0,0,0,0,0,0,0,0,0,0,0,0,0,0,0,0,0,0,0,0,0,0,0,0,0,0,0,0,0,0,0,131.26,0,0,0,0,0,0,0,0,0,0,0,0,127.152,0,31.2815,0,0,0,0,0,0,0,0,0,0,0,0,0,0,0,0,0,0,0,0,0,0,37.3924,0,0,0,0,0,0,0,0,19.7668,0,6.75132,0,11.7628,72.9644,0,0,0,0,7.2668,4.84067,14.0187,76.604,0,44.6579,5.88078,49.9505,0,0,7.26473,2.89237,0,0,0,0,0,0,0,0,0,0,0,0,0,0,0,0,0,0,0,0,0,0,0,0,0,0,0,0,0,0,0,0,0,0,0,0,0,0,0,0,0,0,0,0,0,0,0,0,0,0,0,0,0,0,0,0,0,0,0,0,0,12.3043,0,0,0,0,0,23.8516,0,0,0,0,0,0,25.7808,0,0,0,0,0,0,0,0,0,0,37.4725,0,0,0,0,0,0,0,0,0,10.491,0,0,0,0,0,0,0,0,0,0,0,0,0,0,0,0,0,0,0,0,0,0,0,0,0,0,0,0,0,0,0,0,0,0,0,0,0,0,0,0,0,0,0,0,0,0,0,0,0,0,0,0,0,0,0,0,0,0,0,0,0,0,0,0,0,0,0,0,0,0,0,0,0,0,0,0,0,0,0,0,0,0,0,0,0,0,0,0,0,0
VS,Cu+2,2,xtb,-60.2716,4.75741,2.2196,0,0,3.42525,0.52275,0,0,0,2.72069,1.92452,0,0,17.133,0,0,0,0,0,0.75938,0,0,0,0,4.18121,0,2.27055,0,0,0,0,0,3.2284,2.17948,10.4609,0,0,0.61684,4.63666,0,0,6.92905,0,0,0,0,11.5211,0,0,19.4728,0,11.3758,0,0,0,96.8686,0,0,8.91507,0,53.4665,0,0,0,3.2557,0,0,0,0,16.8938,38.7191,0,0,0,0,0,0,0,0,0,77.8409,0,0,39.3814,0,0,0,22.3932,31.5728,0,0,0,0,0,0,0,58.1088,0,16.9735,0,0,0,7.73081,0,0,0,0,0,22.6899,0,0,0,0,0,0,0,60.0282,0,279.469,0,0,0,0,0,0,0,0,0,101.895,0,0,0,0,0,0,16.8156,0,0,0,0,0,12.7136,0,0,0,0,0,0,0,0,0,0,0,0,0,0,0,392.489,0,0,0,0,0,14.4163,0,0,0,0,0,0,0,0,0,13.1509,0,81.3494,0,0,0,0,2.76748,0,0,0,15.7015,0,0,0,9.72847,22.195,0,0,65.4239,0,0,0,427.262,0,0,0,0,0,0,0,0,50.6756,26.3934,0,16.1162,0,0,14.7776,0,15.3509,0,0,0,0,180.835,0,0,0,0,0,27.9792,0,1.96324,7.72702,0,0,0.29938,0,0,0,33.1098,0,0,0,13.8217,0,0,0,0,0,0,0,0,123.34,0,0,0,0,0,0,74.5875,0,7.13121,12.3201,0,0,0,0,0,0,0,0,119.537,0,0,0,0,0,9.89893,0,13.1169,0,0,0,0,0,0,0,0,0,0,0,10.5616,5.30849,46.757,0,119.077,16.9787,0,0,0,0,0,0,0,191.682,0,0,0,0,0,0,0,0,0,0,0,0,0,0,0,0,0,0,0,0,0,0,0,0,0,0,0,0,0,0,0,467.882,291.993,0,0,0,0,0,0,0,0,0,0,0,0,0,0,0,0,0,0,0,0,0,0,0,0,0,0,0,0,0,0,0,0,0,0,0,0,0,0,0,0,0,0,0,0,0,0,0,0,0,0,0,0,0,0,0,0,0,0,0,0,0,0,0,0,0,0,0,0,0,0,0,0,0,0,0,0,0,0,0,0,0,0,0,0,0,0,0,0,0,0,0,0,0,0,0,0,0,0,0,0,0,0,0,0,0,0,0,0,0,0,0,0,0,0,0,0,0,0,0,0,0,0,0,0,0,0,0,0,0,0,0,0,0,0,0,0,0,0,0,0,0,0,0,0,0,0,0,0,0,0,0,0,0,0,0,0,0,0,0,0,0,0,0,0,0,0,0,0,0,0,0,0,0,0,0,0,0,0,0,0,0,0,0,0,0,0,0,0,0,0,0,0,0,0,0,0,0,0,0,0,0,0,0,0,0,0,0,0,0,0,671.159,0,0,0,0,0,0,0,0,0,0,72.62,0,0,0,0,0,0,0,87.1961,74.7942,0,0,0,0,0,0,54.6338,0,0,0,0,0,0,0,0,23.4475,0,0,0,0,0,0,0,0,0,0,0,1766.03,0,0,10.6157,0,20.821,32.674,48.8723,0,0,13.0518,5.3624,0,0,0,0,0,0,0,0,0,0,0,0,0,0,0,0,0,0,0,0,0,0,0,0,0,0,0,0,0,0,0,0,0,0,0,0,0,0,0,0,0,0,0,0,0,0,0,0,0,0,0,0,0,0,0,0,0,0,0,0,0,0,0,7.26097,0,0,0,0,34.9943,0,8.6022,0,0,0,0,0,0,0,0,0,0,0,0,0,0,0,0,0,0,0,0,0,0,0,0,0,0,0,0,0,36.9256,0,0,0,0,0,0,0,0,0,0,0,0,0,0,0,0,0,15.5119,0,0,0,0,0,0,0,0,0,0,0,0,0,0,0,0,0,0,0,0,0,0,0,0,0,0,0,0,0,0,0,0,0,0,0,0,0,0,0,0,0,0,0,0,0,0,0,0,0,0,0,0,0,0,0,0,0,0,0,0,0,0,0,0,0,0,0,0,0
WA,Zn+2,2,xtb,-69.276,2.64304,0,0,0.64831,0,4.07733,0,5.93537,2.41019,0,1.97077,0,0,8.19085,0,4.06924,0.91971,0,0,9.00053,0,0,64.1865,0,0,0,8.04495,4.2975,0,29.7354,0,17.1652,0,13.013,0,14.0271,0,0,4.57767,13.6108,0,0,0,0,0,0,29.3835,0,0,0,0,0,0,1.434,0,0,0,43.4697,9.84582,0,0,22.8413,0,0,0,0,0,0,0,51.0399,0,6.61694,24.5433,0,42.3166,0,0,0,375.138,165.498,263.309,0,0,0,0,0,0,0,0,0,44.9593,26.1184,0,94.2399,7.65708,0,0,0,0,0,1.05508,8.16481,0,0,48.2666,0,0,0,0,0,0,0,0,42.4168,0,0,0,0,0,15.9132,90.7167,0,0,0,0,0,0,0,13.8307,0,2.18119,0,0,0,0,126.541,0,0,0,0,0,0,0,0,60.614,0,15.3616,0,0,0,0,0,16.4945,0,0,0,0,0,0,3.36672,13.8304,0,0,0,9.92381,0,0,0,0,0.36288,7.55032,0,0,0,0,34.9529,0,0,0,0,0,0,7.65921,0,35.1528,0,0,0,0,0,0,0,0,0,0,0,0,0,15.7077,0,0,0,3.079,7.1196,0,10.0928,0,86.7294,18.6895,0,0,0,0,0,0,0,35.7052,0,111.996,0,13.9883,0,0,0,8.09089,3.70901,0,0,0,0,3.22448,9.91445,0,0,4.34291,0,0,0,0,2.74055,0,11.6924,0,0,0,0,0,0,0,28.8959,0,10.3518,0,0,24.2673,105.553,82.5606,0,138.098,0,0,54.0364,0,0,0,0,0,19.091,7.95051,0,0,0,0,0,0,39.779,0,0,0,0,5.69698,0,0,0,6.02825,210.402,0,0,0,0,0,120.987,0,83.9796,0,0,0,0,0,0,5.14664,0,0,0,1.53292,0,0,0,0,0,0,7.86553,0,0,0,0,0,0,0,0,0,0,0,0,429.838,0,0,0,0,0,0,0,0,0,0,0,0,0,0,477.517,0,0,0,0,0,0,0,0,0,0,0,0,0,0,0,0,0,0,0,0,0,0,0,0,0,0,0,0,0,0,0,0,0,0,0,0,0,0,0,0,0,0,0,0,0,0,0,0,0,0,0,0,0,0,0,0,0,0,0,0,0,0,0,0,0,0,0,0,0,0,0,0,0,0,0,0,0,0,0,0,0,0,0,0,0,0,0,0,0,0,0,0,0,0,0,0,0,0,0,0,0,0,0,0,0,0,0,0,0,0,0,0,0,0,0,0,0,0,0,0,0,0,0,0,0,0,0,0,0,0,0,0,0,0,0,0,0,0,0,0,0,0,0,0,0,0,0,0,0,0,0,0,0,0,0,0,0,0,0,0,0,0,0,0,0,0,0,0,0,0,0,0,0,0,0,0,0,0,0,0,0,0,0,0,0,0,0,0,0,0,0,0,0,0,0,0,0,0,0,0,0,0,0,0,0,0,0,0,0,0,0,0,0,0,0,0,0,0,0,0,0,0,0,0,0,0,0,11.9383,0,0,0,0,0,0,0,27.9802,0,0,0,0,0,29.0627,0,0,0,0,0,0,0,0,0,0,0,6.97159,6.78179,0,31.7532,0,0,0,0,0,8.36858,0,0,16.1719,0,0,8.80796,0,0,23.6604,0,0,0,0,0,0,0,0,0,0,0,0,1.18256,0,0,0,0,0,0,0,0,0,0,0,0,0,0,0,0,0,0,0,0,0,0,0,0,0,0,0,0,0,0,0,0,0,0,0,0,4.96106,0,0,0,8.57105,0,62.0486,0,0,0,0,0,0,0,0,0,0,0,0,0,0,0,0,0,0,39.737,0,0,0,0,0,0,0,0,0,0,0,0,0,78.0365,0,0,29.7824,0,59.1523,0,0,0,32.6753,0,0,0,0,0,0,0,0,0,0,0,0,0,0,0,0,0,0,0,0,0,0,0,0,0,0,0,0,0,0,0,0,0,0,0,0,0,0,0,0,0,0,0,0,0,0,0,0,0,0,0,0,0,0,0,0,0,0,0,0,0,0,0,0,0,0,0,0,0,0,0,0,0,0,0,0,0,0,0,0,0
WD,Co+2,2,xtb,-97.8662,3.83085,0.802,6.32198,0,1.1837,3.74604,3.03665,0,0,1.30046,2.38458,4.07531,0,0,15.4915,0,13.6709,0,0.70316,0,8.18956,2.14705,4.73245,0,0,1.34285,17.4312,0,0,0,0,13.4251,30.0633,0,0.24089,0,39.885,11.6128,0,0,1.33846,12.4138,11.9628,7.23859,0,47.2215,0,49.0693,66.4837,0,0,84.488,0,54.4286,0,0,0,37.0982,0,8.4413,0,12.8575,0,73.7899,44.5749,0,0,164.055,0,0.48012,0,6.14087,0,9.45528,0,0,40.5642,0,49.4852,0,1.24638,0,0,0,0,0,0,0,0,0,4.96867,187.769,10.6263,63.4975,0,0,51.4723,38.3853,0,0,2.26388,195.182,0,30.8728,0,92.5545,157.937,0,32.2553,0,0,0,0,15.1312,0,240.815,95.2322,0,0,0,80.6926,0,0,0,0,114.411,0,119.99,0,0,397.94,12.2685,0,0,0,122.053,0,0,0,1.81113,0,363.872,0,0,38.3389,0,0,0,339.313,19.185,14.1203,0,0,0,0,0,0,0,0,0,0,3.91496,0,2.04703,30.8883,0,0,0,0,44.8754,2.66099,0,0,0.29902,0,7.00966,0,0,0,0,5.40121,0,0,0,0,2.92783,0,0,0,0,0,25.4579,0,0,0,0,0,0,13.3866,0,0,9.13669,0,343.856,10.0918,0,0,17.5627,17.7323,7.20411,0,0,61.5162,0,0,33.2233,0,10.7826,0,66.5929,0,12.6225,0,0,0,1.61781,94.2422,0,0,0,34.8007,0,5.46319,0,0,0,0,97.8457,0,0,0,0.97495,0,34.7779,4.92165,0,0,0,0,0,0,23.1589,54.3327,0,0,0,0,253.835,0,0,0,0,43.3757,0,44.3743,0,0,0,0,8.53211,69.9008,0,0,0,27.7995,0,0,0,0,0,0,24.5237,0,0,0,0,0,110.246,46.06,0,283.813,0,342.189,127.709,0,289.758,0,0,0,306.236,0,0,0,0,0,0,6.42177,0,0,0,0,0,13.5837,0,0,0,0,0,0,0,0,0,206.347,0,0,0,0,0,0,333.917,0,0,0,0,0,0,0,0,0,0,0,0,0,0,0,0,0,0,0,0,389.987,0,0,0,0,0,0,0,0,0,0,0,0,0,0,0,0,0,0,0,0,0,0,0,0,0,0,0,0,0,0,0,0,0,0,0,0,0,0,0,0,0,0,0,0,0,0,0,0,0,0,0,0,0,0,0,0,0,0,0,0,0,0,0,0,0,0,0,0,0,0,0,0,0,0,0,0,0,0,0,0,0,0,0,0,0,0,0,0,0,0,0,0,0,0,0,0,0,0,0,0,0,0,0,0,0,0,0,0,0,0,0,0,0,0,0,0,0,0,0,0,0,0,0,0,0,0,0,0,0,0,0,0,0,0,0,0,0,0,0,0,0,0,0,0,0,0,0,0,0,0,0,0,0,0,0,0,0,0,0,0,0,0,0,0,0,0,0,0,0,0,0,0,0,0,0,0,0,0,0,0,0,0,0,0,0,0,0,0,0,0,0,0,0,0,0,0,0,0,0,0,0,0,0,0,0,0,0,0,0,0,0,0,0,0,0,0,0,0,0,0,0,0,0,0,11.4234,0,23.2486,0,0,36.2826,0,0,0,0,0,0,0,15.2384,0,0,4.36219,0,0,0,0,0,0,0,0,0,0,20.2581,0,0,0,0,21.0498,15.5973,0,0,27.4702,0,0,0,0,0,0,0,280.747,0,9.21285,0,0,0,0,0,0,0,0,0,0,0,0,0,0,0,0,0,441.869,0,0,0,0,0,0,0,0,0,0,0,0,0,226.235,0,0,0,21.5738,0,0,0,0,0,105.33,0,0,0,0,0,0,0,0,76.0529,0,0,0,0,0,228.531,0,0,0,54.8415,0,0,0,61.4434,0,147.043,0,0,0,0,0,0,0,0,0,0,0,0,0,0,0,0,0,0,148.282,0,0,0,161.252,0,18.7583,22.1378,0,0,0,27.4376,0,0,0,0,0,0,0,0,0,0,0,0,0,0,0,0,0,0,0,0,0,0,0,0,0,0,0,0,0,0,0,0,0,0,0,0,0,0,0,0,0,0,0,0,0,0,0,0,0,0,0,0,0,0,0,0,0,0,0,0,0,0,0,0,0,0,0,0,0,0,0,0
WH,Zn+2,2,xtb,-87.6539,2.00736,0,1.09397,0,1.3266,4.97627,0,3.28003,1.22579,1.11935,0,0,0,0,0.10563,5.61717,0.26172,0,5.25516,11.8278,4.70374,5.84341,14.6702,32.7002,0,0,0,8.48044,23.1461,1.67347,21.7109,27.6373,15.4288,0,3.46748,0,0,7.76392,0,0,0,49.827,0,9.33795,0,4.57403,0,0,43.7317,2.41417,13.3687,12.0379,0,0,0,3.13026,0,0.91836,0,0,0,0,0,0,0.31174,0,0,0,0,5.25943,0,27.483,0,0,8.97448,0,0,0,0,0,15.8784,0,0,10.6869,124.383,0,0,0,0,33.156,0,0,333.779,0,89.0662,16.5182,404.63,0,35.4681,35.0189,0,0,0,83.0415,0,0,0,10.2658,0,83.6611,0,1.84696,63.743,0,0,0,0,0,0,0,8.05909,0,17.5519,0,0,96.7525,0,0,4.35668,0,36.3244,0,0,85.1064,0,0,62.2246,0,27.5845,0,22.9759,132.118,0,0,9.93065,36.3229,0,0,0,0,22.6114,0,14.3021,0,25.4483,0,0,0,0,0,0,0.39251,0.99809,0,0,20.246,0,0,0,0,1.25737,0.95779,0,0,0,99.5054,3.14522,0,0,6.20543,0,0,0,0,0,39.5125,0,0,10.5502,7.44596,0,0,0,0,0,0,0,0,17.6228,0,0,6.19526,0,5.19026,0,0,0,5.28082,46.2475,12.4948,0,0,5.09672,0,0,0,0,186.478,2.11735,0,27.1932,2.6394,0,0,38.6149,0,2.92502,0,0,3.07542,16.3549,0,0,0,31.1085,0,0,12.6385,0,0,0,0,0,111.237,0,5.49263,0,0,0,49.8019,0,20.8895,0,0,0,26.9309,0,0,85.3545,15.5057,0,19.1869,0,0,0,0,0,0,0,7.32518,0,0,0,34.1863,5.04637,220.016,0,0,108.442,0,0,0,19.4865,0,142.906,79.6047,0,0,8.13817,171.092,139.608,0,0,0,0,0,0,0,73.6178,0,11.6335,0,0,16.3816,0,0,0,0,0,0,0,0,13.8408,0,0,0,0,0,0,0,164.703,0,0,0,0,0,0,0,0,0,0,0,0,789.903,0,0,0,0,0,0,0,0,0,0,0,0,0,0,0,0,0,0,0,0,0,0,0,0,0,0,0,0,0,0,0,0,0,0,0,0,0,0,0,0,0,0,0,0,0,0,0,0,0,0,0,0,0,0,0,0,0,0,0,0,0,0,0,0,0,0,0,0,0,0,0,0,0,0,0,0,0,0,0,0,0,0,0,0,0,0,0,0,0,0,0,0,0,0,0,0,0,0,0,0,0,0,0,0,0,0,0,0,0,0,0,0,0,0,0,0,0,0,0,0,0,0,0,0,0,0,0,0,0,0,0,0,0,0,0,0,0,0,0,0,0,0,0,0,0,0,0,0,0,0,0,0,0,0,0,0,0,0,0,0,0,0,0,0,0,0,0,0,0,0,0,0,0,0,0,0,0,0,0,0,0,0,0,0,0,0,0,0,0,0,0,0,0,0,0,0,0,0,0,0,0,0,0,0,0,0,0,0,0,0,0,0,0,0,0,0,0,0,0,0,0,0,0,0,0,0,0,0,0,0,0,0,0,0,0,0,0,9.62162,0,0,0,0,0,9.46523,0,0,0,0,0,0,0.28638,19.9819,0,0,0,0,0,0,0,416.992,2.01729,0,0,0,0,0,0,0,0,0,0,0,0,10.8266,0,0,0,0,23.9129,0,16.5618,0,0,0,788.438,0,0,0,0,2.63358,0,9.56572,0,0,0,9.47798,0,0,0,0,0,0,0,0,0,0,0,0,0,0,0,0,0,0,674.58,0,0,0,0,0,0,0,0,0,0,0,0,0,0,87.9033,0,0,0,0,0,0,0,0,0,0,0,3.87624,116.066,0,6.79369,0,0,0,0,0,0,53.8354,0,0,0,0,0,0,0,0,0,0,0,0,0,80.9313,0,0,0,0,0,0,62.8227,87.9368,0,0,0,0,0,0,0,0,0,0,0,0,0,0,0,0,0,0,0,0,0,0,0,0,0,0,0,0,0,0,0,0,0,0,0,0,0,0,0,0,0,0,0,0,0,0,0,0,0,0,0,0,0,0,0,0,0,0,0,0,0,0,0,0,0,0,0,0,0,0,0,0,0,0,0,0,0,0,0,0,0,0,0
WL,Zn+2,2,xtb,-78.6923,2.5058,0,0,0,0.5245,1.95879,1.10145,0,3.686,3.30612,0,0,1.82852,5.93344,0,0,6.84053,2.85849,1.26084,0,24.3189,0,27.1777,0,0,0,13.7208,0,21.0407,0,0,6.41615,30.3879,0,11.1409,3.98257,10.2656,19.4157,7.61682,0,0,0,13.4617,0,0,0,0,0,0,16.9079,0,3.17406,0,0,0,0,0,0,13.527,24.1368,0,19.3124,0,0,21.1676,0,0,0,0,0,32.937,4.69892,30.14,0,0,54.9602,0,0,275.128,0,504.904,0,37.288,0,0,0,0,0,0,0,0,21.7848,0,25.1117,91.9809,11.5692,0,0,0,0,0.3659,6.35854,0,0,57.8828,0,0,0,0,0,0,0,0,5.68536,0,40.685,0,0,69.16,0,56.0637,0,0,0,0,0,0,0,10.9315,0,1.60138,0,0,0,120.724,0,0,0,0,0,0,0,0,0,63.2711,0,13.181,0,0,0,0,0,17.6194,0,0,0,0,0,0,0,3.75743,0,0,0,11.3002,0,2.95849,0,0,2.19355,5.87066,8.89758,0,0,0,1.56192,0,0,0,0,11.3457,4.34401,0,0,0,39.4579,0,0,3.88722,0,0,0,0,22.6696,0,0,0,0,2.79582,0,0,0,5.96641,0,42.4565,0,33.2569,0,5.75675,0,50.3493,0,0,0,0,0,5.12157,29.1757,120.899,0,8.75904,0,3.07025,0,12.6216,9.84745,9.96591,0,0,0,3.42068,0,11.3811,0,0,4.95734,0,0,0,0.90585,0,15.6029,0,0,0,0,0,0,5.69163,25.7511,0,11.4131,0,26.469,63.4155,0,151.894,0,90.2646,54.3418,0,47.0188,0,0,0,0,0,0,7.82792,0,0,0,0,7.06067,38.9851,2.88617,0,0,0,0,5.96078,0,0.56484,0,186.651,18.5482,0,0.61817,0,0,7.97145,119.987,10.9,0,82.7957,0,0,0,0,0,0,5.34061,0,0,1.26503,0,0,0,0,0,0,6.10741,0,0,0,0,0,0,0,0,0,0,459.96,0,0,0,0,0,0,0,0,0,0,0,0,0,0,0,444.437,0,0,0,0,0,0,0,0,0,0,0,0,0,0,0,0,0,0,0,0,0,0,0,0,0,0,0,0,0,0,0,0,0,0,0,0,0,0,0,0,0,0,0,0,0,0,0,0,0,0,0,0,0,0,0,0,0,0,0,0,0,0,0,0,0,0,0,0,0,0,0,0,0,0,0,0,0,0,0,0,0,0,0,0,0,0,0,0,0,0,0,0,0,0,0,0,0,0,0,0,0,0,0,0,0,0,0,0,0,0,0,0,0,0,0,0,0,0,0,0,0,0,0,0,0,0,0,0,0,0,0,0,0,0,0,0,0,0,0,0,0,0,0,0,0,0,0,0,0,0,0,0,0,0,0,0,0,0,0,0,0,0,0,0,0,0,0,0,0,0,0,0,0,0,0,0,0,0,0,0,0,0,0,0,0,0,0,0,0,0,0,0,0,0,0,0,0,0,0,0,0,0,0,0,0,0,0,0,0,0,0,0,0,0,0,0,0,0,0,0,0,0,0,0,0,0,0,0,0,0,0,0,0,0,2.10903,0,26.8451,0,52.2084,0,0,0,43.451,0,0,0,7.97125,0,0,0,48.0714,0,0,0,4.23602,5.46507,64.3568,30.2196,0,46.0277,0,0,0,0,0,0,16.7104,0,10.477,0,0,25.1132,0,0,0,0,0,0,0,0,0,0,0,0,0,0.9904,0,0,0,0,0,0,0,0,0,0,0,0,0,0,0,0,0,0,0,0,0,0,0,0,0,0,0,0,0,0,0,0,0,0,0,0,5.04432,0,0,9.12884,0,0,58.7342,0,0,0,0,0,0,0,0,0,0,0,0,0,0,0,0,0,39.208,0,0,0,0,0,0,0,0,0,0,0,0,0,0,0,77.2527,0,18.0207,72.1634,0,25.8914,0,0,0,0,0,0,0,0,0,0,0,0,0,0,0,0,0,0,0,0,0,0,0,0,0,0,0,0,0,0,0,0,0,0,0,0,0,0,0,0,0,0,0,0,0,0,0,0,0,0,0,0,0,0,0,0,0,0,0,0,0,0,0,0,0,0,0,0,0,0,0,0,0,0,0,0,0,0,0,0,0,0,0,0
WP,Co+2,2,xtb,-92.9038,9.40865,10.105,0,1.93025,0,1.72442,0.42448,11.3791,1.90768,0,0,3.75051,0,5.2381,0,0,1.7194,3.33271,0,22.8302,0,0.67293,1.46232,26.0781,3.19384,1.19429,0,0,0.47754,0,4.07213,0.41584,12.9434,0,0,3.96066,0,31.4528,0,21.7079,5.6813,0,17.6144,0,0,16.1745,11.3571,0,0,5.2339,92.2669,0,0,2.39568,0,30.5511,0,0,43.3033,0,0,8.71831,0,0,21.2098,0,0,0,4.62583,0,0,26.6717,46.3879,0,0,61.7709,0,221.26,0,9.02312,0,0,0,163.821,0,47.1095,42.9901,0,0,0,0,0,0,27.4574,2.46604,82.0899,0,0,0,31.0724,19.6244,179.891,0,0,73.0413,0,28.7591,0,0,0,0,216.309,131.817,26.3297,0,0,80.5307,0,0,0,25.2265,125.471,0,0,0,0,0,0,178.939,0,264.14,0,0,0,131.692,0,0,0,2.65575,0,0,0,537.372,27.329,0,0,6.76308,0,0,14.3214,0,0,0,0,0,0,23.4259,0,0,0,1.6337,1.27209,7.63499,0,0,0,0,4.1156,0,0,0,4.09742,0,0.33638,6.44456,0.20277,0,0,0,0,0,0,0,0,0,5.42285,0,9.00265,0,0,0,4.91559,0,0,0,0,20.5906,0,0,6.09047,0,0,0,26.6596,34.258,19.4702,0,30.431,10.3982,0,0,0,1.55625,4.2949,0,112.961,0,0,0,38.2604,14.7711,0,9.47354,0,0,1.48832,0,0,22.5529,18.2197,5.74972,36.4564,0,11.6913,0,0,0,40.7941,0,3.09142,0,0,25.4782,0,0,5.99424,0,117.774,93.9213,0,0,15.4615,6.89545,5.52758,0,121.997,0,0,0,0,0,64.6893,0,0,0,0,0,0,34.8622,0,0,0,24.7598,0,0,6.28945,0,0,0,99.7898,0,27.0596,0,13.8489,0,21.3038,143.089,0,160.965,0,309.147,0,426.071,113.575,0,144.638,0,0,0,0,0,0,0,0,52.0477,122.32,0,0,0,0,483.353,0,0,0,0,0,0,0,0,0,0,0,0,0,0,0,0,0,0,0,0,0,0,0,0,0,0,406.189,0,0,0,0,0,0,0,0,0,0,0,0,0,0,0,0,0,0,0,0,0,0,0,0,0,0,0,0,0,0,0,0,0,0,0,0,0,0,0,0,0,0,0,0,0,0,0,0,0,0,0,0,0,0,0,0,0,0,0,0,0,0,0,0,0,0,0,0,0,0,0,0,0,0,0,0,0,0,0,0,0,0,0,0,0,0,0,0,0,0,0,0,0,0,0,0,0,0,0,0,0,0,0,0,0,0,0,0,0,0,0,0,0,0,0,0,0,0,0,0,0,0,0,0,0,0,0,0,0,0,0,0,0,0,0,0,0,0,0,0,0,0,0,0,0,0,0,0,0,0,0,0,0,0,0,0,0,0,0,0,0,0,0,0,0,0,0,0,0,0,0,0,0,0,0,0,0,0,0,0,0,0,0,0,0,0,0,0,0,0,0,0,0,0,0,0,0,0,0,0,0,0,0,0,0,0,0,0,0,0,0,0,0,0,0,0,0,0,0,0,0,0,0,0,0,0,0,0,0,0,5.62189,0,0,0,0,0,0,0,0,18.903,0,0,0,0,5.98919,0,0,7.18323,0,0,0,9.01913,3.79637,0,0,1.39869,0,15.308,0,0,0,0,3.15834,7.10543,0,0,0,26.1745,0,0,0,0,0,17.9234,0,0,24.648,0,0,0,0,0,2.51279,0,0,0,0,0,0,0,0,0,0,0,0,0,0,0,0,0,0,0,0,0,0,0,0,0,616.465,0,0,0,0,0,0,0,0,0,0,0,0,28.4335,0,0,0,0,0,0,0,0,0,0,0,144.477,944.445,0,0,162.047,0,0,0,0,339.058,0,0,0,78.7127,0,0,0,0,0,0,0,0,0,0,0,243.853,0,0,0,0,0,0,184.974,0,0,0,0,85.4454,0,0,18.1839,27.2774,0,54.6426,0,0,0,0,0,0,0,0,0,0,0,0,0,0,0,0,0,0,0,0,0,0,0,0,0,0,0,0,0,0,0,0,0,0,0,0,0,0,0,0,0,0,0,0,0,0,0,0,0,0,0,0,0,0,0,0,0,0,0,0,0,0,0,0,0,0,0,0,0,0,0,0,0,0,0,0
WQ,Cu+2,2,xtb,-85.3729,22.5558,2.21226,2.64249,0,12.9048,0,0,0.284,0,7.94439,33.9811,0,8.00491,0,0,0,0,0,0.56305,10.3931,0,11.6495,0,10.5211,0,2.47545,0,0,0,0,0,8.23654,25.4875,0,0,0,3.04316,0,36.5312,5.83663,0,76.6306,0,28.2306,0,0,22.075,0,0,0,25.4564,0,0,0,25.5186,0,0,0,0,0,0,0,0,52.7374,0,2.5015,0,0,5.1577,0,0,0,0,45.9259,0,73.3694,92.3919,0,22.6384,0,130.167,37.3822,0,0,0,0,61.3379,0,0,0,0,112.688,0,36.9875,14.4435,112.934,196.4,0,5.49963,0,86.6744,0,0,0,37.533,0,9.6736,0,0,23.2023,0,41.2756,0,0,908.771,202.891,0,0,0,0,0,0,26.8249,0,0,176.406,0,0,59.3575,0,0,1.72873,0,0,0,0,61.1898,0,3.01881,0,0,0,0,0,23.4402,0,0,0,17.3595,4.18436,0,0,0,0,0,20.4044,0,0,0,9.03429,0,1.49502,0.37665,0,0,0,0,22.0978,0,0,0.83691,12.272,0,0,0.61161,7.88619,0,0,10.5893,37.217,0,0,0,0,0,0,0,0,0,0,0,0,0,11.4591,0,4.3969,0,0,0,2.60645,7.12414,0,0,0,0.75878,2.11791,0,0,3.30426,28.6291,0,0,0,0,131.597,0,24.9141,0,0,19.4933,0,73.6433,0,0,0,0.33404,0,0,6.04546,0,0,42.7447,0,0,0,0,53.4519,80.7899,0,10.8846,0,0,0,0,0,0,3.23764,0,0,0,42.6098,89.9076,7.41849,0,0,71.3675,0,133.988,51.8233,0,0,19.3132,0,0,0,65.2525,0,0,0,63.7181,0,0,0,27.2205,0,0,0,0,0,0,0,48.4969,74.1306,5.65034,0,0,39.8422,0,0,144.564,0,246.122,0,0,412.32,0,0,0,0,0,0,0,0,0,0,0,18.2417,0,0,11.6925,0,0,0,0,0,0,0,0,0,0,0,0,6.78465,0,0,0,0,166.153,0,0,500.151,0,0,0,0,0,0,0,0,0,0,0,0,0,0,0,0,0,0,0,0,0,0,0,0,0,0,0,0,0,0,0,0,0,0,0,0,0,0,0,0,0,0,0,0,0,0,0,0,0,0,0,0,0,0,0,0,0,0,0,0,0,0,0,0,0,0,0,0,0,0,0,0,0,0,0,0,0,0,0,0,0,0,0,0,0,0,0,0,0,0,0,0,0,0,0,0,0,0,0,0,0,0,0,0,0,0,0,0,0,0,0,0,0,0,0,0,0,0,0,0,0,0,0,0,0,0,0,0,0,0,0,0,0,0,0,0,0,0,0,0,0,0,0,0,0,0,0,0,0,0,0,0,0,0,0,0,0,0,0,0,0,0,0,0,0,0,0,0,0,0,0,0,0,0,0,0,0,0,0,0,0,0,0,0,0,0,0,0,0,0,0,0,0,0,0,0,0,0,0,0,0,0,0,0,0,0,0,0,0,0,0,0,0,0,0,0,0,0,0,0,0,0,0,0,0,0,0,0,0,0,0,0,21.0836,0,0,0,0,0,0,0,0,0,0,0,0,0,16.8895,0,0,0,24.2326,0,0,0,0,0,9.3916,20.5505,4.04277,12.2738,13.262,0,0,0,0,0,0,0,0,0,0,0,0,0,0,10.7332,0,7.39687,20.389,0,100.152,0,0,0,0,0,0,0,0,5.82872,0,0,0,0,0,0,0,0,0,0,0,0,0,0,0,0,0,0,0,0,0,0,0,0,0,0,0,0,0,0,0,0,0,0,0,0,0,0,0,0,0,0,0,0,0,0,0,0,0,130.053,16.0958,0,0,0,0,0,0,0,9.29185,0,0,0,21.2211,100.755,0,0,0,0,0,0,0,0,0,119.141,0,18.4302,0,0,0,0,0,0,0,276.723,0,0,16.1322,0,82.7428,0,0,0,0,0,0,0,0,0,0,0,0,0,0,0,0,0,0,0,0,0,0,0,0,0,0,0,0,0,0,0,0,0,0,0,0,0,0,0,0,0,0,0,0,0,0,0,0,0,0,0,0,0,0,0,0,0,0,0,0,0,0,0,0,0,0,0,0,0,0,0,0,0,0,0,0,0,0,0,0,0
WW,Ni+2,2,xtb,-106.205,5.55955,0,2.16358,0,1.90829,0.10073,0,2.14585,0,8.98081,4.95694,3.29775,3.09658,0,0,13.9271,3.53766,5.25084,6.60622,5.97986,4.30334,27.6402,0,0,0,0,0.72038,11.6802,0,19.6357,0,12.1799,11.6785,6.36909,5.41807,0,0,1.05016,0,0,5.01188,0,0,2.76786,0,2.5756,0,4.28107,0,0,0,22.1902,0,0,14.4053,0,0,17.5158,0,13.4412,0,79.7078,0,0,0,3.63819,0,0,0,103.166,0,5.16116,31.517,0,0,0,1.14518,4.92453,0,0.89182,8.26503,0,129.322,0,82.0417,0,0,0,18.7278,0,61.9901,91.0899,87.707,23.3068,0,5.02286,173.021,0,212.533,122.577,147.696,105.26,72.8752,20.8881,0,44.5946,0,0,53.6816,0,0,0,1.97977,0,0,0,0,15.2314,0,68.0544,0,0,0,0,0,0,0,46.4209,0,0,4.77203,0,27.4228,0,0,0,0,0,21.8925,0,0,0,0,196.497,53.8159,46.7824,19.2203,0,12.768,0,20.4026,0,0,15.1731,0,0,0,0,0,0,0,0.70461,0,0,0,8.81458,0.9561,0,12.0181,0,0,1.47878,2.19206,0,0.91607,0.26352,1.28989,0,0,0,0,0,7.48683,0,0,0,20.2231,0,0,0,0,0,0,0,11.8397,0,0,0,11.1049,0,0,0,6.59452,1.75298,2.65654,4.36247,0,16.5654,13.1227,0,6.47412,0,0.63585,0,0,0,114.254,0,0,124.693,0,6.94809,2.52489,17.5137,0,7.04121,5.47373,0,0,0,2.20841,2.31776,0,2.54157,0,0,11.7635,0,6.30813,9.16007,0,0,0,0,0,0,0,209.625,0,12.0385,0,0,17.0933,15.7075,0,26.7265,0,83.1416,0,0,0,41.9809,0,0,0,0,0,8.03674,0,0,14.9662,0,0,0,33.2476,41.6814,0,0,0,0,2.64004,11.3952,55.8908,0,0,0,63.6862,154.341,19.4719,0,0,0,133.036,0,0,0,0,82.8423,0,0,0,0,56.0003,0,7.3467,12.737,0,0,0,0,0,0,0,24.1172,0,0,0,0,0,0,0,0,0,0,0,267.353,0,0,0,0,0,0,0,451.975,0,0,0,0,0,0,0,0,0,0,0,0,0,0,0,0,0,0,0,0,0,0,0,0,0,0,0,0,0,0,0,0,0,0,0,0,0,0,0,0,0,0,0,0,0,0,0,0,0,0,0,0,0,0,0,0,0,0,0,0,0,0,0,0,0,0,0,0,0,0,0,0,0,0,0,0,0,0,0,0,0,0,0,0,0,0,0,0,0,0,0,0,0,0,0,0,0,0,0,0,0,0,0,0,0,0,0,0,0,0,0,0,0,0,0,0,0,0,0,0,0,0,0,0,0,0,0,0,0,0,0,0,0,0,0,0,0,0,0,0,0,0,0,0,0,0,0,0,0,0,0,0,0,0,0,0,0,0,0,0,0,0,0,0,0,0,0,0,0,0,0,0,0,0,0,0,0,0,0,0,0,0,0,0,0,0,0,0,0,0,0,0,0,0,0,0,0,0,0,0,0,0,0,0,0,0,0,0,0,0,0,0,0,0,0,0,0,0,0,0,0,0,0,0,0,0,0,0,0,0,0,0,0,0,0,0,0,0,0,0,0,0,1.17154,22.9515,0,0,0,0,0,0,0,27.3712,0,8.24501,0,0,0,0,0,0,3.74981,3.81963,0,0,0,0,28.027,0,0,20.0873,0,0,0,0,1.53985,68.106,0,0,38.9605,29.5986,0,0,0,0,0,0,0,0,0,5.06216,0,1.01631,0,0,267.63,0,0,0,0,0,0,225.812,0,0,0,0,0,0,0,0,0,0,0,0,0,0,0,475.574,0,0,0,0,0,0,0,0,0,0,22.987,0,0,0,0,0,0,0,0,0,0,0,0,0,61.986,0,0,0,0,0,0,0,0,0,0,31.5199,31.0581,0,0,0,0,0,0,0,0,52.9331,0,0,74.4487,20.124,0,0,171.044,0,0,0,0,0,0,0,0,0,0,0,0,0,0,0,0,0,0,0,0,0,0,0,0,0,0,0,0,0,0,0,0,0,0,0,0,0,0,0,0,0,0,0,0,0,0,0,0,0,0,0,0,0,0,0,0,0,0,0,0,0,0,0,0,0,0,0,0,0,0,0,0,0,0,0,0,0,0,0,0,0,0,0,0,0,0
YI,Ni+2,2,xtb,-89.2826,6.36972,0,1.6467,0,0.68818,0,0,5.0782,0,1.04995,2.07313,0,2.15615,2.14533,0,6.8487,0,10.4809,0,3.30017,2.70846,0,8.81492,2.05182,0,23.3503,0,1.51385,0,0,0,6.80407,6.55171,0,30.0988,36.1547,0,0,0,7.49127,2.84222,0,2.19303,25.5293,0,12.1793,0.34983,71.4554,0,47.0417,15.9571,0,0,1.18799,29.0937,0,0,0,0,2.28424,0,11.0869,0,0,10.6562,0,4.60606,0,0,0,35.7018,90.9393,0,0,37.7364,0,0,0,60.7502,44.3418,0,29.9183,0,374.982,0,0,0,0,163.602,0,0,0,0,0,0,0,0,432.782,12.3636,8.4516,0,0,0,0,31.4921,0,0,141.802,0,259.024,0,0,0,59.4568,0,0,24.9623,0,0,0,0,0,0,0,50.4755,0,48.3918,0,0,0,0,72.6474,0,0,0,0,0,717.561,0,0,0,0,0,18.5516,0,18.6996,0,0,0,0,31.0132,0,4.78618,0,14.7995,20.697,0,0,0,0,0,0,0,0,8.21067,0,1.14062,0,0,0,1.90823,0,0,0,0,0,0,7.93564,19.1238,0,2.4004,0,0,0,9.29022,0,0,0,154.121,0,37.1184,0,0,0,10.619,0,16.9456,0,0,17.8367,18.4402,0,25.7615,55.1098,0,0,0,268.009,0,0,0,9.87744,0,0,0,40.3145,0,42.244,0,0,0,6.45989,7.765,16.189,0,0,3.1823,0,21.5633,0,19.3982,0,17.7888,0,0,0,0,0,55.2074,0,0,0,16.2756,0,0,0,2.8206,0.88279,0,0,0,50.5476,0,0,10.5292,0,0,8.27324,20.5112,0,0,0,0,0,49.4555,0,0,0,0,35.6689,0,4.81147,0,0,0,9.5072,0,0,0,0,0,34.2982,0,0,0,0,2.72809,158.037,45.1041,2.76103,0,184.106,69.9979,0,0,65.9444,0,0,0,0,0,0,0,36.0115,0,558.063,0,0,0,0,0,0,0,0,0,0,0,0,0,0,0,0,51.1057,0,0,0,0,0,0,0,0,0,0,0,0,0,0,0,0,0,0,0,0,0,0,439.779,0,0,0,549.511,0,0,0,0,0,0,0,0,0,0,0,0,0,0,0,0,0,0,0,0,0,0,0,0,0,0,0,0,0,0,0,0,0,0,0,0,0,0,0,0,0,0,0,0,0,0,0,0,0,0,0,0,0,0,0,0,0,0,0,0,0,0,0,0,0,0,0,0,0,0,0,0,0,0,0,0,0,0,0,0,0,0,0,0,0,0,0,0,0,0,0,0,0,0,0,0,0,0,0,0,0,0,0,0,0,0,0,0,0,0,0,0,0,0,0,0,0,0,0,0,0,0,0,0,0,0,0,0,0,0,0,0,0,0,0,0,0,0,0,0,0,0,0,0,0,0,0,0,0,0,0,0,0,0,0,0,0,0,0,0,0,0,0,0,0,0,0,0,0,0,0,0,0,0,0,0,0,41.224,0,0,0,0,0,0,0,0,0,0,0,0,0,0,0,0,0,0,0,0,0,0,0,0,0,0,0,0,0,0,0,0,0,0,0,0,0,0,0,0,0,0,0,0,25.5391,0,0,0,0,0,24.0293,35.6621,0,0,0,48.073,36.9161,0,0,10.2433,50.9787,0,0,0,0,0,69.0363,16.002,0,36.6078,30.8427,0,0,19.0851,0,0,0,43.8177,9.44365,0,0,7.47231,0,0,0,0,0,0,0,0,0,0,0,0,0,0,0,0,0,0,0,0,0,0,0,0,0,0,155.037,0,0,0,0,0,0,0,0,0,0,0,0,0,0,0,0,0,0,0,0,0,0,0,0,0,0,0,8.66536,0,0,0,0,0,2.03,0,0,0,0,0,0,0,43.0011,0,0,0,0,0,0,0,0,0,89.2715,0,0,104.77,0,0,0,95.9895,0,0,0,0,0,0,0,0,0,0,0,0,0,45.335,0,33.2833,0,0,0,0,0,14.4356,0,0,0,0,0,0,0,0,0,0,0,0,0,0,0,0,0,0,0,0,0,0,0,0,0,0,0,0,0,0,0,0,0,0,0,0,0,0,0,0,0,0,0,0,0,0,0,0,0,0,0,0,0,0,0,0,0,0,0,0,0,0,0,0,0,0,0,0,0,0,0,0,0
YI,Zn+2,2,xtb,-80.0892,7.36098,11.6789,0,2.10767,1.10281,4.264,0,0,18.8659,1.28604,0,2.5797,0,8.66686,12.3147,0,4.38717,12.5508,0,0,6.88834,0,0,0,0,105.601,0,0,3.34297,0,4.68225,0,0,0,0,36.8688,3.03776,10.401,0,0,11.2768,46.8096,0,0,0,0.83421,29.4786,42.7983,0,33.7381,0,0,0,0,120.976,0,0,37.4291,0,0,0,93.5937,172.487,45.2221,0,4.18344,24.6215,0,0,1.62756,0,0,27.4097,178.123,0,0,9.30547,0,89.5451,0,0,0,38.0289,11.4298,0,0,0,0,104.92,0,0,0,0,0,0,30.3286,0,69.6404,0,42.1543,0,0,38.0571,0,0,0,0,0,0,0,0,42.3757,0,0,1.01507,0,88.2351,0,92.2776,0,0,0,0,273.174,0,294.119,0,0,0,0,0,0,32.5084,0,0,8.09858,0,0,0,0,0,0,0,0,0,0,0,13.5529,0,0,0,26.2453,0,0,47.2704,0,0,0,0,0,0,8.42147,11.1126,0,8.02341,0,1.72103,0,0,0,165.666,0,24.9928,0,297.351,77.5694,0,78.8449,0,0,0,0,0,0,0,29.4039,0,0,13.0114,0,0,3.76085,4.04297,0,0,0,0,7.88388,0,0,0,0,14.1653,0,0,0,0,118.625,0,10.7135,167.738,0,0,8.49835,0,17.4295,0,0,0,29.7898,0,0,0,0,4.98212,39.5686,7.6854,3.12075,0,13.5322,0,0,47.7869,0,0,0,15.8305,0,21.8506,0,0,0,10.8635,0,35.3214,0,189.423,0,0,0,7.82517,0,17.7761,21.4271,2.82779,0,10.5805,0,0,0,0,0.56829,0,0,0,0,0,0,0,0,0,0,0,7.08132,6.28931,6.58974,0,0,0,72.1882,0,21.5603,184.423,77.6027,0,0,0,94.4049,3.08656,7.90554,13.5082,77.5778,0,0,0,0,0,788.838,48.267,0,0,0,0,3.37572,0,0,314.625,0,0,0,0,69.9912,0,0,0,0,0,0,0,0,0,0,0,0,0,0,0,0,0,0,0,0,0,0,0,0,0,0,0,0,0,0,0,0,0,0,0,0,0,0,0,0,0,0,0,0,0,0,0,0,0,0,0,0,0,0,0,0,0,0,0,0,0,0,0,0,0,0,0,0,0,0,0,0,0,0,0,0,0,0,0,0,0,0,0,0,0,0,0,0,0,0,0,0,0,0,0,0,0,0,0,0,0,0,0,0,0,0,0,0,0,0,0,0,0,0,0,0,0,0,0,0,0,0,0,0,0,0,0,0,0,0,0,0,0,0,0,0,0,0,0,0,0,0,0,0,0,0,0,0,0,0,0,0,0,0,0,0,0,0,0,0,0,0,0,0,0,0,0,0,0,0,0,0,0,0,0,0,0,0,0,0,0,0,0,0,0,0,0,0,0,0,0,0,0,0,0,0,0,0,0,0,0,0,0,0,0,1422.44,0,0,0,0,0,0,0,0,0,0,0,0,0,0,0,0,0,0,0,0,0,0,0,0,0,0,0,0,0,0,0,0,0,0,0,0,0,0,0,0,0,0,0,0,0,0,0,0,0,0,0,0,0,0,0,0,0,23.9877,0,3.76115,0,12.1652,0,0,0,0,41.1966,0,0,0,0,11.1756,58.8576,0,0,4.57497,0,0,24.7087,0,36.4018,52.605,0,30.6923,0,0,0,0,30.4481,10.4792,0,0,0,15.3541,0,0,0,0,0,0,0,0,0,765.745,0,0,0,0,0,0,0,0,0,0,0,0,0,0,0,0,0,0,0,0,0,0,0,0,0,0,0,0,0,0,0,0,0,0,0,0,0,0,0,0,0,0,0,0,0,0,0,0,0,4.16568,0,0,0,0,0,0.10123,0,0,0,43.1891,0,0,0,0,0,0,34.7966,0,0,0,0,0,105.989,0,0,0,0,76.7376,0,26.561,0,0,0,0,53.6281,0,0,0,0,0,0,0,0,0,0,0,0,0,0,0,0,0,0,0,0,0,0,0,0,0,0,0,0,0,0,0,0,0,0,0,0,0,0,0,0,0,0,0,0,0,0,0,0,0,0,0,0,0,0,0,0,0,0,0,0,0,0,0,0,0,0,0,0,0,0,0,0,0,0,0,0,0,0,0,0,0,0,0,0
YL,Cu+2,2,xtb,-83.4263,8.45715,4.93865,1.44728,0,0.9454,3.38846,1.36662,0.59847,0,10.028,0,4.47068,0,0.84267,0,0,33.6005,0,0,0,0,10.9907,0,1.35746,2.28857,0,0,1.98585,0,0,0,77.2543,16.0348,4.53032,17.0094,0,0,0,65.7153,0,0,0,0,2.76023,0,0,11.0828,26.3649,0,14.6153,0,20.8738,0,0,0,0,10.3606,0,0,5.36398,0,39.1398,0,8.60093,0,17.1671,0,0,0,0,12.7205,67.7569,0,3.72445,0,0,0,0,1.69038,0,0,0,0,0,33.4371,62.1037,17.4121,0,0,29.9892,0,52.4958,0,0,0,6.40093,0,17.5689,0,0,0,390.426,0,0,0,837.782,0,0,47.614,0,0,0,70.8706,0,0,152.445,97.5748,0,113.998,0,0,0,0,0,0,40.9077,0,0,0,0,75.5667,0,0,0,130.97,0,0,0,0,677.634,0,0,0,0,0,0,37.8154,0,0,0,0,0,20.0674,0,115.867,0,0,0,128.06,0,0,0,0,0,11.2011,0,3.14159,18.0857,0,0,0,0,0,1.56005,3.31041,0,2.15978,0,0,0,19.0865,17.9866,0,0,0,17.5503,0,8.1401,2.26561,1.53254,0,0,0,0,0,0,0,0,0,0,0,9.53322,0,0,0,2.68388,0,0,0,6.086,0,0,4.97457,0,29.1077,0,83.2717,0,0,0,113.312,0,3.49414,0,15.9907,0,12.6034,32.7268,0,0,0,32.1696,0,0,1.19838,0,34.3091,0,0,13.468,0,38.4537,0,10.3765,0,28.2863,0,0,25.7144,0,0,0,30.8836,60.1983,0,7.40283,0,5.59003,0,44.7595,6.36873,0,0,0,0,0,0,0,0,0,0,0,5.52157,0,0,14.6036,199.594,0,0,0,0,72.189,23.73,0,0,3.48624,0,278.447,7.34648,138.542,34.7859,48.977,0,8.02571,0,0,31.5739,0,0,0,0,0,0,0,0,0,27.9285,0,0,0,0,0,0,0,0,0,0,0,0,0,0,0,0,0,0,0,0,0,329.019,0,0,0,0,0,0,0,0,0,0,0,0,0,0,0,0,0,342.469,0,0,0,0,0,0,0,0,0,0,0,0,0,0,0,0,0,0,0,0,0,0,0,0,0,0,0,0,0,0,0,0,0,0,0,0,0,0,0,0,0,0,0,0,0,0,0,0,0,0,0,0,0,0,0,0,0,0,0,0,0,0,0,0,0,0,0,0,0,0,0,0,0,0,0,0,0,0,0,0,0,0,0,0,0,0,0,0,0,0,0,0,0,0,0,0,0,0,0,0,0,0,0,0,0,0,0,0,0,0,0,0,0,0,0,0,0,0,0,0,0,0,0,0,0,0,0,0,0,0,0,0,0,0,0,0,0,0,0,0,0,0,0,0,0,0,0,0,0,0,0,0,0,0,0,0,0,0,0,0,0,0,0,0,0,0,0,0,0,0,0,0,0,0,0,0,0,0,0,0,0,0,0,0,0,0,0,0,0,0,0,0,0,0,0,0,0,0,0,0,0,0,0,0,0,0,0,0,0,0,0,0,0,0,0,0,0,0,0,0,0,0,0,0,0,0,0,0,0,0,1.56141,0,0,0,0,24.1618,0,0,0,26.2392,21.3258,0,0,121.722,20.0632,0,0,0,0,0,0,81.7933,17.1542,83.48,33.5693,0,0,0,0,7.14306,0,0,10.2951,0,7.73264,0,0,0,0,0,0,0,0,0,0,0,0,0,0,0,0,0,0,0,0,0,0,0,0,0,0,0,0,0,0,0,0,0,0,0,0,0,0,0,0,0,0,0,0,0,83.5505,0,0,0,0,0,0,0,0,0,0,0,0,0,0,0,74.914,0,36.167,0,0,0,0,0,0,0,0,0,2.73756,0,0,0,0,0,0,0,0,0,0,0,0,0,0,73.7378,66.7805,0,0,74.1062,58.3159,0,0,74.5785,0,0,0,0,0,0,0,0,0,0,0,0,0,0,0,0,0,0,0,0,0,0,0,0,0,0,0,0,0,0,0,0,0,0,0,0,0,0,0,0,0,0,0,0,0,0,0,0,0,0,0,0,0,0,0,0,0,0,0,0,0,0,0,0,0,0,0,0,0,0,0,0,0,0,0,0,0,0,0,0,0,0
YL,Ni+2,2,xtb,-89.2979,5.32468,0,7.62304,0,1.82575,0,0.62934,0,0,0,10.2403,0,12.2549,0,2.82747,0,0,0,5.65541,25.106,0.18832,0,0.60776,0,0,0.50811,0,0.68161,0,1.52007,0,0,34.6208,0,0,45.2869,0,46.5805,10.1535,0,8.39889,5.58584,0,28.3662,31.0355,0,0,0,3.03484,5.35991,7.93219,0,0,61.4461,0,8.31754,0,0,66.89,0,0,3.119,0,0,4.37459,0,26.8321,33.3938,0,0,0,3.03043,0,0,204.172,0,0,6.08056,0,0,3.68116,0,74.4449,0,0,0,0,172.023,339.858,0,210.863,41.2117,0,0,0,0,0,0,0,0,14.4801,0,10.8148,0,8.95444,32.8874,0,311.153,0,0,0,61.4652,0,0,0,0,0,0,0,0,60.4488,0,0,0,0,0,0,0,17.1107,0,64.468,0,0,0,0,0,8.82634,0,0,301.562,0,0,0,0,430.715,0,109.474,19.3178,0,49.9374,0,0,0,0,4.44553,0,0,0,31.0163,0,0,0,0,28.2948,0,0,0,2.32633,0,0,0,0,3.85466,0,0,0.83811,0,0,5.49887,0,6.53879,0,42.9332,0,126.385,0,5.57866,0,0,0.69016,68.9789,0,0,0,0,0,28.75,0,0,3.24498,0,0,0,0,0,0,22.0707,0,9.94584,0,0,0,4.34113,0,7.08503,0,160.504,0,0,0,89.9836,9.63426,0,2.17149,0,0,12.2601,0,15.3999,0,0,0,14.8099,0,0,0,7.72832,13.6071,0,0,6.89866,0,36.2748,0,0,0,0,0,0,44.3452,0,141.309,0,0,0,7.85319,26.3726,0,0,0,0,25.9149,0,0,101.54,0,0,0,0,0,0,0,3.98401,0,0,0.66954,0,0,0,34.7454,0,0,0,0,2.87399,0,0,12.1452,166.516,0.92217,1.09847,2.55731,200.476,0,0,127.739,0,0,169.081,0,0,0,0,31.4224,0,0,0,0,581.823,0,0,0,0,0,0,0,0,0,0,0,81.7413,0,0,0,0,0,0,0,0,0,0,0,0,0,301.908,0,0,0,0,530.523,0,0,0,0,0,0,0,0,0,0,0,0,0,0,0,0,0,0,0,0,0,0,0,0,0,0,0,0,0,0,0,0,0,0,0,0,0,0,0,0,0,0,0,0,0,0,0,0,0,0,0,0,0,0,0,0,0,0,0,0,0,0,0,0,0,0,0,0,0,0,0,0,0,0,0,0,0,0,0,0,0,0,0,0,0,0,0,0,0,0,0,0,0,0,0,0,0,0,0,0,0,0,0,0,0,0,0,0,0,0,0,0,0,0,0,0,0,0,0,0,0,0,0,0,0,0,0,0,0,0,0,0,0,0,0,0,0,0,0,0,0,0,0,0,0,0,0,0,0,0,0,0,0,0,0,0,0,0,0,0,0,0,0,0,0,0,0,0,0,0,0,0,0,0,0,0,0,0,0,0,0,0,0,0,0,0,0,0,0,0,0,0,0,0,0,0,0,0,0,0,0,0,0,0,0,0,0,0,0,0,0,0,0,0,0,0,0,0,0,0,0,0,0,0,0,0,0,0,0,0,0,0,0,27.5368,3.88825,0,0,0,0,34.3509,26.8495,0,0,0,0,34.5399,37.4778,0,0,0,8.43804,0,0,0,0,24.4155,1.7328,79.3676,52.6549,43.5651,26.1928,26.1049,0,0,0,0,0,12.8404,0,0,0,0,0,0,0,0,0,0,0,0,0,0,0,0,0,174.85,0,0,0,0,0,0,0,0,0,0,0,397.08,0,0,0,0,0,0,0,0,0,0,0,0,0,0,0,0,0,0,0,0,0,0,0,0,0,0,0,0,9.34299,0,0,0,0,0,1.69361,0,0,0,0,62.5791,0,0,0,0,0,0,0,0,0,0,0,0,0,110.268,0,0,0,0,0,0,115.391,0,0,0,0,0,0,0,0,0,0,44.2321,0,0,27.6106,0,0,0,0,7.63698,0,0,0,10.5622,0,0,0,0,0,0,0,0,0,0,0,0,0,0,0,0,0,0,0,0,0,0,0,0,0,0,0,0,0,0,0,0,0,0,0,0,0,0,0,0,0,0,0,0,0,0,0,0,0,0,0,0,0,0,0,0,0,0,0,0,0,0,0,0,0,0,0,0,0
ACA,Cu+2,3,xtb,-74.304,6.62957,1.37362,0,2.58788,0,13.0623,0,0,4.25528,0,2.93882,9.82197,0,11.2491,0,16.6193,3.63435,0,0,0,0,22.8595,0,5.38818,0,0,6.98045,0,0,6.87889,0.54633,3.30391,0,2.57151,0,0,0,41.944,54.0758,0,11.0529,0,0,18.6631,0,5.47147,0,0,0,49.9811,0,5.02324,20.4615,0,10.7848,0,0,10.4511,0,0,0,0,0,15.8778,88.3034,0,0,0,0,0,0,0,9.2375,0,0,6.55798,0,0,0,0,20.4709,70.3564,0,0,0,0,68.2296,0,263.111,0,13.7887,0,201.531,0,0,0,0,0,0,0,0,0,35.0868,0,57.8353,584.597,0,0,77.5324,0,0,0,0,0,41.3822,0,0,0,75.0286,0,0,0,0,42.7388,0,0,0,0,0,0,103.042,26.7049,0,371.326,0,0,0,0,0,0,0,0,0,0,18.1231,0,0,0,0,0,0,36.1957,0,0,74.0724,0,0,0,0,0,0,38.6493,0,0,0,0,0,0,11.7393,0,0,0,26.9743,0,0,0,41.5768,0,0,0,0,24.2463,8.92913,0,0,0,0,0,0,0,0,2.83497,0,0,12.5991,0,0,0,0,7.53872,0,0,0,0,0,18.0301,0,0,0,0,13.4616,2.52205,0,0,0,12.7053,10.9307,0,0,204.53,18.0808,0,0,0,3.25866,0,0,0,16.1596,0,0,0,0,0,51.5943,0,0,0,11.6562,0,14.0376,37.0392,10.0683,0,0,0,76.7738,0,0,0,27.5729,0,9.95666,0,0,0,0,0,0,0,0,0,0,0,0,0,0,0,0,22.9254,214.693,0,22.6469,0,0,0,0,0,0,0,165.515,0,0,0,15.0035,0,181.949,160.688,0,0,0,0,84.7538,0,0,0,0,0,0,0,0,0,44.2554,0,0,0,0,0,0,0,0,0,0,0,0,0,199.427,0,0,0,0,0,0,0,0,0,0,0,0,430.638,0,0,0,0,0,0,0,0,0,0,0,0,643.751,0,0,0,0,0,0,0,0,0,0,0,0,0,0,0,0,0,0,0,0,0,0,0,0,0,0,0,0,0,0,0,0,0,0,0,0,0,0,0,0,0,0,0,0,0,0,0,0,0,0,0,0,0,0,0,0,0,0,0,0,0,0,0,0,0,0,0,0,0,0,0,0,0,0,0,0,0,0,0,0,0,0,0,0,0,0,0,0,0,0,0,0,0,0,0,0,0,0,0,0,0,0,0,0,0,0,0,0,0,0,0,0,0,0,0,0,0,0,0,0,0,0,0,0,0,0,0,0,0,0,0,0,0,0,0,0,0,0,0,0,0,0,0,0,0,0,0,0,0,0,0,0,0,0,0,0,0,0,0,0,0,0,0,0,0,0,0,0,0,0,0,0,0,0,0,0,0,0,0,0,0,0,0,0,0,0,0,0,0,0,0,0,0,0,0,0,0,0,0,0,0,0,0,0,0,0,0,0,0,0,0,0,0,0,0,0,646.474,0,0,88.2549,0,0,0,0,0,0,0,0,0,0,0,13.851,0,0,0,0,2.36796,0,0,0,0,0,0,2.41839,0,0.67296,0,0,0,0,0,0,26.8712,0,0,0,17.4119,0,0,19.0319,0,3.64595,0,0,0,0,0,0,0,0,0,0,0,0,0,0,0,0,0,0,0,0,0,0,0,0,0,0,0,0,0,0,0,0,0,0,0,0,0,0,0,65.6348,0,0,0,0,0,0,0,0,0,0,0,0,0,0,0,0,0,0,383.152,0,0,0,0,0,4.88037,0,0,0,69.1803,0,0,0,0.01998,0,0,0,0,0,0,0,0,0,0,0,0,0,0,0,0,0,0,0,0,0,77.2831,0,0,33.5279,0,81.2577,8.89234,0,0,73.1761,0,0,0,0,0,0,0,0,0,0,0,0,0,0,0,0,0,0,0,0,0,0,0,0,0,0,0,0,0,0,0,0,0,0,0,0,0,0,0,0,0,0,0,0,0,0,0,0,0,0,0,0,0,0,0,0,0,0,0,0,0,0,0,0,0,0,0,0,0,0,0,0,0,0,0,0,0,0,0,0,0,0
ACG,Zn+2,3,xtb,-67.854,2.27735,1.83241,9.40424,0,0,4.94613,12.9046,0,0,0,54.7079,0,10.2498,0,0,5.49649,5.96215,0,0,11.8496,0.25195,0,19.5766,0,0,0.14535,0,2.08293,1.03408,0,3.28293,0,11.8272,20.013,26.0773,35.4275,0,16.7225,0,0,10.7943,0,0,0,0,5.46887,0,26.3763,0,0,2.97519,159.136,0,0,0,0,0,0,18.0799,0,98.8695,0,0,0,2.85742,0,0,0,114.809,0,0,0,0,0,0,0,0,164.059,0,0,0,56.0749,0,0,34.8121,0,88.5057,95.5519,0,66.3779,0,0,105.274,111.175,0,413.591,0,0,0,0,0,0,0,0,2.99047,0,0,0,0,0,0,0,0,0,0,0,0,58.6169,0,0,0,247.303,0,97.436,0,0,9.58165,0,0,214.449,0,0,4.91247,0,0,0,0,0,0,0,28.1505,0,0,0,0,0,0,0,0,0,0,0,0,0,0,0,0,11.6619,0,0,0,0,0,0,0,25.578,0,0,8.66567,0,0,0,0,0,4.0202,0,0,0,0,0,0,18.1991,0,0,0,20.9473,0,0,0,0,0,8.58844,0,3.32941,0,0,0,0,0,0,81.6996,0,0,0,0,0,0,51.8067,0,43.149,0,35.4518,0,0,8.57573,0,0,0,263.34,0,28.1704,0,0,0,3.20491,0.82093,0,0,0,24.389,0,0,34.1298,0,0,19.5502,0,60.4389,0,0,0,12.928,0,0,0,0,0,0,27.9936,16.2737,115.481,0,9.32194,0,0,0,0,0,0,0,0,0,0,0,0,0,0,31.7313,211.857,0,0,0,15.9805,0,0,0,0,115.924,0,73.4591,0,0,0,0,3.19115,0,0,187.305,0,0,0,0,82.4349,165.016,0,0,65.6758,0,0,0,0,0,0,0,0,0,0,0,0,0,0,0,0,0,0,0,0,0,385.782,0,0,0,0,0,0,0,0,0,0,0,0,0,0,0,0,0,0,0,0,0,296.06,0,0,0,0,650.983,0,0,0,0,0,0,0,0,0,0,0,0,0,0,0,0,0,0,0,0,0,0,0,0,0,0,0,0,0,0,0,0,0,0,0,0,0,0,0,0,0,0,0,0,0,0,0,0,0,0,0,0,0,0,0,0,0,0,0,0,0,0,0,0,0,0,0,0,0,0,0,0,0,0,0,0,0,0,0,0,0,0,0,0,0,0,0,0,0,0,0,0,0,0,0,0,0,0,0,0,0,0,0,0,0,0,0,0,0,0,0,0,0,0,0,0,0,0,0,0,0,0,0,0,0,0,0,0,0,0,0,0,0,0,0,0,0,0,0,0,0,0,0,0,0,0,0,0,0,0,0,0,0,0,0,0,0,0,0,0,0,0,0,0,0,0,0,0,0,0,0,0,0,0,0,0,0,0,0,0,0,0,0,0,0,0,0,0,0,0,0,0,0,0,0,0,0,0,0,0,0,0,0,0,0,0,0,0,0,0,0,0,0,0,0,0,0,0,0,0,0,0,24.6648,0,0,0,0,0,0,0,3.72509,0,0,0,0,18.6226,0,0,8.39419,0,0,0,0,1.31013,0,0,0,0,1.04556,0,0,0,0,31.1185,0,0,0,6.13905,0,0,0,0,0,0,0,0,0,0,0,0,0,0,0,0,0,0,0,0,0,0,0,0,0,0,0,0,0,0,0,0,0,0,0,0,0,0,0,0,0,0,0,0,0,0,0,0,0,0,0,42.4819,0,0,0,0,0,0,0,13.4291,0,0,14.2084,0,0,0,0,92.1395,0,252.284,0,0,0,0,0,0,43.0982,0,0,0,0,0,0,0,0,0,0,0,0,0,0,0,0,0,0,0,0,0,0,76.5199,32.7553,0,23.266,40.0614,0,0,0,0,46.0127,0,0,0,0,0,0,0,0,0,0,0,0,0,0,0,0,0,0,0,0,0,0,0,0,0,0,0,0,0,0,0,0,0,0,0,0,0,0,0,0,0,0,0,0,0,0,0,0,0,0,0,0,0,0,0,0,0,0,0,0,0,0,0,0,0,0,0,0,0,0,0,0,0,0,0,0,0,0
ADD,Zn+2,3,xtb,-78.0474,8.22209,0,5.8238,0.58917,2.88755,0,0,1.27271,0,5.02651,0,4.10379,0,3.34443,4.80489,0,0,0,3.10191,0,0,13.1147,0,0,2.48481,0,1.62559,0,0,0.72709,0,0,10.5975,0,0,20.962,0.95726,0,13.4579,0,0,0,15.8239,14.9901,0,45.1235,0,0,0,4.70276,0,0,0,147.488,0,0.67336,0,0.96527,0,21.6349,0,0,0,32.672,0,0,0,0,20.8059,0,0,19.2656,0,0,0,0,0,0,0,0,0,0,0,0,41.8447,0,37.566,0,9.82291,0,0,0,19.8183,0,0,0,91.4981,0,0,0.54646,0,0,58.8001,0,0,54.0949,124.906,0,22.9562,0,0,0,0,0,0,0,0,46.8348,0,166.266,0,55.1741,0,0,0,0,0,29.7486,0,0,12.5825,0,0,0,0,123.279,0,0,0,0,0,0,0,349.735,0,0,7.08884,0,0,0,0,0,0,0,0,0,0,0,0,0,0,13.0611,0,238.529,0,0,0,236.024,19.5861,0,0,0,0,24.7163,0,5.81577,0,0,0,35.3469,0,7.41613,0,0,8.19531,0,0,0,0,0,1.11226,0,0,45.2286,0,26.9504,0,0,0,0,41.883,0,0,64.9339,0,0,0,0,0,31.5421,0,0,0,41.8757,0,175.779,0,103.932,0,0,0,0,139.653,0,0,1.35778,0,17.7181,0,0,0,0,10.4302,0,15.9168,0,0,49.8854,0,33.4177,19.9118,0,0,0,3.24777,0,0,0,88.6028,5.58604,8.76615,0,348.805,0,0,0,0,0,547.258,0,0,0,121.275,0,0,0,0,157.451,0,8.93076,0,48.2,0,0,0,8.20456,0,0,0,0,0,0,0,0,0,0,6.45153,0,4.95652,0,0,0,86.9362,119.37,0,0,0,0,0,0,0,0,0,0,0,0,0,0,0,270.107,0,0,0,0,0,0,0,0,0,0,0,0,0,0,0,0,0,0,0,590.753,0,834.299,0,0,0,0,0,0,562.084,0,0,0,0,0,0,0,0,547.264,0,0,0,0,0,0,0,0,0,0,0,0,0,0,0,0,0,0,0,0,0,0,0,0,0,0,0,0,0,0,0,0,0,0,0,0,0,0,0,0,0,0,0,0,0,0,0,0,0,0,0,0,0,0,0,0,0,0,0,0,0,0,0,0,0,0,0,0,0,0,0,0,0,0,0,0,0,0,0,0,0,0,0,0,0,0,0,0,0,0,0,0,0,0,0,0,0,0,823.614,0,0,0,0,0,0,0,0,0,0,0,0,0,0,0,0,0,0,0,0,0,0,0,0,0,0,0,0,0,0,0,0,0,0,0,0,0,0,0,0,0,0,0,0,0,0,0,0,0,0,0,0,0,0,0,0,0,0,0,0,0,0,0,0,0,0,0,0,0,0,0,0,0,0,0,0,0,0,0,0,0,0,0,0,0,0,0,0,0,0,0,0,0,0,0,0,0,0,0,0,0,0,0,0,0,0,0,0,0,0,0,0,0,0,0,0,0,0,0,58.6305,0,0,0,0,55.7459,0,0,0,0,0,0,0,7.92864,0,0,0,0,0,2.7661,0,0,0,0,60.7357,0,0,31.2799,0,3.42671,0,0,0,0,0,0,6.35698,0,0,0,0,0,610.794,0,0,0,0,0,0,0,0,0,0,0,0,0,0,0,0,0,0,0,0,0,0,0,0,0,0,0,0,0,0,0,0,0,0,0,0,0,0,0,0,0,0,0,0,0,0,0,0,0,0,0,0,0,0,0,1.58834,0,0,0,5.68206,0,0,31.7872,0,46.7277,0,0,0,0,0,0,0,0,0,0,0,0,0,0,0,0,0,0,0,0,0,0,0,0,0,0,0,0,0,0,0,0,0,0,0,0,0,0,26.0374,0,0,0,0,0,0,0,0,0,0,0,0,0,0,0,0,0,0,0,0,0,0,0,0,0,0,0,0,0,0,0,0,0,0,0,0,0,0,0,0,0,0,0,0,0,0,0,0,0,0,0,0,0,0,0,0,0,0,0,0,0,0,0,0,0,0,0,0,0,0,0,0,0,0,0,0,0,0
AEA,Ni+2,3,xtb,-85.2965,7.1917,0,2.60292,0,0,14.6977,0,0.54089,0,2.04664,0,12.0609,19.6243,3.91436,0,0,0,0,4.8283,15.5852,47.1852,0,8.32085,0,0.71391,4.8276,3.83306,0,2.73178,11.889,16.2175,0,31.8165,0,67.9571,0,0,4.01411,18.644,4.68897,10.5835,0,2.51897,0,0,19.9552,0,0,0,0,0,31.6266,0,0,14.1888,0,11.6051,0,0,23.7067,0,0,0,0,13.7776,19.9611,0,0,0,106.247,0,0,51.0206,9.35412,0,6.75643,0,0,0,0,0,0,13.7143,81.5199,5.88904,0,0,0,68.8805,0,104.206,117.592,0,0,0,0,0,340.472,0,277.788,0,172.282,0,114.117,0,0,117.165,0,56.6524,0,0,84.4484,0,0,0,0,0,0,0,0,17.9536,0,0,0,0,0,0,153.424,145.869,0,0,0,0,0,31.4073,0,0,0,0,95.2065,272.401,0,0,0,0,0,0,0,0,2.29292,0,0,0,0,0,0,0,0,0,0,51.3187,0,0,0,0,0,27.3819,0,0,0,0,8.86766,0,0,0,7.12235,0,0,0,0,9.93525,0,0,0,0,1.34925,11.56,0,0,0,36.7023,0,19.6101,68.4681,0,201.473,0,0,0,0,0,36.6322,0,0,27.486,0,0,0,0,0,3.68251,0,18.8704,40.3242,20.1122,0,3.88525,0,0,0,25.1182,0,0,16.0918,3.75603,0,118.918,0,0,106.978,0,0,0,0,0,0,0,11.3492,5.2269,25.9177,0,0,0,4.6258,0,3.92567,0,76.5624,0,0,52.8147,0,0,0,0,43.411,0,0,0,0,0,0,0,0,87.7978,0,0,0,44.21,0,15.3138,11.2661,0,0,0,0,0,5.2705,0,0,0,7.4187,0,0,60.2669,53.024,0,3.03371,20.5784,0,72.1335,0,0,0,0,0,0,0,13.6608,0,242.551,0,0,0,0,0,0,0,0,0,0,0,0,0,0,0,0,412.528,0,0,0,0,0,0,0,0,665.499,0,0,0,0,0,0,0,533.159,0,0,0,0,0,597.685,0,0,0,0,0,0,0,0,0,0,0,0,0,0,0,0,0,0,0,0,0,0,0,0,0,0,0,0,0,0,0,0,0,0,0,0,0,0,0,0,0,0,0,0,0,0,0,0,0,0,0,0,0,0,0,0,0,0,0,0,0,0,0,0,0,0,0,0,0,0,0,0,0,0,0,0,0,0,0,0,0,0,0,0,0,0,0,0,0,0,0,0,0,0,0,0,0,0,0,0,0,0,0,0,0,0,0,0,0,0,0,0,0,0,0,0,0,0,0,0,0,0,0,0,0,0,0,0,0,0,0,0,0,0,0,0,0,0,0,0,0,0,0,0,0,0,0,0,0,0,0,0,0,0,0,0,0,0,0,0,0,0,0,0,0,0,0,0,0,0,0,0,0,0,0,0,0,0,0,0,0,0,0,0,0,0,0,0,0,0,0,0,0,0,0,0,0,0,0,0,0,0,0,0,0,0,0,0,0,0,0,0,0,0,0,0,0,0,0,0,41.6068,0,31.9256,0,0,0,0,0,0,0,0,0,0,0,0,0,0,11.6216,0,0,0,0,0,0,0,0,0,0,14.5352,0,0,13.318,22.9337,66.3854,35.8155,0,0,0,19.3015,0,10.5566,4.28527,0,0,0,0,0,0,0,0,0,0,0,0,0,0,0,0,0,0,0,0,0,0,0,0,0,0,0,0,0,0,0,0,0,0,0,0,218.272,0,0,0,0,0,0,0,0,0,14.7025,0,0,0,0,0,0,0,265.174,0,0,0,0,0,5.5917,0,0,0,0,0,0,0,0,0,0,0,0,301.648,0,0,0,0,0,0,0,0,0,0,46.018,0,74.7867,0,0,0,0,0,0,0,0,0,0,0,0,0,36.3226,0,0,23.5776,0,0,0,0,0,0,0,0,0,0,0,0,0,0,13.4543,0,0,0,0,0,0,0,0,0,0,0,0,0,0,0,0,0,0,0,0,0,0,0,0,0,0,0,0,0,0,0,0,0,0,0,0,0,0,0,0,0,0,0,0,0,0,0,0,0,0,0,0,0,0,0,0,0,0,0,0,0,0,0,0,0,0,0,0,0
AEC,Ni+2,3,xtb,-88.5238,8.75653,0.77387,6.77759,0,3.70608,0,6.48168,2.99046,10.0958,0,19.0604,0,2.83686,4.72898,10.0903,0,30.694,0,0,7.30693,0,9.63585,0,0.8086,3.63137,0,20.125,10.3899,15.273,0,0,4.383,0,48.8886,33.2609,0,0,1.64611,0,0,25.6473,0,12.8939,0,27.0043,0,32.7593,0,11.6918,0,28.9115,0,0,25.0463,0,20.7308,0,0,0,0,39.5161,34.5593,0,0,0,0,28.4311,39.0039,0,0,142.492,0,65.4854,0,121.657,0,0,0,0,0,59.5568,0,0,0,44.3972,0,0,0,0,0,0,101.406,0,0,0,0,94.5269,29.3324,0,70.2706,0,0,0,0,0,40.6218,0,0,86.9618,9.60723,0,0,0,233.109,0,130.741,0,0,20.6981,0,0,0,0,0,0,0,0,103.811,0,196.858,0,24.5294,0,103.984,0,0,10.4198,0,0,0,41.7177,0,0,0,0,0,0,0,0,0,0,45.97,0,0,0,0,0,0,0,0,9.10007,369.405,0,0,0,0,36.6713,0,0,0,0,8.51167,0,0,0,7.47843,0,0,4.90934,5.31668,0,0,0,85.6904,0,0,0,0,0,0,0,0,0,0,14.115,11.3406,12.368,60.4583,0,0,0,2.4998,0,0,0,0,0,8.47551,0,108.888,0,0,0,57.6537,93.01,0,0,0,181.795,0,29.3065,0,0,0,81.1906,27.0015,0,7.13292,0,0,2.19898,0,18.0985,21.2552,0,0,0,133.307,0,0,17.9178,0,152.278,10.757,0,54.0871,5.41837,7.23717,0,0,0,0,0,3.61413,0,0,0,0,19.184,0,0,0,0,0,0,0,111.286,0,0,0,0,123.072,37.2664,0,0,0,0,4.81035,0,0,3.80158,8.90571,0,0,0,0,111.965,2.24478,0,90.0793,0,0,48.5089,72.106,0,0,0,0,156.133,0,0,0,0,0,0,0,0,0,0,0,0,0,0,0,0,0,0,0,519.56,0,0,0,0,0,0,0,0,0,0,0,451.487,0,0,0,611.414,0,0,0,0,0,0,0,0,0,0,0,0,0,0,0,0,491.623,0,0,0,0,0,0,0,0,0,0,0,0,0,0,0,0,0,0,0,0,0,0,0,0,0,0,0,0,0,0,0,0,0,0,0,0,0,0,0,0,0,0,0,0,0,0,0,0,0,0,0,0,0,0,0,0,0,0,0,0,0,0,0,0,0,0,0,0,0,0,0,0,0,0,0,0,0,0,0,0,0,0,0,0,0,0,0,0,0,0,0,0,0,0,0,0,0,0,0,0,0,0,0,0,0,0,0,0,0,0,0,0,0,0,0,0,0,0,0,0,0,0,0,0,0,0,0,0,0,0,0,0,0,0,0,0,0,0,0,0,0,0,0,0,0,0,0,0,0,0,0,0,0,0,0,0,0,0,0,0,0,0,0,0,0,0,0,0,0,0,0,0,0,0,0,0,0,0,0,0,0,0,0,0,0,0,0,0,0,0,0,0,0,0,0,0,0,0,0,0,0,0,0,0,0,0,0,0,0,0,0,0,0,0,0,0,0,48.416,0,5.36128,0,0,0,0,4.14528,0,0,0,0,0,0,0,0,0,0,43.866,0,13.3948,0,8.64115,0,9.28135,0,0,80.9443,694.375,0,0,9.3745,0,0,0,0,0,0,0,0,0,0,0,0,0,0,0,0,0,0,0,0,0,0,0,0,0,0,0,0,0,0,0,0,0,0,0,0,0,0,0,0,0,0,450.607,0,0,0,0,0,0,0,0,0,0,0,0,0,0,0,16.93,0,0,0,2.91343,11.582,0,0,0,0,0,0,0,0,0,0,0,0,0,0,0,0,30.7398,50.5109,0,0,0,0,0,0,0,0,0,0,0,66.3531,0,0,0,0,0,0,0,0,0,0,0,0,0,0,0,0,0,0,30.0948,0,0,0,0,0,0,0,16.2753,0,0,0,0,0,0,0,0,0,0,0,0,0,0,0,0,0,0,0,0,0,0,0,0,0,0,0,0,0,0,0,0,0,0,0,0,0,0,0,0,0,0,0,0,0,0,0,0,0,0,0,0,0,0,0,0,0,0,0,0,0,0,0,0,0,0,0,0,0
AEL,Zn+2,3,xtb,-80.3166,9.18158,0,2.34555,5.411,0,2.55924,0,3.22923,0,5.23415,1.05933,1.64795,0,1.79561,3.44483,0,0,0,0,5.20795,0,0,0,0,0,7.22447,3.46704,0,0,0,5.97421,14.5312,0,0,2.46403,0,3.01695,20.281,18.3975,4.4661,0,3.22886,0,12.0454,0,6.38929,0,0,12.3649,0,0,0,14.711,0,0,11.6029,0,0,0,27.905,0,0,0,47.1272,4.28692,0,0,0,0,0,0,0,0,8.21714,0,0,0,0,0,3.66792,0,0,32.9828,0,30.9207,0,0,0,26.2262,0,11.8571,0,20.9476,167.323,0,0,0,14.6295,0,0,12.2096,0,0,0,0,0,0,0,0,24.7825,0,0,57.8493,0,0,0,0,36.6196,0,0,159.548,0,79.9361,0,0,0,81.3571,0,92.392,0,0,0,0,0,0,331.871,9.52075,0,52.1926,0,0,0,0,0,0,0,0,0,0,0,0,0,0,0,0,0,0,11.2432,0,11.541,0,0,0,8.28341,0,0,66.0658,0,0,24.2543,0,0,0,0,0,0,0,0.32112,0,9.02492,12.6192,24.5824,0,5.5021,0,0,0,32.1383,15.7443,0,0,0,6.67367,0,46.2062,0,0,0,4.21241,19.1306,0,0,85.7904,0,0,0,0,11.6077,13.9553,0,0,0,0,0,0,158.272,73.7854,27.6706,0,123.045,97.3992,0,0,0,0,3.88622,0,8.46759,6.052,7.59381,5.64896,0,0,0,0,73.569,30.3596,0,12.4196,0,0,0,0,0,0,1.72677,0,0,4.68599,198.14,0,8.5759,0,38.248,0,213.107,0,11.577,52.096,0,16.4596,0,186.974,0,0,0,0,0,0,12.422,4.13888,0,42.5147,0,2.3702,0,0,0,0,0,0,0,0,7.01418,0,0,0,20.2529,0,22.7147,1.69765,17.7301,57.2612,0,0,105.657,0,0,0,0,0,0,0,0,0,0,0,0,0,0,0,0,0,0,0,0,0,0,0,0,0,0,0,0,0,0,0,529.999,0,0,0,0,569.8,0,0,79.8421,0,0,0,0,1058.73,0,0,0,0,0,0,0,0,0,0,0,0,0,0,0,0,0,0,0,0,0,0,0,0,0,0,0,0,0,0,0,0,0,0,0,0,0,0,0,0,0,0,0,0,0,0,0,0,0,0,0,0,0,0,0,0,0,0,0,0,0,0,0,0,0,0,0,0,0,0,0,0,0,0,0,0,0,0,0,0,0,0,0,0,0,0,0,0,0,0,0,0,0,0,0,0,0,0,0,0,0,0,0,0,0,0,0,0,0,0,0,0,0,0,0,0,0,0,0,0,0,0,0,0,0,0,0,0,0,0,0,0,0,0,0,0,0,0,0,0,0,0,0,0,0,0,0,0,0,0,0,0,0,0,0,0,0,0,0,0,0,0,0,0,0,0,0,0,0,0,0,0,0,0,0,0,0,0,0,0,0,0,0,0,0,0,0,0,0,0,0,0,0,0,0,0,0,0,0,0,0,0,0,0,0,0,0,0,0,0,0,21.3355,0,0,0,0,0,0,0,0,0,0,0,0,0,0,0,0,0,52.43,83.6512,0,0,0,0,0,0,0,0,0,0,8.71146,0,29.7844,0,0,7.43678,27.3416,60.2202,0,30.4953,34.4165,0,0,30.9846,30.118,102.809,15.6904,0,13.0741,0,0,0,0,0,0,0,0,0,0,0,0,0,0,0,0,0,0,0,0,0,0,0,0,0,0,0,0,0,0,0,0,0,0,0,0,0,0,0,0,0,0,0,493.492,0,0,0,0,0,0,0,0,0,0,0,0,0,0,0,0,0,0,0,2.48906,0,0,4.29945,0,0,0,0,44.0743,0,0,0,0,28.1378,0,0,0,0,0,0,0,0,0,0,0,0,0,0,0,0,0,0,0,0,0,0,0,0,65.7448,0,0,0,0,0,0,0,0,0,0,0,0,0,0,0,0,0,0,0,0,0,0,0,0,0,0,0,0,0,0,0,0,0,0,0,0,0,0,0,0,0,0,0,0,0,0,0,0,0,0,0,0,0,0,0,0,0,0,0,0,0,0,0,0,0,0,0,0,0,0,0,0,0,0,0,0,0,0,0,0,0,0,0,0,0,0,0,0
AET,Ni+2,3,xtb,-92.4774,3.30283,0.03623,1.11796,0,1.99331,1.59433,1.63471,1.67267,0.5575,4.16195,0.73471,0,0,0,0.27158,0,0,3.36233,5.507,12.3382,0,0,0,0,0,1.9564,0,3.48779,14.9616,11.433,7.854,50.3802,0,0,1.6426,8.28124,0,0,0.38034,8.31814,7.04893,0,28.1133,0,0,0,0,20.4707,0,27.6861,41.1352,0,19.0966,0,0,0,8.63142,12.0573,0,9.28467,0,0,4.47932,0,83.6945,52.4292,0,17.9981,0,10.756,0,0,0,0,0,0,39.391,0,0,19.4271,0,0,0,20.1456,0,17.7765,0,0,0,3.72762,0,0,140.12,0,0,8.51774,0,0,0,51.1062,0,0,138.857,0,0,8.80856,0,0,56.8959,55.8686,0,124.131,0,0,0,138.914,0,0,0,0,0,0,0,0,0,110.639,0,65.9269,27.6092,0,285.14,0,0,0,0,80.0861,104.832,0,0,0,185.957,0,0,0,0,0,0,0,313.435,0,0,0,0,53.2194,0,0,0,0,0,0,0,19.9353,0,0,0,6.66983,0,0,0,0,16.1401,0,0,337.017,76.6921,0,0,34.4875,45.5392,10.4073,37.8379,0,0,0,89.248,0,0,0,0,0,0,0,2.74597,0,0,22.8782,0,35.2075,0,0,0,23.6891,19.9496,0,0,0,30.4898,0,32.278,0,12.636,0,0,0,232.786,0,196.676,46.5969,0,0,0,82.0852,0,0,12.6137,36.8801,0,0,0,0,7.8105,0,47.3499,0,46.7405,33.7517,98.6071,0,0,0,18.1734,8.19242,23.5384,0,0,34.308,0,0,0,0,0,0,0,7.17931,0,0,106.361,0,0,75.1183,0,0,0,160.515,0,0,0,0,26.0376,0,0,0,0,97.0042,130.477,0,0,0,0,0,0,0,4.4927,0,1.78116,0,6.5541,32.6388,2.63144,0,110.234,130.718,0,0,0,0,0,0,0,0,78.4945,117.744,0,0,0,0,0,0,0,0,0,0,0,0,0,0,0,0,0,0,0,0,0,0,459.063,0,0,0,418.311,0,0,0,0,0,0,0,0,0,0,569.991,0,0,0,0,0,0,0,588.913,0,0,0,0,0,0,0,0,0,0,0,0,0,0,0,0,0,0,0,0,0,0,0,0,0,0,0,0,0,0,0,0,0,0,0,0,0,0,0,0,0,0,0,0,0,0,0,0,0,0,0,0,0,0,0,0,0,0,0,0,0,0,0,0,0,0,0,0,0,0,0,0,0,0,0,0,0,0,0,0,0,0,0,0,0,0,0,0,0,0,0,0,0,0,0,0,0,0,0,0,0,0,0,0,0,0,0,0,0,0,0,0,0,0,0,0,0,0,0,0,0,0,0,0,0,0,0,0,0,0,0,0,0,0,0,0,0,0,0,0,0,0,0,0,0,0,0,0,0,0,0,0,0,0,0,0,0,0,0,0,0,0,0,0,0,0,0,0,0,0,0,0,0,0,0,0,0,0,0,0,0,0,0,0,0,0,0,0,0,0,0,0,0,0,0,0,0,0,0,0,0,0,0,0,81.1756,0,0,0,0,0,0,0,0,0,0,0,0,0,0,0,0,84.0008,0,0,27.3474,0,0,0,0,20.7775,0,0,0,0,0,0,25.186,0,0,0,275.243,0,9.74576,0,23.0413,0,0,0,0,0,17.7648,8.6669,44.2058,0,36.5493,0,0,0,0,0,0,0,1546.76,0,332.046,0,0,0,0,0,0,0,0,0,0,0,0,0,0,0,0,0,0,0,0,0,0,360.464,0,0,0,0,0,4.92422,0,0,0,0,0,0,0,0,0,0,0,0,0,0,0,0,0,0,0,0,0,0,0,0,0,0,0,0,0,0,20.7802,0,0,0,0.7664,0,33.916,0,0,0,0,0,0,0,0,0,0,0,0,0,0,0,0,0,57.7188,0,0,0,0,0,0,0,0,0,43.6192,0,0,0,0,0,0,0,0,0,0,0,0,0,0,0,0,9.0551,0,0,0,0,0,0,0,0,0,0,0,0,0,0,0,0,0,0,0,0,0,0,0,0,0,0,0,0,0,0,0,0,0,0,0,0,0,0,0,0,0,0,0,0,0,0,0,0,0,0,0,0,0,0,0,0,0,0,0,0,0,0,0,0,0,0,0
AET,Zn+2,3,xtb,-78.0895,9.62429,0,0.37572,2.80309,0,0.33859,0,0,2.5361,0,0,4.77425,2.70369,0,1.68774,0,0,0.58733,6.52154,9.48639,0,0,6.20684,0,0,0,1.05062,0,0,4.68689,1.00792,0,7.08596,17.4503,0,0,11.7951,0,0,29.3059,18.4925,0,0,0,15.5535,0,0.4177,0,0,0,0,11.1639,0,6.41374,0,0,0,0,20.7384,0,11.5566,0,0,27.0875,0,0,2.68732,0,0,0,0,3.57317,166.352,0,13.2014,0,16.266,0,0,0,0,0,24.6323,8.94291,0,0,0,0,0,0,0,9.75389,0,0,0,0,120.809,0,41.2632,14.153,0,0,0,0,0,0,0,16.817,0,71.0532,0,14.3369,0,0,73.5125,0,0,0,95.2961,0,0,0,0,0,0,0,255.175,0,88.9709,185.473,0,0,219.194,0,4.41201,0,78.7138,0,0,0,0,129.291,0,0,0,0,0,0,0,0,0,22.4504,0,0,0,0,0,43.0246,0,0,2.98061,0,0,0,0,0,0,0,0,0,0,0,17.7506,0,0,0,14.1762,0,19.5742,0,34.3027,0,18.2759,40.7011,0,0,0,0,0,0,0,0,0,60.909,0,54.0463,17.6469,0,0,0,0,0,0,0,124.349,0,0,75.7339,105.651,0,132.471,0,0,7.69782,0,0,15.4704,0,86.5195,83.6168,0,82.588,0,0,0,0,0,0,56.2988,0,0,48.2754,0,0,61.1552,0,0,0,0,0,12.0716,0,3.74609,0,8.96607,0,0,0,0,0,0,18.5597,60.404,0,0,259.508,121.167,10.9218,34.0944,0,102.342,0,0,0,0,0,8.50146,0,0,0,0,16.1419,0,0,0,63.6606,0,0,0,23.5868,0,0,0,0,1.42172,47.0027,0,38.5656,135.688,0,0,47.255,0,0,0,0,0,0,0,0,0,0,0,0,0,0,0,0,0,0,0,0,0,0,0,0,0,0,0,0,0,0,0,0,403.483,0,0,520.747,0,0,0,0,0,0,0,0,718.269,0,0,0,0,0,0,0,0,0,0,0,0,450.189,0,0,0,0,0,0,0,0,0,0,0,0,0,0,0,0,0,0,0,0,0,0,0,0,0,0,0,0,0,0,0,0,0,0,0,0,0,0,0,0,0,0,0,0,0,0,0,0,0,0,0,0,0,0,0,0,0,0,0,0,0,0,0,0,0,0,0,0,0,0,0,0,0,0,0,0,0,0,0,0,0,0,0,0,0,0,0,0,0,0,0,0,0,0,0,0,0,0,0,0,0,0,0,0,0,0,0,0,0,0,0,0,0,0,0,0,0,0,0,0,0,0,0,0,0,0,0,0,0,0,0,0,0,0,0,0,0,0,0,0,0,0,0,0,0,0,0,0,0,0,0,0,0,0,0,0,0,0,0,0,0,0,0,0,0,0,0,0,0,0,0,0,0,0,0,0,0,0,0,0,0,0,0,0,0,0,0,0,0,0,0,0,0,0,0,0,0,131.731,0,0,0,0,0,0,0,0,0,0,0,0,0,0,0,0,0,0,0,0,0,0,33.5666,0,0,0,0,0,0,0,30.4965,0,0,0,0,0,20.1861,0,0,15.8955,9.59119,0,0,6.13182,0,0,11.1401,0,50.6437,37.7518,0,18.8353,0,0,9.35037,5.76159,0,0,0,0,0,0,0,0,0,0,0,0,0,0,0,0,0,0,0,0,0,0,0,0,0,0,0,0,0,0,0,0,0,0,0,0,0,0,313.528,0,0,0,0,0,0,0,0,0,0,0,0,0,0,0,0,0,0,0,0,0,0,0,55.4905,0,17.3268,0,43.292,4.18272,0,0,0,0,0,0,33.7514,0,0,0,0,0,0,0,0,0,0,0,0,0,0,0,0,0,0,0,0,0,0,0,0,0,54.7088,0,0,0,0,0,0,0,0,0,0,0,0,0,0,0,0,0,0,0,0,0,0,0,0,0,0,0,0,0,0,0,0,0,0,0,0,0,0,0,0,0,0,0,0,0,0,0,0,0,0,0,0,0,0,0,0,0,0,0,0,0,0,0,0,0,0,0,0,0,0,0,0,0,0,0,0,0,0,0,0,0,0,0,0,0,0
AFP,Zn+2,3,xtb,-87.8651,1.78207,0,2.38358,0.53497,0,1.07451,1.60441,0,3.01954,0,4.31074,0.46488,4.36163,1.56521,0,0,0,10.3757,0,0,0,7.4357,0,21.2993,14.0687,4.81783,0,0,0.81076,8.47555,0,3.74522,0,0.66941,0,2.14675,0,2.29926,0,0,3.06842,0,38.8724,21.0751,18.7172,0.71848,48.9905,0,0,63.7094,0,0,92.5898,0,30.7475,0,0,55.9275,0,0,0,0,2.2574,3.36336,0,0.16281,0,25.3018,0,0,0,3.39762,0,0,22.3138,0,0,10.0157,0,103.625,0,0,0,0,0,0,101.312,182.967,0,0,203.59,0,0,0,3.81184,0,0,287.282,0,0,0,0,93.716,0,0,0,28.3887,35.4806,3.7572,0,373.627,0,70.2177,0,0,0,130.174,0,0,0,17.0713,0,41.2846,0,0,5.02186,0,0,0,0,155.285,0,0,31.1053,0,0,27.5868,0,0,0,225.4,14.93,0,0,0,0,0,8.41755,0,0,0,0,0,0,0,0,0,0,5.74758,0,0,0,0,0,13.5375,0,11.123,13.4057,0,0,0,0.05932,0,3.25634,0,0,0.24613,17.0379,0.19497,0,0,9.89893,0,0,0,0,0,0.91672,2.68311,0,1.03001,0,1.61776,12.3054,0,0,22.8796,0,8.31117,0,0,0,0,9.13998,0,12.6675,0,0.76655,0,87.6823,0,1.81963,0,8.66969,0,133.81,0,4.25601,0,67.3408,0,0,3.09723,0,0,0,0.33197,23.165,0.77236,2.22485,0,14.1657,6.72062,0,0,0,3.03552,0,5.82962,0,12.9839,0,8.03556,0,0,1.85085,0,1.1442,8.42775,0,166.925,0,24.1789,2.63175,0,0.03877,0,0,0,0,0,0,0,0,0,0,0,0,0,0,0,15.1267,0,0,120.662,0,0,135.436,0,4.2159,0,0,21.7755,43.0347,0,234.777,0,92.947,0,215.107,81.612,0,0,0,0,0,0,0,0,0,0,0,0,0,0,0,0,286.414,4.47732,0.96902,0,0,0,0,0,530.045,0,0,0,0,0,0,0,0,0,0,0,0,0,0,0,0,0,729.308,0,0,0,0,0,0,0,0,0,0,0,0,0,0,0,0,0,0,0,0,0,0,0,0,0,0,0,0,0,0,0,0,0,0,0,0,0,0,0,0,0,0,0,0,0,0,0,0,0,0,0,0,0,0,0,0,0,0,0,0,0,0,0,0,0,0,0,0,0,0,0,0,0,0,0,0,0,0,0,0,0,0,0,0,0,0,0,0,0,0,0,0,0,0,0,0,0,0,0,0,0,0,0,0,0,0,0,0,0,0,0,0,0,0,0,0,0,0,0,0,0,0,0,0,0,0,0,0,0,0,0,0,0,0,0,0,0,0,0,0,0,0,0,0,0,0,0,0,0,0,0,0,0,0,0,0,0,0,0,0,0,0,0,0,0,0,0,0,0,0,0,0,0,0,0,0,0,0,0,0,0,0,0,0,0,0,0,0,0,0,0,0,0,0,0,0,0,0,0,0,0,0,0,0,0,0,0,0,0,0,0,0,0,0,0,0,0,0,0,0,0,0,0,0,0,0,0,0,0,0,0,0,0,0,0,0,0,0,8.55794,0,0,0,0,0,15.8016,6.32817,0,0,0,0,2.49021,0,0,0,0,0,4.13581,0,3.32428,12.6311,0,14.0763,0,62.7778,0,0,14.7191,1.58868,0,1.07351,0,0,0,0,25.3354,0,0,0,7.61646,0,8.09141,0,0,0,0,0,0,0,0,0,0,0,0,0,440.183,0,0,0,0,0,0,0,0,0,0,0,0,0,0,0,0,0,0,0,0,0,0,0,0,353.885,0,0,0,0,0,32.2687,0,0,0,0,26.547,0,0,0,0,0,0,0,86.5073,0,48.8705,0,0,0,0,0,0,0,0,0,0,0,0,0,0,0,0,0,0,0,0,0,94.0623,0,0,0,46.8595,0,58.08,100.637,0,0,0,0,0,0,0,0,0,0,0,0,0,0,0,0,0,0,0,0,0,0,0,0,0,0,0,0,0,0,0,0,0,0,0,0,0,0,0,0,0,0,0,0,0,0,0,0,0,0,0,0,0,0,0,0,0,0,0,0,0,0,0,0,0,0,0,0,0,0,0,0,0,0,0,0,0,0,0,0,0,0,0,0,0,0,0
AGG,Co+2,3,xtb,-64.4214,16.9467,0,2.56443,5.41019,0,1.99288,0,9.15181,0,0,0,1.54469,1.19104,4.63468,0,0,0,0,0,2.18312,0,0,0,4.77069,6.18031,8.15918,0,2.08544,0,0,34.2696,0,41.0727,0,0,22.7543,0,0,0,4.78564,0,4.28455,0,41.5393,14.6112,0,21.5279,0,0,0,0,0,27.0937,0,0,0,4.20051,0,0,0,0,0,0,46.7724,0,59.0727,0,15.3107,39.8167,0,41.6051,0,0,0,0,0,0,130.036,115.336,0,0,0,0,0,0,0,0,10.3612,7.92273,0,0,0,0,70.9883,0,0,0,6.66609,0,0,6.53551,0,0,0,0,28.9997,0,0,557.879,0,0,21.2848,0,0,0,0,0,57.6775,0,0,0,0,148.703,20.7379,0,0,0,0,0,0,109.739,0,0,15.9264,0,0,0,0,410.978,0,0,0,0,0,0,0,0,0,0,0,0,0,0,0,0,0,0,0,0,0,0,0,0,0,9.06478,0,0,0,0,9.51646,0,0,22.2014,0,0,0,11.4358,0,0,0,28.3468,0,0,0,0,0,0,0,0,24.795,0,3.58735,0,0,0,0,0,59.755,0,0,0,0,0,0,0,0,26.8606,0,0,58.8376,0,0,0,6.29719,0,0.52755,2.96813,178.515,126.053,0,0,0,0,0,0,0,0,12.2001,0,0,0,0,0,0,36.9143,0,0,0,0,0,8.58869,0,0,4.09611,0,0,0,0,0,145.775,184.417,14.9534,0,0,0,0,0,0,145.017,0,0,0,0,0,0,0,0,0,0,0,12.629,24.7066,0,0,0,0,0,0,5.67087,0,0,0,0,0,0,0,2.77703,0,0,7.06367,0,0,139.97,0,176.872,0,0,0,0,87.2357,0,0,0,0,0,0,0,0,0,0,0,0,0,0,0,0,0,0,0,0,0,0,0,0,0,0,0,0,0,0,993.301,0,487.77,0,355.414,0,0,0,0,0,0,0,0,0,0,0,0,0,0,0,0,0,0,0,0,0,0,0,0,0,0,0,0,0,0,0,0,0,0,0,0,0,0,0,0,0,0,0,0,0,0,0,0,0,0,0,0,0,0,0,0,0,0,0,0,0,0,0,0,0,0,0,0,0,0,0,0,0,0,0,0,0,0,0,0,0,0,0,0,0,0,0,0,0,0,0,0,0,0,0,0,0,0,0,0,0,0,0,0,0,0,0,0,0,0,0,0,0,0,0,0,0,0,0,0,0,0,0,0,0,0,0,0,0,0,0,0,0,0,0,0,0,0,0,0,0,0,0,0,0,0,0,0,0,0,0,0,0,0,0,0,0,0,0,0,0,0,0,0,0,0,0,0,0,0,0,0,0,0,0,0,0,0,0,0,0,0,0,0,0,0,0,0,0,0,0,0,0,0,0,0,0,0,0,0,0,0,0,0,0,0,0,0,0,0,0,0,0,0,0,0,0,0,0,0,0,0,0,0,0,0,0,0,0,44.5716,0,6.02205,0,0,0,28.9904,0,0,0,0,0,0,21.311,11.7974,0,0,0,0,0,0,0,0,0,0,0,0,0,0,0,53.3082,27.8983,0,0,0,0,0,0,4.10382,0,0,730.038,0,0,0,0,0,0,0,0,0,0,0,0,0,0,0,0,0,0,0,0,0,0,0,0,0,0,0,0,0,0,0,0,0,0,0,0,0,0,0,0,0,0,0,0,0,0,0,0,0,0,9.6807,0,0,0,0,0,1.84606,0,0,0,0,0,0,0,0,216.054,0,0,0,40.0688,0,0,0,0,0,0,0,0,216.565,0,0,0,0,0,0,0,0,0,0,0,0,0,0,0,0,0,0,0,0,0,0,0,0,0,0,35.6275,0,0,0,0,10.3505,0,0,0,0,0,11.3528,0,0,0,0,0,0,0,0,0,0,0,0,0,0,0,0,0,0,0,0,0,0,0,0,0,0,0,0,0,0,0,0,0,0,0,0,0,0,0,0,0,0,0,0,0,0,0,0,0,0,0,0,0,0,0,0,0,0,0,0,0,0,0,0,0,0,0,0
AHF,Co+2,3,xtb,-104.008,9.81949,4.36006,0,17.1574,8.16956,0,5.0561,13.4322,0,1.19823,0,0,0.37488,0,4.73135,5.55544,2.85555,3.44344,0,1.67543,0.16035,0,0,1.53062,1.94976,15.621,29.2245,0,0,0,20.9763,0,0,12.855,0,6.72527,12.2633,0,33.9919,0,0,36.469,0,36.312,0,14.1788,0,0,28.3942,47.9905,5.44453,76.5558,0,73.7798,68.2925,0,17.3548,0,0,0,21.9893,5.12858,86.9084,0,0,0.29864,0,0.8713,172.086,0,0,48.6343,0,0,49.7982,0,0,0,48.4782,0,22.3753,66.0974,0,0,1.37783,0,91.5323,13.8945,0,0,0,0,0,0,0,0,0,33.1334,0,0,4.03835,0,0,0,0,277.77,13.3645,0,77.4268,5.02036,63.7193,0,70.0525,0,0,0,0,31.5657,0,0,0,11.0462,103.706,418.964,41.9296,0,0,0,0,10.522,0,119.076,0,85.749,0,0,0,28.2777,0,0,0,66.3512,408.504,0,0,0,6.48841,0,9.27142,0,0,0,0,0,16.8545,4.43717,0,0,0,0,0,24.4039,0,0,7.48332,0,2.11559,2.84655,0,2.2482,0,3.17043,0,0,0,0,1.26036,10.3064,0,0,10.4553,0,13.3229,0,0,0,5.48004,0,19.3819,0,0,17.9047,0,0,0,18.7393,0,0,0,0,29.588,0,0,0,14.4089,0,26.7129,1.67642,5.72062,0,0,4.53677,0,0,3.97694,17.8392,0.19913,12.2249,534.98,55.9005,0,0,6.07457,0,0,0,0.62367,17.4623,0,15.3391,16.6797,7.13457,0,0,0,11.4398,0,0,8.07039,112.284,321.361,0,0,5.64379,0,5.59201,22.3252,34.5829,0,0,0,2.14857,1.44785,3.81906,0,0.96801,0.99654,0,0,0,0,0,0,0,0,0,0,0,46.1233,0,0,22.6688,5.52254,0,18.3752,61.4153,0,0.06158,0,0,0,0,20.2759,52.0654,0,287.596,53.345,113.701,328.428,0,193.471,0,0,0,0,0,0,0,0,0,0,0,11.0984,0,0,0,0.25735,0,60.4089,0,0,0,0,0,0,34.9211,0,0,0,0,0,0,0,0,0,0,0,0,0,0,0,0,0,0,0,0,0,0,0,0,0,0,0,0,316.661,0,0,0,0,0,0,382.883,0,0,0,0,0,0,0,0,0,0,0,0,0,0,0,0,0,0,0,0,0,0,0,0,0,0,0,0,0,0,0,0,0,0,0,0,0,0,0,0,0,0,0,0,0,0,0,0,0,0,0,0,0,0,0,0,0,0,0,0,0,0,0,0,0,0,0,0,0,0,0,0,0,0,0,0,0,0,0,0,0,0,0,0,0,0,0,0,0,0,0,0,0,0,0,0,0,0,0,0,0,0,0,0,0,0,0,0,0,0,0,0,0,0,0,0,0,0,0,0,0,0,0,0,0,0,0,0,0,0,0,0,0,0,0,0,0,0,0,0,0,0,0,0,0,0,0,0,0,0,0,0,0,0,0,0,0,0,0,0,0,0,0,0,0,0,0,0,0,0,0,0,0,0,0,0,0,0,0,0,0,0,0,0,0,0,0,0,0,0,0,0,0,0,0,0,0,0,0,0,0,0,0,0,0,0,0,0,0,0,0,0,0,0,0,0,0,0,0,0,0,0,0,0,13.5788,0,0,0,0,8.02152,0,0,0,0,0,0,0,0,0,0,0.98032,0.0532,2.28438,4.94484,0,0,45.7232,6.55682,3.52946,0,0,2.00513,0,0,0,0,40.0817,9.47788,0,0,23.3164,0,0,0,0,0,0,0,0,0,0,21.5081,0,0,0,0,18.6803,0,0,266.141,0,0,0,0,0,0,0,0,0,0,0,0,0,0,772.072,0,0,76.8897,0,0,0,91.4481,0,0,0,0,0,0,0,0,0,0,0,28.1381,0,0,0,0,0,0,0,106.57,0,0,0,100.973,0,0,0,0,26.4797,0,0,0,0,0,0,0,0,0,0,0,0,0,0,0,0,0,0,79.214,243.808,0,0,0,50.2766,90.6525,39.898,113.239,0,0,0,0,0,0,0,0,0,0,0,0,0,0,0,0,0,0,0,0,0,0,0,0,0,0,0,0,0,0,0,0,0,0,0,0,0,0,0,0,0,0,0,0,0,0,0,0,0,0,0,0,0,0,0,0,0,0,0,0,0,0,0,0,0,0,0,0,0,0,0,0,0,0,0,0,0,0,0,0,0
AHV,Ni+2,3,xtb,-96.6427,1.92391,0,3.4612,0.44176,2.25039,0,11.3883,0,1.85949,0,16.21,3.60373,4.37598,0,1.53647,0,0,3.09107,0,4.73796,2.82034,0,5.75984,0,12.6203,0,0,13.5425,0,0,34.4904,2.59658,0,9.26727,3.99825,7.04581,0,3.91208,15.3489,37.57,5.86639,0,0,0,15.7441,4.59812,0,9.68179,8.71265,0,6.9263,53.7476,0,33.8523,0,20.0647,0,0,13.067,0,0,0,14.5342,0,0,32.3127,64.3025,0,0,5.29918,0,0,0,1.83733,41.5746,0,0,16.1877,0,0,0,146.342,0,255.987,0,0,88.3902,16.7919,320.941,0,0,0,95.42,0,0,0,0,311.84,50.551,0,0,277.699,0,0,0,0,5.47606,244.73,51.068,0,0,5.97205,0,0,0,0,0,7.75109,0,0,0,126.343,0,4.3087,0,0,90.4159,0,34.9377,0,0,0,71.4973,0,93.5179,0,0,20.6345,0,0,0,0,0,0,0,0,0,0,16.7526,0,0,0,0,0,0,0,0,0,0,32.4566,0,0,0,0,0,0,0,48.3454,10.5133,4.50974,0,0,0,11.9623,0,0,0.2512,0,3.14309,0,3.02395,0,0,0,0,0,23.1799,4.41725,0,0,22.3321,0,16.0647,22.5612,0,0,0,0,0,0,1.83256,0,0,0,8.68675,0,0,5.19105,0,0,4.93925,0,0,0,2.94609,13.5893,10.9625,239.642,0,0,0,0,2.92915,0,3.90385,16.4584,0,40.4325,8.34349,55.305,0,11.5906,23.553,0,0,0,0,22.215,0,0,13.1511,0,0,88.2579,0,1.73368,0,0,180.77,0,0,0,18.5726,2.76481,0,0.38661,0,0,0,0,0,0,0,0,0,0,0,0,0,0,0,60.4048,133.746,35.8815,20.337,0,10.6961,0,161.752,0,0,65.8535,0,0,0,19.4895,25.3122,220.929,133.668,5.48023,157.776,0,78.1376,0,0,96.4896,0,0,0,0,23.2172,0,0,0,0,0,0,0,0,0,0,0,0,0,0,0,0,0,356.563,0,0,0,0,0,0,0,0,0,0,0,0,0,0,0,0,0,0,0,0,0,368.979,0,0,0,590.257,0,0,0,0,0,0,0,0,0,0,0,0,0,0,0,0,0,0,0,0,0,0,0,0,0,0,0,0,0,0,0,0,0,0,0,0,0,0,0,0,0,0,0,0,0,0,0,0,0,0,0,0,0,0,0,0,0,0,0,0,0,0,0,0,0,0,0,0,0,0,0,0,0,0,0,0,0,0,0,0,0,0,0,0,0,0,0,0,0,0,0,0,0,0,0,0,0,0,0,0,0,0,0,0,0,0,0,0,0,0,0,0,0,0,0,0,0,0,0,0,0,0,0,0,0,0,0,0,0,0,0,0,0,0,0,0,0,0,0,0,0,0,0,0,0,0,0,0,0,0,0,0,0,0,0,0,0,0,0,0,0,0,0,0,0,0,0,0,0,0,0,0,0,0,0,0,0,0,0,0,0,0,0,0,0,0,0,0,0,0,0,0,0,0,0,0,0,0,0,0,0,0,0,0,0,0,0,0,0,0,0,0,0,0,0,0,0,0,0,0,0,0,0,0,0,0,0,0,0,0,10.2397,0,0,0,0,12.2315,0,0,0,0,2.98401,0,0,0,0,0,3.10674,0,32.3333,0,1.2623,0,0,74.931,0,6.05367,0,12.3127,8.19104,12.2984,0,0,0,0,0,0,0,0,0,0,0,0,0,164.969,92.1627,199.989,0,0,0,0,0,0,0,0,0,0,0,0,0,0,0,0,0,0,0,0,0,0,0,0,0,0,0,0,0,0,0,0,0,0,0,0,0,0,36.5504,0,0,0,0,0,0,0,0,0,0,0,16.362,64.3797,0,0,0,121.478,57.4318,0,0,0,0,0,0,0,78.0005,0,0,0,0,0,0,0,93.8662,0,0,0,59.7395,88.7781,0,0,0,96.1583,16.6035,0,0,0,0,52.546,29.9651,0,0,0,0,0,0,0,0,0,0,0,0,0,0,0,0,0,0,0,0,0,0,0,0,0,0,0,0,0,0,0,0,0,0,0,0,0,0,0,0,0,0,0,0,0,0,0,0,0,0,0,0,0,0,0,0,0,0,0,0,0,0,0,0,0,0,0,0,0,0,0,0,0,0,0,0,0,0,0,0,0
ALF,Ni+2,3,xtb,-96.0959,3.04722,1.53646,0,4.39903,0,3.62665,0.34092,0,0,6.618,0,2.16759,0,2.68327,4.15485,0,0,3.0101,15.1273,0.95396,0,16.0036,0,0,6.1937,0,3.48634,2.49007,0,2.86335,0,32.3157,0,0,3.65231,6.82124,1.79186,0,43.7597,0,0,5.87741,12.5847,14.0655,0,0,18.5799,9.06055,0,0,0,64.6102,0,5.65598,0,22.5392,0,0,0,12.6918,0,44.1172,0,0,5.63131,0,30.2856,12.5671,0,9.35678,0,0,17.9157,23.5056,0,0,1.97454,0,0,0,0,13.9549,121.705,0,0,0,0,50.0051,0,10.3215,97.5164,0,0,0,15.2214,0,25.9159,0,219.44,0,98.2998,0,0,0,10.0014,44.4056,0,0,0.50598,0,213.648,0,0,25.7374,0,0,0,49.4774,0,0,0,0,181.345,0,0,6.38536,156.645,0,0,0,0,59.3398,0,314.88,0,0,0,0,0,0,14.3301,0,0,40.2707,0,0,0,0,0,0,0,0,0,0,7.51726,0,0,0,0,0,0,0,0,0,32.0311,0,15.1996,0,0,1.08509,4.67555,0,0,0,0,0.50372,0.09265,0,0,7.65598,11.2894,0,0,0,0,6.43452,27.4804,0,159.546,167.821,8.50469,19.7387,0,0,0,39.0139,0,69.5344,103.469,0,0,0,0,0,0,0,4.42947,0,0,0,7.10443,4.58086,0,1.35569,0,6.00668,0,7.51742,0,3.35769,0,3.11474,0,0,0,25.0179,0.20388,13.5827,0.28303,0,44.7799,0,31.1011,0,0,36.3971,0,0,0,0,0,0,3.79937,8.89301,2.19536,0,0,0.51757,0,0,31.8287,2.47757,0,3.847,0,0,24.8405,104.255,0,0,0,0.57911,0,0,0,0,0,0,0,0,93.1758,0,3.68675,0,0,2.0759,0.12553,0,0,0,0,0,0.92089,6.22439,4.31858,0,2.12266,62.2062,7.47066,0,46.177,2.9625,2.51754,0,145.378,124.209,0,0,0,0,0,0,0,0,0,3.69938,0,0,9.39402,0,0,0,641.342,0,0,0,0,0,0,0,0,0,0,0,0,0,0,0,0,0,0,0,654.13,0,0,0,0,0,0,0,591.502,0,0,0,0,0,0,0,0,0,0,0,0,0,0,0,0,0,0,0,0,0,0,0,0,0,0,0,0,0,0,0,0,0,0,0,0,0,0,0,0,0,0,0,0,0,0,0,0,0,0,0,0,0,0,0,0,0,0,0,0,0,0,0,0,0,0,0,0,0,0,0,0,0,0,0,0,0,0,0,0,0,0,0,0,0,0,0,0,0,0,0,0,0,0,0,0,0,0,0,0,0,0,0,0,0,0,0,0,0,0,0,0,0,0,0,0,0,0,0,0,0,0,0,0,0,0,0,0,0,0,0,0,0,0,0,0,0,0,0,0,0,0,0,0,0,0,0,0,0,0,0,0,0,0,0,0,0,0,0,0,0,0,0,0,0,0,0,0,0,0,0,0,0,0,0,0,0,0,0,0,0,0,0,0,0,0,0,0,0,0,0,0,0,0,0,0,0,0,0,0,0,0,0,0,0,0,0,0,0,0,0,0,0,0,0,0,0,0,0,0,0,0,0,0,22.8475,0,0,0,0,0,31.9559,0,0,0,28.1793,0,0,0,0,0,0,0,9.25079,15.1292,20.5815,0,0,0,0,0,15.5815,8.67927,0,61.9669,53.5822,47.8807,79.6162,84.697,9.16225,0,0,3.41496,15.7224,6.73833,0,56.2706,0,56.1042,0,0,0,0,0,0,0,0,0,0,0,0,0,0,0,0,0,0,0,0,0,0,0,0,0,0,0,0,0,0,0,0,0,0,0,0,0,21.3624,0,0,0,0,0,0,0,0,0,0,0,0,0,270.432,0,0,0,0,0,0,134.222,0,0,0,0,0,0,401.947,0,0,0,0,0,0,0,0,0,0,0,0,0,89.5949,0,50.4084,0,0,0,0,0,0,0,0,0,0,0,0,0,0,0,0,0,0,0,0,0,15.2446,0,0,0,0,0,0,0,0,13.6077,0,0,0,0,0,0,0,0,0,0,0,0,0,0,0,0,0,0,0,0,0,0,0,0,0,0,0,0,0,0,0,0,0,0,0,0,0,0,0,0,0,0,0,0,0,0,0,0,0,0,0,0,0,0,0,0,0,0,0,0,0,0,0,0,0,0,0,0,0
AMD,Cu+2,3,xtb,-85.7832,10.9791,0,2.76233,4.74414,2.1128,4.59382,0,2.15941,6.43984,3.3256,0,10.7664,0.56406,0,8.74513,0,1.72521,0,0,0,0,0.86236,5.49966,0,0,4.73185,0,0,0,0,0.94459,0,6.77346,6.83432,0,0,2.6964,3.86027,6.99775,11.2414,0,0,0.99582,0,45.68,0,13.3841,0,0,8.93847,0,2.19048,0,0,0,51.7505,0,0,0,0,0,0,4.20401,130.386,0,0,0,0,23.9381,0,0,17.4824,0,0,0,0,0,0,0,9.81173,0,0,0,0,0,35.5206,0,0,66.9912,0,33.4688,0,86.3994,0,0,0,395.061,135.141,278.472,0,11.4655,0,0,0,0,0,116.388,0,0,0,0,0,8.32662,0,0,0,0,36.1372,0,0,25.8475,0,117.849,0,93.3839,15.9306,0,77.1268,0,0,34.3771,0,0,0,61.5625,0,441.73,0,0,0,0,0,0,0,0,57.1582,0,0,0,0,0,0,0,13.4938,0,1.89031,0,0,0,0,0,0,0,0,23.325,0,0,0,108.135,0,0,0,0,0,6.27294,0,15.528,6.3355,1.8813,20.1867,0,0,0,0,0,0,0,0,37.0589,4.85504,0,2.34237,0,0,0,0,0,5.12238,0,9.44946,0,0,0,0,0,1.51677,0,46.3886,0,0,0,54.7946,0,0,0,14.986,149.03,0,66.4028,213.474,0,0,0,38.4774,0,0,5.73943,11.8485,3.04837,0,0,0,0,6.82679,20.1168,0,0,2.77101,0,148.926,3.83311,0,3.73322,0,0,1.53368,0,22.9498,0,0,0,0,0,0,98.118,0,4.26928,0,0,0,0,0,99.9869,0,0,0,0,0,0,0,56.8374,0,0,0,10.2554,0,0,5.79215,11.3466,0,0,143.71,0,9.19504,0,37.8216,0,171.376,0,38.2826,0,0,0,0,72.0095,0,0,0,0,0,0,0,0,0,0,0,0,0,0,0,0,52.2383,0,0,0,0,0,0,0,0,0,0,0,0,0,0,0,219.886,0,0,0,0,0,0,0,0,0,0,0,355.913,0,0,0,0,0,0,0,0,0,0,497.25,0,0,0,0,0,0,0,0,0,0,0,0,0,0,0,0,0,0,0,0,0,0,0,0,0,0,0,0,0,0,0,0,0,0,0,0,0,0,0,0,0,0,0,0,0,0,0,0,0,0,0,0,0,0,0,0,0,0,0,0,0,0,0,0,0,0,0,0,0,0,0,0,0,0,0,0,0,0,0,0,0,0,0,0,0,0,0,0,0,0,0,0,0,0,0,0,0,0,0,0,0,0,0,0,0,0,0,0,0,0,0,0,0,0,0,0,0,0,0,0,0,0,0,0,0,0,0,0,0,0,0,0,0,0,0,0,0,0,0,0,0,0,0,0,0,0,0,0,0,0,0,0,0,0,0,0,0,0,0,0,0,0,0,0,0,0,0,0,0,0,0,0,0,0,0,0,0,0,0,0,0,0,0,0,0,0,0,0,0,0,0,0,0,0,0,0,0,0,0,0,0,0,0,0,0,0,0,0,0,0,0,9.7322,0,0,0,0,0,0,0,0,0,0,0,0,0,0,15.064,0,0,0,3.27088,0,0,1.69376,0,0,4.59176,0,0,3.15062,8.72789,0,2.4475,0.90147,0,33.0964,20.6091,3.79033,0,0,0,0,8.1518,228.847,0,0,0,0,0,0,0,0,0,0,0,0,0,0,0,0,0,0,0,0,0,0,0,0,0,0,0,0,0,0,0,0,0,0,0,0,0,0,0,0,340.281,0,0,0,0,0,0,0,0,0,0,0,0,0,0,0,0,0,0,0,0,0,0,76.8485,0,0,13.5029,0,0,64.5455,76.7023,0,0,0,0,0,0,0,0,0,0,0,0,0,0,0,0,0,0,0,0,62.9635,0,0,0,0,0,62.7776,0,0,0,0,0,0,0,0,48.989,0,0,0,0,0,0,0,0,0,0,0,0,0,0,0,0,0,0,0,0,0,0,0,0,0,0,0,0,0,0,0,0,0,0,0,0,0,0,0,0,0,0,0,0,0,0,0,0,0,0,0,0,0,0,0,0,0,0,0,0,0,0,0,0,0,0,0,0,0,0,0,0,0,0,0,0,0,0,0
AMG,Co+2,3,xtb,-77.0886,3.73291,6.07523,0,2.4988,0,0,8.72238,10.6503,1.62534,0,0,0,2.63571,3.74121,8.84557,0,0.56337,62.8159,0,0,2.06528,0,5.30536,0,0,0,1.00444,0,2.25661,12.3259,0,5.0712,0,0,44.0127,16.3936,0,0,0,0,19.9152,0,3.35543,0,2.50705,0,0,19.0852,0,0,32.1665,4.07953,17.7829,0,8.31715,0,60.4871,30.4008,30.4286,0,0,0,0,0,17.0138,0,0,17.2002,0,0,0,1.341,22.4301,21.0326,0,0,0,0,0,0,0,0,4.04559,0,0,0,0,0,0,77.9612,9.45266,0,0,0,55.5339,0,0,0,0,0,0,83.7986,100.312,0,0,0,68.9896,0,0,0,0,0,0,0,54.5084,50.3022,0,0,213.292,0,0,0,0,18.3415,0,79.0068,0,0,0,0,0,40.5785,0,0,30.0839,0,34.775,93.7792,0,0,0,0,0,0,270.747,0,0,0,0,519.848,0,0,0,0,0,0,0,0,0,0,0,5.70084,0,39.3513,0,0,0,0,0,0,10.297,0,5.55078,0.89639,0,0,0,2.05385,6.03488,0,19.3029,0,0,0,0,0,0,0,0,14.4557,0,6.64188,0,0,0,0,3.21512,85.7995,0,0,0,0,0,0,26.5612,0,0,0,0,0,0,10.7173,0,0,8.1725,14.4295,0,96.6963,0,15.568,0,0,0,0,52.1844,0,10.278,0,0,0,5.29407,0,0,0,0,0,4.18818,0,0,0,15.7085,0,0,2.88496,11.4434,7.63498,0,0,201.578,0,0,7.33023,0,1.20116,14.334,0,0,0,0,62.9017,0,83.4094,0,0,0,0,0,0,0,0,14.4287,0,12.3352,0,0,0,1.16542,0,0,0,9.05594,5.47744,0,0,2.58364,0,0,4.47391,0,6.25476,0,0,0,121.95,0,67.6892,0,0,110.311,0,94.1278,0,0,0,0,0,0,0,0,0,0,0,0,0,0,0,0,0,0,0,0,0,694.199,0,0,0,0,0,0,0,0,0,0,0,612.495,0,421.351,0,0,0,0,0,0,0,0,0,0,0,0,0,0,0,0,0,0,0,0,0,0,0,0,0,0,0,0,0,0,0,0,0,0,0,0,0,0,0,0,0,0,0,0,0,0,0,0,0,0,0,0,0,0,0,0,0,0,0,0,0,0,0,0,0,0,0,0,0,0,0,0,0,0,0,0,0,0,0,0,0,0,0,0,0,0,0,0,0,0,0,0,0,0,0,0,0,0,0,0,0,0,0,0,0,0,0,0,0,0,0,0,0,0,0,0,0,0,0,0,0,0,0,0,0,0,0,0,0,0,0,0,0,0,0,0,0,0,0,0,0,0,0,0,0,0,0,0,0,0,0,0,0,0,0,0,0,0,0,0,0,0,0,0,0,0,0,0,0,0,0,0,0,0,0,0,0,0,0,0,0,0,0,0,0,0,0,0,0,0,0,0,0,0,0,0,0,0,0,0,0,0,0,0,0,0,0,0,0,0,0,0,0,0,0,0,0,0,0,0,0,0,0,0,0,0,0,0,0,0,0,0,26.041,0,0,0,0,0,14.2006,25.7849,8.00163,0,0,0,21.0759,0,0,24.628,0,0,0,11.3738,0,0,0,8.5274,55.9656,32.5933,0,5.26056,0,0,2.125,0,8.74351,0,0,0,0,0,0,0,0,0,0,0,0,0,0,0,0,0,0,0,0,0,0,529.045,0,0,0,0,0,0,0,0,0,0,0,0,0,0,349.294,0,0,0,0,0,0,0,0,0,0,0,0,0,0,0,0,602.567,0,0,0,0,4.16056,0,0,0,0,0,0,0,0,0,0,0,30.9525,0,0,0,0,0,0,0,0,0,0,0,0,0,0,0,0,0,0,0,0,0,0,0,0,0,0,0,0,0,0,0,0,0,0,0,0,0,0,18.357,0,0,0,15.7211,0,0,0,0,0,12.5439,0,0,0,0,0,0,0,0,0,0,0,0,0,0,0,0,0,0,0,0,0,0,0,0,0,0,0,0,0,0,0,0,0,0,0,0,0,0,0,0,0,0,0,0,0,0,0,0,0,0,0,0,0,0,0,0,0,0,0,0,0,0,0,0,0,0,0,0
AMK,Zn+2,3,xtb,-79.8051,7.2367,4.68585,1.11083,0,3.74414,0,5.12934,0,1.27753,0,2.10833,6.68029,0,0,6.51287,8.79325,4.21244,0.69528,0,0,1.5121,0,0,0,4.58397,10.974,0,0,16.2201,0,0,10.9743,8.80419,0,0,3.14033,0,0.68378,0,0,0,26.0342,6.44078,0,45.6524,0,8.05208,23.0175,0,0,0,15.8759,0,0,8.93947,0,0,0,0,0,6.01762,0,21.4001,35.1081,66.5167,0,0,0,0,0,0,0,0,0,11.8809,0,0,0,0,0,175.299,0,0,0,0,6.77526,0,0,0,0,42.6853,60.7844,0,0,30.6488,0,0,0,0,0,3.66636,0,0,0,0,35.8692,0,276.798,0,0,0,107.708,0,0,0,0,0,0,3.14141,0,0,0,0,0,21.3683,0,29.2622,0,11.8019,0,27.8227,0,0,0,0,0,24.0667,31.1027,0,246.767,0,0,0,0,0,0,8.31237,0,0,0,0,0,9.48614,0,0,3.90413,0,0,0,0,0,0,0,0,32.5858,0,0,0,0,36.8856,0,60.5539,0,0,0,0,4.67514,0,0,85.9891,51.7577,0,0,0,0,7.09098,0,0,5.62836,0,15.6722,0,7.28463,19.1254,0,0,0,98.9994,0,0,0,41.6647,10.7546,0,0,0,0,0,0,156.201,59.5055,0,0,17.1723,3.46055,22.7126,8.95398,0,10.0709,0,147.911,0,0,8.48233,0,0,12.233,0,4.35343,0,0,69.6831,2.8316,0,0,0,0,16.3999,176.835,0,0,11.8998,0,20.6794,4.11217,0,0,6.5949,0,18.5134,0,0,0,195.17,106.354,0,5.82107,0,241.041,0,0,0,0,0.11249,0,13.4039,0,0,0,0,10.7994,0,0,0,0,0,1.47965,0,0,0,6.397,11.598,0,0,0,9.66444,0,46.2101,0,10.7011,0.52236,71.1339,0,72.5433,0,0,0,0,0,0,0,0,0,28.1511,0,0,0,0,0,0,0,0,0,0,0,0,0,0,0,257.226,0,0,0,0,0,0,0,0,0,0,0,0,0,0,0,0,0,0,0,0,0,655.567,0,0,0,0,0,0,0,0,0,0,0,0,0,0,0,0,0,0,0,0,0,0,0,0,0,0,0,0,0,0,0,0,0,0,0,0,0,0,0,0,0,0,0,0,0,0,0,0,0,0,0,0,0,0,0,0,0,0,0,0,0,0,0,0,0,0,0,0,0,0,0,0,0,0,0,0,0,0,0,0,0,0,0,0,0,0,0,0,0,0,0,0,0,0,0,0,0,0,0,0,0,0,0,0,0,0,0,0,0,0,0,0,0,0,0,0,0,0,0,0,0,0,0,0,0,0,0,0,0,0,0,0,0,0,0,0,0,0,0,0,0,0,0,0,0,0,0,0,0,0,0,0,0,0,0,0,0,0,0,0,0,0,0,0,0,0,0,0,0,0,0,0,0,0,0,0,0,0,0,0,0,0,0,0,0,0,0,0,0,0,0,0,0,0,0,0,0,0,0,0,0,0,0,0,0,0,0,0,110.9,0,0,0,0,0,0,0,0,0,0,0,0,0,0,0,0,0,0,0,15.5696,0,47.1741,29.4974,0,0,0,0,0,0,0,58.0904,0,16.3827,22.3811,0,54.5797,0,116.322,17.3863,3.53961,105.936,8.53067,0,9.3638,0,0,9.00293,0,0,0,0,7.86608,0,0,0,0,0,0,0,0,0,0,0,0,0,0,0,0,0,0,0,0,0,0,0,0,0,0,0,0,0,0,0,0,0,0,0,0,0,0,0,0,0,0,0,195.288,0,0,0,0,0,0,0,0,0,0,0,0,0,0,4.61895,0,0,0,0,0,19.5718,0,0,0,0,0,0,13.2683,0,0,0,0,0,0,0,0,0,0,0,0,0,0,0,29.6178,0,0,0,0,0,0,0,0,0,0,0,0,0,0,21.8256,0,0,0,0,0,0,0,0,0,0,0,0,0,0,0,0,0,0,0,0,0,0,0,0,0,0,0,0,0,0,0,0,0,0,0,0,0,0,0,0,0,0,0,0,0,0,0,0,0,0,0,0,0,0,0,0,0,0,0,0,0,0,0,0,0,0,0,0,0,0,0,0,0,0,0,0,0,0,0,0,0,0,0,0,0
AMQ,Zn+2,3,xtb,-79.7658,7.772,0.92066,7.61225,0,6.09796,6.0301,0,0.19133,2.1729,1.16897,9.57154,0,2.20787,0,0,0,0,18.6586,0,0,1.17718,0,0,14.5696,0,14.8359,0,4.78783,0,0,0.945,0,5.81099,0,0,6.60419,23.1564,0,23.3938,7.78517,0,0,31.976,7.9472,0,51.2578,0,0,0,27.6181,0,0,7.39394,0,10.2943,0,0,0,17.7683,0,0,8.85798,0,19.8794,0,210.598,0,0,0,0,4.00226,0,0,0,0,0,0,0,21.9197,0,111.451,0,0,89.3569,0,0,15.2416,0,0,0,0,21.9243,3.27597,0,0,0,0,0,7.35587,0,0.81333,0,0,0,0,0,0,68.3119,0,0,40.1153,0,0,12.4505,0,0,0,0,0,60.3304,0,5.41808,0,9.65696,0,0,321.579,0,30.2332,0,0,0,68.2181,26.0813,0,0,0,9.68882,0,0,0,0,0,0,0,0,0,0,0,0,12.6758,0,0,0,0,0,0,0,0,0,1.50131,0,0,0,11.2898,0,0,0,21.2963,0,27.362,0,0,6.30604,20.4743,0,0,1.5997,8.84911,0,0,55.5669,0,0,0,0,0,6.53579,0,0,0,2.91822,0,71.0595,0,0,0,0,8.29226,0,0,0,60.4583,16.7159,0,0,0,0,0,18.2129,0,0,37.6045,0,0,0,0,178.643,30.3445,4.33315,0,0,1.18745,0,0,0,0,7.02554,15.7849,0,3.51733,0,11.4521,0,0,0,0,0,87.3325,0,0,0,0,41.6361,0,19.1873,135.812,0,0,0,0,10.375,0,0,113.549,12.1915,0,96.9203,0,101.306,0,0,0,161.843,0,0,0,0,0,0,10.6379,0,0,0,0,0,20.5759,0,0,0,4.41239,5.1213,140.788,0,11.3842,0,0,6.89166,3.71237,0,0,146.807,51.6364,0,0,0,0,0,0,0,0,0,0,0,0,0,0,0,0,0,0,0,0,0,0,0,0,0,0,0,0,0,0,0,0,0,0,0,0,464.134,0,0,0,46.007,0,0,0,0,1230.81,0,595.038,0,0,0,0,0,0,0,0,0,0,0,0,0,0,0,0,0,0,0,0,0,0,0,0,0,0,0,0,0,0,0,0,0,0,0,0,0,0,0,0,0,0,0,0,0,0,0,0,0,0,0,0,0,0,0,0,0,0,0,0,0,0,0,0,0,0,0,0,0,0,0,0,0,0,0,0,0,0,0,0,0,0,0,0,0,0,0,0,0,0,0,0,0,0,0,0,0,0,0,0,0,0,0,0,0,0,0,0,0,0,0,0,0,0,0,0,0,0,0,0,0,0,0,0,0,0,0,0,0,0,0,0,0,0,0,0,0,0,0,0,0,0,0,0,0,0,0,0,0,0,0,0,0,0,0,0,0,0,0,0,0,0,0,0,0,0,0,0,0,0,0,0,0,0,0,0,0,0,0,0,0,0,0,0,0,0,0,0,0,0,0,0,0,0,0,0,0,0,0,0,0,0,0,0,0,0,0,0,0,0,0,0,0,0,0,0,0,0,25.9368,0,0,0,0,0,0,0,0,0,74.6101,33.7422,0,0,0,0,0,0,0,0,0,0,36.8644,0,0,27.2609,18.1321,12.947,0,21.3382,62.7568,38.9248,0,0,0,6.85122,0,18.2239,9.75458,0,0,0,9.59173,6.26459,0,0,0,0,0,0,0,0,0,0,0,0,0,0,0,0,0,0,0,0,0,0,0,0,0,0,0,0,0,0,0,0,0,0,0,0,0,0,0,0,0,0,0,0,0,0,0,0,620.113,0,0,0,0,0,0,0,0,0,0,0,0,0,0,1.46462,0,0,3.99685,0,30.7707,0,0,0,0,0,0,0,0,0,0,0,18.2273,0,0,0,0,0,0,0,0,0,0,0,0,0,0,13.7482,0,0,0,0,0,0,0,0,0,0,0,0,0,18.5704,0,0,0,0,0,0,0,0,0,0,0,0,0,0,0,0,0,0,0,0,0,0,0,0,0,0,0,0,0,0,0,0,0,0,0,0,0,0,0,0,0,0,0,0,0,0,0,0,0,0,0,0,0,0,0,0,0,0,0,0,0,0,0,0,0,0,0,0,0,0,0,0,0,0,0,0,0,0
ANA,Cu+2,3,xtb,-75.6146,6.50973,4.58357,1.91916,7.33565,0,9.2804,1.25961,0,18.6179,0,0,0,7.79603,0,0.84486,0,2.32683,0,0,1.25047,0,0,0,0,5.33094,0,0,36.7259,0,1.35741,0,0,48.2669,0,6.12432,0,0,0,19.2272,0,1.24507,0,0,13.9439,0,5.53407,0,0,7.13488,0,12.211,10.6016,0,68.9424,0,0,0,0,11.1152,0,0,32.6569,0,0,68.2487,0,32.3767,0,0,0,0,9.85723,0,0,0,206.175,0,0,0,95.578,0,0,0,215.19,0,0,10.142,67.7345,0,193.94,0,0,0,0,0,0,0,128.062,0,27.9378,0,0,0,0,0,0,0,0,0,25.1901,0,40.7972,0,30.785,0,88.471,0,0,0,0,0,186.542,0,0,0,0,0,0,19.9569,0,47.8281,0,0,0,137.69,0,0,0,0,0,0,0,14.9811,0,0,0,0,0,0,0,0,0,0,57.2781,0,0,0,0,0,185.982,0,18.5358,0,38.7264,63.2675,0,0,0,0,0,54.9719,0,0,0,0,0,0,0,0,2.81237,12.9801,41.4395,0,0,0,0,0,0,0,0,91.9525,11.5771,0,0,12.3599,0,0,19.8387,0,0,0,10.0586,0,23.8606,0,77.5208,0,14.6928,0,0,0,0,0,75.8223,0,0,0,15.7774,0,98.434,107.032,0,0,0,0,213.954,0,0,7.72633,0,1.58874,38.1777,0,0,0,0,3.29633,0,0,0,0,0,0,40.9849,4.68288,0,0,0,101.218,7.51592,0,0,0,82.806,0,0,0,0,0,153.9,0,89.4255,0,0,0,0,0,32.3954,0,0,15.9816,0,0,0,0,25.1782,73.0547,0,0,0,0,0,172.819,28.3673,158.015,14.4954,10.0465,0,126.247,0,0,0,0,0,0,46.4223,0,0,0,0,0,0,0,0,159.468,0,0,0,0,0,0,0,0,0,0,0,0,0,0,0,0,0,459.682,0,0,0,0,0,0,0,0,184.546,0,522.101,0,0,0,0,0,0,0,0,0,0,0,0,0,0,0,0,0,0,0,0,0,0,0,0,0,0,0,0,0,0,0,0,0,0,0,0,0,0,0,0,0,0,0,0,0,0,0,0,0,0,0,0,0,0,0,0,0,0,0,0,0,0,0,0,0,0,0,0,0,0,0,0,0,0,0,0,0,0,0,0,0,0,0,0,0,0,0,0,0,0,0,0,0,0,0,0,0,0,0,0,0,0,0,0,0,0,0,0,0,0,0,0,0,0,0,0,0,0,0,0,0,0,0,0,0,0,0,0,0,0,0,0,0,0,0,0,0,0,0,0,0,0,0,0,0,0,0,0,0,0,0,0,0,0,0,0,0,0,0,0,0,0,0,0,0,0,0,0,0,0,0,0,0,0,0,0,0,0,0,0,0,0,0,0,0,0,0,0,0,0,0,0,0,0,0,807.126,0,0,0,0,0,0,0,0,0,0,1276.33,0,0,0,0,0,0,0,0,0,0,0,0,0,0,0,0,0,0,0,0,0,0,0,0,0,0,30.5367,0,0,0,0,0,0,0,0,6.92643,0,0,0,0,0,0,0,0,0,0,4.09236,0,0,0,0,0,0,0,0,0,3.39852,14.5711,14.4417,0,20.3478,8.37009,6.15173,0,0,0,0,0,0,0,0,0,0,0,0,0,0,0,0,0,0,0,0,0,0,0,0,0,0,0,0,0,0,0,0,0,0,0,0,0,0,0,0,0,0,0,0,0,0,0,0,0,0,0,0,0,0,0,0,0,0,0,0,0,0,111.804,0,2.46877,0,0,0,0.93959,0,0,0,0,0,0,0,0,51.3159,0,0,0,0,0,0,0,0,0,0,0,0,0,0,27.9647,0,0,0,0,0,62.4076,0,93.1462,0,0,0,0,0,63.5649,0,0,0,0,0,0,0,0,0,0,0,0,0,0,0,0,0,0,0,0,0,0,0,0,0,0,0,0,0,0,0,0,0,0,0,0,0,0,0,0,0,0,0,0,0,0,0,0,0,0,0,0,0,0,0,0,0,0,0,0,0,0,0,0,0,0,0,0,0,0,0,0,0,0,0,0,0,0,0,0
AND,Cu+2,3,xtb,-85.8852,5.339,1.03669,13.1477,0,6.67973,0,0,0,1.31337,0,1.75781,7.25771,0,6.77975,2.2797,0,0,6.27762,0,0,4.24385,4.13223,0,20.0144,0,4.7408,0,0.54288,0,0,6.08485,0,12.672,0,11.2382,7.0013,0,0,0,0,9.78314,1.2978,0,9.63136,0,0,37.1666,0,0,0,0,0,0,13.9643,0,14.2713,0.27844,4.40976,0.95471,0,194.538,0,0,0,71.2916,9.05994,11.1416,0,0,0,0,163.848,0,40.6396,0,0,0,0,0,0,0,42.9798,0,0,0,3.32201,0,0,0,0,133.032,154.201,23.742,0,0,0,0,0,21.3729,0,0,50.5167,0,0,9.628,0,0,0,0,0,0,27.0111,71.2307,0,70.1999,47.165,0,64.2726,0,0,0,0,163.997,264.203,0,146.802,157.293,0,0,0,0,0,119.918,139.796,0,0,47.3633,0,0,0,0,0,0,72.6513,0,0,0,0,0,0,0,5.50379,0,0,0,0,0,0,0,0,33.0868,0,0,0,16.9022,0,0,0,9.36756,0,0,17.8141,0,0,18.3832,0,0,0,20.5094,0,0,0,0,0,30.6777,0,0,0,0,0,0,1.16698,0,0,0,26.0433,0,0,8.08501,0,31.333,0,0,3.02102,0,0,10.0693,0,0,0,0,0,0,8.52841,15.6486,0,0,42.1144,0,219.197,173.593,0,0,6.73506,4.56861,0,0,0,0,22.1719,0,0,12.2807,0,0,0,0,93.3332,0,2.34987,0,0,0,0,0,0,77.2987,0,0,0,0,0,0,9.48926,309.816,361.415,46.2885,0,0,0,22.5297,0,0,0,0,0,0,0,0,0,0,38.0908,27.9267,24.7751,0,12.7197,0,0,0,0,0,205.694,148.896,0,32.8465,0,23.1034,0,0,195.295,0,50.8625,0,0,0,0,0,0,0,0,0,0,0,0,0,0,0,0,0,0,0,0,0,0,0,0,0,0,0,0,0,0,0,0,287.36,0,259.96,0,0,42.572,0,0,0,0,0,0,857.202,0,0,0,566.878,0,0,0,0,0,0,0,0,0,0,0,0,0,0,0,0,0,0,0,0,0,0,0,0,0,0,0,0,0,0,0,0,0,0,0,0,0,0,0,0,0,0,0,0,0,0,0,0,0,0,0,0,0,0,0,0,0,0,0,0,0,0,0,0,0,0,0,0,0,0,0,0,0,0,0,0,0,0,0,0,0,0,0,0,0,0,0,0,0,0,0,0,0,0,0,0,0,0,0,0,0,0,0,0,0,0,0,0,0,0,0,0,0,0,0,0,0,0,0,0,0,0,0,0,0,0,0,0,0,0,0,0,0,0,0,0,0,0,0,0,0,0,0,0,0,0,0,0,0,0,0,0,0,0,0,0,0,0,0,0,0,0,0,0,0,0,0,0,0,0,0,0,0,0,0,0,0,0,0,0,0,0,0,0,0,0,0,0,0,0,0,0,0,0,0,0,0,0,0,0,0,0,0,0,0,0,0,0,0,0,0,0,0,0,0,0,0,0,0,0,0,0,0,0,0,0,0,0,4.74347,0,0,0,0,0,22.8913,0,0,0,0,0,12.6817,0,1.15017,0,0.80377,0,0,0,0,9.81117,1.07881,0,0,0,0,0,0,23.8359,10.0515,0,0,0,0,3.32195,0,0,0,0,0,0,0,0,0,0,0,0,0,0,0,0,0,0,0,0,0,0,0,0,0,0,0,0,0,0,0,0,0,0,0,0,0,163.865,0,0,0,0,0,0,0,0,0,0,0,0,0,0,0,0,0,0,0,0,0,0,60.4573,141.175,0,0,0,23.643,74.0165,0,0,0,3.57174,0,0,0,0,0,0,0,49.9528,0,0,0,0,0,0,0,0,0,0,0,0,0,24.4656,0,0,0,0,0,0,0,0,0,0,0,124.471,0,0,0,0,0,0,0,0,0,0,0,0,0,0,0,0,0,0,0,0,0,0,0,0,0,0,0,0,0,0,0,0,0,0,0,0,0,0,0,0,0,0,0,0,0,0,0,0,0,0,0,0,0,0,0,0,0,0,0,0,0,0,0,0,0,0,0,0,0,0,0,0,0,0,0,0,0,0,0,0,0
ANL,Ni+2,3,xtb,-90.9172,24.286,2.91199,0,1.6431,11.95,0,0,0,3.71732,11.6698,7.19186,6.58481,0,0,4.88954,0,29.8394,0,0,0.76839,0,15.2598,0,17.0286,0,0,0,7.82193,0,0,1.5733,11.0932,0,2.5921,10.8175,41.2635,0,6.73707,4.23538,0,2.75078,2.27191,0,0,0,10.5391,0,58.5196,0,0,0,14.9793,25.4934,0,0,0,42.2531,0,14.2491,0,42.4622,0,0,0,17.0835,112.921,6.2632,0,0,22.8381,0,0,26.6276,0,0,30.3947,0,29.1443,107.443,45.0796,0,0,0,0,0,0,8.70431,0,37.0113,0,5.96783,0,0,51.1712,0,0,16.6438,264.55,0,82.4903,0,102.741,0,0,24.7845,0,0,0,0,0,0,79.5666,0,0,0,5.44897,0,0,0,0,0,58.7142,0,85.9065,418.496,0,0,0,0,47.1442,0,0,51.8239,0,0,0,0,0,40.4843,0,0,0,0,0,0,0,0,0,0,0,0,0,0,0,203.773,0,0,0,0,0,0,4.87637,0,249.622,0,18.6998,0,115.048,25.8568,0,0,0,0,1.56574,0,0,0,0,6.43635,0,14.6762,12.7828,0,0,0,0,0,11.9259,0,3.53535,0,17.6437,0,0,0,0.62543,50.9763,0,0,10.0723,0,0,0,9.91737,0,0,0,37.1031,0,20.2595,0,0,2.09856,0,0,2.69227,260.113,0,35.4023,0,49.6437,0,0,0,0,0,6.46763,0,7.22712,0,0,4.41701,0,15.2597,5.07712,0,0,0,0,0,1.3254,0,4.81068,0,0,162.741,0,84.2083,0,0,6.71315,142.716,0,0,9.55152,0,0,4.66842,0,0,123.462,1.22289,0,0,0,0,0,0,52.058,0,3.85013,11.4522,0,7.47308,0,0,0,0,0,8.52926,0,0,0,91.0246,5.16245,0,3.06926,6.18789,86.6165,14.7292,63.2274,0,0,4.06622,0,113.712,0,147.67,0,0,0,0,0,0,0,0,0,0,0,0,0,0,0,0,0,559.958,0,0,0,553.643,0,0,0,0,0,0,0,0,0,0,0,0,631.289,0,0,0,0,0,0,0,0,0,467.772,0,0,0,0,0,0,0,0,0,0,0,0,0,0,0,0,0,0,0,0,0,0,0,0,0,0,0,0,0,0,0,0,0,0,0,0,0,0,0,0,0,0,0,0,0,0,0,0,0,0,0,0,0,0,0,0,0,0,0,0,0,0,0,0,0,0,0,0,0,0,0,0,0,0,0,0,0,0,0,0,0,0,0,0,0,0,0,0,0,0,0,0,0,0,0,0,0,0,0,0,0,0,0,0,0,0,0,0,0,0,0,0,0,0,0,0,0,0,0,0,0,0,0,0,0,0,0,0,0,0,0,0,0,0,0,0,0,0,0,0,0,0,0,0,0,0,0,0,0,0,0,0,0,0,0,0,0,0,0,0,0,0,0,0,0,0,0,0,0,0,0,0,0,0,0,0,0,0,0,0,0,0,0,0,0,0,0,0,0,0,0,0,0,0,0,0,0,0,0,0,0,0,0,0,0,0,0,0,0,0,0,0,0,0,0,0,0,0,0,0,0,0,0,0,20.8775,0,25.7132,0,0,30.5874,0,0,28.1788,842.751,0,0,0,0,0,0,0,0,0,0,35.0185,9.23861,12.7713,0,0,0,56.9164,11.9436,91.1777,72.1149,0,31.065,0,0,3.22881,3.62936,0,0,0,0,0,0,0,0,0,0,0,0,0,0,0,0,0,0,0,0,0,511.75,0,0,0,0,0,0,0,0,0,0,0,0,0,0,0,0,0,0,0,0,0,0,0,0,534.55,0,0,0,0,0,0,0,40.3569,0,0,0,0,0,0,0,0,0,0,0,0,0,0,0,0,0,0,0,0,0,0,0,0,39.3901,11.7158,0,0,0,0,0,0,0,0,0,0,0,0,0,7.52691,0,0,0,0,0,0,41.6204,0,0,0,0,0,0,0,0,13.7312,0,0,0,0,0,0,0,0,0,13.0107,0,0,0,0,0,0,0,0,0,0,0,0,0,0,0,0,0,0,0,0,0,0,0,0,0,0,0,0,0,0,0,0,0,0,0,0,0,0,0,0,0,0,0,0,0,0,0,0,0,0,0,0,0,0,0,0,0,0,0,0,0,0,0,0,0,0,0
ANQ,Ni+2,3,xtb,-94.274,11.1898,3.13993,0,9.0799,0,8.2213,0,0,0.96655,2.80586,9.44673,2.36235,0,0,6.18644,5.61503,0,8.14033,0,11.055,2.80418,0,54.5147,1.74023,0,0,0,0,1.65742,0,1.20532,0,0,4.42237,2.14424,23.3136,0,8.27787,9.76764,15.1319,35.383,0,0,0,0,13.1362,0,0,0,22.8596,33.6732,8.96405,0,21.8178,0,0,67.0038,14.3217,0,0,0,7.35245,0,7.87774,12.0168,0,0,0,0,16.365,0,0,19.0474,1.66707,0,66.4133,0,36.0268,0,0,0,0,24.1518,0,48.8312,0,75.9593,195.502,0,18.3768,0,0,0,34.5034,0,28.0677,31.9925,0,22.5309,0,0,0,0,4.83765,179.319,0,114.829,21.7139,0,105.149,192.742,0,0,0,0,0,0,204.289,202.381,0,0,0,0,0,208.78,0,143.754,0,0,0,0,146.332,0,0,17.5569,0,0,0,0,206.516,0,0,0,0,51.2064,0,0,0,0,0,0,0,0,0,0,0,0,0,4.53025,0,1.95673,0,0,0,0,35.0665,0,0,0,10.3655,0,0,0,10.6891,0,0,0,23.8153,0,0,10.7908,0,0,7.60965,7.21712,0,0,0,0,0,0,6.41643,18.082,0,0,79.4681,29.3995,0,0,0,0,0,44.8079,26.5674,21.6877,0,19.6507,0,0,196.734,0,8.46135,0,0,25.3998,0,2.31629,0,2.03092,0,42.3555,0,0,0,0,3.18939,0,0.45234,7.36297,0,0,16.0436,0,70.9572,0,0,0,0,0,0,48.2171,0,0,49.138,0,90.5157,0,11.6327,0,7.04645,2.68731,98.7865,0,0,63.7335,0,0,0,18.6604,0,90.1017,0,0,0,0,0,0,0,0,0,12.5014,0,0,0,0,0,0,0,0,110.386,0,15.0317,0,104.269,0,7.50001,0,96.5483,0,37.0028,0,0,0,61.256,108.404,0,258.693,0,0,0,0,0,0,0,0,0,0,0,0,0,0,0,0,0,0,0,0,0,0,0,0,0,148.079,0,0,497.013,0,0,0,639.329,0,0,0,0,0,0,0,0,0,0,0,0,0,0,685.066,0,0,0,0,0,628.956,0,0,0,0,0,0,0,0,0,0,0,0,0,0,0,0,0,0,0,0,0,0,0,0,0,0,0,0,0,0,0,0,0,0,0,0,0,0,0,0,0,0,0,0,0,0,0,0,0,0,0,0,0,0,0,0,0,0,0,0,0,0,0,0,0,0,0,0,0,0,0,0,0,0,0,0,0,0,0,0,0,0,0,0,0,0,0,0,0,0,0,0,0,0,0,0,0,0,0,0,0,0,0,0,0,0,0,0,0,0,0,0,0,0,0,0,0,0,0,0,0,0,0,0,0,0,0,0,0,0,0,0,0,0,0,0,0,0,0,0,0,0,0,0,0,0,0,0,0,0,0,0,0,0,0,0,0,0,0,0,0,0,0,0,0,0,0,0,0,0,0,0,0,0,0,0,0,0,0,0,0,0,0,0,0,0,0,0,0,0,0,0,0,0,0,0,0,0,0,0,0,0,0,0,0,0,0,0,0,0,0,0,0,0,0,0,0,0,0,0,44.4379,22.7867,0,0,0,0,0,0,0,27.7984,0,0,0,0,0,0,20.379,13.798,0,22.1606,0,18.1481,0,54.8124,0,0,9.77004,0,0,0,0,5.42636,0,0,0,0,0,0,0,0,0,0,0,0,0,0,0,0,0,0,0,0,0,0,0,0,0,0,0,0,0,0,0,0,0,0,0,0,0,0,0,0,0,0,0,0,234.478,0,0,0,28.7551,0,0,0,0,256.139,0,0,0,0,0,20.9396,0,0,49.5762,0,0,0,0,0,387.993,0,0,0,0,0,0,0,0,87.4459,0,38.6643,0,7.93118,0,0,0,0,0,0,0,0,21.353,0,0,0,0,0,0,47.1668,0,0,0,0,0,0,0,0,0,0,27.2932,0,0,0,0,0,0,0,0,0,10.4183,0,0,0,0,0,0,0,0,0,0,0,0,0,0,0,0,0,0,0,0,0,0,0,0,0,0,0,0,0,0,0,0,0,0,0,0,0,0,0,0,0,0,0,0,0,0,0,0,0,0,0,0,0,0,0,0,0,0,0,0,0,0,0,0,0,0,0,0,0
APM,Cu+2,3,xtb,-80.7792,8.37668,0.92083,5.02534,0,5.47405,0,0,2.93912,0.79779,0.56515,3.3042,0,1.5475,0.11611,0,2.2989,1.34805,6.09329,0,0.32046,2.34696,0,5.44353,0,14.5184,3.99275,30.0007,0,0,0,5.62789,0,0,3.28048,0,0,3.13565,0,14.7023,3.37972,0,0,6.61929,0,0,0,19.7021,0,12.6452,0,8.70768,0,0,15.2326,0,7.6054,0,0,0,0,0,4.233,0,0,0,9.18568,0,0,0,0,43.0204,0,0,152.94,19.8653,0,35.769,0,0,0,0,38.8838,0,0,0,38.6849,0,0,0,0,0,332.827,0,0,0,0,6.65808,0,0,0,0,0,5.21419,0,16.0866,0,87.4007,0,0,0,5.93317,0,0,0,0,15.1627,77.2923,0,0,0,0,107.556,0,0,0,30.2967,0,0,0,0,0,0,0,0,86.5269,54.0697,0,0,0,0,25.4996,0,0,0,21.7002,0,0,0,0,250.382,0,0,0,0,8.77129,0,0,0,0,0,10.7421,0,0,11.0234,0,0,0,0,0,0,0,0,6.80301,0,7.1124,0.85555,0,6.26825,0,0,0,0,68.0791,7.0254,1.87464,0,0,0,149.618,0,0,9.48288,0,0,0,7.32489,14.334,0,0,0,0,0,0,19.0781,0,3.06792,18.9901,0,0,0,0,28.4258,11.3714,0,0,7.24809,0,49.3914,0,151.372,0,0,0,9.1632,0,15.4508,1.32966,0,0,5.51904,0,0,9.50607,0,21.6581,0,3.39064,2.171,0,0,0,0,15.4409,0,0,0,0,0,0.84363,0,6.99259,1.94869,14.196,3.16637,0,307.561,3.73352,0,38.6649,0,0,0,0,0,0,0,0,0,0,0,0,0,4.88509,0,0.81917,0,7.26675,101.026,0,0,0,1.56882,12.6566,0,7.38649,0,221.63,22.817,0,4.51033,0,180.665,0,0,0,60.5734,0,0,0,0,0,0,0,0,0,0,0,0,0,0,0,0,0,0,0,0,0,0,451.052,0,0,134.985,0,0,0,0,0,212.272,0,0,0,0,0,0,0,0,0,0,0,0,0,0,0,0,0,0,0,0,0,0,0,0,0,0,0,0,0,0,0,0,0,0,0,0,0,0,0,0,0,0,0,0,0,0,0,0,0,0,0,0,0,0,0,0,0,0,0,0,0,0,0,0,0,0,0,0,0,0,0,0,0,0,0,0,0,0,0,0,0,0,0,0,0,0,0,0,0,0,0,0,0,0,0,0,0,0,0,0,0,0,0,0,0,0,0,0,0,0,0,0,0,0,0,0,0,0,0,0,0,0,0,0,0,0,0,0,0,0,0,0,0,0,0,0,0,0,0,0,0,0,0,0,0,0,0,0,0,0,0,0,0,0,0,0,0,0,0,0,0,0,0,0,0,0,0,0,0,0,0,0,0,0,0,0,0,0,0,0,0,0,0,0,0,0,0,0,0,0,0,0,0,0,0,0,0,0,0,0,0,0,0,0,0,0,0,0,0,0,0,0,0,0,0,0,0,0,0,0,0,0,0,0,0,0,0,0,0,0,0,0,0,0,0,0,0,0,0,0,0,0,0,0,5.50693,0,0,0,0,0,0,7.95028,0,8.60178,0,0,6.7987,0,9.63558,12.2035,15.3053,33.294,4.7516,0,36.0731,0,0,2.95892,0,30.1977,35.3218,0,0,19.6859,16.6248,0,4.63592,0,0,0,0,0,0,0,0,0,0,0,0,189.007,0,0,0,0,0,0,0,0,0,0,0,0,0,0,0,0,0,0,0,0,0,0,0,0,0,0,0,0,0,0,0,0,0,0,0,0,0,0,0,0,0,0,0,0,0,0,0,0,0,157.83,0,1.93292,0,0,0,0,0,0,0,0,0,0,0,0,0,0,0,0,0,0,0,0,0,0,0,0,0,0,0,0,0,0,0,0,0,113.879,63.8089,0,0,0,30.1496,0,0,0,0,0,0,0,0,0,0,0,0,0,0,0,0,0,0,0,0,0,0,0,0,0,0,0,0,0,0,0,0,0,0,0,0,0,0,0,0,0,0,0,0,0,0,0,0,0,0,0,0,0,0,0,0,0,0,0,0,0,0,0,0,0,0,0,0,0,0,0,0,0,0,0,0,0,0,0,0,0,0
APQ,Zn+2,3,xtb,-85.847,8.203,0.53484,1.93569,0,0.55678,3.71693,0.75398,0,6.06453,0,4.73731,0,0,2.37572,0,4.99074,1.04378,0,0,17.8081,5.11788,0,0,0,3.23785,35.47,0,6.37694,5.45802,5.93067,0,0.24995,0,1.4009,0,12.5272,0,0,17.5792,19.7252,69.2078,0,14.2222,7.29397,0,0,0,27.7829,13.6772,7.76462,0,0,0,19.9958,18.9798,0,0,0,0,8.29911,0,0,57.3813,105.707,0,16.9702,37.4457,0,0,62.5389,0,0,44.3067,0,0,0,0,181.773,0,0,0,0,60.6542,0,0,1.71139,0,0,60.3198,0,0,19.6605,0,0,21.0356,0,108.081,0,0,0,16.6132,0,30.7472,0,72.3892,0,83.6385,0,0,9.1053,276.692,0,0,74.8625,0,50.2868,0,94.2942,0,75.0033,0,0,0,0,0,22.6112,0,0,9.25949,0,0,0,0,202.987,319.51,0,0,0,0,0,31.1167,0,0,0,0,0,0,0,53.424,0,0,0,0,0,0,5.62056,0,0.97516,0,0,0,0,0,29.0637,0,0,18.4978,0,30.5388,0,0,0,0,21.4437,88.3169,0,0.49308,0,0,0,0,0,0,0,0,18.5975,0,0,7.91528,0,13.3361,0,0,7.63489,0,0,2.98003,1.58744,2.6942,0,20.5509,0,0,0,0,6.50568,0,0,0,7.60628,78.3018,0,68.8645,81.1592,0,0,9.37628,53.8956,0,124.885,0,0,0.08429,0,0,15.4589,0,19.0661,0,18.8633,0,0,2.14217,0,0,22.5745,5.22392,106.417,0,0,0,0,63.582,0,57.8232,0,0,4.76764,0,0,5.80824,0.87508,0,0,1.05278,1.07911,0,0,0,0,0,0,0,0,0,54.3195,0,0,0,0,0,25.2575,0,29.605,0,0,37.9066,0,243.794,0,0,13.4523,0,104.928,27.0944,101.944,0,0,174.391,0,135.363,0,228.059,0,0,0,0,0,0,0,0,0,0,0,0,0,0,0,510.36,0,0,0,0,0,0,0,0,0,467.79,0,0,0,0,0,1048.21,0,0,0,0,0,0,0,0,0,0,0,0,0,0,0,0,0,0,0,0,0,0,0,0,0,0,0,502.189,0,0,0,0,0,0,0,0,0,0,0,0,0,0,0,0,0,0,0,0,0,0,0,0,0,0,0,0,0,0,0,0,0,0,0,0,0,0,0,0,0,0,0,0,0,0,0,0,0,0,0,0,0,0,0,0,0,0,0,0,0,0,0,0,0,0,0,0,0,0,0,0,0,0,0,0,0,0,0,0,0,0,0,0,0,0,0,0,0,0,0,0,0,0,0,0,0,0,0,0,0,0,0,0,0,0,0,0,0,0,0,0,0,0,0,0,0,0,0,0,0,0,0,0,0,0,0,0,0,0,0,0,0,0,0,0,0,0,0,0,0,0,0,0,0,0,0,0,0,0,0,0,0,0,0,0,0,0,0,0,0,0,0,0,0,0,0,0,0,0,0,0,0,0,0,0,0,0,0,0,0,0,0,0,0,0,0,0,0,0,0,0,0,0,0,0,0,0,0,0,0,0,0,0,0,0,0,0,0,0,0,0,0,0,0,0,1243.04,0,0,0,0,0,0,0,0,1.30385,0,0,3.42467,14.8502,0,0,0.78961,0,0,0,5.45635,0,6.3363,4.39689,10.6877,17.2387,0,0,0,7.02377,6.30154,11.4565,1.5405,0,1.62376,0,0,0,0,0,0,0,0,0,0,0,0,0,0,0,0,0,0,0,0,0,0,0,0,0,0,0,0,0,0,892.653,0,0,0,0,0,0,0,0,0,0,0,0,0,0,0,0,0,0,0,0,0,0,0,0,0,14.7643,21.2741,0,0,0,0,0,0,0,0,0,111.617,0,0,44.5707,0,0,0,0,53.5601,0,0,0,0,0,0,0,0,0,0,0,43.77,0,0,0,0,0,0,0,77.1191,0,0,0,116.535,0,0,65.0537,0,0,0,0,0,0,0,0,0,0,0,0,0,0,0,0,0,0,0,0,0,0,0,0,0,0,0,0,0,0,0,0,0,0,0,0,0,0,0,0,0,0,0,0,0,0,0,0,0,0,0,0,0,0,0,0,0,0,0,0,0,0,0,0,0,0,0,0,0,0,0,0,0,0,0,0,0,0,0,0,0,0,0,0
APW,Zn+2,3,xtb,-85.4051,5.55734,0.05117,4.3117,0,0.80385,1.13786,1.16962,0,0,0,1.24955,1.04556,0,0,3.54572,4.12,0,0,1.65379,0.52767,0.68507,0,0,4.33081,0,0,0,4.0459,0,0,0,1.99531,9.74932,5.49985,1.68571,0,0,0,0,50.1595,0,0,11.8742,0,70.7372,0,15.7765,41.9945,0,0,21.0083,0,38.849,0,0,0,0,0,0,5.20075,11.3216,0,0,0,0,0,13.2839,0,0,0,1.5574,12.2329,0,0,0,0,0,0,0.46056,4.41159,0,0,0,0,0,0,27.8104,0,0,0,22.5477,0,191.483,0,0,8.05,0,0,0,0,21.3226,106.405,15.7428,0,21.7548,4.70417,0,0,0,0,37.5515,0,25.6773,0,0,73.0079,0,0,0,0,99.3327,0,0,0,0,49.8304,89.0588,0,0,0,25.4861,0,0,0,63.1903,0,0,89.185,0,0,0,0,0,3.37409,14.5793,0,30.6374,0,0,0,0,0,16.8877,0,0,0,0,0,0,31.9523,0,0.37886,2.99541,0,0.12371,0,0,30.8697,0,0,0.60242,0,0,0,6.33993,0,7.05461,0,17.4852,0,0,0,0,11.3686,0,0,0,0,3.32753,0,3.60362,30.9419,0,0,0,4.65441,0,0,0,0,9.99787,49.6367,0,1.78616,0,13.2705,0,17.0464,6.06507,86.6273,0,16.6176,62.965,0,0,0,0,16.2545,1.59426,82.1756,0,0,1.10978,3.05627,0,0.93077,17.7029,0,28.7276,2.22203,0,23.2346,0,0,0,5.89847,5.24066,10.8189,0,1.08549,0,0,0,0,0,6.214,0,0,43.5756,0,0,167.399,0,114.022,0,74.8323,0,0,0,0,257.869,0,0,0,0,0,0,0,8.35079,0,0,0,14.9408,0,36.8521,0,109.707,0,0,8.55811,0,241.611,8.19524,15.7054,21.6078,0,75.4059,28.2773,0,0,0,0,0,0,0,0,0,0,0,0,0,0,11.3871,0,3.8525,0,0,0,0,0,0,0,15.246,0,0,0,0,259.599,0,0,620.01,0,0,0,0,0,0,0,0,0,0,0,0,445.695,0,0,0,0,0,0,0,0,0,0,0,0,0,0,0,0,0,0,0,0,0,0,0,0,0,0,0,0,0,0,0,0,0,0,0,0,0,0,0,0,0,0,0,0,0,0,0,0,0,0,0,0,0,0,0,0,0,0,0,0,0,0,0,0,0,0,0,0,0,0,0,0,0,0,0,0,0,0,0,0,0,0,0,0,0,0,0,0,0,0,0,0,0,0,0,0,0,0,0,0,0,0,0,0,0,0,0,0,0,0,0,0,0,0,0,0,0,0,0,0,0,0,0,0,0,0,0,0,0,0,0,0,0,0,0,0,0,0,0,0,0,0,0,0,0,0,0,0,0,0,0,0,0,0,0,0,0,0,0,0,0,0,0,0,0,0,0,0,0,0,0,0,0,0,0,0,0,0,0,0,0,0,0,0,0,0,0,0,0,0,0,0,0,0,0,0,0,0,0,0,0,0,0,0,0,0,0,0,0,0,0,0,0,0,0,0,0,0,0,0,0,0,0,0,0,0,0,0,0,0,0,0,0,0,0,0,0,3.19791,0,0,0,0,0,0,0,17.6319,0,7.50434,0,0,0,0,10.5933,0,0,30.4475,3.15324,0,0,39.9563,0,0.81801,0,0,16.1848,21.0652,0,0,3.99361,0,0,0,0,0,14.9359,0,26.7842,0,24.6657,342.805,0,0,0,0,0,0,0,0,0,0,1.21269,0,0,0,0,0,0,0,0,0,0,0,0,0,0,141.23,0,0,0,0,0,0,0,0,16.8595,0,0,0,0,0,0,0,0,0,0,0,0,0,0,0,0,107.365,0,0,0,0,0,0,0,0,0,0,0,0,0,0,0,0,0,0,0,31.8162,0,0,0,0,0,0,0,0,0,0,0,0,0,0,0,0,80.1423,0,0,0,0,0,0,0,0,0,0,0,0,0,0,0,0,0,0,0,0,0,0,0,0,0,0,0,0,0,0,0,0,0,0,0,0,0,0,0,0,0,0,0,0,0,0,0,0,0,0,0,0,0,0,0,0,0,0,0,0,0,0,0,0,0,0,0,0,0,0,0,0,0,0,0,0,0,0,0,0,0,0,0,0,0,0,0,0
AQW,Cu+2,3,xtb,-106.398,20.9945,1.90064,0.78352,4.75243,4.91263,0.39344,5.5421,0,10.7183,0,2.17842,9.94532,1.81468,0.55521,0,0,8.86527,0,0,7.60232,7.46389,0,0,5.00636,0.54443,51.4841,0,0,2.6087,0,0,3.3369,0,3.50749,25.9598,0,32.6052,0,14.838,0,0,0,0,0,13.7584,0,5.10861,3.04113,8.23962,0,0,0,3.86895,23.9295,0,52.296,0,0,16.2804,14.5214,74.0068,0,0,0,0,24.3448,0,2.47339,0,0,0,0,6.35665,0,4.46266,0,0,7.06583,0,29.5349,0,0,0,0,105.761,0,0,99.5123,59.2807,0,250.339,42.6662,0,81.3042,0,8.80274,0,0,93.526,96.5002,221.394,0,22.0162,0,0,0,62.5986,0,29.3663,80.422,0,0,40.5619,0,0,184.46,179.306,16.7632,0,0,0,58.4924,0,27.6462,0,44.507,0,0,0,29.5005,0,91.9403,21.2353,168.364,0,0,0,0,0,0,82.778,14.0493,0,0,8.26567,15.9176,0,0,0,0,10.4587,0,27.5462,0,0,0,0,0,0,0,17.4235,1.50111,3.50452,0,0,0,52.4642,0,0,0,0,18.3395,0,0,3.35262,0,39.6399,11.5972,0,58.8456,0,0,47.3516,0,0,0,0,10.6713,0,0,3.6795,0,81.598,0,13.0648,0,0,0,13.0448,0,0,1.41544,2.82377,0,54.9799,0,1.57728,0,75.8838,4.96808,0,0,0,0,0,0,35.6486,10.4199,33.0491,271.351,0,0,0,96.3682,5.45678,0,0,6.21217,0,18.1458,0,33.8395,0,0,0,53.2058,35.6524,0,0,14.5127,0,12.0636,69.9891,19.3832,0,29.1226,0,0,0,33.8043,56.5621,0,0,251.347,0,236.263,158.643,0,0,75.492,0,0,0,0,81.8794,20.1163,0,0,19.9257,0,0,86.8754,0,0,0,61.4494,0,71.3799,0,0,52.9989,0,59.4083,384.332,95.2809,93.707,138.038,0,0,665.938,314.673,0,0,0,0,0,0,0,0,0,0,0,52.7729,0,0,17.6139,0,0,0,0,0,0,302.931,0,0,0,0,0,0,0,0,0,0,0,860.6,0,0,0,0,0,0,0,0,0,230.685,0,0,0,0,0,306.951,0,0,0,0,0,0,0,0,0,0,0,0,0,0,0,0,0,0,0,0,0,0,0,0,0,0,0,0,0,0,0,0,0,0,0,0,0,0,0,0,0,0,0,0,0,0,0,0,0,0,0,0,0,0,0,0,0,0,0,0,0,0,0,0,0,0,0,0,0,0,0,0,0,0,0,0,0,0,0,0,0,0,0,0,0,0,0,0,0,0,0,0,0,0,0,0,0,0,0,0,0,0,0,0,0,0,0,0,0,0,0,0,0,0,0,0,0,0,0,0,0,0,0,0,0,0,0,0,0,0,0,0,0,0,1259.25,0,0,0,0,0,0,0,0,0,0,0,0,0,0,0,0,0,0,0,0,0,0,0,0,0,0,0,0,0,0,0,0,0,0,0,0,0,0,0,0,0,0,0,0,0,0,0,0,0,0,0,0,0,0,0,0,0,0,0,0,0,0,0,0,0,0,0,0,0,0,0,0,0,0,0,0,0,0,0,0,0,0,0,0,0,0,0,0,0,0,0,0,6.51115,0,0,0,0,66.313,3.28038,0,0,0,0,0,0,0,0,0,0,0,6.25311,14.914,0,8.36488,0,6.6167,0,34.1293,2.80666,0,0,0,0,0,1.22678,41.348,0,0,11.2021,0,0,0,0,0,30.6372,4.05968,13.0895,0,2.79304,0,0,0,0,0,0,0,41.7144,0,0,0,0,0,0,0,0,0,0,0,0,0,0,0,0,0,0,0,0,0,0,0,0,0,0,0,0,0,0,0,0,0,48.6299,0,0,0,0,0,0,0,0,0,0,201.695,0,246.974,0,0,195.562,0,0,0,0,0,0,374.378,36.6943,0,0,51.8685,0,0,0,0,0,0,0,0,0,32.6622,0,0,0,0,0,0,33.2662,0,0,0,0,0,246.193,0,0,0,0,0,0,0,0,0,0,0,0,0,0,0,0,0,0,0,0,0,0,0,0,0,0,0,0,0,0,0,0,0,0,0,0,0,0,0,0,0,0,0,0,0,0,0,0,0,0,0,0,0,0,0,0,0,0,0,0,0,0,0,0,0,0,0,0,0,0,0,0,0,0,0,0,0,0,0,0,0,0,0,0
ARR,Cu+2,3,xtb,-108.448,28.4453,0,2.55136,10.9137,5.37086,0,9.66605,0,5.16474,1.19321,0.56225,0,0,0.11434,1.30273,3.94097,0,2.57448,9.43621,0,0,13.2406,0.41638,0,40.3595,18.3512,0,9.56965,0,0.35266,0,6.03656,0,0,20.9375,0,0,10.8499,21.1911,0,3.6308,14.4946,11.3032,0,9.17398,0,23.4683,121.963,21.2924,0,28.7151,5.58773,162.51,33.4967,0,25.6481,0,0,0,13.7376,0,0,6.82747,0,0,0,0,0,0,0,0,2.4058,0,6.10541,7.80706,0,14.5234,24.1045,14.2941,127.829,0,0,2.4722,24.4489,23.0208,0,0,0,361.482,0,0,172.593,0,160.545,172.487,0,0,103.561,0,48.7479,141.99,0,39.6206,38.7606,18.575,47.7954,0,0,0,266.812,0,152.345,0,54.6756,15.7975,0,0,0,0,0,0,104.988,0,0,0,170.64,0,0,0,17.8197,60.9888,0,0,0,0,10.8166,0,0,0,0,13.5077,0,31.213,0,0,0,0,51.3982,0,0,11.2053,0,0,0,0,0,0,0,551.295,0,0,0,18.0712,0,2.08646,0,15.2404,0,0,22.812,0,0,0,0,323.818,0,0,62.2881,0,0,7.4687,7.95404,0,0,0,0,29.9839,0,0,43.8655,13.2353,11.3409,1.36227,44.9066,0,0,3.62824,0,25.8737,3.4361,0,0,11.5688,0,9.83837,0,0,0,6.43093,20.5971,0,0,7.66262,9.84479,0,14.0228,0,213.073,0,0,15.6895,0,9.0443,0,12.609,0,10.1488,13.1988,0,1.12629,11.1412,0,0,0,26.8706,6.22413,0,0,0,0,78.3481,2.57759,5.82713,5.13008,0,6.98358,0,0,0,8.55072,17.0505,0,8.46224,0,0,5.76196,0,3.57743,0,3.42009,0,0,1.38879,0,0,0,20.9688,0,0,0,0,24.3372,0,206.42,154.745,0,0,0,0,6.14222,6.74954,12.5497,45.4826,48.0067,46.1941,11.8812,9.6713,0,0,59.5383,101.321,0,0,0,0,0,0,0,0,0,0,0,0,323.804,0,737.563,0,0,0,0,445.017,0,0,0,0,0,0,429.962,0,0,0,0,0,0,0,0,0,0,0,0,399.32,0,0,394.674,0,0,0,0,0,0,0,0,0,0,0,0,481.37,0,0,0,0,0,0,0,0,0,0,0,0,0,0,0,0,0,0,0,0,0,0,0,0,0,0,0,0,0,0,0,0,0,0,0,0,0,0,0,0,0,0,0,0,0,0,0,0,0,0,0,0,0,0,0,0,0,0,0,0,0,0,0,0,0,0,0,0,0,0,0,0,0,0,0,0,0,0,0,0,0,0,0,0,0,0,0,0,0,0,0,0,0,0,0,0,0,0,0,0,0,0,0,0,0,0,0,0,0,0,0,0,0,0,0,0,0,0,0,0,0,0,0,0,0,0,0,0,0,0,0,0,0,0,0,0,0,0,0,0,0,0,0,0,0,0,0,0,0,0,0,0,0,0,0,0,0,0,0,0,0,0,0,0,0,0,0,0,0,0,2295.33,0,0,0,0,0,0,0,0,0,0,0,0,0,0,0,0,0,0,1833.46,0,0,0,0,0,0,0,0,0,0,0,0,0,0,0,0,0,0,0,0,0,21.3867,0,0,0,0,0,0,0,0,0,32.23,0,0,0,0,0,0,4.20318,0,0,0,0,0,0,0,0,6.08567,12.0998,6.47909,9.01246,0,15.0758,11.5411,4.0369,18.4214,23.7082,10.5083,0,0,0,0,10.7437,4.6669,7.58948,0,0,0,0,0,0,0,0,0,0,0,0,0,0,0,0,0,0,0,0,0,0,0,0,0,0,0,0,0,0,0,0,0,0,0,0,0,0,0,0,0,0,0,0,0,0,0,0,0,0,0,0,107.576,0,0,0,0,0,0,0,0,0,0,0,0,0,0,0,12.9947,0,87.3551,0,49.837,55.3294,0,0,0,0,140.191,241.149,0,0,97.352,40.934,0,0,0,0,51.407,37.017,0,0,0,0,0,38.747,47.3353,0,0,0,0,0,0,0,52.2589,0,0,0,0,0,11.1834,0,0,0,0,0,0,0,0,0,0,0,0,0,0,0,0,0,0,0,0,0,0,0,0,0,0,0,0,0,0,0,0,0,0,0,0,0,0,0,0,0,0,0,0,0,0,0,0,0,0,0,0,0,0,0,0,0,0,0,0,0,0,0,0,0,0,0,0,0,0,0,0,0,0,0,0,0,0
AST,Cu+2,3,xtb,-77.243,4.58272,0,4.09488,0.78537,4.06619,6.19617,0,0,0,4.54532,0,1.40129,0,0,1.83051,0.06635,0,0,9.69392,0,0,50.5893,0,22.6832,0,1.69215,0,4.86906,0,2.99798,0,0,6.60623,0,0,0.91847,6.01308,7.74408,0,7.32794,0,0,0,0,0,16.5649,0,124.52,0,0,29.6034,0,92.0763,0,0,73.3595,0,38.1104,0,13.4982,0,0,20.5714,0,30.6041,0,0,0,9.4486,0,0,0,0,0,0,0,0,0,16.8133,0,0,0,0,0,0,41.1717,91.9851,0,0,0,0,64.2669,36.4468,0,0,0,120.616,0,0,4.13872,0,7.79847,0,493.412,0,0,0,0,0,14.1456,0,0,0,0,0,0,65.8059,0,0,0,0,49.1191,121.61,0,0,0,0,69.1045,259.108,0,0,0,9.5567,0,0,0,21.0187,0,0,0,129.174,0,0,0,0,0,0,0,0,0,0,0,0,0,0,0,0,0,0,0,0,0,0.91947,0,0,48.758,0,0,0,42.8983,0,0,0,0,16.1667,0,0,8.39074,0,0,0,0,0,0,0,0,3.73756,0,19.0992,13.6358,0,0,12.7214,3.40061,0,0,0,6.24655,0,0,0,6.75766,0,0,0,0,1.24108,0,57.3504,0,0,0,0,0,24.6249,120.207,0,0,12.8233,0,163.213,0,0,0,9.44245,26.4098,0,0,19.0657,0,16.9347,0,0,0,0,71.307,0,0,44.6747,0,0,69.2223,0,133.294,0,0,5.21958,77.4137,0,0,0,0,6.23088,0,0,0,61.3315,0,0,0,0,20.223,0,78.5235,0,0,0,0,0,0,21.4441,0,15.2625,0,0,0,0,0,0,0,125.959,0,0,0,37.6888,0,12.1753,15.4945,211.92,0,0,0,180.743,0,0,0,0,0,0,0,0,0,0,0,0,0,0,0,0,0,0,0,682.941,0,0,0,0,0,0,0,0,0,0,0,0,0,0,0,0,215.146,0,0,0,0,0,0,0,0,0,0,0,0,0,0,609.942,0,0,0,0,0,0,0,0,0,0,0,0,0,0,0,0,0,0,0,0,0,0,0,0,0,0,0,0,0,0,0,0,0,0,0,0,0,0,0,0,0,0,0,0,0,0,0,0,0,0,0,0,0,0,0,0,0,0,0,0,0,0,0,0,0,0,0,0,0,0,0,0,0,0,0,0,0,0,0,0,0,0,0,0,0,0,0,0,0,0,0,0,0,0,0,0,0,0,0,0,0,0,0,0,0,0,0,0,0,0,0,0,0,0,0,0,0,0,0,0,0,0,0,0,0,0,0,0,0,0,0,0,0,0,0,0,0,0,0,0,0,0,0,0,0,0,0,0,0,0,0,0,0,0,0,0,0,0,0,0,0,0,0,0,0,0,0,0,0,0,0,0,0,0,0,0,0,0,0,0,0,0,0,0,0,0,0,0,0,0,0,0,0,0,0,0,0,0,0,0,0,0,0,0,0,0,0,0,0,0,0,0,0,0,0,0,2.12364,0,0,0,0,32.4977,0,0,38.6985,0,0,0,0,0,10.7727,13.0596,0,0,0,5.56817,0,0,0,0,0,0,0,0,0,0,0,0,0,0,16.6205,23.4414,0,0,16.2463,11.8912,0,18.6776,0.63446,0,0,0,0,0,0,0,0,0,0,0,0,0,0,0,0,0,0,0,0,0,0,326.253,0,0,0,0,0,0,0,0,0,0,0,0,0,0,0,0,0,0,0,0,0,0,0,0,0,0,0,0,0,0,0,0,0,0,0,0,0,0,0,0,362.143,0,0,12.6502,0,69.1859,0,0,0,0,0,0,0,0,0,0,0,0,0,0,0,0,0,0,0,0,0,0,0,0,0,0,0,107.313,28.4544,0,0,0,52.1898,0,0,0,62.4171,0,0,0,0,0,0,0,0,0,0,0,0,0,0,0,0,0,0,0,0,0,0,0,0,0,0,0,0,0,0,0,0,0,0,0,0,0,0,0,0,0,0,0,0,0,0,0,0,0,0,0,0,0,0,0,0,0,0,0,0,0,0,0,0,0,0,0,0,0,0,0,0,0,0,0,0,0,0,0,0,0
ATR,Cu+2,3,xtb,-91.8566,12.8264,0,2.46802,0,1.89667,0,1.94129,0,8.47326,0,0.9374,0,5.09972,2.61882,0,0,0,6.14687,0,1.73798,0,6.96039,0,0.8235,32.2951,0,0,0,2.15601,0,9.52813,32.172,17.1747,0,13.6654,5.09106,0,47.7096,0,0,12.6098,0,0,79.1746,0,17.383,0,11.6331,0,0,9.37618,0,0,0,37.0416,0,0,0,7.25341,214.277,0,0,6.34883,0,46.6241,0,0,0,0,17.8608,0,0,0,77.4652,0,0,3.20578,0,0,13.2428,0,2.57719,38.0478,0,0,54.4415,27.4101,114.54,0,0,47.6515,0,0,0,27.3354,0,0,0,0,49.4116,24.5297,0,0,6.29841,0,706.091,0,0,52.6367,0,0,0,0,136.899,58.3217,0,0,0,0,0,72.0316,0,0,0,0,0,0,17.546,0,0,0,0,0,0.51279,0,0,65.7285,0,0,0,0,0,0,0,0,0,36.2203,0,0,10.5932,0,0,3.25828,0,0,0,0,0,22.9963,0,52.3921,0,0,0,0,25.6727,0,346.075,0,0,0,0,0,0,20.85,0,0,0,0,9.67555,0,12.1451,0,253.447,133.948,0,21.0514,0,0,20.3613,0,75.0293,0,0,21.74,0,0,0,0,1.46886,0,11.6599,0,23.4156,0,14.1202,0,0,18.3029,25.5835,15.6004,0,38.8316,0,0,0,0,24.4622,0,0,16.8539,3.40518,0,5.48572,0,0,0,1.27725,0,14.8784,0,7.76826,0,4.43105,0,0,0,0,0,0,15.8485,35.0931,10.4363,0,2.18212,3.49007,0,0,8.92191,0,0,7.55146,9.61237,0,0,169.742,0,0,35.3386,0,68.0529,0,0,17.6052,0,0,0,113.871,0,3.78204,0,6.76347,16.794,0,160.322,0,0,0,0,0,0,0,12.9499,0,141.243,56.4011,38.2607,59.6207,121.958,0,15.3458,0,0,32.6573,0,0,0,0,0,0,0,0,0,475.927,0,0,0,0,0,0,0,0,0,0,0,344.568,0,0,799.707,0,0,0,0,0,0,0,0,0,0,0,0,0,0,1168.71,0,0,428.03,0,0,0,0,0,0,0,0,0,0,0,0,0,0,0,0,0,0,0,0,0,0,0,0,0,0,0,0,0,0,0,0,0,0,0,0,0,0,0,0,0,0,0,0,0,0,0,0,0,0,0,0,0,0,0,0,0,0,0,0,0,0,0,0,0,0,0,0,0,0,0,0,0,0,0,0,0,0,0,0,0,0,0,0,0,0,0,0,0,0,0,0,0,0,0,0,0,0,0,0,0,0,0,0,0,0,0,0,0,0,0,0,0,0,0,0,0,0,0,0,3579.18,0,0,0,0,0,0,0,0,0,0,0,0,0,0,0,0,0,0,0,0,0,0,0,0,0,0,0,0,0,0,0,0,0,0,0,0,0,0,0,0,0,0,0,0,0,0,0,0,0,0,0,0,0,0,0,0,0,0,0,0,0,0,0,0,0,0,0,0,0,0,0,0,0,0,0,0,0,0,0,0,0,0,0,0,0,0,0,28.647,0,0,0,0,0,0,0,0,0,0,0,0,0,0,0,0,0,0,0,0,0,0,0,0,0,27.5246,7.03192,0,0,10.4482,603.449,0,0,0,0,0,7.89703,38.3702,0,12.2737,0,32.3721,0,0,0,0,0,11.6317,0,0,0,0,22.7979,36.1137,22.6396,12.4142,0,5.83996,0,0,0,0,0,0,0,0,0,0,0,0,0,0,0,0,0,0,0,0,0,0,0,0,0,0,0,0,0,0,0,0,0,0,0,0,0,0,0,0,0,0,0,0,0,0,0,128.667,0,0,0,0,0,0,0,0,0,0,0,0,0,0,28.1967,0,0,0,0,0,0,0,27.352,0,0,0,22.1426,0,0,0,0,0,0,0,0,0,55.3965,43.7035,0,31.8888,0,0,0,0,0,0,34.0579,0,0,0,0,58.2985,0,0,0,61.3588,0,0,0,0,0,0,0,0,0,0,0,0,0,0,0,0,0,0,0,0,0,0,0,0,0,0,0,0,0,0,0,0,0,0,0,0,0,0,0,0,0,0,0,0,0,0,0,0,0,0,0,0,0,0,0,0,0,0,0,0,0,0,0,0,0,0,0,0,0,0,0,0,0,0,0,0,0,0,0,0,0,0,0
AVV,Cu+2,3,xtb,-78.5374,8.92736,0,1.51741,4.51639,0,13.2596,7.14141,9.88244,0,2.10419,0,0,0,0,1.48096,0,0,2.56926,0,0,0,2.08693,0,0,26.5399,44.0325,0,5.05598,0,6.17551,1.25265,0,6.36375,2.00553,1.61929,1.15831,0,3.0849,0.23118,0,12.9799,0,25.5138,0,6.68376,0,0,8.86759,0,0,0,0,0,0,25.2491,0,42.4746,21.6131,7.50192,0,0,0,0,3.21206,0,0,0,0,20.3553,0,5.16879,0,3.18332,0,0,0,0,0,33.9828,0,0,0,45.9762,0,0,0,0,2.2464,70.9609,0,0,0,0,81.0959,0,51.6733,10.4297,0,0,519.36,74.4259,0,0,0,0,0,0,0,0,0,0,97.2289,0,0,0,0,0,0,58.7778,0,0,99.4441,0,0,23.7514,0,0,130.409,117.368,0,0,0,221.466,0,0,0,0,0,0,0,0,0,0,0,0,0,27.3908,0,0,0,0,0,0,0,20.7196,0,0,0,0,0,0,3.96718,0,0,0,5.61835,0,0,0,0,0,0,0,14.9732,0,0,7.76249,0,0,0,2.8644,5.74196,0,11.9534,0,32.682,0,2.74155,0,3.5057,22.0078,0,0,0,0,0,0,7.73551,0,0,0,8.46296,0,0,0,0,0,5.87211,0,0,0,0,0,9.11143,0,22.5,55.5012,100.916,0,41.5361,0,0,79.6498,0,6.1666,0,0,8.40649,19.2313,0,0,13.5261,0,29.4069,0,0,30.9807,0,59.1776,0,0,0,0,0,5.92483,0,0,79.0781,0,7.7007,4.2075,0,9.30441,0,0,15.479,0,0,0,0,0,0,98.2924,0,0,0,0,0,0,0,14.6143,5.0703,9.29315,0,0,13.2795,0,0,0,0,171.271,0,0,0,0,15.1816,27.2001,16.1027,76.7158,127.046,14.3822,167.097,0,0,0,0,0,0,0,0,0,0,0,0,0,0,0,0,0,0,0,0,0,461.916,0,0,0,0,0,0,0,0,0,0,0,0,0,185.859,0,0,0,0,0,0,0,0,0,0,0,0,0,0,0,0,593.155,0,0,0,0,0,0,0,0,0,0,0,0,0,0,0,0,0,0,0,0,0,0,0,0,0,0,0,0,0,0,0,0,0,0,0,0,0,0,0,0,0,0,0,0,0,0,0,0,0,0,0,0,0,0,0,0,0,0,0,0,0,0,0,0,0,0,0,0,0,0,0,0,0,0,0,0,0,0,0,0,0,0,0,0,0,0,0,0,0,0,0,0,0,0,0,0,0,0,0,0,0,0,0,0,0,0,0,0,0,0,0,0,0,0,0,0,0,0,0,0,0,0,0,0,0,0,0,0,0,0,0,0,0,0,0,0,0,0,0,0,0,0,0,0,0,0,0,0,0,0,0,0,0,0,0,0,0,0,0,0,0,0,0,0,0,0,0,0,0,0,0,0,0,0,0,0,0,0,0,0,0,0,0,0,0,0,0,0,0,0,0,0,0,0,0,0,0,0,0,0,0,0,0,0,0,0,0,0,0,0,0,0,0,0,0,0,0,0,0,0,0,0,0,0,14.0682,0,4.68031,0,46.0862,0,0,0,0,0,0,6.19582,0,0,0,9.75205,0,0,0,0,0,0,0,0,0,0,39.7577,41.6578,12.3622,64.3492,82.3277,32.3314,22.9581,13.7695,17.0518,0,0,0,0,0,0,0,0,0,0,0,0,0,0,0,0,0,0,0,0,0,0,0,0,0,0,0,0,0,0,0,0,0,0,0,0,0,0,0,0,0,0,0,0,0,0,0,0,0,0,0,0,0,0,0,0,0,0,0,0,0,0,0,12.8746,319.168,0,0,0,0,17.742,84.3723,0,0,27.685,0,0,0,0,0,0,0,0,0,0,0,0,0,0,0,0,0,0,0,0,0,0,0,68.7103,0,0,0,0,52.5895,63.7006,0,0,0,0,0,0,0,0,0,0,0,0,0,0,0,0,0,0,0,0,0,0,0,0,0,0,0,0,0,0,0,0,0,0,0,0,0,0,0,0,0,0,0,0,0,0,0,0,0,0,0,0,0,0,0,0,0,0,0,0,0,0,0,0,0,0,0,0,0,0,0,0,0,0,0,0,0,0,0,0,0,0,0
AVY,Co+2,3,xtb,-101.069,9.66273,0.68315,1.99027,0,1.43214,2.38946,0,5.07352,2.83106,1.46943,7.18678,2.60962,1.61557,0,3.934,1.46626,3.74988,5.34257,3.15472,0,0.542,2.87118,0,4.19263,15.8604,0,6.27603,0,7.97259,0,0,1.93199,3.51543,0,14.7245,0,43.6759,0,8.62112,0,0,7.2507,11.688,0,48.8672,6.30845,2.18865,0,24.7999,34.1537,9.5266,0,0,0,121.992,0,0,0,0,0,1.94318,0.67897,0,26.9348,0,0,0,3.20961,0.66348,23.35,0,0,49.2056,0,0,0,7.39924,39.146,0,55.3289,35.2672,0,0,0,0,0,0,9.54571,0,137.54,0,0,67.0378,226.138,0,0,28.1357,0,0,149.774,174.395,0,415.666,0,0,0,25.9834,0,551.694,0,0,0,89.5742,9.91105,0,0,0,0,0,0,89.5466,13.163,0,105.726,0,0,0,0,0,91.5724,0,47.1568,0,14.5402,0,22.6461,0,0,0,0,0,0,0,20.4937,0,0,0,0,0,0,0,0,0,0,42.8922,0,0,0,0,0,6.61255,13.5459,29.2587,0,0,0,0,5.09288,0,0,14.3402,0,0,0,2.49722,0.2262,0,0.89524,0,12.6593,3.0873,11.647,0,0,0,0,0,0,1.12886,0,3.78826,0,0,3.5084,0,0,5.9315,9.19226,16.4893,0,8.51127,0,0,0,0,0,0,0,12.568,0,0,0,0,0,0,14.7202,79.6922,0,186.408,36.623,0,0,6.94488,9.51688,14.0369,7.80442,5.97155,0,0,52.8605,0,19.3517,0,0,5.51033,0,47.4991,0,0,0,41.9926,12.8072,0,10.7828,0,5.73291,0,39.9477,0,0,67.1049,0,40.4852,0,22.6885,4.12422,0,0,0,0,0,0,0,0,0,0,0,202.053,0,0,0,23.1981,19.026,2.06767,165.463,0,0,0,0,0,0,0,2.40905,10.0183,0,0,60.3689,5.63648,2.09566,199.555,147.049,261.03,52.4834,7.1236,61.8214,0,0,0,1.83416,0,0,0,0,0,0,0,0,0,13.7353,0,0,0,0,0,0,0,0,0,0,0,0,0,0,0,0,0,0,0,0,0,0,0,0,0,0,150.859,0,0,664.654,0,287.403,0,0,0,0,0,0,0,0,0,0,0,0,0,0,0,0,0,0,0,0,0,0,0,0,0,0,0,0,0,0,0,0,0,0,0,0,0,0,0,0,0,0,0,0,0,0,0,0,0,0,0,0,0,0,0,0,0,0,0,0,0,0,0,0,0,0,0,0,0,0,0,0,0,0,0,0,0,0,0,0,0,0,0,0,0,0,0,0,0,0,0,0,0,0,0,0,0,0,0,0,0,0,0,0,0,0,0,0,0,0,0,0,0,0,0,0,0,0,0,0,0,0,0,0,0,0,0,0,0,0,0,0,0,0,0,0,0,0,0,0,0,0,0,0,0,0,0,0,0,0,0,0,0,0,0,0,0,0,0,0,0,0,0,0,0,0,0,0,0,0,0,0,0,0,0,0,0,0,0,0,0,0,0,0,0,0,0,0,0,0,0,0,0,0,0,0,0,0,0,0,0,0,0,0,0,0,0,0,0,0,0,0,0,0,0,0,0,0,0,0,0,0,0,0,0,0,0,0,0,0,0,0,0,0,0,8.00131,9.2879,12.3359,0,0,0,12.7637,0,0,0,0,0,0,0,8.56444,51.7577,0,0,0,0,51.5056,0,27.2679,26.5546,0,2.07727,48.5261,18.1332,0,0,70.057,0,18.4244,0,0,37.5678,0,0,0,0,0,0,0,0,0,0,0,0,0,0,0,0,0,0,0,0,0,0,0,0,0,0,0,0,0,0,0,0,0,0,0,0,0,0,0,0,0,0,0,0,0,0,23.4345,81.58,0,0,0,0,0,0,0,0,0,0,0,0,117.642,0,0,61.646,0,0,0,0,52.8874,0,0,0,0,0,54.0491,0,0,0,0,0,0,0,0,0,0,0,0,33.105,0,0,0,0,0,111.338,0,0,102.768,0,0,59.1966,0,0,0,31.8972,0,0,0,0,0,0,0,0,0,0,0,0,0,0,0,0,0,0,0,0,0,0,0,0,0,0,0,0,0,0,0,0,0,0,0,0,0,0,0,0,0,0,0,0,0,0,0,0,0,0,0,0,0,0,0,0,0,0,0,0,0,0,0,0,0,0,0,0,0,0,0,0,0,0,0
AWA,Co+2,3,xtb,-93.2347,5.60362,0,0.36619,0,5.71201,2.84203,0,3.06275,0,4.98498,0,13.8506,0,7.50537,0,2.82971,0,0,3.3177,5.74841,0,0,6.30176,0,1.99733,0,0,3.65866,1.53978,4.06939,0,13.5662,0,22.0318,0,44.6028,0,0,19.7992,4.22985,30.4539,0,0,0,23.0663,0,19.508,28.9459,0,0,0,40.9529,0,0,9.22839,0,63.0379,18.2055,0,24.0034,0,0,0,0,0,0,15.2985,0,97.5957,96.5281,0,2.62789,0,91.1855,0,37.1665,0,0,0,1.34138,0,0,0,35.6726,0,0,0,45.779,46.9405,0,0,11.1483,36.6867,66.1422,0,5.17549,0,8.6149,4.65797,0,23.1373,0,19.9081,0,113.412,0,109.608,404.256,0,0,292.835,0,21.4982,0,0,45.7882,0,0,0,0,0,0,0,47.5562,0,0,40.2719,0,0,0,49.88,0.98719,0,0,0,0,51.1081,0,0,0,0,0,0,0,22.4967,16.7936,0,0,20.0971,0,13.9295,20.9411,0,0,0,0,0,0,0,0,0,0.19495,0,0.4185,134.343,0,0,29.3529,0,0.14561,0,0,0,0,4.14373,0,456.796,0,0,0,10.0746,0,0,0,0,0,6.31318,0,2.03665,0,7.77497,7.88423,0,0,0,0,0,0,0,175.017,50.9352,0,6.60454,4.99979,0,0,0,10.4792,19.8077,0,0,45.3713,0,0,0,229.456,1.48303,122.518,0,0,0,1.82747,2.39518,0,0,7.39464,0,0,7.86245,0,3.18638,0,0,1.17208,0,0,0,51.8742,0,44.0877,0,0,3.53891,0,4.21435,0,0,17.1687,12.767,0,0,39.9019,0,0,0,0,19.2711,134.46,0,0,0,0,0,17.1435,0,0,0,0,0,17.9747,0,10.973,0,78.9806,0,0,0,29.7167,0,0,0,0,4.79097,0,5.00178,0,3.7269,0,83.2599,4.40632,66.6219,0,52.2109,0,0,0,0,384.266,0,0,0,0,0,0,0,8.36572,7.67612,0,0,0,635.518,0,0,381.135,50.734,0,0,0,0,0,0,0,0,0,0,0,0,0,0,0,0,524.238,0,0,0,0,0,0,0,0,0,0,0,0,0,0,0,0,0,0,0,0,0,0,0,0,0,0,0,0,0,0,0,0,0,0,0,0,0,0,0,0,0,0,0,0,0,0,0,0,0,0,0,0,0,0,0,0,0,0,0,0,0,0,0,0,0,0,0,0,0,0,0,0,0,0,0,0,0,0,0,0,0,0,0,0,0,0,0,0,0,0,0,0,0,0,0,0,0,0,0,0,0,0,0,0,0,0,0,0,0,0,0,0,0,0,0,0,0,0,0,0,0,0,0,0,0,0,0,0,0,0,0,0,0,0,0,0,0,0,0,0,0,0,0,0,0,0,0,0,0,0,0,0,0,0,0,0,0,0,0,0,0,0,0,0,0,0,0,0,0,0,0,0,0,0,0,0,0,0,0,0,0,0,0,0,0,0,0,0,0,0,0,0,0,0,0,0,0,0,0,0,0,0,0,0,0,1261.52,0,0,0,0,0,0,0,0,0,0,0,0,0,0,0,0,0,0,0,0,0,0,0,0,0,0,0,0,0,0,0,46.3906,0,0,0,0,40.9203,0,0,0,0,0,0,0,0,779.394,40.406,0,0,0,0,34.8961,27.6904,0,0,19.7831,50.376,0,0,0,7.04862,0,27.9501,0,9.06032,20.0503,0,32.7538,0,0,78.5445,0,0,0,0,0,0,0,0,0,0,0,0,0,11.3342,0,0,0,0,0,0,0,0,0,0,0,0,0,0,0,0,0,0,0,53.2257,0,0,0,0,0,0,0,0,0,0,0,0,0,0,0,0,2.25936,0,0,0,0,0,0,0,0,0,0,0,0,0,0,0,0,0,0,0,0,0,0,0,0,0,0,104.616,0,14.1065,0,37.4644,0,0,0,0,0,0,0,0,0,0,63.7595,0,0,0,0,0,0,0,0,0,0,0,0,0,0,0,0,0,0,20.696,0,0,0,0,0,0,0,0,0,0,0,0,0,0,0,0,0,0,0,0,0,0,0,0,0,0,0,0,0,0,0,0,0,0,0,0,0,0,0,0,0,0,0,0,0,0,0,0,0,0,0,0,0,0,0,0,0,0,0,0,0,0,0,0,0,0,0,0,0,0
AWN,Co+2,3,xtb,-102.865,9.10709,8.08776,0,1.77592,4.31158,10.0058,0,2.58909,0,2.98467,0,1.11612,0,0,0,0.65026,5.69167,8.49353,4.14432,0,0,0.99672,4.7009,0,0,1.2514,0,3.27919,2.90284,0,0,2.62934,21.6834,0,12.176,3.58817,0,0,0,5.99757,18.8794,8.03522,0,3.34962,0,42.5407,0,0,0,20.641,4.97448,0,0,0,1.15642,10.5061,0,11.0132,0,0,0,0,18.527,0,1.24623,0,0,74.0103,0,0,173.204,81.8488,0,39.4066,32.4952,0,9.9327,0,91.9349,30.3801,0,40.2965,0,0,35.9434,0,291.614,0,0,0,0,22.5367,0,0,75.5799,29.4805,0,0,0,16.3928,0,92.2543,0,4.89915,0,0,106.236,0,13.9639,0,72.3613,0,0,0,152.819,0,0,26.2596,0,35.6903,0,0,9.95795,0,2.54088,0,0,0,52.6385,0,0,1.05998,35.4586,42.329,0,0,0,348.098,0,0,0,7.2192,0,0,2.33674,0,24.098,22.6812,0,433.867,0,0,0,0,0,0,0,0,0,0,0,0,0.14082,0,32.5391,0,0,0,29.5848,0,14.6951,3.5451,0,0,0,0,0.40183,0,0,0,17.2986,0,5.01238,0,0,0,17.6886,0,0,0,0,15.4403,0,0,0,2.25379,0,0,74.6756,0,0,11.9253,9.72099,0,4.83356,0,0,32.3025,0,0,44.8215,0,0,0.18889,0,5.81837,0,262.962,2.54578,0,0,45.9441,5.78187,0,0,0,14.7242,0,0,0,0,13.7112,0.51168,0,0,0,0,61.4748,20.2614,0,0,48.2135,22.4466,0,7.44263,0,0,0,67.1403,0,0,199.513,0,78.2399,106.957,93.9439,77.8131,0,0,0,103.305,0,0,11.8231,0,0,0,0,0,6.43735,9.84562,0,0,0,0,0,29.7324,0,14.125,0,127.623,7.49688,0,0,0,0,0,3.36514,0,16.4174,0,0,57.7311,0,38.5216,0,0,303.062,0,0,73.2113,0,0,0,0,0,0.4642,0,12.2303,0,0,0,0,0,0,10.1422,0,0,0,0,0,0,0,0,269.133,0,0,526.101,0,0,0,0,490.516,0,0,415.062,0,0,0,0,0,0,0,0,0,0,0,0,0,0,0,0,0,0,0,0,0,0,0,0,0,0,0,0,0,0,0,0,0,0,0,0,0,0,0,0,0,0,0,0,0,0,0,0,0,0,0,0,0,0,0,0,0,0,0,0,0,0,0,0,0,0,0,0,0,0,0,0,0,0,0,0,0,0,0,0,0,0,0,0,0,0,0,0,0,0,0,0,0,0,0,0,0,0,0,0,0,0,0,0,0,0,0,0,0,0,0,0,0,0,0,0,0,0,0,0,0,0,0,0,0,0,0,0,0,0,0,0,0,0,0,0,0,0,0,0,0,0,0,0,0,0,0,0,0,0,0,0,0,0,0,0,0,0,0,0,0,0,0,0,0,0,0,0,0,0,0,0,0,0,0,0,0,0,0,0,0,0,0,0,0,0,0,0,0,0,0,0,0,0,0,0,0,0,0,0,0,0,0,0,0,0,0,0,0,0,0,0,0,0,0,0,0,0,0,0,0,0,0,0,0,0,12.6989,0,0,27.4175,0,0,0,0,0,0,0,0,29.5648,0,0,0,0,0,0,0,0,51.3986,0,0,0,7.38116,0,0,13.4074,16.2351,65.7654,0,0,24.9952,0,0,0,0,0,5.33651,20.0803,0,54.1676,0,100.847,0,0,15.5812,0,0,0,0,0,0,0,0,0,0,25.2431,0,0,0,498.276,0,0,0,0,0,0,0,0,0,0,0,0,0,0,0,0,0,0,0,0,0,0,0,0,0,0,0,0,0,0,0,68.4077,247.73,0,0,0,0,0,2.27577,0,0,0,0,0,0,0,36.4434,0,0,0,0,0,0,0,0,0,26.6271,0,0,0,0,0,0,8.10292,0,0,0,0,0,0,0,15.67,111.35,0,0,0,0,0,0,44.0184,0,0,0,0,31.828,0,0,0,0,0,0,0,16.3714,0,0,0,0,0,0,0,0,0,0,0,0,0,0,0,0,0,0,0,0,0,0,0,0,0,0,0,0,0,0,0,0,0,0,0,0,0,0,0,0,0,0,0,0,0,0,0,0,0,0,0,0,0,0,0,0,0,0,0,0,0,0,0,0,0,0,0,0,0,0,0,0,0
AWS,Co+2,3,xtb,-97.2941,1.65934,0.82293,1.26803,0,2.22663,0,0.93755,5.64328,0,4.92156,0,0,0.50408,1.9163,20.3862,0,10.8345,3.9871,0,5.26327,1.75164,0,0,8.18439,0,0,2.43648,4.65586,11.7169,0,14.3508,14.3405,0,3.55671,6.83143,0,0,36.5835,0,40.1195,0,91.2629,66.1414,0,13.7357,18.651,32.8528,0,0,31.2173,0,0,15.6193,0,8.35121,0,0,0,0,23.7862,0,0,66.4783,36.9606,0,0,22.8643,17.9657,0,0,7.17878,0,0,30.8642,0,0,0,0,0,66.3238,0,36.2544,0,0,0,49.6133,0,0,120.83,0,0,22.8245,138.417,201.005,113.986,0,31.2265,38.7525,62.4521,34.5517,0,0,50.4156,0,210.273,0,0,151.838,0,0,0,0,404.593,216.229,256.915,0,0,0,0,0,0,19.2249,0,0,0,0.36767,0,11.3436,0,0,21.5894,9.44213,0,0,0,0,0,0,0,48.3907,0,0,0,0,151.848,0,0,0,22.6329,12.0139,0,0,0,0,0,0,0,0,0,0,47.5375,4.2971,0,0.39253,0,0,0,0,33.1743,0,0.02479,0,0,1.52295,0.08465,0,0,0,0,5.96343,17.781,0,0,0,13.8989,0,0,0,0,0,0,0,67.0563,0,0,0,0,0,9.98051,0,32.9097,11.8087,0,0,2.43202,0,123.316,0,9.03717,278.044,0,0,40.3711,0,16.7487,0,0,18.39,0,24.716,0,0,2.53055,35.5314,0,21.5947,25.333,0,4.74909,0,0,15.0853,15.0204,0,60.3292,0,0,0,14.7104,0,0,4.30094,21.5848,0,29.3787,0,12.2147,0,0,45.0522,0,0,13.45,0,108.389,0,0,19.486,63.4327,47.7039,0,0,0,12.4535,0,0,0,0,283.948,0,6.25557,0,0,0,0,25.9487,0,0,0,0,0,0,0.42019,1.32042,0,0,265.675,0,35.1513,0,6.51405,8.83234,0,169.067,0,0,0,0,0,0,0,0,0,55.1522,0,0,11.4571,0.82385,0,0,0,0,0,0,0,10.4502,0,298.978,0,0,0,0,0,0,0,0,0,0,141.767,0,0,0,0,0,0,0,0,0,0,0,0,0,0,0,0,0,0,0,0,0,0,0,0,0,0,0,0,0,0,0,0,0,0,0,0,0,0,0,0,0,0,0,0,0,0,0,0,0,0,0,0,0,0,0,0,0,0,0,0,0,0,0,0,0,0,0,0,0,0,0,0,0,0,0,0,0,0,0,0,0,0,0,0,0,0,0,0,0,0,0,0,0,0,0,0,0,0,0,0,0,0,0,0,0,0,0,0,0,0,0,0,0,0,0,0,0,0,0,0,0,0,0,0,0,0,0,0,0,0,0,0,0,0,0,0,0,0,0,0,0,0,0,0,0,0,0,0,0,0,0,0,0,0,0,0,0,0,0,0,0,0,0,0,0,0,0,0,0,0,0,0,0,0,0,0,0,0,0,0,0,0,0,0,0,0,0,0,0,0,0,0,0,0,0,0,0,0,0,0,0,0,0,0,0,0,0,0,0,0,0,0,0,0,0,126.461,0,0,0,0,0,0,0,0,0,0,0,0,0,0,66.4987,0,0,0,0,0,0,0,0,0,0,0,0,0,43.3487,0,0,0,18.0522,0,20.3132,0,0,0,0,38.877,0,0,0,0,14.0889,0,0,0,0,0,35.6039,0,0,0,24.215,0,17.0188,0,0,15.4131,0,15.2803,71.1599,0,41.4391,0,0,0,0,25.946,0,0,0,0,0,0,0,0,0,0,0,0,0,0,0,0,0,0,0,0,184.76,0,0,0,0,0,0,0,0,0,0,0,0,0,0,0,0,0,0,0,0,0,0,0,0,0,0,0,0,0,4.18054,0,0,0,0,0,49.8442,0,0,0,0,0,0,0,0,0,0,0,0,0,0,0,12.2866,0,0,0,47.1453,0,21.4505,0,0,0,0,30.3901,47.743,33.8111,0,62.204,0,0,0,0,0,0,0,43.8112,0,0,0,0,0,0,0,0,0,0,0,0,0,0,0,0,0,0,0,0,0,0,0,0,0,0,0,0,0,0,0,0,0,0,0,0,0,0,0,0,0,0,0,0,0,0,0,0,0,0,0,0,0,0,0,0,0,0,0,0,0,0,0,0,0,0,0,0,0,0,0,0,0,0,0,0,0,0,0,0
AYA,Cu+2,3,xtb,-84.8593,13.4125,2.41005,2.77977,2.43234,3.40729,0,0,7.86467,0,9.2348,0,5.60274,0,6.94664,0,0,0,2.5744,0,2.72822,0,0,0,0,0,0.91601,0,9.65841,0,0,13.4976,0,8.84306,0,34.6542,0,0,0,0,1.40386,38.2439,0,43.8985,0,0,66.421,0,0,0,0,19.3087,0,0,31.2198,12.4366,0,0,0,13.1073,0,3.84038,3.95748,0,0,0,0,2.46599,0,0,21.1544,0,0,14.1053,0,0,0,0,21.3319,47.9246,0,7.80787,0,8.11311,66.8869,15.2516,100.182,0,0,24.4508,20.8868,0,0,12.0444,0,0,0,0,0,0,33.8111,443.661,0,0,0,34.165,0,0,0,0,780.083,0,6.26211,0,0,0,129.48,0,0,0,0,0,0,0,0,0,56.7692,0,0,0,0,13.2399,82.5923,0,0,20.1977,0,0,0,0,0,0,17.7115,0,0,0,0,0,18.784,0,0,0,21.7926,0,0,54.418,0,0,0,0,0,0,0,0,0,0,13.0374,0,0,0,8.93102,0,0,6.72216,7.57234,12.5421,0,0,0,0,0,0,0,24.8171,0,0,46.9293,0,1.59675,0,128.747,0,9.56459,0,0,0,0,1.57632,0,0,0,10.7129,0,0,30.2707,0,0,0,0,0,46.6871,0,0,20.5741,2.71208,0,29.1522,0,0.14325,0,262.805,0,2.74679,0,7.6782,0,18.7521,0,0,0,0,61.7929,0,33.2728,0,25.1137,0.50285,0,0,7.7764,0,0,0,0,122.29,2.56589,0,0,0,7.06992,50.0962,16.5772,0,0,0,0,4.19458,0,0,0,0,56.9418,0,0,0,0,0,0,330.752,0,0,50.1761,0,0,27.5564,0,0.55632,0,133.27,0,0,83.4351,30.8789,0,37.4905,0,15.974,0,164.944,6.79422,126.61,0,18.6074,0,0,56.9946,0,0,0,0,0,0,0,0,0,0,26.7626,0,0,0,0,0,0,0,0,0,0,0,0,0,0,0,383.377,0,0,0,0,0,0,0,0,0,0,0,0,0,0,0,0,0,574.788,0,0,348.107,0,0,0,0,0,0,0,0,0,0,0,0,0,0,0,0,0,0,0,0,0,0,0,0,0,0,0,0,0,0,0,0,0,0,0,0,0,0,0,0,0,0,0,0,0,0,0,0,0,0,0,0,0,0,0,0,0,0,0,0,0,0,0,0,0,0,0,0,0,0,0,0,0,0,0,0,0,0,0,0,0,0,0,0,0,0,0,0,0,0,0,0,0,0,0,0,0,0,0,0,0,0,0,0,0,0,0,0,0,0,0,0,0,0,0,0,0,0,0,0,0,0,0,0,0,0,0,0,0,0,0,0,0,0,0,0,0,0,0,0,0,0,0,0,0,0,0,0,0,0,0,0,0,0,0,0,0,0,0,0,0,0,0,0,0,0,0,0,0,0,0,0,0,0,0,0,0,0,0,0,0,0,0,0,0,0,0,0,0,0,0,0,0,0,0,0,0,0,0,0,0,0,0,0,0,0,0,0,0,0,0,0,0,0,0,0,0,0,0,0,0,0,0,0,0,0,0,0,0,0,0,0,12.9507,0,0,0,0,0,3.00741,0,0,0,0,0,19.6087,0,0,0,4.07025,0,0,0,0,0,15.3566,23.4345,0,0,0,31.6911,18.9544,6.90785,10.0839,0,23.5719,0,0,12.1158,0,0,0,0,0,0,0,0,0,0,0,0,0,0,0,0,0,0,0,0,0,0,0,0,0,0,0,0,0,0,0,0,0,0,0,0,0,0,0,0,0,0,0,298.223,0,0,0,0,0,0,0,0,0,0,14.4136,0,0,0,0,0,0,0,49.8159,27.7184,0,0,0,0,0,0,0,0,0,13.9385,0,0,0,0,0,0,0,0,0,0,0,0,0,0,0,98.238,0,0,0,0,92.5862,0,0,0,0,0,0,0,0,0,0,0,0,0,0,0,0,0,0,0,0,0,0,0,0,0,0,0,0,0,0,0,0,0,0,0,0,0,0,0,0,0,0,0,0,0,0,0,0,0,0,0,0,0,0,0,0,0,0,0,0,0,0,0,0,0,0,0,0,0,0,0,0,0,0,0,0,0,0,0,0,0,0,0,0,0
CAE,Ni+2,3,xtb,-93.7257,3.94258,8.52965,0,0,2.27416,2.77575,8.327,0,2.20169,2.15583,0,0,4.03852,3.78499,9.4872,1.24772,4.65448,7.11269,0,0,12.5903,0,30.9125,0,0,0,13.3236,0,18.5991,0,7.38939,0.59358,4.3589,0,0,0,2.13855,10.5678,0,4.15336,0,1.08501,8.61902,87.5492,0,0,10.6489,47.1355,0,7.54924,0,0,0,0,44.221,0,36.569,23.9278,3.60404,0,0,0,0,7.12456,0,0,156.385,48.1278,0,0,0,128.002,9.18107,0,0,0,53.3036,0,55.2208,0,0,15.1612,0,59.0715,0,0,0,84.48,0,93.1374,0,0,28.6786,65.9238,0,0,0,13.2186,385.955,138.513,0,0,60.6301,0,0,486.212,94.5703,0,0,7.20333,0,0,0,0,0,149.271,0,0,0,41.9771,0,3.38409,0,0,0,0,98.9657,0,0,158.509,0,138.067,167.164,0,0,0,0,0,57.4212,21.0841,0,0,0,12.7364,0,0,0,0,0,0,42.2816,0,0,0,0,0,0,0,0,0,56.4134,0,0,16.7727,0,0,0,0,0,24.1054,0,0,0,17.6078,0,3.1784,0,0,0,0,0,0,17.3134,0,0,27.7102,35.8314,0,0,0,0,0,3.75245,0,0,0,0,0,0,2.83342,0,0,0,0,0,0,112.558,0,0,0,25.0337,20.3592,0,27.8508,0,91.9121,1.93028,100.668,0,0,5.91535,37.4853,174.987,0,0,9.99257,0,0,0,0,45.4434,41.535,0,0,44.4989,18.5947,12.7603,0,0,0,4.91552,17.6422,51.7608,0,0,0,155.42,0.93681,25.8076,0,0,0,80.1594,0,0,0,0,0,66.0723,0,0,0,0,0,0,0,0,0,0,0,174.643,0,87.9248,0,0,0,1.74942,240.884,0,6.24662,0,5.43406,138.668,0,14.7681,0,159.087,16.6662,0,211.836,0,77.7075,0,0,160.44,0,0,0,0,0,0,0,0,0,0,0,0,0,0,0,0,0,0,0,0,0,0,0,0,0,0,0,0,0,0,0,0,0,0,0,0,698.737,0,0,0,0,0,0,0,370.734,296.812,0,0,0,0,0,0,0,0,0,0,594.639,0,0,0,0,0,0,0,0,0,0,0,0,0,0,0,0,0,0,0,0,0,0,0,0,0,0,0,0,0,0,0,0,0,0,0,0,0,0,0,0,0,0,0,0,0,0,0,0,0,0,0,0,0,0,0,0,0,0,0,0,0,0,0,0,0,0,0,0,0,0,0,0,0,0,0,0,0,0,0,0,0,0,0,0,0,0,0,0,0,0,0,0,0,0,0,0,0,0,0,0,0,0,0,0,0,0,0,0,0,0,0,0,0,0,0,0,0,0,0,0,0,0,0,0,0,0,0,0,0,0,0,0,0,0,0,0,0,0,0,0,0,0,0,0,0,0,0,0,0,0,0,0,0,0,0,0,0,0,0,0,0,0,0,0,0,0,0,0,0,0,0,0,0,0,0,0,0,0,0,0,0,0,0,0,0,0,0,0,0,0,0,0,0,0,0,0,0,0,0,0,0,0,0,0,0,0,0,0,0,0,0,0,0,0,0,0,0,0,0,0,0,0,6.6783,8.85445,0,0,14.4679,0,0,0,0,2.22558,0,0,6.19221,0,7.47271,0,0,23.9234,0,0,0,0,4.9927,0,219.178,0,14.7821,0,9.2414,0,2.25271,0,0,0,0,0,0,0,0,0,0,0,0,0,0,0,0,0,0,0,0,0,0,0,0,0,0,0,0,0,0,0,0,0,0,0,0,0,0,0,0,0,0,0,0,0,0,0,317.247,0,0,0,0,0,0,0,13.8826,0,0,0,0,0,0,424.551,0,0,0,0,0,0,0,41.9286,0,0,67.969,0,0,0,0,8.84029,0,0,0,0,0,126.323,0,71.9371,0,0,0,20.932,0,0,0,0,0,0,0,0,0,0,19.7931,0,55.5036,0,0,0,47.9132,0,0,0,27.8894,0,0,0,0,0,0,0,0,0,0,0,0,0,0,0,0,0,0,0,0,0,0,0,0,0,0,0,0,0,0,0,0,0,0,0,0,0,0,0,0,0,0,0,0,0,0,0,0,0,0,0,0,0,0,0,0,0,0,0,0,0,0,0,0,0,0,0,0,0,0,0,0,0,0
CAM,Cu+2,3,xtb,-78.7574,10.1781,4.28096,4.8631,3.56281,0,0.05786,9.19183,4.58963,4.47027,0,1.91899,4.59536,0,4.49081,17.5821,0,0,2.2339,0,0,17.3924,0,8.56085,12.2992,0,11.6286,11.1756,0,0,10.1607,0,1.27634,0,0,4.09351,0,0,15.0563,0,0,0,0,18.8151,0,50.5712,34.0003,0,0,0,8.74518,0,10.2075,8.09218,0,0,26.1245,0,0,0,2.03721,0,0,34.8972,0,0,0,0,0,0,0,0,0,2.95614,35.9323,0,0,0,0,0,0,9.0627,0,67.5838,0,0,0,124.234,253.146,0,24.8361,0,0,37.3273,0,0,19.511,0,0,0,0,133.542,0,22.2672,0,0,0,0,0,0,0,0,930.555,0,0,153.002,0,0,0,30.9535,0,0,0,2.56867,250.974,0,0,0,26.0594,0,0,0,0,0,0,117.324,0,17.9283,0,0,0,0,0,0,10.78,0,0,0,0,0,0,0,0,0,0,0,0,0,14.7887,0,0,5.50132,0,13.8162,0,0,0,0,31.9065,0,0,0,13.4975,1.70044,0,0,0,0,0,7.15165,0,0,0,4.77835,0,24.7824,0,89.6078,0,0,0,0,20.9992,0,0,0,0,0,0,1.95969,0,0,0,0,0.89728,2.87398,0,0,0,0,0,0,0,0,0,65.228,0,0,33.079,58.0484,0,0,8.46451,82.5247,0,0,0,0,0,3.44957,0,4.12783,0,0,4.38632,0,0,18.3424,0,0,0,24.0681,5.22863,0.23233,17.7235,2.54842,0,0,0,0,4.61542,0,163.003,0,0,0.50731,0,0,1.37148,0,0,0,0,0,0,0,0,0,0,0,0,0,25.6502,0,160.411,30.4725,0,0,96.8119,19.6043,15.0425,0,0,0,1.31312,0,231.331,12.0693,0,0,0,125.681,58.3415,0,0,0,0,0,0,0,0,0,0,0,0,0,0,0,0,0,0,0,0,0,0,0,0,0,0,0,187.153,0,0,0,0,0,0,0,0,0,0,199.132,0,0,0,0,0,0,0,0,0,0,0,0,0,0,244.163,0,0,0,0,0,0,0,0,0,0,0,0,0,0,0,0,0,0,0,0,0,0,0,0,0,0,0,0,0,0,0,0,0,0,0,0,0,0,0,0,0,0,0,0,0,0,0,0,0,0,0,0,0,0,0,0,0,0,0,0,0,0,0,0,0,0,0,0,0,0,0,0,0,0,0,0,0,0,0,0,0,0,0,0,0,0,0,0,0,0,0,0,0,0,0,0,0,0,0,0,0,0,0,0,0,0,0,0,0,0,0,0,0,0,0,0,0,0,0,0,0,0,0,0,0,0,0,0,0,0,0,0,0,0,0,0,0,0,0,0,0,0,0,0,0,0,0,0,0,0,0,0,0,0,0,0,0,0,0,0,0,0,0,0,0,0,0,0,0,0,0,0,0,0,0,0,0,0,0,0,0,0,0,0,0,0,0,0,0,0,0,0,0,0,0,0,0,0,0,0,0,0,0,0,0,0,0,0,0,0,0,9.43842,0,0,0,28.6318,0,0,0,0,78.0439,0,0,0,0,0,0,0,46.0231,0,6.54223,0,0,0,0,0,0,0,11.4477,0,0,0,0,7.3605,0.70314,28.5559,0,0,0,0,0.92126,3.85049,0,0,25.0766,0,0,1.01814,0,0.42752,0,0,0,0,0,0,0,0,0,0,0,0,0,0,0,0,0,0,0,0,0,0,0,0,0,0,0,0,0,0,0,0,0,0,0,0,0,0,0,0,0,0,0,0,0,0,0,56.4495,0,0,0,0,0,0,0,0,0,0,0,0,0,0,0,0,0,123.003,0,0,7.12488,13.8479,0,0,0,0,0,0,0,0,0,0,0,0,0,0,0,0,0,0,0,0,0,0,0,0,74.3139,0,0,0,0,173.558,0,0,0,0,0,0,0,0,0,0,0,0,0,0,0,0,0,0,0,0,0,0,0,0,0,0,0,0,0,0,0,0,0,0,0,0,0,0,0,0,0,0,0,0,0,0,0,0,0,0,0,0,0,0,0,0,0,0,0,0,0,0,0,0,0,0,0,0,0,0,0,0,0,0,0,0,0,0,0,0,0,0,0,0,0
CAV,Ni+2,3,xtb,-86.5945,12.1155,0,6.6969,4.30381,0,4.81301,0,7.4541,0,4.50628,2.81081,0,27.1481,7.29863,10.3377,0,4.54863,12.1562,24.5501,0,0,3.32414,24.7292,0,0,0,24.6629,0,0.37442,0.76028,2.71045,0,3.81192,0,0.17508,0,22.1847,15.1371,0,0,1.2939,0,0.94591,0,0,92.9139,68.5058,0,0,0,18.1071,0,13.874,14.3129,15.8912,24.7461,0,3.02321,0,0,0,0,4.46147,0,0,0,0,0,0,1.37234,82.719,0,32.3976,0,0,0,124.04,0,10.9129,0,0,0,0,164.202,0,0,21.6637,0,0,535.555,0,0,0,93.3533,0,0,306.306,8.13971,0,0,0,0,120.534,0,692.923,0,53.773,0,0,0,108.71,0,0,0,0,0,0,0,78.8826,0,0,0,48.4053,0,0,37.7174,0,4.14941,0,0,0,58.6003,32.363,0,0,0,0,0,0,0,0,0,0,0,0,0,12.9377,0,0,0,0,0,0,0,0,0,0,0,0,0,10.3666,0,0,0,0,6.99275,0,0,0,0,0,21.6473,0,17.4241,2.33957,0,0,0,0,24.7145,3.26382,0,0,0,0,34.1186,0,0,3.41078,0,0.96263,0,82.7677,0,0,0,0,0,0,0,6.13895,5.57376,3.71123,0,0,0,0,0,0,1.84127,0,4.06328,0,0,0,23.9532,196.135,0,0,18.2097,0,12.4447,2.70029,0,0,0,0.25609,0,0,0,15.4817,0,7.89668,1.2197,0,0,27.1883,0,0,0,47.6129,0,0,48.242,0,183.379,0,0,0,0,0,13.4017,3.33671,0,2.46726,0,0,0,0,0,0,0,0,0,0,0,0,0,0,0,45.9301,0,249.424,0,0,10.8127,0,0,59.0859,0,179.328,0,0,0,0,7.47199,0,8.69535,5.05374,158.103,163.535,220.151,8.93042,0,0,115.501,0,0,0,0,0,0,0,0,0,0,0,0,0,0,0,0,0,0,0,0,0,0,0,0,0,0,0,0,0,0,0,0,425.343,0,0,0,0,0,0,0,0,0,0,421.95,0,0,0,0,0,0,483.667,0,0,0,0,0,0,0,0,0,0,0,0,0,0,0,0,0,0,0,0,0,0,0,0,0,0,0,0,0,0,0,0,0,0,0,0,0,0,0,0,0,0,0,0,0,0,0,0,0,0,0,0,0,0,0,0,0,0,0,0,0,0,0,0,0,0,0,0,0,0,0,0,0,0,0,0,0,0,0,0,0,0,0,0,0,0,0,0,0,0,0,0,0,0,0,0,0,0,0,0,0,0,0,0,0,0,0,0,0,0,0,0,0,0,0,0,0,0,0,0,0,0,0,0,0,0,0,0,0,0,0,0,0,0,0,0,0,0,0,0,0,0,0,0,0,0,0,0,0,0,0,0,0,0,0,0,0,0,0,0,0,0,0,0,0,0,0,0,0,0,0,0,0,0,0,0,0,0,0,0,0,0,0,0,0,0,0,0,0,0,0,0,0,0,0,0,0,0,0,0,0,0,0,0,0,0,0,0,0,0,0,0,0,0,0,42.9518,0,0,0,0,0,0,0,0,0,0,0,0,0,0,0,2.43068,0,0,0,11.9535,23.3248,0,0,0,0,4.65394,0,0,0,0,0,0,25.4001,0,26.3355,49.0696,16.8072,25.3063,11.7034,40.9831,0,0,0,0,0,0,0,0,0,0,0,0,0,0,0,0,0,0,0,0,0,0,0,0,0,0,0,0,0,0,0,0,0,0,0,0,0,0,0,0,0,0,0,0,0,0,0,0,0,0,0,0,0,0,0,0,0,0,0,29.2904,0,56.745,0,8.7224,0,0,0,0,0,0,0,0,0,45.5946,0,0,0,24.5364,0,0,0,0,0,0,0,0,0,0,0,0,0,0,0,0,0,0,56.2862,67.2927,0,75.9363,0,0,23.674,52.4924,0,0,0,35.63,57.6108,0,0,0,0,0,0,0,0,0,0,0,0,0,0,0,0,0,0,0,0,0,0,0,0,0,0,0,0,0,0,0,0,0,0,0,0,0,0,0,0,0,0,0,0,0,0,0,0,0,0,0,0,0,0,0,0,0,0,0,0,0,0,0,0,0,0,0,0,0,0,0,0,0,0,0,0,0,0,0
CCC,Ni+2,3,xtb,-70.4315,26.0656,4.73402,0,1.26395,3.02748,0,0,0,7.86418,0,0,15.5824,21.5485,0,19.8215,0,4.62921,0,3.3812,0,0,0,15.6658,0,13.5583,0,0,0.54153,0,0,15.82,0,4.7394,0,0,24.0854,0,10.0291,0,5.50552,0,0,0,62.8603,0,1.59182,0,0,3.43382,0,6.91752,0,0,0,54.252,3.94061,0,0,0,0,0,0,0,0,0,11.7599,0,0,15.0878,0,15.5115,0,0,0,0,0,6.58933,0,0,0,0,0,0,0,46.6451,0,0,57.1031,0,0,0,0,5.97155,0,0,0,0,0,0,66.0023,0,0,161.881,0,0,0,0,0,14.5843,0,0,0,0,0,37.6174,0,0,14.8052,0,0,0,0,0,0,0,0,21.7559,0,0,0,10.444,24.1383,0,0,0,0,12.6618,0,0,0,0,0,0,0,0,6.50814,0,0,0,0,2.06737,0,0,0,0,10.7379,0,0,0,0,3.97894,3.28834,0,0,0,0,0,7.17607,0,0,0,0,0,0,8.67891,0,0,10.4906,0,0,0,0,0,0,0,3.87722,0,0,0,1.91018,0,0,7.11892,0,0,0,0,0,0,0,53.477,0,0,0,3.85664,37.1774,0,8.42342,0,0,31.8027,0,17.4197,0,0,29.1289,0,0,0,10.5139,0,0,0,0,20.7465,0,0,0.59346,0,0,0,0,0,5.43393,4.04021,0,41.5149,27.707,0,0,54.3935,0,0,0,0,8.43949,0,24.6015,0,8.09673,0,0,0,0,14.447,0,0,0,8.32965,0,0,0,0,0,0,0,0,0,0,0,0,0,0,0,0,0,0,15.9931,0,0,0,13.4189,0,0,0,6.79295,0,0,0,0,0,269.196,0,0,0,9.96673,0,0,0,0,0,0,0,0,0,0,0,0,0,0,0,0,0,0,0,0,0,0,0,0,280.32,0,0,0,335.795,0,0,0,0,0,0,0,0,0,0,0,822.843,0,0,0,0,0,0,0,0,0,0,0,0,0,0,0,0,0,0,0,0,0,0,0,0,0,0,0,0,0,0,0,0,0,0,0,0,0,0,0,0,0,0,0,0,0,0,0,0,0,0,0,0,0,0,0,0,0,0,0,0,0,0,0,0,0,0,0,0,0,0,0,0,0,0,0,0,0,0,0,0,0,0,0,0,0,0,0,0,0,0,0,0,0,0,0,0,0,0,0,0,0,0,0,0,0,0,0,0,0,0,0,0,0,0,0,0,0,0,0,0,0,0,0,0,0,0,0,0,0,0,0,0,0,0,0,0,0,0,0,0,0,0,0,0,0,0,0,0,0,0,0,0,0,0,0,0,0,0,0,0,0,0,0,0,0,0,0,0,0,0,0,0,0,0,0,0,0,0,0,0,0,0,0,0,0,0,0,0,0,0,0,0,0,0,0,0,0,0,0,0,0,0,0,0,0,0,0,0,0,0,78.7796,0,0,0,0,0,0,138.648,0,0,0,94.1908,0,0,0,0,0,101.091,0,0,0,96.6918,0,176.621,0,137.774,0,0,125.049,0,0,0,0,0,0,0,0,40.675,0,0,0,0,0,0,0,0,0,0,0,0,0,0,0,0,0,0,0,0,0,0,0,0,0,0,0,0,0,0,0,0,0,0,0,0,0,0,0,240.879,0,0,0,0,0,0,0,0,0,0,0,3.03767,0,0,0,0,0,0,0,0,6.46248,0,0,0,0,0,0,0,0,0,0,0,0,0,0,0,0,0,0,0,0,0,0,0,0,0,0,0,26.3096,0,0,0,0,0,0,26.4475,0,0,0,0,0,0,0,0,0,0,0,0,0,0,0,0,0,0,0,0,0,0,0,0,0,0,0,0,0,0,0,0,0,0,0,0,0,0,0,0,0,0,0,0,0,0,0,0,0,0,0,0,0,0,0,0,0,0,0,0,0,0,0,0,0,0,0,0,0,0,0,0,0,0,0,0,0,0,0,0,0,0,0,0,0,0,0,0,0,0,0,0,0,0,0,0,0,0,0,0,0,0,0,0,0,0,0,0,0,0
CDA,Co+2,3,xtb,-89.4318,14.0009,2.0961,3.97968,1.45332,2.77333,2.43441,0,0,0.90518,4.95858,6.3272,3.78447,0,25.4549,0,37.7944,0,11.8362,2.03928,0,4.68328,0,0,0.90937,0,10.0295,9.37536,0,7.15427,50.7525,6.32674,0,7.84107,2.43843,1.93098,0,12.2321,0,17.5961,64.2671,47.2384,2.50903,0,20.1048,0,0,18.8116,0,0,43.2144,0,0,0,12.691,6.16314,0,25.5129,0,0,0,0,44.2349,16.8586,0,0,0,0,0,47.1866,13.9497,0,0,0,0,0,6.18758,0,0,0,14.8656,0,167.118,0,93.9102,80.2919,0,310.252,0,224.728,0,6.49008,0,0,14.084,0,84.909,0,0,0,0,80.34,0,0,0,0,14.1567,0,0,0,523.262,87.5158,0,0,0,6.12472,0,183.568,0,0,0,0,102.17,0,0,4.04465,0,0,260.33,0,0,43.3981,0,0,21.0838,0,0,283.312,0,0,0,0,0,0,33.4987,0,0,0,52.3651,0,0,0,0,0,0,0,26.3868,0,0,0,0,0,0,0,11.4982,0,27.2039,0,0,0,0,0,0,18.2581,0,0,0,8.40804,0,0,0,0,3.00121,17.1616,0,0,0,0,6.85967,0,0,0,0,0,0,0,0,0,16.2971,0,0,19.4806,0,0,3.1218,19.9162,0,0,0,0,0,18.2278,0,19.1718,0,0,0,55.5566,0,0,226.547,0,151.497,0,13.7029,0,0,0,0,0.20168,0,4.28445,18.2655,0,0,20.2846,39.0226,0,13.5599,0,0,68.4596,45.6099,0,0,0,31.5827,12.8594,0,0,0,0,0,3.13775,53.9004,237.695,0,0,0,0,0,0,0,0,0,0,0,0,0,0,0,28.9419,230.074,0,0,141.278,24.2471,0,0,12.0196,0,0,0,0,0,0,7.21986,7.61924,0,168.165,137.018,215.055,0,0,73.0615,58.246,0,0,0,0,0,0,0,0,0,0,0,0,0,0,0,0,0,0,0,0,0,0,0,0,0,0,0,0,0,0,0,0,0,0,0,274.974,0,0,0,142.108,0,0,1046.5,0,0,398.37,0,0,0,0,0,0,0,0,0,0,0,0,0,0,0,0,0,0,0,0,0,0,0,0,0,0,0,0,0,0,0,0,0,0,0,0,0,0,0,0,0,0,0,0,0,0,0,0,0,0,0,0,0,0,0,0,0,0,0,0,0,0,0,0,0,0,0,0,0,0,0,0,0,0,0,0,0,0,0,0,0,0,0,0,0,0,0,0,0,0,0,0,0,0,0,0,0,0,0,0,0,0,0,0,0,0,0,0,0,0,0,0,0,0,0,0,0,0,0,0,0,0,0,0,0,0,0,0,0,0,0,0,0,0,0,0,0,0,0,0,0,0,0,0,0,0,0,0,0,0,0,0,0,0,0,0,0,0,0,0,0,0,0,0,0,0,0,0,0,0,0,0,0,0,0,0,0,0,0,0,0,0,0,0,0,0,0,0,0,0,0,0,0,0,0,0,0,0,0,0,0,0,0,0,0,0,0,0,0,0,0,0,0,0,0,0,0,0,0,0,0,0,0,0,0,0,0,0,0,0,0,0,0,0,12.4382,0,0,12.6066,15.4032,0,0,0,0,0,10.6478,0,1.50803,0,0,0,3.00045,0,0,0,0,0.79677,0,0,8.44842,6.82232,7.3667,0,0,0,0,0,0,0,0,0,0,0,0,0,0,0,0,0,0,0,0,0,0,0,0,0,0,0,0,0,0,0,142.675,0,0,0,0,0,0,0,0,0,0,79.3928,0,0,0,0,0,0,0,0,0,0,0,0,0,138.37,0,0,0,0,0,0,0,0,63.5678,0,0,0,0,0,0,50.459,0,411.365,0,50.2349,0,0,0,0,0,0,0,0,0,0,0,0,0,0,0,79.4389,0,0,0,0,33.7918,0,0,0,0,9.85548,0,56.3938,0,10.0651,0,57.8136,0,55.215,0,0,0,0,0,0,0,0,0,0,0,0,0,0,0,0,0,0,0,0,0,0,0,0,0,0,0,0,0,0,0,0,0,0,0,0,0,0,0,0,0,0,0,0,0,0,0,0,0,0,0,0,0,0,0,0,0,0,0,0,0,0,0,0,0,0,0,0,0,0,0,0,0,0,0,0,0,0
CDA,Ni+2,3,xtb,-90.5922,14.7571,0,2.37445,0,2.10671,3.93471,0.72533,0,21.0455,0,2.86691,3.67488,3.24965,0,12.8826,4.48554,15.3467,0,30.8094,0,3.66942,0,0,0,4.30575,0,0,0,0,5.27545,0,0,8.57266,0,0.34508,1.31613,13.3368,0.82014,0,23.3212,0,4.60764,0,0,9.68903,0,0,18.9199,0,143.987,0,25.4553,14.805,20.5269,0,23.2957,0,0,0,0,8.56112,0,0,11.5897,0,16.6098,41.5981,0,0,0,0,7.96258,20.4825,8.47389,0,123.617,0,0,0,14.3443,0,0,0,252.101,0,0,0,70.2751,0,0,0,0,367.235,0,102.421,0,0,41.1509,0,341.536,77.4971,0,0,41.5735,0,0,712.128,151.165,0,0,42.8608,0,0,0,0,155.989,0,0,95.0283,0,0,0,0,5.9725,0,0,0,35.5102,0,0,0,0,13.5228,108.724,0,95.2035,0,0,0,0,0,40.0457,0,0,0,0,0,0,0,83.0351,0,0,0,0,19.999,0,0,0,0,0,0,0,32.4076,0,0,11.4978,0,0,0,13.904,0,0,0,0,0,5.01889,19.0656,0,0,0,0,15.2503,0,0,0,0,14.689,0,0,0,0,0,0,0,0,0,77.0809,0,31.776,6.51061,0,0,7.627,0,0,0,0,0,11.5007,0,0,0,0,27.8622,0,0,0,0,243.887,0,7.08243,104.439,0,0,45.2564,0,0,0,0,0,14.6077,28.7459,35.6722,1.74153,0,12.42,0,0,0,24.6791,0,67.4051,0,45.7019,2.02859,129.672,0,0,0,26.6916,0,0,6.21085,0,0,0,0,0,0,0,0,0,0,0,0,0,0,0,0,0,90.116,0,119.562,360.813,0,0,0,0,0,10.1092,0,0,0,0,0,9.42978,6.43007,280.593,0,33.4052,123.454,0,143.137,0,0,80.8091,0,0,0,0,0,0,0,0,0,0,0,0,0,0,0,0,0,0,0,0,0,0,0,0,0,0,0,0,0,296.845,0,0,0,0,0,0,0,0,0,0,475.894,0,0,0,0,0,0,0,0,0,0,0,418.555,0,590.812,0,0,0,0,0,0,0,0,0,0,0,0,0,0,0,0,0,0,0,0,0,0,0,0,0,0,0,0,0,0,0,0,0,0,0,0,0,0,0,0,0,0,0,0,0,0,0,0,0,0,0,0,0,0,0,0,0,0,0,0,0,0,0,0,0,0,0,0,0,0,0,0,0,0,0,0,0,0,0,0,0,0,0,0,0,0,0,0,0,0,0,0,0,0,0,0,0,0,0,0,0,0,0,0,0,0,0,0,0,0,0,0,0,0,0,0,0,0,0,0,0,0,0,0,0,0,0,0,0,0,0,0,0,0,0,0,0,0,0,0,0,0,0,0,0,0,0,0,0,0,0,0,0,0,0,0,0,0,0,0,0,0,0,0,0,0,0,0,0,0,0,0,0,0,0,0,0,0,0,0,0,0,0,0,0,0,0,0,0,0,0,0,0,0,0,0,0,0,0,0,0,0,0,0,0,0,0,0,0,0,0,48.833,0,0,0,0,0,0,0,0,0,0,0,0,6.9354,0,0,5.30765,0,0,0,13.3945,0,0,0,0,0,2.01095,0,1.88245,0,0,6.15762,0,0,0,0,10.3048,0,0,10.2934,0,0,2.58316,0,0,0,0,0,0,0,0,0,0,0,0,0,0,0,0,0,0,0,0,0,0,0,0,0,0,0,0,0,0,0,0,0,0,0,0,0,0,0,0,0,0,0,0,0,0,0,0,0,0,0,0,0,35.2464,0,0,0,0,0,0,0,66.6848,0,0,0,0,0,0,0,0,118.713,0,40.5103,0,0,0,0,0,0,0,0,0,0,0,0,0,0,0,0,0,0,0,88.3181,0,0,0,53.4964,0,16.239,13.354,97.3441,106.799,0,0,0,0,0,0,0,0,0,0,0,0,0,0,0,0,0,0,0,0,0,0,0,0,0,0,0,0,0,0,0,0,0,0,0,0,0,0,0,0,0,0,0,0,0,0,0,0,0,0,0,0,0,0,0,0,0,0,0,0,0,0,0,0,0,0,0,0,0,0,0,0,0,0,0,0,0,0,0,0,0,0,0,0
CDS,Cu+2,3,xtb,-83.5681,20.0968,3.7181,0.27022,0,1.37366,0,0.75995,2.34105,0,8.08852,6.69626,0,0,4.45254,0,14.3358,0,1.16825,6.2789,0,0,0,0,13.0002,0,0,0,22.0665,0,0,71.5788,0,0,6.86373,0,1.34653,0,1.68752,0,0,0,0,2.00681,0,10.6324,0,5.32901,0,0,5.66412,0,0,16.5163,0,0,0,104.495,5.9579,146.341,0,0,13.5267,0,0,67.3931,0,0,0,0,7.03586,0,0,0,0,10.3208,0,0,0,0,40.1875,0,0,0,0,0,0,0,20.3262,0,0,0,0,0,0,71.4707,76.994,0,0,94.7392,71.7441,0,0,86.6483,0,0,363.828,0,0,70.8178,0,24.6797,0,103.826,0,0,0,0,0,0,32.9081,0,0,21.8853,0,0,0,0,0,0,45.5064,0,47.6,148.935,283.047,0,192.654,5.70808,0,0,142.405,0,0,0,0,0,0,38.5288,0,0,0,0,0,4.29981,0,0,0,0,0,0,0,0,31.3587,0,0,9.17092,0,7.62121,0,0,0,0,0,0,0,0,0,0,0,0,8.26403,0,0,2.20983,0,6.56684,0,0,0,0,0,0,18.1331,0,0,92.2384,0,0,0,0,6.29098,0,10.3538,13.0762,0,0,0,33.1617,0,16.9208,0,0,0,0,0,48.9833,31.5682,0,0,22.5554,0,109.229,63.3319,0,0,3.46966,0,0,16.0838,0,0,0,14.3876,0,0,0,65.5628,0,46.2644,11.2878,31.7989,80.841,0,0,0,7.81991,0,170.803,0,564.767,2.26908,0,0,0,0,0,0,0,0,241.897,0,0,9.80627,0,0,0,0,0,0,0,0,0,123.829,0,0,35.0963,0,0,0,0,32.2792,165.623,0,0,0,0,0,170.587,0,0,245.837,0,0,0,0,0,0,0,0,0,0,0,0,0,0,0,0,0,0,0,0,0,0,0,0,0,0,0,0,0,0,0,678.053,0,0,0,0,0,0,0,0,0,0,0,0,0,0,0,0,190.136,378.05,0,0,0,0,814.286,0,0,0,0,0,0,0,0,0,0,0,0,0,0,0,0,0,0,0,0,0,0,0,0,0,0,0,0,0,0,0,0,0,0,0,0,0,0,0,0,0,0,0,0,0,0,0,0,0,0,0,0,0,0,0,0,0,0,0,0,0,0,0,0,0,0,0,0,0,0,0,0,0,0,0,0,0,0,0,0,0,0,0,0,0,0,0,0,0,0,0,0,0,0,0,0,0,0,0,0,0,0,0,0,0,0,0,0,0,0,0,0,0,0,0,0,0,0,0,0,0,0,0,0,0,0,0,0,0,0,0,0,0,0,0,0,0,0,0,0,0,0,0,0,0,0,0,0,0,0,0,0,0,0,0,0,0,0,0,0,0,0,0,0,0,0,0,0,0,0,0,0,0,0,0,0,0,0,0,0,0,0,0,0,0,0,0,0,0,0,0,0,0,0,0,0,0,0,0,0,0,0,0,0,0,0,0,0,0,0,0,0,0,0,0,0,0,0,0,0,27.9305,0,0,0,0,0,0,31.1504,0,0,0,0,23.8279,0,0,0,0,0,3.14799,0,2.13382,0,0,1.38946,0,0,0,0,0.12985,0,0,0,0,0,0,0,0,0,0,0,0,0,0,963.405,0,0,0,0,0,0,0,0,0,0,0,471.772,0,0,0,0,0,0,0,0,0,0,0,0,0,0,0,0,0,0,0,0,0,0,0,0,0,0,0,0,0,0,0,0,49.4973,0,0,0,420.72,0,0,69.5155,0,0,0,0,0,10.3535,0,0,0,0,65.7548,0,0,0,0,0,0,0,0,0,0,0,0,0,0,0,0,0,0,0,0,0,0,0,0,0,0,0,0,116.84,0,18.9949,0,0,0,72.7152,0,0,0,0,0,0,0,0,0,0,0,0,0,0,0,0,0,0,0,0,0,0,0,0,0,0,0,0,0,0,0,0,0,0,0,0,0,0,0,0,0,0,0,0,0,0,0,0,0,0,0,0,0,0,0,0,0,0,0,0,0,0,0,0,0,0,0,0,0,0,0,0,0,0,0,0,0,0,0,0,0,0,0,0
CNR,Cu+2,3,xtb,-97.5556,15.2867,1.00877,0,5.67335,6.79841,14.2902,0.57946,0,2.35016,6.19995,1.01241,4.83571,0,0,9.59912,0,6.02228,3.04508,3.95388,0,7.25229,0,0,0,0,5.0705,0,14.2326,16.4145,0,0,1.33422,3.35263,11.9273,0,6.33964,0,2.90436,0,11.8042,0,0,2.74867,0,42.3051,14.528,0,10.3839,0,16.628,0,0,0,53.895,207.565,0,0,12.3794,12.3832,0,28.356,0,25.331,0,0,13.8658,0,3.43117,0,0,0,0,77.5483,59.5991,0,0,9.37393,178.344,0,0,53.4188,0,0,41.3287,0,0,0,0,0,0,0.9322,33.1803,0,0,0,29.8103,37.5056,0,0,0,97.8339,0,0,19.3399,8.21286,115.474,0,240.199,0,0,0,124.124,0,12.8165,167.557,0,0,0,0,0,9.18236,0,0,0,0,0,10.1515,48.0205,0,0,2.6217,0,0,31.0187,0,0,0,0,12.1567,0,0,28.1996,0,0,0,0,0,0,0,0,0,0,56.0774,66.5124,344.428,0,0,0,300.535,94.6322,0,0,0,79.5574,0,0,0,88.2894,38.9924,61.4052,0,0,0,5.89948,0,0,168.326,8.24722,0,0,0,0,26.6951,0,0,12.196,25.052,0,0,0,0,7.22506,0,0,73.7427,19.451,0,0,0,41.1553,0,12.5502,2.06557,0,0,0,48.5055,0,15.385,0,4.7067,2.96372,0,3.12601,6.32633,0,0,3.67477,0,2.58098,0,0,0,0,5.30448,5.08762,0,13.4145,0,0,0,0,0,0,4.14819,1.38178,0,0,2.7163,0,4.27962,6.5615,0,7.56194,14.3049,11.0001,0,0,0,45.3922,0,5.86665,0,0,0,0,65.6929,76.4716,0,0,16.8831,253.448,0,0,0,0,0,0,0,0,0,0,23.8098,0,0,149.982,0,0,29.2808,346.373,0,0,110.491,0,83.4708,10.003,8.47906,0,0,232.717,0,0,0,0,0,149.32,0,0,0,0,0,0,0,478.044,0,0,0,0,0,0,0,0,0,0,0,559.947,0,0,0,0,0,238.383,0,0,0,0,0,0,1223.33,0,0,0,0,0,0,503.219,0,0,0,0,0,655.836,0,0,0,0,0,0,0,0,0,0,0,0,0,0,0,0,0,0,0,0,0,0,0,0,0,0,0,0,0,0,0,0,0,0,0,0,0,0,0,0,0,0,0,0,0,0,0,0,0,0,0,0,0,0,0,0,0,0,0,0,0,0,0,0,0,0,0,0,0,0,0,0,0,0,0,0,0,0,0,0,0,0,0,0,0,0,0,0,0,0,0,0,0,0,0,0,0,0,0,0,0,0,0,0,0,0,0,0,0,0,0,0,0,0,0,0,0,0,0,0,0,0,0,0,0,0,0,0,0,0,0,0,0,0,0,0,0,0,0,0,0,0,0,0,0,0,0,0,0,0,0,0,0,0,0,0,0,0,0,0,0,0,0,0,0,0,0,2267.55,0,0,0,0,0,0,0,0,0,0,0,0,0,0,0,0,0,0,0,0,0,0,0,0,0,0,0,0,0,0,0,0,0,0,0,0,0,0,0,0,0,0,0,0,0,0,0,0,0,0,0,0,0,0,0,10.6125,0,0,18.8963,0,0,0,0,0,0,0,0,0,27.7697,0,0,0,0,4.35877,44.8038,7.4222,22.4394,5.82488,0,240.208,562.275,388.418,39.4168,656.386,0,0,0,0,18.4454,0,0,0,0,0,0,0,0,0,0,0,0,0,0,0,0,0,934.836,0,0,0,0,0,0,0,0,0,0,0,0,0,0,0,0,0,0,0,0,102.842,0,0,0,0,0,0,0,0,0,0,0,0,0,0,0,0,0,0,0,0,0,0,0,0,17.5078,0,0,0,14.1759,0,0,0,0,0,0,0,19.6407,0,0,0,0,0,0,39.3372,0,0,0,0,0,0,41.0579,43.4384,0,0,0,0,0,0,22.3832,0,0,32.47,0,0,0,0,0,0,0,14.9875,0,0,45.2372,0,0,0,0,0,0,0,0,0,0,0,0,0,0,0,0,0,0,0,0,0,0,0,0,0,0,0,0,0,0,0,0,0,0,0,0,0,0,0,0,0,0,0,0,0,0,0,0,0,0,0,0,0,0,0,0,0,0,0,0,0,0,0,0,0,0,0,0,0,0,0,0,0,0,0,0,0,0,0,0
CNR,Ni+2,3,xtb,-108.616,12.0647,1.01209,6.84999,0,6.61959,0,0.72443,0.92153,7.27736,0,0.46232,12.2405,0,0,9.97069,0.87041,3.05438,13.233,7.25495,14.9275,2.87899,1.79219,1.10612,4.93428,1.98169,0,0,19.0861,10.6492,12.9656,0.70036,0,0,29.1591,1.59608,68.4805,0,2.1145,0,10.8746,0,1.35412,0,0,0,11.5391,24.8709,44.0659,0,0,20.5535,15.4885,0,0,29.1852,14.9023,9.60079,15.6265,0,8.81437,0,62.0718,0,0,4.55695,0,85.6388,0,0,0,111.704,0,0,0,26.1988,26.2186,13.3823,0,0,121.993,0,151.041,0,296.487,0,138.506,0,0,55.8205,0,27.2194,0,48.4268,89.7146,0,0,78.4976,454.686,0,0,60.2859,0,0,178.659,0,59.2751,0,84.7137,35.7854,0,0,0,0,71.4517,23.8751,0,0,0,54.3092,119.039,8.45932,0,265.323,0,179.81,0,0,0,0,0,58.6339,0,4.89912,0,0,0,0,108.697,0,76.2927,17.4977,0,19.5473,0,0,0,0,0,42.0432,0,306.496,0,0,0,0,0,0,0.72176,19.1768,0,0,183.32,52.0529,0,0,0,0,52.9871,0,0,0,0,2.4494,0,10.3674,11.0471,0,0,0,0,0,0.3022,0,0,0,0,3.58845,0,0,18.6033,0,0,0,0,0,7.91899,10.4684,0,0,16.8685,0,4.00992,0,0,15.6193,8.22782,0,0,0,0,22.9245,0,10.7349,0,9.43953,0,5.349,0,9.74297,0,0,4.2582,17.0676,0,0,27.7895,174.353,0,0,61.1273,0,29.4102,0,5.34301,15.8069,0,0,15.656,0,29.1244,16.6616,23.6604,14.6819,0,6.94677,0,23.5581,0,0,2.38786,19.3877,0,91.3782,0,50.694,0,0,0,8.05917,99.9471,15.3486,0,0,0,0,0,0,0,0,0,226.687,0,0,0,266.648,133.401,0,0,3.58791,0,0,214.048,150.221,0,186.451,128.981,0,23.9411,0,0,163.482,208.547,0,0,142.207,0,0,0,0,0,0,0,0,0,0,0,0,0,0,0,0,0,0,0,0,0,0,0,0,0,0,0,0,0,0,0,0,0,0,0,151.512,0,0,605.975,0,224.706,0,0,0,897.995,0,0,0,0,648.27,0,0,0,0,0,0,0,0,0,0,0,0,0,0,0,0,0,0,0,0,0,0,0,0,0,0,0,0,0,0,0,0,0,0,0,0,0,0,0,0,0,0,0,0,0,0,0,0,0,0,0,0,0,0,0,0,0,0,0,0,0,0,0,0,0,0,0,0,0,0,0,0,0,0,0,0,0,0,0,0,0,0,0,0,0,0,0,0,0,0,0,0,0,0,0,0,0,0,0,0,0,0,0,0,0,0,0,0,0,0,0,0,0,0,0,0,0,0,0,0,0,0,0,0,0,0,0,0,0,0,0,0,0,0,0,0,0,0,0,0,0,0,0,0,0,0,0,0,0,0,0,0,0,0,0,0,0,0,0,0,0,0,0,0,0,0,0,0,0,0,0,0,0,0,0,0,0,0,0,0,0,0,0,0,0,0,0,0,0,0,0,0,0,0,0,0,0,0,0,0,0,0,0,0,0,0,0,0,0,0,0,0,0,0,0,0,0,0,0,0,0,0,0,0,0,0,0,23.8884,0,0,0,0,0,0,0,0,4.77153,5.06387,2.65823,0,0,0,21.8497,5.46087,13.345,0,8.04823,0,40.5914,24.4281,0,0,0,0,0,0,0,0,0,0,0,0,0,0,0,0,0,0,0,0,0,0,0,0,225.146,0,0,0,0,0,0,0,0,0,0,0,0,0,0,0,0,0,0,0,0,127.895,0,0,0,0,0,53.117,0,0,0,0,0,0,0,290.465,0,0,256.867,672.951,0,2.30031,0,0,189.35,0,0,0,0,0,0,0,0,0,5.47328,0,0,0,0,0,0,0,0,37.0489,6.73405,0,0,0,0,0,0,0,0,0,0,0,0,24.1318,150.737,31.2053,0,0,0,0,0,0,59.5228,18.2765,0,0,0,0,0,0,0,0,0,0,0,26.7995,0,0,0,0,0,0,0,0,0,0,0,0,0,0,0,0,0,0,0,0,0,0,0,0,0,0,0,0,0,0,0,0,0,0,0,0,0,0,0,0,0,0,0,0,0,0,0,0,0,0,0,0,0,0,0,0,0,0,0,0,0,0,0,0,0,0,0,0,0,0,0,0
CQD,Cu+2,3,xtb,-92.2926,18.565,0,15.1935,0,0,7.12033,14.0961,2.90706,2.59428,7.60423,0,0.41777,2.17043,2.36373,0,3.33256,0,8.05788,0,11.2612,1.58636,0,0,0.35906,13.6418,20.3868,1.59833,0,0,0.14294,0,1.06005,0,21.7643,0,0,8.57435,0,0,0,1.64537,0,0,0,0,7.69567,0,9.95268,0,46.3699,0,0,0,0,50.2703,0,40.0072,0,0,0,9.50016,0,0,0,30.8764,0,0,0,0,7.6724,0,0,23.9512,0,14.6919,0,0,10.9427,0,0,201.284,0,0,0,0,51.755,41.9126,0,0,32.1412,0,97.9829,0,50.0972,0,72.6847,0,144.309,25.1534,0,75.9902,0,105.812,0,0,0,0,57.8681,0,0,0,42.3738,610.522,0,0,162.045,0,26.921,0,0,0,6.37037,0,0,0,0,0,17.5907,0,0,0,40.2163,0,115.49,10.9301,0,0,0,0,0,587.478,0,0,0,0,33.103,0,0,0,0,0,16.9854,0,0,0,0,0,0,0,0,7.05638,0,0,10.7804,0,0,0,0,0,24.0444,30.7774,0,3.94369,0,9.84545,0,0,0,0,0,27.5379,0,1.25624,92.1021,0,0,0,0,0,0,4.07027,0,0,0,0,23.2802,0,11.1881,0,0,0,25.0394,2.31612,0,0,3.81102,0,0,12.1033,0,0,0,0,22.3554,0,0,0,0,236.651,0,55.425,4.80136,0,50.0067,0,26.2092,9.37335,0,0,0.96886,0,4.77309,4.45473,0,13.5386,0,0,0,39.9324,0,0,0,13.3235,31.9319,0,222.33,18.8756,0,0,152.982,6.4245,0,0,0,0,0,0,52.2438,0,0,0,36.9146,0,0,0,0,0,0,0,0,0,0,107.702,0,0,7.79558,67.3682,90.4655,0,0,0,0,145.916,9.47231,0,173.628,0,0,0,0,0,0,192.858,99.8565,0,0,0,0,0,0,0,0,0,0,0,0,0,0,0,0,0,0,0,0,0,0,0,184.522,0,0,0,0,0,0,0,0,0,0,0,0,0,0,255.729,0,0,0,0,530.647,0,511.434,0,0,0,0,0,0,0,526.564,0,0,0,0,0,0,0,0,0,0,0,0,0,0,0,0,0,0,0,0,0,0,0,0,0,0,0,0,0,0,0,0,0,0,0,0,0,0,0,0,0,0,0,0,0,0,0,0,0,0,0,0,0,0,0,0,0,0,0,0,0,0,0,0,0,0,0,0,0,0,0,0,0,0,0,0,0,0,0,0,0,0,0,0,0,0,0,0,0,0,0,0,0,0,0,0,0,0,0,0,0,0,0,0,0,0,0,0,0,0,0,0,0,0,0,0,0,0,0,0,0,0,0,0,0,0,0,0,0,0,0,0,0,0,0,0,0,0,0,0,0,0,0,0,0,0,0,0,0,0,0,0,0,0,0,0,0,0,0,0,0,0,0,0,0,0,0,0,0,0,0,0,0,0,0,0,0,0,0,0,0,0,0,0,0,0,0,0,0,0,0,0,0,0,0,0,0,0,0,0,0,0,0,0,0,0,0,0,0,0,0,0,34.8653,0,0,0,0,0,0,0,0,0,0,0,0,0,3.58934,0,0,0,0,0,0,0,0,6.28889,2.26051,0,0,6.24599,0,0,6.04966,12.2634,7.7925,0,0,6.86284,0,0,0,0,0,0,0,0,0,0,0,0,0,0,0,0,0,0,0,0,0,0,0,0,0,0,0,0,0,0,0,0,0,0,0,0,0,0,0,0,0,0,0,0,0,0,0,0,0,0,0,0,0,0,0,0,154.368,0,0,0,0,0,0,0,0,0,0,0,0,0,378.883,0,0,0,0,0,0,0,87.7013,0,0,34.5095,70.3615,0,0,0,28.3912,0,0,0,0,0,0,0,0,0,0,0,0,80.2088,27.3536,0,0,0,0,0,0,19.8579,0,0,0,0,0,0,69.3875,0,0,0,0,0,0,0,0,0,0,0,0,0,0,0,0,0,0,0,0,0,0,0,0,0,0,0,0,0,0,0,0,0,0,0,0,0,0,0,0,0,0,0,0,0,0,0,0,0,0,0,0,0,0,0,0,0,0,0,0,0,0,0,0,0,0,0,0,0,0,0,0,0,0,0,0,0,0,0,0
CQN,Cu+2,3,xtb,-91.6433,24.105,0,10.3947,0,8.40718,0.52712,0,13.293,0,0,0,0,11.3339,0,18.7032,0,0,0,5.79331,39.4418,28.3539,28.2076,0,13.3172,0,2.68659,0,12.3143,0,6.42673,0,15.3506,0,0,0,0,11.2233,0,7.78158,22.0179,2.7278,0,0.51198,0,11.128,0,35.6021,0,0,0,8.93015,6.34223,0,0,0,18.2701,0,0,0,25.5032,0,0,28.3714,0,0,15.3394,0,0,169.474,24.5816,0,0,0,82.5191,120.907,0,0,0,0,42.2866,0,79.982,0,0,0,6.7142,0,0,26.9218,0,13.7535,0,93.7414,0,62.2411,0,67.7486,0,0,0,451.286,0,0,0,0,41.3169,0,77.155,56.9559,0,54.062,0,0,0,15.6141,0,22.9761,0,23.5613,0,0,118.154,0,0,0,46.987,0,19.151,0,0,0,72.9003,0,0,0,0,0,0,0,70.5982,0,107.939,0,0,0,0,0,0,0,107.158,0,0,19.2665,0,0,0,0,0,0,0,0,0,12.4891,0,0,64.2155,0,433.019,0,0,22.8058,7.79313,0,0,0,0,17.7258,0,0,9.96103,0,0,0,31.3291,37.0278,0,60.4356,0,0,0,0,0,28.2306,0,0,0,0,47.351,3.36708,10.1503,6.51051,0,0,0,0,0,0,4.68787,0,0,2.80745,3.7296,0,0,90.2058,0,9.6703,0,0,0,24.1116,214.528,0,0,0,0,0,0,0,0,0,0,26.3347,0.8058,62.0319,0,0,11.8075,0,0,42.9421,0,13.207,0,0,0,53.6588,10.2225,0,60.3951,0,50.6115,0,17.2134,0,0,0,197.224,1.24473,0,0,0,77.1813,0,0,0,0,0,0,0,0,0,0,0,170.888,11.3683,35.3284,11.3774,108.181,0,0,165.496,98.8964,40.2696,0,0,0,0,153.76,107.736,0,0,437.955,0,0,0,0,0,0,0,0,0,0,0,0,0,0,0,0,0,0,0,0,0,0,0,0,0,0,0,0,355.946,0,0,0,0,0,0,0,0,30.879,0,458.797,0,0,0,0,514.945,0,0,0,870.039,0,0,0,0,0,0,0,0,0,0,0,0,0,0,0,0,0,0,0,0,0,0,0,0,0,0,0,0,0,0,0,0,0,0,0,0,0,0,0,0,0,0,0,0,0,0,0,0,0,0,0,0,0,0,0,0,0,0,0,0,0,0,0,0,0,0,0,0,0,0,0,0,0,0,0,0,0,0,0,0,0,0,0,0,0,0,0,0,0,0,0,0,0,0,0,0,0,0,0,0,0,0,0,0,0,0,0,0,0,0,0,0,0,0,0,0,0,0,0,0,0,0,0,0,0,0,0,0,0,0,0,0,0,0,0,0,0,0,0,0,0,0,0,0,0,0,0,0,0,0,0,0,0,0,0,0,0,0,0,0,0,0,0,0,0,0,0,0,0,0,0,0,0,0,0,0,0,0,0,0,0,0,0,0,0,0,0,0,0,0,0,0,0,0,0,0,0,0,0,0,0,0,0,0,0,0,0,0,0,0,0,0,0,0,0,0,0,0,0,0,0,0,0,22.727,0,40.0173,0,0,0,0,0,0,0,0,0,0,0,8.44341,0,0,0,8.37785,4.07967,0,0,98.3333,410.122,7.94252,11.4429,327.972,81.3866,0,0,0,0,0,0,0,0,0,0,0,0,0,0,0,0,0,0,0,0,0,0,0,0,0,0,805.481,0,0,0,0,0,0,0,0,0,0,0,0,0,0,0,0,0,0,0,0,0,0,0,0,0,0,0,0,0,0,0,0,0,0,0,0,0,0,0,302.549,0,0,0,0,0,0,0,0,0,0,0,39.3473,0,10.8555,0,0,0,0,60.2053,16.2037,0,0,36.7505,45.678,0,0,0,0,0,0,0,0,0,0,0,0,0,42.5438,0,0,0,37.5037,0,63.4835,0,0,0,0,0,0,0,0,0,0,0,0,0,0,0,0,0,0,0,0,0,0,0,0,0,0,0,0,0,0,0,0,0,0,0,0,0,0,0,0,0,0,0,0,0,0,0,0,0,0,0,0,0,0,0,0,0,0,0,0,0,0,0,0,0,0,0,0,0,0,0,0,0,0,0,0,0,0,0,0,0,0,0,0,0,0,0
CRD,Cu+2,3,xtb,-98.2018,23.3869,0,1.42484,6.45637,6.34897,4.23874,5.0115,0,2.46729,1.42991,0,0,7.34669,2.88871,0,5.96732,0,0,0,6.25354,11.3642,0,0,0,6.61367,0,36.1335,0,12.3521,0,7.0384,0,0,1.70079,0,0,0,0,0,0,10.0258,0,6.03371,54.046,0,19.2911,0,0,20.1476,0,0,0,0,30.3553,0,21.3573,0,38.0567,0,0,0,9.61473,75.2846,0,0,8.52223,177.98,0,0,47.9646,35.9875,66.9981,0,0,9.31657,6.86034,0,24.251,0,4.53426,159.995,0,0,24.0918,0,53.1299,0,0,0,0,0,0,11.7318,0,0,0,9.19906,0,0,196.988,99.7004,0,0,0,211.207,0,25.463,0,0,179.79,0,0,0,18.4794,0,73.4346,0,0,0,0,0,15.8183,0,0,92.2746,0,31.1388,20.7804,0,0,96.5345,0,38.641,0,0,0,0,0,0,276.229,67.1782,0,62.8133,0,0,0,0,0,0,0,576.526,0,0,0,0,0,22.2605,0,11.0374,0,11.7707,0,17.0979,0,0,0,0,0,6.66948,3.93233,0,19.144,0,0,0,26.4623,0,0,0,0,0,27.8217,8.49903,145.733,0,0,0,14.6215,0,0,0,0,0,18.551,18.582,51.7452,0,0,0,4.2666,0,5.35472,0,0.16411,0,0,0,0,0,9.46375,0,0,0,0,46.5181,15.8571,0,0,0,261.867,30.954,23.9356,0,0,66.4325,12.0371,109.359,0,15.5894,43.7786,0,0,3.95903,0,1.39547,0,0,0,17.4618,52.7018,0,179.221,0,5.0877,16.7173,0,13.0676,0,0,0,3.05703,0,15.0789,0,0,0,104.952,3.39533,22.7403,6.95974,0,0,0.40234,0,0,0,0,0,0,250.878,0,50.3704,0,0,0,17.1603,0,0,0,46.4748,0,23.3902,0,0,30.8423,33.1211,11.4803,104.397,179.264,0,0,0,102.84,0,0,415.059,0,0,0,0,0,0,0,0,0,0,0,0,0,0,0,0,0,2348.49,0,0,0,0,0,0,0,10.4462,0,0,0,0,0,0,0,0,0,0,0,0,0,0,231.999,0,0,0,660.913,0,0,0,0,0,0,0,0,450.029,0,0,0,0,0,0,0,0,0,0,0,0,0,0,0,0,0,0,0,0,0,0,0,0,0,0,0,0,0,0,0,0,0,0,0,0,0,0,0,0,0,0,0,0,0,0,3441.78,0,0,0,0,0,0,0,0,0,0,0,0,0,0,0,0,0,0,0,0,0,0,0,0,0,0,0,0,0,0,0,0,0,0,0,0,0,0,0,0,0,0,0,0,0,0,0,0,0,0,0,0,0,0,0,0,0,0,0,0,0,0,0,0,0,0,0,0,0,0,0,0,0,0,0,0,0,0,0,0,0,0,0,0,0,0,0,0,0,0,0,0,0,0,0,0,0,0,0,0,0,0,0,0,0,0,0,0,0,0,0,0,0,0,0,0,0,0,0,0,0,0,0,0,0,0,0,0,0,0,0,0,0,0,0,0,0,0,0,0,0,0,0,0,0,0,0,0,0,0,0,0,0,0,0,0,0,0,0,0,0,0,0,0,0,0,0,0,0,0,0,11.1104,11.0996,0,0,0,0,0,0,0,0,4.50258,0,0,0,21.7208,2.81921,0,0,0,18.1136,26.6864,1.39665,0,0,7.23919,0,34.6478,9.81325,4.00593,0,0,0,997.889,0,0,0,0,0,0,0,0,0,0,0,0,0,0,0,0,0,0,0,0,0,0,0,0,0,0,0,0,0,0,0,0,0,0,0,0,0,0,0,0,0,0,0,0,0,0,250.217,0,0,0,0,0,0,0,0,0,0,0,0,0,0,0,0,0,0,0,0,0,0,0,15.3147,0,0,68.6027,12.6591,0,0,0,0,0,0,0,9.45879,0,0,0,14.9399,9.92985,0,0,0,0,0,0,0,0,55.429,7.09036,0,0,0,32.6682,0,0,0,0,0,53.6604,0,0,0,0,0,0,0,0,0,0,0,0,0,0,0,0,0,0,0,0,0,0,0,0,0,0,0,0,0,0,0,0,0,0,0,0,0,0,0,0,0,0,0,0,0,0,0,0,0,0,0,0,0,0,0,0,0,0,0,0,0,0,0,0,0,0,0,0,0,0,0,0,0,0,0,0,0,0,0,0,0,0
CRP,Ni+2,3,xtb,-104.275,14.6067,1.55573,4.8243,0,4.70456,1.27556,5.96825,1.84721,8.15882,0,0,5.46628,3.0623,3.54555,2.11885,6.75635,1.77859,0,6.1048,13.1482,3.94185,14.446,6.94158,0,3.63758,0,8.86114,0,31.2535,0,0,47.2421,0,25.6779,0,4.57878,14.4883,0,3.19109,0,5.18865,0,13.625,124.577,0,0,24.2217,0,5.56989,15.4057,36.8239,0,0,0,37.3356,0,25.9268,10.4986,0,0,0,0,53.0699,0,16.6859,0,41.5744,0,0,49.0254,0,70.4008,284.835,0,0,0,264.764,56.4323,0,0,33.6197,0,0,0,34.9413,0,0,0,142.726,0,33.5099,0,22.6812,0,459.719,0,0,0,0,68.3468,0,281.429,0,0,0,186.752,593.323,157.443,0,0,0,62.513,0,0,0,2.76878,0,0,180.428,0,13.0777,24.451,0,0,0,0,0,0,6.53666,195.191,0,0,0,0,0,20.7472,0,134.013,0,0,0,0,21.0071,0,0,0,0,0,0,0,0,0,0,9.41054,5.54617,0,0,0,0,0,0,15.4753,0,0,5.1167,0,3.93293,0,0,4.38537,0,0,0,95.1794,16.6196,0,0,36.3946,0,0,16.3529,0,0,0,42.454,0,0,15.6694,6.21076,0,3.41625,0,0,0,14.683,0,0,26.6517,0,1.92242,0,3.24473,0,0,1.30638,2.18893,0,0,37.9401,0,0,0,8.93703,28.0391,0,0,129.041,120.308,65.2555,0,0,2.34163,0,4.03468,0,0,50.5402,0,16.5455,0,14.1389,0,19.0791,10.2766,0,0,0,18.2394,0,2.72309,11.3177,0,0,5.30966,0,0,10.294,32.3349,31.2851,0,26.1881,0,0,21.2558,21.9838,42.4978,0,0,22.8509,0,3.67244,0,1.90735,0,0,0,0,0,0,0,0,0,0,0,203.801,0,2.16289,0,0,0,16.6834,0,0,13.7713,137.114,5.65605,0,295.76,0,244.037,17.661,84.3269,0,0,0,0,0,382.472,0,0,0,0,0,0,0,0,0,0,0,0,0,0,0,0,0,0,0,0,1001.52,0,0,0,0,0,0,452.122,0,0,0,0,0,0,0,0,0,0,0,0,397.767,0,0,0,0,0,0,405.044,0,0,0,0,0,0,0,0,0,0,0,0,0,0,0,0,0,0,0,0,0,0,0,0,0,0,0,0,0,0,0,0,0,0,0,0,0,0,0,0,0,0,0,0,0,0,0,0,0,0,0,0,0,0,0,0,0,0,0,0,0,0,0,0,0,0,0,0,0,0,0,0,0,0,0,0,0,0,0,0,0,0,0,0,0,0,0,0,0,0,0,0,0,0,0,0,0,0,0,0,0,0,0,0,0,0,0,0,0,0,0,0,0,0,0,0,0,0,0,0,0,0,0,0,0,0,0,0,0,0,0,1683.52,0,0,0,0,0,0,0,0,0,0,0,0,0,0,0,0,0,0,0,0,0,0,0,0,0,0,0,0,0,0,0,0,0,0,0,0,0,0,0,0,0,0,0,0,0,0,0,0,0,0,0,0,0,0,0,0,0,0,0,0,0,0,0,0,0,0,0,0,0,0,0,0,0,0,0,0,0,0,0,0,0,0,0,0,0,0,0,0,0,0,7.81297,0,0,0,0,61.9659,0,0,0,16.9296,0,0,0,0,6.93843,0,19.7141,11.3308,0,39.0763,0,21.731,43.5604,1.04451,35.6359,25.0253,0,0,0,120.893,35.2737,0,0,0,0,0,0,0,0,0,0,0,0,0,0,0,0,0,0,0,0,0,0,0,0,0,0,0,0,0,0,0,0,0,0,0,0,0,0,0,0,0,0,0,0,0,0,0,0,0,0,0,0,0,11.7901,0,0,0,0,0,0,0,0,0,0,0,0,0,0,0,0,0,11.3469,0,0,0,0,0,0,0,37.1551,0,7.97677,42.2371,0,0,0,0,0,0,0,122.767,0,0,0,4.05013,0,0,0,26.8641,0,71.3098,0,0,17.1711,0,0,0,0,0,38.6493,53.7965,0,51.1724,44.6971,0,0,0,0,0,0,0,0,0,0,0,0,0,0,0,0,0,0,0,0,0,0,0,0,0,0,0,0,0,0,0,0,0,0,0,0,0,0,0,0,0,0,0,0,0,0,0,0,0,0,0,0,0,0,0,0,0,0,0,0,0,0,0,0,0,0,0,0,0,0,0,0,0,0,0,0,0,0
DAM,Zn+2,3,xtb,-77.2843,2.77857,0.60765,0,3.00324,0,0,7.57152,0,0,1.51407,13.6541,0.54339,1.51852,0,4.8966,0,0,0,0,6.73414,0,1.68999,0.69119,7.2386,3.66354,13.4774,0,4.68703,0,14.7816,10.7492,0,15.3188,15.646,0,25.3488,0,13.4406,38.8824,0,0,0,14.9563,6.00807,0,0,0,0,37.4565,7.09063,0,0,0,0,0,2.22638,0,18.3227,16.8061,0,0,0,0,0,0,0,0,0,0,0,0,6.68703,0,0,9.83859,0,0,55.0326,0,39.1109,0,0,0,0,38.5352,0,51.9826,0,0,0,0,6.74322,0,400.047,0,0,35.5957,0,4.40412,0,0,0,0,0,0,0,0,31.0593,0,19.8585,0,0,0,0,0,22.3537,0,0,0,0,83.0539,6.26537,0,50.1218,0,23.8807,0,0,0,0,139.215,0,0,0,0,0,23.656,25.6431,0,0,0,0,22.5489,0,0,0,0,0,0,0,0,0,0,0,0,0,21.1887,0,0,0,9.31263,0,0,0,0,178.818,0,0,95.5563,0,0,0,0,74.8892,52.4538,0,0,28.7442,17.2978,0.69193,39.3021,0,0,0,0,23.9665,0,28.2547,0,0,0,0,0,0,0,0,73.7884,0,0,2.16458,0,0,0,0,0,8.76152,0,4.55865,0,0,0.62333,0,0,30.3574,0,0,0,196.868,42.3254,0,7.69079,0,0,0,0,0.09739,0,0,0,0,0,26.2379,0,0,0,0,29.091,0,119.328,0,145.557,0,0,24.0374,0,0,0,39.729,107.423,0,0,15.227,0,8.38254,0,0,0,16.7742,0,187.101,232.482,0,0,0,0,0,11.5721,0,0,0,0,0,0,4.95237,0,18.3718,0,0,0,9.58509,4.85228,0,0,2.28086,0,0,0,6.0763,2.8678,102.503,0,57.4577,0,0,0,0,0,0,0,0,0,0,0,0,0,0,0,0,0,0,0,0,0,0,0,220.606,0,0,0,0,0,0,0,0,633.6,0,0,460.975,0,0,0,0,0,0,0,0,0,0,0,0,0,929.579,0,0,0,0,0,0,0,0,0,0,0,0,0,0,0,0,0,0,0,0,0,0,0,0,0,0,0,0,0,0,0,0,0,0,0,0,0,0,0,0,0,0,0,0,0,0,0,0,0,0,0,0,0,0,0,0,0,0,0,0,0,0,0,0,0,0,0,0,0,0,0,0,0,0,0,0,0,0,0,0,0,0,0,0,0,0,0,0,0,0,0,0,0,0,0,0,0,0,0,0,0,0,0,0,0,0,0,0,0,0,0,0,0,0,0,0,0,0,0,0,0,0,0,0,0,0,0,0,0,0,0,0,0,0,0,0,0,0,0,0,0,0,0,0,0,0,0,0,0,0,0,0,0,0,0,0,0,0,0,0,0,0,0,0,0,0,0,0,0,0,781.171,0,0,0,0,0,0,0,0,0,0,0,0,0,0,0,0,0,0,0,0,0,0,0,0,0,0,0,0,0,0,0,0,0,0,0,0,0,17.1963,0,0,0,0,0,0,0,0,0,0,0,0,0,0,0,0,0,0,0,67.9265,0,0,25.1056,0,0,0,0,0,0,0,0,0,24.0343,0,0,16.4545,17.5271,0,19.5236,0,0,0,50.2985,0,0,36.5305,30.6374,0,0,0,0,0,0,3.37903,0,0,0,0,0,0,0,0,0,0,0,0,0,0,0,0,0,0,0,0,0,0,0,0,0,0,0,0,0,0,0,0,0,0,0,0,0,0,0,0,0,0,0,0,0,0,0,0,0,0,0,0,0,0,0,0,0,0,0,0,1.90093,0,0,0,0,6.24024,0,0,50.2953,0,0,0,0,0,0,0,0,0,0,0,0,0,0,0,0,0,0,0,0,0,0,0,0,0,0,106.937,0,0,0,0,0,34.8229,0,0,0,0,0,0,0,0,0,0,0,0,0,0,0,0,0,0,0,0,0,0,0,0,0,0,0,0,0,0,0,0,0,0,0,0,0,0,0,0,0,0,0,0,0,0,0,0,0,0,0,0,0,0,0,0,0,0,0,0,0,0,0,0,0,0,0,0,0,0,0,0,0,0,0,0,0,0,0,0,0,0,0,0
DAN,Cu+2,3,xtb,-85.8931,23.0495,4.05065,3.58862,3.01593,2.12114,0,0,5.64592,0,0,1.02221,0,0,11.4297,0,7.49968,0,0,0,20.4521,3.7311,0,0,0,19.9474,0,51.2684,0,5.66701,0,6.51488,0,10.8597,0,0,2.66584,0,0,10.9177,0,0,4.64813,0,21.2278,80.1787,0,0,0,11.1711,0,0,0,0,0,8.74184,0,6.1144,0,0,0,25.7504,0,0,0,0,0,31.0562,0,0.5796,0,0,25.2133,0,0,52.5713,0,52.3322,128.684,0,0,0,0,0,0,0,0,0,0,0,25.4605,0,25.1631,56.4671,0,1.90222,0,0,186.986,11.6891,0,0,80.7735,0,0,0,0,162.629,0,167.019,468.132,83.0523,0,0,0,0,44.96,0,77.4729,62.0743,0,0,0,0,0,0,0,0,213.34,0,0,59.1906,0,0,0,0,0,71.8033,0,0,0,0,45.7771,0,0,0,0,0,0,0,73.6404,0,0,0,0,32.815,0,0,0,0,0,0,8.12185,0,0,0,0,0,31.5886,0,0,0,69.3488,0,28.5811,0,0,0,0,0,14.6759,0,0,82.9909,0,0,0,0,0,0,70.5149,0,0,0,0,21.4385,0,0,0,7.28671,0,0,19.4943,100.09,10.1775,0,0,11.6913,0,7.96634,0,0,0,0,0,84.1676,118.426,0,182.803,0,80.9261,264.929,0,0,0,3.49042,0,0,0,117.46,0,5.35852,0,18.2283,4.57731,0,0,0,0,0,0,144.345,0,0,0,24.6139,0,58.4613,0,0,0,21.2909,0,0,205.978,0,0,0,0,0,0,122.679,0,124.673,0,0,0,0,0,0,11.0471,0,0,0,0,20.7002,18.3853,0,0,0,0,111.014,168.84,0,0,17.2863,214.027,0,17.1663,0,0,140.306,0,0,0,0,0,0,0,0,0,0,0,0,0,0,0,0,0,0,0,0,0,910.069,0,0,0,0,0,0,0,0,0,0,0,0,0,0,0,0,0,232.523,0,0,0,0,438.686,0,0,0,0,0,0,0,0,402.408,0,0,0,0,0,0,0,0,573.001,0,0,0,0,0,0,0,0,0,0,0,0,0,0,0,0,0,0,0,0,0,0,0,0,0,0,0,0,0,0,0,0,0,0,0,0,0,0,0,0,0,0,0,0,0,0,0,0,0,0,0,0,0,0,0,0,0,0,0,0,0,0,0,0,0,0,0,0,0,0,0,0,0,0,0,0,0,0,0,0,0,0,0,0,0,0,0,0,0,0,0,0,0,0,0,0,0,0,0,0,0,0,0,0,0,0,0,0,0,0,0,0,0,0,0,0,0,0,0,0,0,0,0,0,0,0,0,0,0,0,0,0,0,0,0,0,0,0,0,0,0,0,0,0,0,0,0,0,0,0,0,0,0,0,0,0,0,0,0,0,0,0,0,0,0,0,0,0,0,0,0,0,0,0,0,0,0,0,0,0,0,0,0,0,0,0,0,0,0,0,0,0,0,0,0,0,0,0,0,0,0,0,0,0,0,0,0,0,0,0,0,5.62938,0,0,0,0,0,12.2016,0,0,0,0,0,5.62298,0,0,0,0,0,0,5.42501,0,0,0,1.97744,0,0,0,4.70947,0,925.865,26.3738,0,21.4552,0,0,0,7.96771,1.04964,0,0,0,0,0,0,0,0,0,0,0,0,0,0,0,0,0,0,0,0,0,0,0,0,0,0,0,0,0,0,0,0,0,0,0,0,0,0,0,0,0,0,0,0,0,0,0,0,0,0,0,0,103.368,0,0,0,0,0,0,0,9.09966,0,0,0,0,0,0,0,65.9164,0,0,0,60.8222,0,0,0,0,0,50.7378,0,0,0,0,0,0,139.59,0,0,0,0,0,0,0,125.664,0,0,0,0,0,71.267,0,0,0,0,0,0,0,0,0,29.704,0,0,0,0,0,0,0,0,0,0,0,0,0,0,0,0,0,0,0,0,0,0,0,0,0,0,0,0,0,0,0,0,0,0,0,0,0,0,0,0,0,0,0,0,0,0,0,0,0,0,0,0,0,0,0,0,0,0,0,0,0,0,0,0,0,0,0,0,0,0,0,0,0,0,0,0,0,0
DAS,Zn+2,3,xtb,-66.5181,19.9253,0,0,6.57109,0,0,8.11959,0,0,0,3.64352,0,22.8429,0,0,0,0,10.3859,0,0,0,0,0,0,7.08652,0,0,18.2916,9.37353,1.25826,0,0,6.37443,10.7287,0,0,0,0,0,11.1409,0,51.0901,0,0,20.6564,0,0,6.98499,0,0,22.0325,0,0,0,3.15415,0,0,0,15.6092,0,0,0,0,0,0,0,11.8172,0,0,0,0,0,0,3.61391,0,37.7526,2.22275,0,0,0,0,0,0,0,0,62.89,0,35.9936,0,0,0,0,0,175.927,0,0,0,30.8459,0,0,0,0,0,66.5893,29.5135,0,0,0,0,0,26.8503,122.78,0,0,0,0,0,0,0,0,0,0,0,31.4043,0,0,41.8855,0,0,6.79029,0,0,0,23.3924,0,0,0,0,0,10.1357,66.566,0,0,0,0,0,0,0,0,0,0,0,0,0,0,0,0,0,1.078,0,0,0,0,0,9.97463,0,0,0,0,63.3483,0,0,0,30.4365,0,0,26.8994,0,0,0,11.6295,0,0,86.7679,0,0,0,25.9817,0,0,0,0,0,0,0,0,52.9778,0,19.9029,0,0,0,0,0,0,42.4087,0,0,3.80292,0,40.3914,0,0,0,8.90139,177.289,0,0,11.9913,0,0.69034,0,0,0,4.99081,0,0,20.074,0,0,2.00043,0,0,0,0,0,16.7153,97.9239,0,0,0,77.3406,0,70.9955,0,14.3391,22.8304,0,93.8709,0,63.4504,0,0,0,59.7475,0,0,0,331.308,0,0,0,208.742,0,0,15.0357,0,0,0,0,0,0,0,0,0,0,0,0,0,0,2.09352,0,2.97231,0,0,0,4.89188,0,0,0.71028,0,0,42.3476,0,0,0,0,0,0,0,0,0,0,0,0,0,0,0,0,0,0,0,0,0,0,0,0,0,0,0,0,0,0,0,0,0,0,985.826,0,0,0,489.198,0,0,0,0,0,0,0,0,990.935,0,0,0,0,0,364.577,0,0,0,0,0,0,0,0,0,0,0,0,0,0,0,0,0,0,0,0,0,0,0,0,0,0,0,0,0,0,0,0,0,0,0,0,0,0,0,0,0,0,0,0,0,0,0,0,0,0,0,0,0,0,0,0,0,0,0,0,0,0,0,0,0,0,0,0,0,0,0,0,0,0,0,0,0,0,0,0,0,0,0,0,0,0,0,0,0,0,0,0,0,0,0,0,0,0,0,0,0,0,0,0,0,0,0,0,0,0,0,0,0,0,0,0,0,0,0,0,0,0,0,0,0,0,0,0,0,0,0,0,0,0,0,0,0,0,0,0,0,0,0,0,0,0,0,0,0,0,0,0,0,0,0,0,0,0,0,0,0,0,0,0,0,0,0,0,0,0,0,0,0,0,0,0,0,0,0,0,0,0,0,0,0,0,0,0,0,0,0,0,0,0,0,0,0,0,0,0,0,0,0,0,0,0,0,0,0,73.2457,0,0,0,0,0,100.647,0,0,0,0,37.9905,0,0,0,73.6079,0,0,0,0,0,0,0,0,0,37.1117,0,0,48.6555,0,30.3816,0,0,0,0,0,0,44.8782,0,0,0,27.6626,0,18.8601,0,0,0,0,0,0,0,0,0,0,0,0,0,0,0,0,0,0,0,0,0,0,0,0,0,0,0,0,0,0,0,0,0,0,0,0,0,0,0,0,0,0,0,0,0,0,0,0,0,0,0,0,0,0,0,0,0,0,0,0,0,0.65854,0,0,0,0,0.13049,215.394,0,0,0,0,0,0,0,0,17.1501,0,0,0,0,0,0,0,0,0,0,0,0,0,0,0,0,0,0,0,0,0,0,0,0,0,0,0,0,0,0,0,0,0,0,0,0,0,0,0,0,0,0,0,0,0,0,0,0,0,0,0,0,0,0,0,0,0,0,0,0,0,0,0,0,0,0,0,0,0,0,0,0,0,0,0,0,0,0,0,0,0,0,0,0,0,0,0,0,0,0,0,0,0,0,0,0,0,0,0,0,0,0,0,0,0,0,0,0,0,0,0,0,0,0
DCF,Cu+2,3,xtb,-99.3949,7.1161,3.0809,0.57997,4.83091,2.47357,0,14.8976,0,0,1.93182,2.93802,0.805,2.01254,0,1.67676,0,0,3.41372,1.78148,4.55451,0,0,14.5898,0,0,0,0,3.91639,0,0,8.40888,0,0,7.70096,3.34055,0,26.1105,25.7414,0,0,21.848,7.98262,0,17.1348,0,0,0,7.54658,8.12706,3.46996,0,0,29.9596,0,0,0,4.85832,0,24.6061,0,12.4702,100.222,0,0,0,0,34.1346,0,1.78657,43.132,0,36.6424,0,0,0,11.4834,0,0,0,0,0,5.44187,16.6605,0,0,0,0,0,0,0,18.3271,38.3663,91.9265,104.875,0,0,83.8608,0,0,0,0,0,0,0,0,36.2789,64.7882,0,2.85259,48.8259,0,0,527.062,30.4997,0,0,0,22.3498,0,0,0,90.1854,0,0,0,19.8099,38.2256,51.6524,0,3.94875,68.2546,0,226.892,0,0,49.3272,0,0,0,102.986,0,0,0,31.1961,0,0,14.4412,0,0,29.6931,0,0,0,0,0,0,106.147,58.8028,0,0,0,0,0,0,18.9594,0,0,0,650.173,0,0,0,1.2474,12.5734,7.48504,0,95.7802,0,0.28893,0,8.75891,13.567,0,0,0,0,0,5.41315,0,173.604,0,0,8.90069,0,0,0,0.35303,0,0,0,0,0,0,0,0,16.2557,37.3338,0.41018,19.5385,0,0,0,0,33.75,43.1165,0,112.878,0,0,15.9651,0,0,140.507,31.0173,0,0,1.00466,3.75155,0,0,39.5524,0,0,15.3576,0,15.8108,0,0,6.97896,0,17.8224,0,0,51.3163,0,0.32525,19.3138,0,1.68118,0,0,0,0,0,435.142,0.7784,0,0,0,0,0,0,43.4633,0,0,0,0,0,0,0,0,0,12.0483,0,0,27.3488,0,0.70939,0,0,107.105,8.06386,0,0,0,0,10.1852,94.0583,0,0,204.082,0,116.066,0,0,0,0,0,0,32.9868,0,0,0,0,0,0,0,0,0.51267,0,1.88009,0,0,285.291,0,0,0,0,0,0,0,0,0,0,0,0,0,0,0,0,0,0,0,0,0,311.714,0,0,350.115,0,0,0,0,0,412.885,0,0,0,0,0,0,0,0,0,0,0,0,0,0,0,0,0,0,0,0,0,0,0,0,0,0,0,0,0,0,0,0,0,0,0,0,0,0,0,0,0,0,0,0,0,0,0,0,0,0,0,0,0,0,0,0,0,0,0,0,0,0,0,0,0,0,0,0,0,0,0,0,0,0,0,0,0,0,0,0,0,0,0,0,0,0,0,0,0,0,0,0,0,0,0,0,0,0,0,0,0,0,0,0,0,0,0,0,0,0,0,0,0,0,0,0,0,0,0,0,0,0,0,0,0,0,0,0,0,0,0,0,0,0,0,0,0,0,0,0,0,0,0,0,0,0,0,0,0,0,0,0,0,0,0,0,0,0,0,0,0,0,0,0,0,0,0,0,0,0,0,0,0,0,0,0,0,0,0,0,0,0,0,0,0,0,0,0,0,0,0,0,0,0,0,0,0,0,0,0,0,0,0,0,0,0,0,0,0,0,0,0,0,0,0,0,0,0,0,0,0,0,0,0,0,0,0,0,688.343,14.9322,0,0,0,2.57458,19.2738,0,0,0,0,4.07793,0,0.23819,0,14.9468,0,0,0,3.46785,0,0,0,1.30096,0,0,0,0,0,35.7783,0,0,0,0,0,10.7007,0,22.5554,6.87562,0,0,0,0,0,0,0,0,0,0,0,0,0,0,0,0,0,0,0,0,0,0,0,0,0,0,0,0,0,0,0,0,0,0,0,0,0,0,0,0,0,0,273.727,0,0,0,336.734,0,0,0,28.3716,0,0,0,0,0,9.99583,0,0,0,0,77.7171,53.7253,0,0,0,8.31581,54.6696,0,0,0,0,0,0,0,0,0,0,0,0,0,0,0,0,0,0,0,0,0,0,0,0,0,48.8465,0,0,0,127.517,0,0,0,0,0,0,0,0,0,0,0,0,0,0,0,0,0,0,0,0,0,0,0,0,0,0,0,0,0,0,0,0,0,0,0,0,0,0,0,0,0,0,0,0,0,0,0,0,0,0,0,0,0,0,0,0,0,0,0,0,0,0,0,0,0,0,0,0,0,0,0,0,0,0,0,0,0,0,0,0,0
DCN,Zn+2,3,xtb,-90.916,14.7419,0.97407,0,1.36894,2.79448,0,4.34137,8.12169,0,10.0014,1.58524,0,0,0,8.0948,0,0,4.76805,0,0,7.79611,7.86644,0,10.0997,0,0,4.91627,6.36504,4.02589,0,0,21.836,2.2073,8.68587,0,0,0,6.41593,0,25.5677,0,1.36192,31.4228,0,13.4724,0,23.6116,0,0,10.8701,21.9459,20.5143,0,11.8751,0,0,0,40.4972,22.6043,0,0,136.047,50.3217,0,0,0,0,15.7695,0,0,38.5455,0,0,45.626,0,0,0,35.8915,120.711,0,0,50.2311,0,0,59.1807,0,24.8061,0,0,0,0,0,180.909,0,192.123,0,0,0,0,42.6626,133.478,0,23.0219,0,104.498,0,0,3.82396,0,0,38.4616,12.6073,0,0,0,22.9745,0,0,0,36.8641,96.3707,50.3181,0,0,21.6948,90.1003,0,0,190.727,0,0,49.3376,0,0,358.986,0,0,0,0,91.3329,0,0,0,0,11.1643,0,0,0,0,0,0,0,126.288,0,12.5824,0,0,0,28.1537,0,0,0,12.5433,16.8874,0,0,0,0,155.28,0,0,0,63.4847,0,0,0,43.0977,19.643,9.73081,0,0,0,0,0,0,0,0,0,0,64.0202,0,0,0,0,0,0,0,8.19564,0,3.17117,0,0,17.8097,0,0,28.3001,0,0,0,5.90919,0,0,14.9311,78.3211,0,0,0,0,0,237.788,0,15.9637,0,7.6526,0,178.266,0,0,12.0219,0,30.6795,14.9615,0,0,0,0,56.2874,7.06268,0,16.973,0,14.1971,0,15.1686,15.5394,0,0,0,20.8661,83.3438,0,3.55482,0,0,0,0,209.893,0,0,93.1748,0,0,0,0,0,0,0,0,0,0,0,0,0,81.7669,0,226.929,0,0,0,0,0,107.274,0,131.895,0,0,0,0,229.084,0,0,0,0,311.647,0,0,0,0,0,0,62.6457,0,0,0,0,0,0,0,0,0,0,0,0,0,0,0,0,0,767.857,0,0,0,0,377.95,0,0,0,0,0,0,0,0,352.921,0,0,0,0,0,0,0,500.274,0,0,0,0,697.449,0,0,0,0,0,0,0,0,0,0,0,0,0,0,0,0,0,0,0,0,0,0,0,0,0,0,0,0,0,0,0,0,0,0,0,0,0,0,0,0,0,0,0,0,0,0,0,0,0,0,0,0,0,0,0,0,0,0,0,0,0,0,0,0,0,0,0,0,0,0,0,0,0,0,0,0,0,0,0,0,0,0,0,0,0,0,0,0,0,0,0,0,0,0,0,0,0,0,0,0,0,0,0,0,0,0,0,0,0,0,0,0,0,0,0,0,0,0,0,0,0,0,0,0,0,0,0,0,0,0,0,0,0,0,0,0,0,0,0,0,0,0,0,0,0,0,0,0,0,0,0,0,0,0,0,0,0,0,0,0,0,0,0,0,0,0,0,0,0,0,0,0,0,0,0,0,0,0,0,0,0,0,0,0,0,0,0,0,0,0,0,0,0,0,0,0,0,0,0,0,0,0,0,0,0,0,0,0,0,0,0,0,0,0,0,0,0,0,5.83336,0,0,0,0,0,9.17727,0,0,0,11.1431,0,0,0,0,0,0,0,0,0,0,0,0,1.02224,3.31226,0,6.10332,9.49999,0,0,0,0,0,141.142,0,0,0,786.403,0,0,0,0,0,0,0,1552.47,0,0,0,0,0,0,0,0,0,0,0,0,0,0,0,0,0,0,0,0,0,0,0,0,0,0,0,0,0,0,0,0,0,0,0,0,0,0,0,0,168.113,0,0,0,0,0,0,0,0,0,0,0,69.1873,0,0,0,0,0,0,0,0,63.8895,0,0,0,0,0,0,0.2303,0,0,0,40.078,0,0,0,0,0,0,0,0,0,0,0,0,89.2478,0,0,0,44.267,0,0,0,0,0,0,14.9575,0,66.8835,0,0,0,0,0,0,0,0,0,0,0,0,0,0,0,0,0,0,0,0,0,0,0,0,0,0,0,0,0,0,0,0,0,0,0,0,0,0,0,0,0,0,0,0,0,0,0,0,0,0,0,0,0,0,0,0,0,0,0,0,0,0,0,0,0,0,0,0,0,0,0,0,0,0,0,0,0,0,0,0,0,0
DCR,Zn+2,3,xtb,-99.9569,16.1876,0,6.8334,0,9.7662,2.38912,15.2145,2.58785,0,4.11354,19.6323,6.16574,8.10078,9.04473,0,21.974,5.67652,0,0,0.91632,2.12962,0,0.89415,19.5997,0,0,11.3385,0,44.5789,0,7.77045,42.1513,7.81212,0,15.1412,0,11.832,1.49802,0,0,0,0,9.48835,0,4.38037,0,1.68785,8.19785,0,9.10564,0,34.9729,0,0,0.85964,21.4911,0,0,0,0,113.168,13.7044,0,15.3379,0,46.1638,0,0,7.12284,35.9231,0,0,0,0,1.94679,206.279,0,0,0,0,0,16.1151,145.27,0,0,0,0,0,0,3.63668,0,0,56.6041,439.908,0,0,0,5.17723,0,0,98.9705,0,72.3682,159.937,114.19,0,39.5214,0,0,40.2268,0,22.2953,0,82.9299,0,0,0,38.9033,37.6339,0,0,0,0,511.379,0,0,73.8512,0,67.4803,6.02291,0,0,0,263.498,0,0,78.7647,0,0,344.269,0,0,156.15,0,0,128.686,0,16.6548,0,0,0,0,8.70206,0,0,0,0,0,0,0,0,23.1246,0,22.1816,10.4158,0,0,0,7.91666,0,0,0,6.89198,0,0,0,10.5513,11.8171,11.7539,0,0,0,120.119,0,0,0,5.48175,0,0,0,0,0,0,61.2845,0,3.49348,61.961,0,3.97969,0,0,0,0,22.1621,0,4.22274,0,14.8396,0,41.1902,0,27.0778,17.3908,0,0,8.93128,3.4369,0,26.2915,107.845,0,0,67.6463,0,0,81.7086,1.12159,0,0,25.5927,0,4.9981,0,14.6151,18.4565,0,0,0,10.1497,7.57435,0.20688,2.26084,0,0,37.0253,0,88.8137,91.323,0,24.5441,0,120.965,10.5913,0,0,1.88598,0,0,0,0,4.85683,0,4.16986,0,0,0,0,0,0,0,0,164.248,0,140.34,0,21.2889,20.6409,268.784,0,0,0,0,0,8.48891,0,0,0.49166,0,244.599,0,104.978,89.2596,0,126.473,0,0,0,0,0,0,61.9888,0,0,0,0,0,0,0,0,0,0,0,0,0,0,0,0,0,0,0,0,474.148,0,0,0,0,105.386,0,0,0,0,0,0,0,287.065,0,499.317,0,0,0,0,0,0,0,679.828,0,0,0,0,0,0,0,0,0,0,0,0,0,0,0,0,0,0,0,0,0,0,0,0,0,0,0,0,0,0,0,0,0,0,0,0,0,0,0,0,0,0,0,0,0,0,0,0,0,0,0,0,0,0,0,0,0,0,0,0,0,0,0,0,0,0,0,0,0,0,0,0,0,0,0,0,0,0,0,0,0,0,0,0,0,0,0,0,0,0,0,0,0,0,0,0,0,0,0,0,0,0,0,0,0,0,0,0,0,0,0,0,0,0,0,0,0,0,0,0,0,0,0,0,0,0,0,0,0,0,0,0,0,0,0,0,0,0,0,0,0,0,0,0,0,0,0,0,0,0,0,0,0,0,0,0,0,0,0,0,0,0,0,0,0,0,0,0,0,0,0,0,0,0,0,0,0,0,0,0,0,0,0,0,0,0,0,0,0,0,0,0,0,0,0,0,0,0,0,0,0,0,0,0,0,0,0,0,0,0,0,0,0,0,0,0,0,0,0,0,0,0,0,0,0,13.9887,23.3272,0,0,0,0,17.0614,0,0,0,0,0,0,42.4676,0,0,4.18422,0,19.3345,14.0412,5.41023,3.20049,13.8415,0,27.9741,4.66877,0,0,0,0,0,0,0,0,0,0,0,0,0,0,0,0,0,0,0,937.007,0,0,0,0,0,0,0,0,0,0,0,0,0,0,0,0,0,0,0,0,0,0,0,0,0,0,0,0,0,0,0,0,0,449.866,0,0,0,0,0,0,61.01,0,0,0,0,0,11.8971,0,0,0,0,0,0,0,51.6728,0,0,0,0,3.62801,52.1016,0,0,3.62108,0,0,0,0,0,0,0,0,0,0,3.08136,0,0,0,0,0,0,0,0,0,0,0,75.5975,38.519,0,0,0,0,0,54.763,0,0,90.7007,0,0,0,0,0,0,0,0,0,0,0,0,0,0,0,0,0,0,0,0,0,0,0,0,0,0,0,0,0,0,0,0,0,0,0,0,0,0,0,0,0,0,0,0,0,0,0,0,0,0,0,0,0,0,0,0,0,0,0,0,0,0,0,0,0,0,0,0,0,0,0,0,0,0,0,0,0,0
DDA,Cu+2,3,xtb,-86.4135,6.11927,1.36138,0.95168,0,0.99708,0.67946,0,0,4.04327,0,7.0401,0,0,0.89939,0,0,2.50147,0,7.65677,0,10.6354,0,0,3.73484,0,9.48727,7.0592,0,1.93679,7.0108,0,0,0,0,6.45729,0,12.5766,0,31.5678,0,3.74721,0,0,0,108.456,0,0,0,0,0,0,2.47662,0,0,0,0,18.2452,0,0,11.0225,0,4.41318,0,0,0,0,3.42809,0,0,5.9315,0,0,73.3167,0,0,10.7585,0,3.23054,0,0,0,0,0,0,0,4.90115,0,0,0,0,0,0,122.268,0,39.9973,0,0,0,0,36.8107,91.249,0,0,33.1373,41.9739,196.306,0,0,0,0,0,0,0,84.9592,71.4523,0,0,0,120.757,0,0,3.57224,0,0,20.8453,44.6245,0,0,0,0,0,96.0746,0,155.618,0,0,142.454,0,0,404.14,0,0,0,0,132.758,0,0,0,0,0,0,0,0,0,0,0,53.7728,502.654,0,0,0,203.332,0,0,0,0,0,3.26856,0,1.30491,0,0,3.48986,0,41.0654,0,0,143.192,0,10.4157,0,0,0,4.98415,0,0,0,0,0,0,0,0,230.547,47.5253,0,0,0,0,0,0,0,117.019,0,0,0,0,38.1234,0,0,0,0,0,60.6581,0,23.1239,0,0,65.4881,43.6748,0,0,212.932,23.9031,0,0,0,0,167.388,0,0,0,38.4287,0,0,22.5708,14.3046,0,211.665,0,0,27.3587,0,0,0,0,1.60953,95.0772,0,0,0,0,0,103.815,0,0,27.4581,0,0,0,116.823,0,0,0,0,0,0,0,0,0,9.99756,0,0,70.0346,0,22.807,0,0,10.6938,0,0,0,0,0,0,4.10954,0,6.19184,0,148.168,0,0,0,0,0,58.0071,0,0,82.1031,0,0,0,0,0,0,0,0,0,0,0,0,0,0,0,0,0,0,0,0,388.738,0,0,0,0,0,0,0,0,0,0,0,0,20.0906,0,0,0,589.607,0,0,0,0,0,0,0,0,0,571.248,0,0,0,524.683,0,0,0,0,0,0,0,0,0,0,0,0,0,0,0,0,0,0,0,0,0,0,0,0,0,0,0,0,0,0,0,0,0,0,0,0,0,0,0,0,0,0,0,0,0,0,0,0,0,0,0,0,0,0,0,0,0,0,0,0,0,0,0,0,0,0,0,0,0,0,0,0,0,0,0,0,0,0,0,0,0,0,0,0,0,0,0,0,0,0,0,0,0,0,0,0,0,0,0,0,0,0,0,0,0,0,0,0,0,0,0,0,0,0,0,0,0,0,0,0,0,0,0,0,0,0,0,0,0,0,0,0,0,0,0,0,0,0,0,0,0,0,0,0,0,0,0,0,0,0,0,0,0,0,0,0,0,0,0,0,0,0,0,0,0,0,0,0,0,0,0,0,0,0,0,0,0,0,0,0,0,0,0,0,0,0,0,0,0,0,0,0,0,0,0,0,0,0,0,0,0,0,0,0,0,0,0,0,0,0,0,0,0,0,0,0,0,0,0,0,0,0,0,20.4078,0,0,13.8315,0,0,0,24.0694,0,0,0,0,0,0,4.85117,0,0,6.37792,0,11.0118,0,0,4.00582,0,15.3893,26.9382,0,0,6.78389,0,0,0,0,0,0,0,0,0,0,0,0,0,0,0,171.624,0,0,0,0,0,0,0,0,303.945,0,0,0,0,0,0,0,0,0,0,0,0,0,0,0,0,0,0,0,103.02,0,0,0,0,0,0,0,0,0,0,0,0,0,0,0,0,0,0,2.8495,0,0,0,0,64.0307,0,0,2.73566,0,0,0,0,0,44.6168,0,0,0,0,0,0,0,0,0,0,0,0,0,0,0,64.3037,0,0,0,0,0,0,0,0,0,0,0,47.912,0,0,0,0,0,0,0,0,0,0,0,0,0,0,0,0,0,0,0,0,0,0,0,0,0,0,0,0,0,0,0,0,0,0,0,0,0,0,0,0,0,0,0,0,0,0,0,0,0,0,0,0,0,0,0,0,0,0,0,0,0,0,0,0,0,0,0,0,0,0,0,0,0,0,0,0,0,0,0,0,0,0,0
DDH,Cu+2,3,xtb,-99.825,5.79304,7.84179,0,1.85672,0,2.62426,1.38765,0.5502,0.57478,0,2.89184,3.40134,0,9.35548,0,2.75377,0,0,19.5891,3.59346,0,4.12303,7.76878,0,0.33895,0,2.56356,0,7.82704,0,13.9637,0,21.1378,0,0,0,0,8.24925,0,0,6.66246,0,8.78639,0,0,18.2249,0,27.9418,23.9683,0,0,0,0,0,8.19759,0,10.3261,0,9.36966,0,8.65139,0,10.179,0,0,12.4489,0,0,0,0,29.0673,0,74.8035,1.3337,0,0,0,0,85.57,0,0,417.142,0,4.41166,0,0,0,0,0,0,6.57117,0,0,0,74.8701,0,0,0,0,0,74.3691,0,81.9293,0,0,0,86.8772,73.122,45.2186,0,0,14.3481,0,20.8949,0,27.3364,0,0,0,69.1504,0,0,8.29928,0,0,38.2926,12.2182,0,0,85.1397,0,127.002,0,180.247,0,0,250.387,57.4855,0,0,0,0,71.0155,0,143.933,0,0,0,13.5823,0,255.43,20.6781,43.5043,0,0,0,0,0,0,0,0,0,0,15.0238,0,0,0,28.3349,0,9.77389,0,0,44.1422,0,0,0,20.2406,0,0,0,27.0844,6.19049,0,0,7.28732,0,0,0,0,7.58628,0,0,0,0,0,28.9897,0,33.9475,0,0,0,0,0,0,0,0,54.6868,6.15744,78.3038,0,19.3083,0,0,0,0,54.118,138.516,56.7825,0,243.071,191.995,77.9135,0,36.7401,0,0,2.95593,0,45.1855,0,0,4.8078,53.7007,78.8062,0,0,0,0,0,0,57.4065,163.713,0,0,0,20.7392,70.9768,0,13.0014,0,21.9743,0,0,0,239.325,197.755,0,372.368,6.20696,39.1614,0,0,0,0,0,0,0,74.6485,0,0,0,0,0,56.8375,23.0593,0,0,18.1873,106.869,0,0,0,166.415,0,0,0,0,0,208.01,0,172.555,0,0,0,0,0,0,0,0,0,8.87865,0,0,0,0,65.0521,0,0,0,0,0,0,0,0,0,0,0,0,0,0,0,0,0,0,0,0,0,0,0,0,0,233.935,0,0,0,484.996,0,0,500.448,0,0,0,0,0,0,0,0,0,0,439.881,0,0,0,0,0,0,0,0,0,0,0,0,0,0,0,0,0,0,0,0,0,0,0,0,0,0,0,0,0,0,0,0,0,0,0,0,0,0,0,0,0,0,0,0,0,0,0,0,0,0,0,0,0,0,0,0,0,0,0,0,0,0,0,0,0,0,0,0,0,0,0,0,0,0,0,0,0,0,0,0,0,0,0,0,0,0,0,0,0,0,0,0,0,0,0,0,0,0,0,0,0,0,0,0,0,0,0,0,0,0,0,0,0,0,0,0,0,0,0,0,0,0,0,0,0,0,0,0,0,0,0,0,0,0,0,0,0,0,0,0,0,0,0,0,0,0,0,0,0,0,0,0,0,0,0,0,0,0,0,0,0,0,0,0,0,0,0,0,0,0,0,0,0,0,0,0,0,0,0,0,0,0,0,0,0,0,0,0,0,0,0,0,0,0,0,0,0,0,0,0,0,0,0,0,0,0,0,0,0,0,0,0,0,0,0,0,0,0,0,0,0,0.77457,0,0,0,0,0,218.932,0,1.57924,0,0,0,0,10.6922,0,0,0,2.09886,0,618.518,0,0,0,0,25.5974,0.78399,0,0,0,0.12033,0,0,0,0,0,0,0,0,0,0,0,0,0,563.756,0,0,0,0,0,0,0,0,0,0,32.7771,0,0,16.2478,0,0,0,0,0,0,0,0,0,0,0,0,0,0,0,0,0,0,0,0,0,0,0,0,0,0,0,0,0,324.039,0,0,0,0,0,0,119.859,63.6624,133.269,133.146,0,0,0,0,0,0,168.608,0,0,0,0,0,0,0,0,0,0,0,0,0,0,0,0,0,0,0,0,0,0,0,0,0,0,0,71.7522,48.3586,0,0,128.605,0,0,0,0,0,0,0,0,0,0,0,0,0,0,0,0,0,0,0,0,0,0,0,0,0,0,0,0,0,0,0,0,0,0,0,0,0,0,0,0,0,0,0,0,0,0,0,0,0,0,0,0,0,0,0,0,0,0,0,0,0,0,0,0,0,0,0,0,0,0,0,0,0,0,0,0,0,0,0,0,0,0,0
DEE,Zn+2,3,xtb,-94.6158,6.33731,0,36.8593,0,7.07207,6.79068,0,4.82298,0,5.86455,0,17.5882,1.16515,6.10113,0,14.9143,0,0,0,1.27708,11.5354,33.4587,0,16.8246,6.80989,0,0,0,17.6496,0,25.4211,12.7576,0,2.53709,0,0,0,18.0492,11.3215,0,0,0,68.5415,0,32.2686,0,63.5375,0,0,12.557,0,0,5.96828,7.10039,0,61.7302,0,33.267,0,0,13.9517,0,0,0,0,63.2102,0,0,0,14.8583,0,8.60497,0,2.15583,0,0,0,0,42.385,0,26.3006,0,0,15.6539,0,0,0,43.7693,93.1495,0,19.9644,0,0,75.8578,0,0,0,0,0,0,6.94382,0,0,107.972,142.764,0,158.307,0,0,0,36.0738,0,0,23.4376,125.1,99.4893,0,0,33.0224,0,0,90.3916,0,60.6445,0,0,78.2728,0,0,0,8.28795,68.1272,0,0,0,0,0,0,0,42.5805,0,0,0,27.1017,0,370.115,0,0,0,0,0,0,0,0,0,0,0,0,11.2303,30.6765,0,0,38.4231,0,0,49.1394,0,0,0,32.0553,0,0,7.51484,0,0,61.7315,54.8205,0,0,241.876,33.9606,10.6708,0,219.587,0,0,0,0,0,0,0,0,33.3884,0,0,0,15.4231,40.1421,0,0,131.422,52.6244,0,0,0,0,0,2.91061,18.2251,390.578,0,63.409,3.07185,0,23.9599,0,93.5138,117.524,0,7.77237,0,150.574,0,12.2248,0,0,0,0,0,8.21983,15.4972,0,18.3304,93.2494,0,0,14.6142,94.6791,0,0,0,0,0,0,0,36.8923,14.0133,6.78554,16.4538,222.498,0,0,37.1309,1.61612,49.8389,0,0,131.38,0,40.0171,134.769,296.983,0,0,0,0,0,0,0,0,0,50.8551,0,0,0,0,0,0,7.22067,18.0967,0,26.6846,0,0,0,0,0,0,473.384,0,0,0,0,57.7228,208.668,0,0,0,0,0,0,0,0,0,0,0,0,0,0,0,0,0,0,0,0,0,0,0,0,299.447,0,0,0,0,0,0,0,0,0,0,605.611,620.729,0,0,0,0,0,0,0,704.033,0,0,0,0,0,0,0,0,0,475.095,0,0,0,0,0,0,0,0,0,0,0,0,0,0,0,0,0,0,0,0,0,0,0,0,0,0,0,0,0,0,0,0,0,0,0,0,0,0,0,0,0,0,0,0,0,0,0,0,0,0,0,0,0,0,0,0,0,0,0,0,0,0,0,0,0,0,0,0,0,0,0,0,0,0,0,0,0,0,0,0,0,0,0,0,0,0,0,0,0,0,0,0,0,0,0,0,0,0,0,0,1536.85,0,0,0,0,0,0,0,0,0,0,0,0,0,0,0,0,0,0,0,0,0,0,0,0,0,0,0,0,0,0,0,0,0,0,0,0,0,0,0,0,0,0,0,0,0,0,0,0,0,0,0,0,0,0,0,0,0,0,0,0,0,0,0,0,0,0,0,0,0,0,0,0,0,0,0,0,0,0,0,0,0,0,0,0,0,0,0,0,0,0,0,0,0,0,0,0,0,0,0,0,0,0,0,0,0,0,0,0,0,0,0,0,0,18.4537,0,41.6072,0,0,0,0,0,0,0,0,0,0,0,41.5031,0,0,0,0,8.06711,0,0,0,17.032,13.4492,4.8729,22.1856,40.2684,0,16.1105,0,12.7217,0,0,0,0,0,0,0,0,0,0,0,0,0,0,0,0,0,0,0,0,0,0,0,0,0,0,0,0,178.253,640.324,0,0,0,0,0,0,0,0,0,0,0,0,0,0,0,0,0,0,0,0,0,0,0,0,0,0,0,0,0,0,0,0,0,0,0,0,0.25955,0,0,0,0,0,0,0,0,0,0,46.4854,0,0,0,0,33.8916,0,0,0,0,0,0,0,0,0,0,33.0742,0,0,0,0,0,0,0,0,0,0,0,0,0,0,0,0,0,0,0,0,0,0,0,0,20.7234,0,0,0,0,0,0,0,0,0,0,0,0,0,0,0,0,0,0,0,0,0,0,0,0,0,0,0,0,0,0,0,0,0,0,0,0,0,0,0,0,0,0,0,0,0,0,0,0,0,0,0,0,0,0,0,0,0,0,0,0,0,0,0,0,0,0,0,0,0,0,0,0,0,0,0,0
DEP,Co+2,3,xtb,-109.996,8.65236,4.93641,1.25313,6.78292,3.07173,0,0,14.1595,3.09512,0,11.0168,12.6292,0,2.24541,1.4834,1.51565,3.14256,0,0,5.24626,23.3808,0,39.1626,7.8496,6.75485,0,4.22311,9.87642,0,0,0,9.27129,0,0,11.1074,15.6846,0,0,6.37831,0,0.98327,0,0,4.11344,0,2.24211,32.6535,0,0,3.00399,41.2294,0,3.3829,0,19.4631,33.4496,0,0,0,0,0,82.5783,0,36.1359,66.4287,0,169.28,99.0632,0,27.8702,0,0,0,56.9081,33.4252,0,0,26.5996,0,237.054,150.386,0,0,0,0,0,0,257.785,19.4861,0,0,0,94.3499,0,3.50397,0,0,0,18.7969,0,0,5.76332,38.6188,0,59.2049,0,19.571,0,47.7806,29.8466,167.142,0,0,66.362,79.7057,0,0,366.404,0,0,10.4175,0,0,63.991,70.1463,0,0,68.2804,0,124.051,229.434,0,0,0,0,57.8656,0,0,0,0,0,175.536,0,264.753,0,0,0,207.16,0,0,0,0,53.167,0,36.1611,0,0,0,0,0,0,0,0,27.6067,0,289.931,0,51.0367,0,19.0147,0,0,33.5224,0,8.40877,0,0,0,0,0,19.922,0,0,0,29.0493,0,7.49979,0,15.9032,0,0,0,6.97326,0,0,2.66942,22.693,0,0,0,0,0,0,0,0,2.40948,30.5,8.44181,0,31.2791,0,0,0,11.8801,0,8.45362,563.875,0,265.652,1.14008,0,22.6318,4.40333,12.2652,0,0,0,2.8407,0,46.156,12.7141,0,14.9947,0,58.4415,0,21.4468,0,0,27.8531,0,0,604.83,0,7.63732,0,0,42.7335,109.037,0,0,43.5161,43.6733,31.6384,0,0,0,101.643,195.124,0,0,0,0,0,0,0,0,0,0,0,0,0,0,62.6828,0,0,19.3473,51.5301,0,0,0,0,2.29492,5.67051,69.1757,268.596,12.3061,0,266.35,0,39.2722,0,0,209.303,133.787,0,0,0,0,0,0,0,0,0,0,0,0,0,0,0,0,0,0,0,0,0,0,0,0,0,0,0,0,0,0,0,0,0,61.9995,522.017,0,262.391,0,0,0,0,0,0,383.207,0,0,0,0,0,0,0,0,0,226.853,0,0,0,0,0,0,0,0,0,0,0,0,0,0,0,0,0,0,0,0,0,0,0,0,0,0,0,0,0,0,0,0,0,0,0,0,0,0,0,0,0,0,0,0,0,0,0,0,0,0,0,0,0,0,0,0,0,0,0,0,0,0,0,0,0,0,0,0,0,0,0,0,0,0,0,0,0,0,0,0,0,0,0,0,0,0,0,0,0,0,0,0,0,0,0,0,0,0,0,0,0,0,0,0,0,0,0,0,0,0,0,0,0,0,0,0,0,0,0,0,0,0,0,0,0,0,0,0,0,0,0,0,0,0,0,0,0,0,0,0,0,0,0,0,0,0,0,0,0,0,0,0,0,0,0,0,0,0,0,0,0,0,0,0,0,0,0,0,0,0,0,0,0,0,0,0,0,0,0,0,0,0,0,0,0,0,0,0,0,0,0,0,0,0,0,0,0,0,0,0,0,0,0,0,0,0,0,0,0,0,0,0,0,0,0,0,0,0,0,0,0,0,0,0,0,0,0,33.2092,0,0,0,1.20647,0,0,0,6.61858,4.81256,0,246.414,2.63167,0,4.74941,0,0,32.2283,0,0,6.93942,0,0,7.84489,20.7041,0,0,298.415,0,0,0,0,0,0,0,0,0,0,0,0,0,0,62.0517,0,0,0,0,0,0,0,0,0,0,0,515.651,0,0,0,0,0,0,0,0,0,130.806,0,0,0,0,0,0,0,0,0,0,0,0,0,0,0,168.488,0,0,0,0,0,0,0,0,0,0,0,0,102.545,0,0,0,87.6222,0,50.1638,0,0,0,0,0,0,0,0,0,0,0,0,0,0,0,0,0,0,0,0,0,0,0,0,281.546,0,0,0,503.138,0,0,86.304,0,0,0,80.7622,0,0,0,42.4696,0,0,0,0,0,0,0,0,0,0,0,0,0,0,0,0,0,0,0,0,0,0,0,0,0,0,0,0,0,0,0,0,0,0,0,0,0,0,0,0,0,0,0,0,0,0,0,0,0,0,0,0,0,0,0,0,0,0,0,0,0,0,0,0,0,0,0,0,0,0,0,0,0,0,0
DFF,Ni+2,3,xtb,-111.763,37.3665,0,0.53054,4.26469,5.26414,0.96054,5.00845,3.87703,4.63664,0,7.34544,0.92559,1.18379,4.65268,0,0,8.42044,3.60301,0,18.109,0,4.52447,10.7016,5.52664,0,0,0,0,0,9.23404,0,0,0.29833,8.09211,0,0,32.3625,0,0,0.73746,0,9.49722,0,0,9.16075,0,17.666,2.54808,0,20.2866,0,45.3256,47.8919,0,9.40079,0,0,0,0,12.2018,4.01937,0.4529,64.8066,21.0982,0,0.44113,0,0.98418,6.4734,0,0,0,17.208,0,6.97607,0,0,91.971,0,0,0,4.53788,0,87.0032,0,0,21.7589,0,65.1575,35.2638,0,104.54,25.3346,0,0,0,123.785,0,128.619,0,0,13.3887,0,28.0861,0,0,45.0266,0,4.69831,0,0,0,0,0,79.377,0,0,0,0,18.7962,271.317,0,0,162.191,120.195,0,98.9728,0,86.7026,0,0,0,0,95.1697,0,0,0,0,0,94.4875,0,11.0471,50.9628,4.10292,0,338.77,0,12.6463,0,0,0,0,0,0,0,0,0,0,13.1924,0,0,0,0,31.3625,0,1.31996,0.0378,0,0,0,0.94492,5.34745,45.1129,20.609,0,0,0.06478,0.51457,0,1.97143,1.29506,4.63503,0,0,0,0,0,0.79314,0.50204,20.2425,1.54523,0,0,0,0,0,9.39723,0,17.8148,0,0,139.434,380.551,0,0,0,0,18.9508,0,0,19.5802,0,3.25452,1.46929,5.40413,0,0,48.5926,0,0,0,0,36.5826,16.5441,104.27,0,0,0.23971,0,12.2661,0.53326,0,0,0,12.0055,0,0,20.8955,2.73828,10.4245,0,0,0.98497,53.8888,6.48353,144.516,0,0,3.06182,0,0,3.62023,4.47181,0,0,82.5002,1.01828,0,0,127.247,0,0,0,0,0,0,0,0,0,0,0,0,58.1609,0,0,0,0,19.7604,0,0.04908,0,6.03521,0,0,2.88646,4.10471,76.1338,0,0,0,0,186.57,0,0,0,0,0,0,157.103,0,101.432,0,0,0,0,0,0.6718,0,0,6.20177,0,0.35988,0,0,545.117,0,0,0,0,0,0,0,0,0,0,0,0,0,0,0,0,0,411.437,0,0,0,0,428.423,487.817,0,0,0,0,0,0,0,0,0,0,0,0,0,0,0,0,0,0,0,0,0,0,0,0,0,0,0,0,0,0,0,0,0,0,0,0,0,0,0,0,0,0,0,0,0,0,0,0,0,0,0,0,0,0,0,0,0,0,0,0,0,0,0,0,0,0,0,0,0,0,0,0,0,0,0,0,0,0,0,0,0,0,0,0,0,0,0,0,0,0,0,0,0,0,0,0,0,0,0,0,0,0,0,0,0,0,0,0,0,0,0,0,0,0,0,0,0,0,0,0,0,0,0,0,0,0,0,0,0,0,0,0,0,0,0,0,0,0,0,0,0,0,0,0,0,0,0,0,0,0,0,0,0,0,0,0,0,0,0,0,0,0,0,0,0,0,0,0,0,0,0,0,0,0,0,0,0,0,0,0,0,0,0,0,0,0,0,0,0,0,0,0,0,0,0,0,0,0,0,0,0,0,0,0,0,0,0,0,0,0,0,0,0,0,0,0,0,0,0,0,0,0,0,0,0,45.0781,0,65.1275,0,0,0,0,0,0,0,0,0,0,0,0,0,0,0,0,19.3342,0,9.69649,11.1623,0,22.4343,0,12.8604,16.0242,0,0,0.4466,0,52.0704,0,0,0,0,0,4.20064,0,19.6237,87.1507,0,129.15,0,0,25.8836,0,0,0,0,0,0,0,0,0,0,0,0,0,0,0,0,0,0,0,0,0,0,0,0,0,0,0,0,0,0,0,0,0,0,0,0,0,0,0,0,0,0,0,18.6455,0,0,278.734,40.9297,0,0,0,0,0,0,0,0,0,0,52.9741,182.567,0,0,0,0,0,0,0,0,0,0,0,0,0,0,0,0,40.0542,0,200.932,0,0,0,0,0,0,0,0,0,0,0,0,0,35.1713,0,0,0,0,11.0672,0,0,0,0,0,0,0,0,14.3266,0,0,0,0,0,0,0,0,0,0,0,0,0,0,0,0,0,0,0,0,0,0,0,0,0,0,0,0,0,0,0,0,0,0,0,0,0,0,0,0,0,0,0,0,0,0,0,0,0,0,0,0,0,0,0,0,0,0,0,0,0,0,0,0,0,0,0,0,0,0,0,0,0
DFI,Co+2,3,xtb,-115.504,90.7088,4.2775,2.73401,0,2.67274,2.16851,0,1.05344,0,6.76436,6.41663,0,1.28773,12.2416,1.6943,0,0,16.2956,6.49935,0,0,42.8604,18.2311,0,46.9115,0,0,0,37.7967,3.64846,4.89728,0,4.70103,0,4.24788,0,0,16.9858,22.0088,0,10.9659,6.29605,2.99492,0,10.0988,0,30.3555,0,10.7087,12.8821,0,0.48394,0,1.15696,8.32304,86.464,0,57.445,0,0,0,0,14.2455,1.4668,1.88724,0.42891,5.43648,0,126.461,0,0,9.67443,43.3021,1.10721,0,0,0,5.16048,0,0,7.216,0,0,0,37.6671,0,0,32.1447,6.56956,0,0,128.579,0,278.822,0,67.5674,6.84295,0,0,0,16.5821,36.6144,14.1027,0,0,0,285.93,1.33447,66.7951,0,0,25.8766,140.928,0,120.648,0,0,0,0,0,80.0922,0,0,23.0082,6.56582,0,403.335,0,0,96.6699,0,0,207.848,0,34.6708,174.567,0,0,0,307.999,42.9431,0,0,0,0,4.38409,0,0,0,81.4152,0,0,2.98746,0,0,0,35.5149,0,0,0,0,1.14895,0,7.50636,0,5.94463,5.33758,0,0,0,7.41361,3.96852,5.119,54.4167,0,0,0.02863,12.3063,0,0,0,5.31147,24.7758,0,0,0,0,22.0955,0,0,0,0,0,19.7579,0,4.73043,42.5974,0,17.5373,0,0,7.22403,0,0,24.5012,0,31.2797,9.72332,0,4.67965,0,0,60.0243,3.45634,42.9337,1.41981,0,223.887,79.862,0,0,0.17544,100.904,16.1193,1.00665,0,1.03516,0,9.30065,44.0292,0,0,31.2809,0,0,15.9678,0,53.0903,50.5556,69.0289,0,0,0,53.0615,0,49.7479,97.1042,22.9244,3.96736,0,0,0,11.5203,0,3.45886,0.38462,168.623,0,0,0,0,1.30614,0,0,0,0,0,0,0,0,0,206.62,119.498,0,2.94371,172.643,11.9007,0,4.81661,0,0,0,7.35925,0,3.09501,112.682,0,222.458,156.637,43.1475,0.76139,77.2726,0,4.65298,0,0,0,0,0,148.338,0,0,0,0,0,0,224.634,0,0,0,0,0,170.637,0,0,0,0,0,0,0,0,0,0,0,0,0,0,0,0,0,0,0,188.017,0,0,0,0,0,0,0,0,428.97,0,0,528.145,0,0,0,0,0,0,0,0,0,0,0,0,0,0,0,0,0,0,0,0,0,0,0,0,0,0,0,0,0,0,0,0,0,0,0,0,0,0,0,0,0,0,0,0,0,0,0,0,0,0,0,0,0,0,0,0,0,0,0,0,0,0,0,0,0,0,0,0,0,0,0,0,0,0,0,0,0,0,0,0,0,0,0,0,0,0,0,0,0,0,0,0,0,0,0,0,0,0,0,0,0,0,0,0,0,0,0,0,0,0,0,0,0,0,0,0,0,0,0,0,0,0,0,0,0,0,0,0,0,0,0,0,0,0,0,0,0,0,0,0,0,0,0,0,0,0,0,0,0,0,0,0,0,0,0,0,0,0,0,0,0,0,0,0,0,0,0,0,0,0,0,0,0,0,0,0,0,0,0,0,0,0,0,0,0,0,0,0,0,0,0,0,0,0,0,0,0,0,0,0,0,0,0,0,0,0,0,0,0,0,0,0,0,0,0,0,0,0,0,0,0,0,0,0,0,0,0,0,15.3018,0,0,5.49793,0,1.71091,0,0,17.8737,0.5089,18.4718,21.021,0,0,0,4.50425,12.6002,0,18.848,0,0,51.0867,896.894,27.9602,39.1022,0,0,31.5414,0,0,15.8664,15.6165,0,0,10.4144,0,14.3556,32.5178,0,42.1389,0,0,0,0,0,0,0,0,0,0,0,0,0,0,0,0,0,0,0,0,0,223.639,0,0,0,0,0,0,0,0,0,0,0,0,0,139.574,0,54.1568,0,0,0,0,0,0,0,0,222.821,0,85.7288,0,0,0,0,0,89.9983,0,0,0,0,0,0,0,0,0,0,0,86.5045,0,0,0,0,0,0,0,0,0,0,0,0,0,0,195.578,0,0,0,0,0,0,0,0,0,220.525,0,0,0,45.493,0,0,0,0,0,0,0,98.9121,0,0,0,0,0,0,107.284,0,0,0,0,0,0,0,0,0,0,0,0,0,0,0,0,0,0,0,0,0,0,0,0,0,0,0,0,0,0,0,0,0,0,0,0,0,0,0,0,0,0,0,0,0,0,0,0,0,0,0,0,0,0,0,0,0,0,0,0,0,0,0,0,0,0,0
DFN,Co+2,3,xtb,-105.454,2.9762,1.42368,0.52815,0.34352,0,3.22454,0,1.1305,1.60383,2.75537,1.39701,5.93825,0,1.01659,0.31229,10.7678,0,4.30368,0,9.63841,0,0,8.15575,0,16.7662,8.13722,0,0,2.63235,10.4704,0,3.25189,12.064,44.4546,0,10.2084,0,0,0,8.16084,9.05375,15.9782,0,16.3084,0,0,13.7627,53.7231,0,0,36.501,0,0,27.4675,0,0,5.95761,0,0,10.7158,0,28.7152,59.5075,0,29.109,0.82578,17.8245,19.101,0,0,0,0,64.112,0,64.9092,0,16.9002,0,25.657,0,0,29.7544,0,0,0,0,109.409,0,45.2192,0,0,208.093,0,0,29.3567,0,57.8604,0,31.8118,0,55.7182,18.1136,50.6266,0,78.5489,0,21.183,100.956,6.66992,319.03,0,0,0,0,0,0,33.4212,0,0,18.8306,27.0547,0,0,1.77549,0,0,3.27781,0,67.2262,0,0,23.9504,0,0,0,0,44.674,0,0,0,0,15.7414,0,392.992,0,0,0,0,0,0,0,0,0,0,0,0,0,0,0,12.2701,0,0,0,209.636,0,0,45.5703,0,0,0,0,1.55911,10.599,0,31.9636,25.3117,0.72094,125.06,0,138.516,0,0,0,0,7.11407,0,0,10.923,1.60593,0,0,8.29927,0,0,0,18.4222,0,0,187.771,49.3224,0,0,25.2438,0,0,7.95678,3.98851,0.08821,0,0,99.1951,48.2497,210.094,19.0453,0,0,0,15.1172,0,23.5039,0,0,0,0,0,0,0,0.01233,13.1602,0,1.06776,0,0,0.44442,0,0,56.5244,122.105,0,0,104.775,37.1222,0,0,0,5.3837,0,56.7599,0,59.022,0,0,4.49024,0,0,0,73.1676,0,120.541,0,152.879,0,0,0,0,0,0,0,0,0,0,0,0,0,0,0,169.567,0,0,0.35493,25.1815,476.309,0,0,153.444,0,0,3.56149,0,0,37.3157,269.813,0,0,0,0,0,110.408,0,0,0,277.048,0,0,0,0,425.325,0,0,0.34927,0,10.6963,0,0,0,0,0,0,0,0,77.9242,0,0,0,0,0,0,0,0,0,0,625.603,0,0,0,0,0,0,720.771,0,0,0,0,0,0,0,0,0,0,0,0,0,0,0,0,0,0,0,0,0,0,0,0,0,0,0,0,0,0,0,0,0,0,0,0,0,0,0,0,0,0,0,0,0,0,0,0,0,0,0,0,0,0,0,0,0,0,0,0,0,0,0,0,0,0,0,0,0,0,0,0,0,0,0,0,0,0,0,0,0,0,0,0,0,0,0,0,0,0,0,0,0,0,0,0,0,0,0,0,0,0,0,0,0,0,0,0,0,0,0,0,0,0,0,0,0,0,0,1721.95,0,0,0,0,0,0,0,0,0,0,0,0,0,0,0,0,0,0,0,0,0,0,0,0,0,0,0,0,0,0,0,0,0,0,0,0,0,0,0,0,0,0,0,0,0,0,0,0,0,0,0,0,0,0,0,0,0,0,981.271,0,0,0,0,0,0,0,0,0,0,0,0,0,0,0,0,0,0,0,0,0,0,0,0,0,0,0,0,0,0,0,0,0,0,0,0,0,0,0,0,0,0,0,0,0,0,0,0,0,23.1674,0,0,50.4218,0,0,0,0,0,0,0,0,26.491,0,0,0,24.0618,0,0,0,4.91731,0,11.5337,13.2918,0,0,0,0,3.39137,0,0,0,0,0,0,0,2.13425,1.42214,47.9428,98.7859,47.7766,0,0,0,0,0,0,0,0,210.688,0,0,0,0,0,0,0,0,0,0,0,0,0,0,1047.28,0,0,0,0,0,0,0,0,0,0,0,0,0,0,0,0,0,0,0,0,0,0,0,0,0,0,1.66195,0,0,0,12.4622,0,0,0,0,0,0,0,0,0,0,0,0,0,0,0,33.7348,0,0,0,0,0,0,0,0,0,0,0,0,0,0,37.2088,0,18.2437,0,0,0,0,0,0,0,0,0,0,0,0,0,0,0,0,30.4099,0,0,0,0,0,17.0957,0,0,0,0,7.2284,0,0,0,0,0,0,0,0,0,0,0,0,0,0,0,0,0,0,0,0,0,0,0,0,0,0,0,0,0,0,0,0,0,0,0,0,0,0,0,0,0,0,0,0,0,0,0,0,0,0,0,0,0,0,0,0,0,0,0,0,0,0,0,0,0,0,0
DGM,Cu+2,3,xtb,-77.4437,4.7553,1.74385,0,0,2.90705,1.49723,0,4.20903,0,3.76669,0,2.47162,2.37079,0,0.51318,0,0.94368,0,6.17864,0,0,4.61019,0,0,0.87934,0,3.1723,0,0,6.48604,0,10.5038,0,2.57768,0,0,7.88289,11.0575,0,24.6452,0,0,0,32.6732,0,0,0,23.2194,0,25.0707,0,20.3701,13.5897,0,4.50968,0,0,0,0,0,0,10.2236,0,0,0,0,0,14.3341,0,0,12.6869,0,0,0,14.1885,0,0,0,0,0,0,0,0,0,0,0,0,0,119.949,0,28.4778,0,0,0,0,0,22.1911,0,0,0,41.4584,0,0,114.986,0,24.6312,0,0,0,0,0,0,0,9.29055,0,0,74.2073,0,0,0,0,0,11.4818,0,10.1775,296.694,0,0,169.836,0,0,0,0,0,0,0,55.4146,21.4286,17.3863,0,0,0,0,0,0,0,0,0,0,0,0,0,0,0,0,0,0,240.268,0,0,8.36963,0,0,102.385,0,0,0,0,29.9466,0,0,2.32808,0,26.4524,0,14.2598,32.2765,0,0.91713,0,0,16.3558,0,0,0,0,0,9.41219,0,0,0,0,0,0,0,0,0,60.3055,19.7193,0,0,0,0,0,109.019,20.6742,0,0,0,0,0,0,0,0,24.4391,0,0,41.5276,22.4317,5.44438,0,176.206,0,0,0,1.54178,0,0,6.97065,0,16.4326,0,0,0,0,0,1.54366,0,0,53.9749,112.05,0,0,0.1231,0,6.08371,0,0,0,0,290.599,0,74.9689,86.6103,402.123,0,0,0,0,0,0,74.7303,58.9586,80.7592,0,0,0,0,0,0,0,0,0,15.1328,0,15.5901,0,12.7398,0,9.98242,0,0,1.741,0,0,0,0,71.375,0,0,0,0,0,0,0,71.7073,0,0,0,0,0,0,0,0,0,0,0,0,0,0,0,0,0,463.418,0,0,0,0,0,0,0,0,0,0,0,0,0,0,0,0,0,0,0,0,578.61,0,382.078,0,0,0,448.677,0,0,0,0,0,0,0,0,0,0,0,0,0,0,0,0,0,0,0,0,0,0,0,0,0,0,0,0,0,0,0,0,0,0,0,0,0,0,0,0,0,0,0,0,0,0,0,0,0,0,0,0,0,0,0,0,0,0,0,0,0,0,0,0,0,0,0,0,0,0,0,0,0,0,0,0,0,0,0,0,0,0,0,0,0,0,0,0,0,0,0,0,0,0,0,0,0,0,0,0,0,0,0,0,0,0,0,0,0,0,0,0,0,0,0,0,0,0,0,0,0,0,0,0,0,0,0,0,0,0,0,0,0,0,0,0,0,0,0,0,0,0,0,0,0,0,0,0,0,0,0,0,0,0,0,0,0,0,0,0,0,0,0,0,0,0,0,0,0,0,0,0,0,652.057,0,0,0,0,0,0,0,0,0,0,0,0,0,0,0,0,0,0,0,0,0,0,0,0,0,0,0,0,0,0,0,0,0,0,0,0,0,0,0,0,0,0,0,0,0,29.481,0,0,0,0,0,14.6661,0,0,0,0,0,24.4018,46.5335,0,0,0,0,0,0,0,0,23.1202,0,22.9295,19.0441,0,0,0,0,0,0,0,0,6.51715,0,3.52214,0,0,2.65094,0,0,1.70605,0,0,0,0,0,0,0,0,0,0,0,0,0,0,0,0,0,0,0,0,0,0,0,0,0,0,0,0,0,0,0,0,0,0,0,0,0,0,0,0,0,0,0,0,88.9057,0,0,0,0,0,0,0,0,0,0,0,0,0,0,0,233.045,0,0,0,0,0,0,19.5077,0,0,0,0,38.5596,0,0,0,0,0,0,0,0,0,0,0,0,0,0,0,0,0,0,0,0,0,0,0,0,0,0,0,0,0,0,0,0,0,20.7059,0,0,0,0,0,0,0,0,0,0,0,0,0,0,0,0,0,0,0,0,0,0,0,0,0,0,0,0,0,0,0,0,0,0,0,0,0,0,0,0,0,0,0,0,0,0,0,0,0,0,0,0,0,0,0,0,0,0,0,0,0,0,0,0,0,0,0,0,0,0,0,0,0,0,0,0,0,0,0,0,0
DGM,Zn+2,3,xtb,-74.154,5.43358,0,0,0,0,5.21485,0,9.7151,0,2.45937,0,0,0,0,0.82941,2.43882,0,2.54024,0,3.34673,0,0,0,0,18.2972,0,10.3243,16.2135,0.9198,0,28.8986,0,0,0,0,15.5667,1.3912,0,0,18.8871,0,0,0.6779,0,0,0,18.7807,0,0,49.1278,10.4395,0,0,2.27466,0,45.2607,2.11446,0,46.2492,0,0,26.8258,0,0,0,0,0,47.3783,0,0,2.33315,0,11.8195,0,0,0,0,0,0,30.2539,0,0,0,91.7957,30.9419,0,0,0,0,34.2047,66.8365,0,0,0,0,0,0,0,24.0328,0,0,0,2.91349,0,0,1.53874,0,0,0,58.2674,0,0,0,0,0,0,0,0,44.4436,0,0,83.3985,35.2991,12.3036,0,0,0,208.855,360.372,0,0,0,23.0018,113.096,0,0,12.7596,0,0,0,0,0,0,20.7852,0,0,0,0,0,0,0,0,0,0,3.0221,0,0,0,0,0,0,0,0,0,0,0,60.9177,0,0,10.1764,15.8397,0,0,0,0,0,0,14.0929,0,0,0,81.3528,2.52179,0,0,0,10.9827,49.666,0,0,26.7842,0,5.16462,0,0,0,0,0,39.4182,0,156.945,0,0,0,0,180.832,15.5777,0,0,28.2715,15.7459,0,0,15.395,0,0,0,116.426,0,0,126.603,0,42.6595,0,0,33.3363,0,0,0,0,2.09097,0,0,25.243,0,0,0,0,25.3712,0,0,4.29883,35.6391,0,60.7166,0,0,55.1412,58.0139,0,0,0,316.612,0,0,51.7302,11.8168,0,351.578,0,0,0,0,0,0,0,0,0,0,0,77.4806,0,0,0,14.6088,5.50464,0,0,0,22.3114,0,1.92209,0,0,0,0,0,0,0,0,93.3983,0,0,0,0,118.876,0,0,0,0,0,0,0,0,0,0,0,0,0,0,0,0,0,0,0,0,0,0,0,0,0,0,0,0,556.263,0,0,0,0,0,667.501,0,0,0,0,581.724,0,0,0,0,0,0,0,0,0,0,0,0,0,0,0,0,0,0,0,0,0,0,0,0,0,0,0,0,0,0,0,0,0,0,0,0,0,0,0,0,0,0,0,0,0,0,0,0,0,0,0,0,0,0,0,0,0,0,0,0,0,0,0,0,0,0,0,0,0,0,0,0,0,0,0,0,0,0,0,0,0,0,0,0,0,0,0,0,0,0,0,0,0,0,0,0,0,0,0,0,0,0,0,0,0,0,0,0,0,0,0,0,0,0,0,0,0,0,0,0,0,0,0,0,0,0,0,0,0,0,0,0,0,0,0,0,0,0,0,0,0,0,0,0,0,0,0,0,0,0,0,0,0,0,0,0,0,0,0,0,0,0,0,0,0,0,0,0,0,0,0,0,0,0,0,0,0,0,0,0,0,0,0,0,0,0,0,0,0,0,0,0,0,0,0,0,0,0,0,0,0,0,0,0,0,0,0,0,0,0,0,0,0,0,0,0,0,0,0,0,0,0,9.21582,0,0,0,0,0,0,0,0,0,0,0,0,0,58.2634,0,0,0,0,0,0,8.20645,0,0,35.6547,11.4856,0,23.5992,0,0,19.7108,0,0,0,0,15.4484,16.7139,16.9079,0,0.8566,0,22.4039,0,0,3.54843,0,0,0,0,0,0,0,0,0,0,0,0,0,0,0,0,0,0,0,0,0,0,0,0,0,0,0,0,0,0,0,0,0,0,0,0,0,0,0,0,0,0,0,0,0,250.431,0,0,0,0,0,0,0,0,0,0,0,0,0,0,7.1415,0,10.0884,0,0,0,0,64.5055,0,0,0,0,0,0,0,0,0,0,0,0,0,0,0,0,0,0,0,0,0,32.0549,0,0,0,0,0,0,0,0,0,0,0,0,0,0,0,0,0,0,0,0,0,0,26.5597,0,0,0,0,0,0,0,0,0,0,0,0,0,0,0,0,0,0,0,0,0,0,0,0,0,0,0,0,0,0,0,0,0,0,0,0,0,0,0,0,0,0,0,0,0,0,0,0,0,0,0,0,0,0,0,0,0,0,0,0,0,0,0,0,0,0,0,0,0,0,0,0,0,0,0
DGW,Zn+2,3,xtb,-87.1299,7.57518,0,0,1.63364,0,4.88883,0,2.12587,0,0,3.99161,0,1.73914,1.41142,0,0,1.40925,11.8679,0,3.10657,0,0,12.7142,0,6.23846,0,0,19.1918,0,0,22.4194,23.9698,0,0,31.1976,0,30.3841,0,4.20008,5.35223,0,0,13.2139,0,0,0,63.1257,0,0,0,0,12.2477,0,0,9.4023,0,0,6.84147,0,0,0,17.2239,8.86908,0,0,0,0,0,0,0,4.93036,2.38145,0,0,0,28.5957,41.3162,0,24.8996,46.9863,0,0,30.6007,0,0,90.5049,0,0,0,0,0,0,25.8075,0,0,439.102,0,14.6098,5.59289,0,42.0105,0,0,8.00043,4.99536,0,20.1294,0,0,0,0,0,10.2074,0,0,0,7.98409,0,0,16.0273,0,0,17.204,0,0,0,0,10.8164,0,0,0,1.51112,0,0,0,0,0,0,5.73473,0,13.4428,38.7261,0,0,5.65614,0,7.91575,0,92.8664,0,0,0,0,0,0,74.0329,0,0,0,0,0,2.43376,319.942,0,0.4919,25.7033,5.91469,0,0,0,0,0.46677,40.0909,0,0,7.98741,0,2.1849,0,0,4.69774,0,0,0,0,9.81445,0,0,46.1355,0,0,0,0,0,0,89.4163,0,0,0,6.80098,0,0,0,2.37575,3.19254,16.7753,0,4.13136,0,0,0,0,0,0,2.62352,7.20317,0,0,0,19.8333,0,10.6282,10.422,0,0,14.7947,0,0,7.73333,0,3.41369,0,0,0,139.474,1.01599,0,28.1019,0,0,0,0,6.92597,0,3.30777,20.773,54.265,121.686,0,0,628.582,0,0,3.69835,0,18.897,26.0552,0,0,158.234,0,127.273,12.7514,0,0,2.79348,0,0,0,0,0,0,0,0,16.0425,17.5964,0,0,0,0,0,9.48119,0,0,0,0,0,0,0,11.9097,0,57.6722,0,120.402,0,0,0,39.6977,0,0,0,0,0,0,0,0,0.76001,0,0,343.52,0,0,0,12.1442,0,0,0,0,0,0,0,0,0,0,0,0,364.45,0,0,0,0,0,0,0,0,0,0,0,0,0,1042.85,0,0,0,0,0,518.159,0,0,0,0,0,0,0,0,0,0,0,0,0,0,0,0,0,0,0,0,0,0,0,0,0,0,0,0,0,0,0,0,0,0,0,0,0,0,0,0,0,0,0,0,0,0,0,0,0,0,0,0,0,0,0,0,0,0,0,0,0,0,0,0,0,0,0,0,0,0,0,0,0,0,0,0,0,0,0,0,0,0,0,0,0,0,0,0,0,0,0,0,0,0,0,0,0,0,0,0,0,0,0,0,0,0,0,0,0,0,0,0,0,0,0,0,0,0,0,0,0,0,0,0,0,0,0,0,0,0,0,0,0,0,0,0,0,0,0,0,0,0,0,0,0,0,0,0,0,0,0,0,0,0,0,0,0,0,0,0,0,0,0,0,0,0,0,0,0,0,0,0,0,0,0,0,0,0,0,0,0,0,0,0,0,0,0,0,0,0,0,0,0,0,0,0,0,0,0,0,0,0,0,0,0,0,0,0,994.669,0,0,0,17.203,0,0,0,0,140.383,0,0,0,0,0,125.162,0,0,0,0,0,0,0,0,0,17.1654,0,0,18.0433,0,0,0,11.6237,0,16.4507,0,0,0,0,0,0,1.48242,0,0,0,0,0,0,0,24.4753,0,0,13.6182,45.0732,0,31.1745,0,2.26488,0,0,0,0,0,0,0,0,0,0,0,0,0,0,0,0,0,0,0,0,0,0,0,0,0,0,0,0,0,0,0,0,0,0,0,0,0,0,0,0,0,0,0,0,0,0,0,0,0,0,1.16884,0,0,0,0,7.21788,0,0,0,0,0,0,0,0,0,0,0,0,0,0,0,0,0,16.0803,0,0,0,0,0,0,0,0,0,0,0,0,0,0,0,0,0,47.7552,0,0,32.1802,0,0,0,0,0,0,0,0,0,0,0,0,0,0,0,0,0,0,0,0,0,0,0,0,0,0,0,0,0,0,0,0,0,0,0,0,0,0,0,0,0,0,0,0,0,0,0,0,0,0,0,0,0,0,0,0,0,0,0,0,0,0,0,0,0,0,0,0,0,0,0,0,0,0,0,0,0,0,0,0,0,0,0
DHP,Co+2,3,xtb,-104.772,10.5515,0,4.94387,4.76775,0,6.62251,0,0.42508,0,6.84772,0,14.1698,13.1726,7.35248,0,0,3.81245,7.03879,1.62841,0.98886,1.09092,1.59997,0,0,1.49878,2.40506,5.27558,0,6.50821,2.99366,5.55968,0,18.8052,0,0,10.3328,0,10.2501,0,0,24.5056,0,42.6927,0,44.739,0,0,1.70283,0,8.49768,14.5129,0,8.81119,0,10.8586,0,0,0,0,0,22.1806,20.8751,32.8925,17.8687,0,0,0,41.2461,0,0,0,0,20.3304,0,0,17.3658,0,0,112.705,0,0,70.6167,125.637,0,0,0,0,0,0,92.8671,37.1772,0,186.517,20.2106,0,9.26708,0,0,32.8287,0,0,0,0,351.061,0,0,0,544.525,46.5456,0,21.8804,18.1192,0,0,53.3572,45.1497,28.6817,0,0,0,0,18.1047,74.7479,0,0,0,38.6649,0,0,266.668,49.7614,0,86.3963,0,0,0,0,11.9175,0,0,0,0,24.9936,14.5148,0,0,0,0,0,2.52275,29.5433,0,0,54.4716,0,0,0,0,12.2163,0,0,0,34.7617,0,16.7418,0,0,0,32.0945,4.87002,0,39.5002,0,61.7741,164.733,0,0,66.8101,0,0,0,0,0,3.84207,0,0,0,0,1.56486,12.6705,0,0,0,7.38555,0,11.7094,0,0,7.25074,0,0,0,0,2.61109,8.18104,0,18.7528,18.711,1.514,0,0,0,0,0,0,153.383,201.912,246.413,9.90067,0,0,9.07719,0,9.52326,17.3047,0,0,0,42.5452,0,0,8.44584,0,23.0972,0,28.1331,0,1.85194,23.6931,0,19.6807,0,310.739,22.9738,88.3754,0,0,9.39842,0,0,0,0,27.395,28.309,0,0,1.50639,0,160.224,0,0,0,0,0,0,0,0,0,0,0,0,0,20.3149,57.0834,157.517,0,30.1828,14.2957,0,0,0,0,90.5347,8.41126,0,103.193,99.5267,5.38417,0,194.342,0,0,0,186.739,0,0,0,47.786,0,0,0,0,0,0,8.34062,0,0,0,0,0,0,0,0,0,0,0,0,0,154.086,0,0,0,0,0,0,0,0,0,0,0,0,0,0,0,0,384.542,0,0,0,0,0,0,0,0,268.811,0,490.518,0,0,0,0,0,0,0,0,0,0,0,0,0,0,0,0,0,0,0,0,0,0,0,0,0,0,0,0,0,0,0,0,0,0,0,0,0,0,0,0,0,0,0,0,0,0,0,0,0,0,0,0,0,0,0,0,0,0,0,0,0,0,0,0,0,0,0,0,0,0,0,0,0,0,0,0,0,0,0,0,0,0,0,0,0,0,0,0,0,0,0,0,0,0,0,0,0,0,0,0,0,0,0,0,0,0,0,0,0,0,0,0,0,0,0,0,0,0,0,0,0,0,0,0,0,0,0,0,0,0,0,0,0,0,0,0,0,0,0,0,0,0,0,0,0,0,0,0,0,0,0,0,0,0,0,0,0,0,0,0,0,0,0,0,0,0,0,0,0,0,0,0,0,0,0,0,0,0,0,0,0,210.37,0,0,0,0,0,0,0,0,0,0,0,0,0,0,0,0,0,0,0,0,0,0,0,0,0,0,0,0,0,0,0,0,0,0,0,0,0,0,0,0,0,0,0,0,0,12.6756,0,0,0,0,0,0,26.7717,1.92661,0,0,0,0,9.50871,2.93747,15.3683,0,2.72353,0,28.8574,0,0.17601,0,0,0,0,0,5.03719,0,0,0,0,0,0,0,0,0,0,0,0,0,0,0,0,0,0,0,0,0,0,20.0416,0,0,0,0,0,11.4071,164.699,0,0,0,0,0,0,0,0,0,0,0,0,0,0,0,0,0,0,0,0,0,0,0,39.33,0,0,0,0,0,0,0,0,0,0,0,146.608,0,0,55.4386,97.9329,0,0,0,0,0,0,134.714,0,0,64.212,0,0,0,0,0,0,0,0,0,0,0,0,0,0,0,0,0,0,91.5008,0,74.2352,0,0,98.4614,0,68.1291,0,0,92.7361,0,38.7074,0,0,0,0,0,0,0,0,0,0,0,0,0,0,0,0,0,0,0,0,0,0,0,0,0,0,0,0,0,0,0,0,0,0,0,0,0,0,0,0,0,0,0,0,0,0,0,0,0,0,0,0,0,0,0,0,0,0,0,0,0,0,0,0,0,0,0,0,0,0,0,0,0,0,0,0,0,0
DHQ,Cu+2,3,xtb,-102.319,63.3476,17.7495,0,0.93907,4.48079,1.60045,1.28246,6.95973,0,0,4.22998,7.61747,0,1.95625,1.24734,7.42757,0,1.03687,0,9.57313,22.0832,18.9164,11.2204,0,0,0,0,10.6341,0,0,0,2.93607,28.5221,0,0,64.7739,1.24723,0,0,0,0,15.7763,0,0,6.96612,0,0,10.4524,0,115.859,0,0,16.5152,0,0,0,11.7226,0,0,8.09907,0,0,29.6076,0,0,0,3.18864,0,0,7.99598,0,0,73.3388,0,0,0,146.254,0,0,0,0,0,86.4356,0,0,0,401.123,0,271.63,111.328,0,0,0,85.1175,182.792,0,101.353,28.0497,0,0,0,0,0,7.87275,0,77.4956,0,2.16254,31.5735,0,18.8369,0,0,0,23.7054,0,0,0,0,166.141,8.32407,0,0,7.20001,0,8.56345,2.3378,0,13.109,0,0,101.09,0,107.538,0,0,0,0,0,17.6543,0,0,0,0,24.5957,0,0,0,3.77711,0,37.728,392.252,0,0,0,0,37.3119,0,0,70.4251,0,0,0,0,23.9597,0,0,0,16.0337,0,8.16324,19.363,0,0,0,3.57749,10.7771,0,0,60.3012,0,0,0,23.872,0,0,16.9604,0,0,0,0,0,32.7544,29.1718,0,0,0,0,42.5822,0,0,28.551,0,14.022,0,0,0,87.172,29.1545,0,0,0,0,153.233,0,0,82.4593,455.685,0,19.1228,21.1849,0,31.6118,0,75.406,50.0877,10.2808,0,22.8618,0,6.44321,0,0,0,15.7863,41.4676,0,0,226.495,90.7029,0,0,11.9415,0,157.248,0,34.8277,0,315.401,0,1.2402,0,48.1678,6.61501,0,219.585,0,38.6178,78.7802,86.1756,0,0,0,0,0,0,0,0,0,16.8796,0,0,17.0213,0,33.7105,51.7944,0,0,226.238,0,0,234.667,0,162.101,0,0,184.82,0,0,0,150.911,0,0,0,0,0,0,0,0,0,0,69.6443,0,0,0,0,0,0,0,0,0,0,0,0,0,0,0,0,0,0,0,0,0,0,0,0,0,0,618.067,0,0,0,0,0,0,113.272,0,154.45,0,0,604.952,0,0,0,0,0,0,180.828,0,0,0,0,0,0,0,0,0,0,0,0,0,0,0,0,0,0,0,0,0,0,0,0,0,0,0,0,0,0,0,0,0,0,0,0,0,0,0,0,0,0,0,0,0,0,0,0,0,0,0,0,0,0,0,0,0,0,0,0,0,0,0,0,0,0,0,0,0,0,0,0,0,0,0,0,0,0,0,0,0,0,0,0,0,0,0,0,0,0,0,0,0,0,0,0,0,0,0,0,0,0,0,0,0,0,0,0,0,0,0,0,0,0,0,0,0,0,0,0,0,0,0,0,0,0,0,0,0,0,0,0,0,0,0,0,0,0,0,0,0,0,0,0,0,0,0,0,0,0,0,0,0,0,0,0,0,0,0,0,0,0,0,0,0,0,0,0,0,0,0,0,0,0,0,0,0,0,0,0,0,0,0,0,0,0,0,0,0,0,0,0,0,0,0,0,0,0,0,0,0,0,0,0,0,0,0,0,0,0,0,0,0,0,0,0,0,0,0,0,0,0,0,0,18.9365,0,0,0,0,0,74.7258,0,0,0,16.834,0,0,25.6935,7.02825,0,0,0,0,0.06643,170.679,0,6.07701,9.69241,0,0,0,0,0,0,0,0,0,0,0,0,0,55.4523,0,0,0,0,182.174,0,0,0,0,0,0,0,0,0,525.317,0,0,0,35.2994,0,0,0,0,0,0,0,0,0,0,0,0,0,0,0,0,0,0,0,0,0,0,0,0,0,0,0,0,0,0,0,0,0,0,0,0,0,0,309.533,0,0,0,142.661,0,0,0,0,0,252.836,177.751,0,0,0,0,0,0,0,0,0,0,0,0,0,76.3703,0,75.224,0,0,56.4402,0,0,0,0,0,0,17.2616,129.002,0,0,0,0,0,0,0,0,0,0,0,0,0,0,0,0,0,0,0,0,0,0,0,0,0,0,0,0,0,0,0,0,0,0,0,0,0,0,0,0,0,0,0,0,0,0,0,0,0,0,0,0,0,0,0,0,0,0,0,0,0,0,0,0,0,0,0,0,0,0,0,0,0,0,0,0,0,0,0,0,0,0,0,0,0
DHY,Ni+2,3,xtb,-109.201,8.47531,0,5.85744,0.7562,2.68624,4.16448,0,0,5.21794,0,1.27945,4.62682,7.45821,0,4.47341,0,0,0,0,7.52303,0,0,9.17465,0.74131,1.814,0,0,14.2402,0,0,0,0,0,2.43805,0,17.1789,0,14.8444,0,0,0,36.6592,0,21.5427,0,5.7936,0,0,83.5601,0,22.2008,0,28.9753,23.8872,0,0,0,0,12.1493,0,33.0607,9.59851,0,0,6.57977,0,0,26.9587,0,14.2834,36.9601,0,0,34.5208,10.3688,0,46.5257,0,0,60.2892,51.1998,0,0,66.7332,0,7.18993,0,0,0,52.0979,0,0,0,0,26.5756,0,0,0,0.33694,0,0,12.1275,0,0,0,0,279.712,40.6584,0,0,0.81076,132.669,0,1.64699,68.0652,0,0,3.53561,0,119.78,0,167.284,16.843,0,0,0,0,16.9203,11.2403,0,41.4374,55.0306,0,274.43,19.4961,0,0,0,0,0,0,0,2.99188,0,6.8033,0,35.7151,0,0,7.13269,0,0,23.3536,0,0,0,0,0,0,0,0,0,0.41645,0,0,64.8526,7.78867,0,0,8.62147,15.5167,0,6.69114,0,0.1306,0,0,34.8786,0,0,0,166.125,0,0,0,42.5545,0,19.872,4.06407,0,0,0,0,2.38373,0,331.643,0,0,43.257,0,0,0,0,35.0004,0,18.2195,0,26.5144,0,3.12843,0,0,10.7314,0,4.23941,161.824,12.9565,53.0793,0,7.4569,31.5566,167.942,45.7047,0,36.2208,0,0,19.6704,0,0,0,5.0477,0,6.47234,12.7863,0,0,28.3886,0,218.537,56.7014,0,0,0,0,145.83,30.5394,32.0182,253.385,0,112.69,15.8657,0,35.3521,0,0,0,0,19.0377,0,0,113.872,0,0,0,0,0,0,0,109.556,0,4.04258,232.762,0,0,0,34.2768,0,13.0437,0,0,0,0,1.00733,110.898,96.1873,0,0,0,217.522,0,0,39.9594,0,0,0,0,0,0,0,0,0,0,24.8259,17.985,0,0,0,0,0,0,109.571,0,0,0,0,0,0,0,0,0,0,0,0,0,0,0,0,0,0,447.584,538.488,0,0,0,0,0,0,0,0,0,0,0,0,0,0,0,992.733,0,0,0,0,0,0,0,0,0,0,0,0,0,0,0,0,0,0,0,0,0,0,0,0,0,0,0,0,0,0,0,0,0,0,0,0,0,0,0,0,0,0,0,0,0,0,0,0,0,0,0,0,0,0,0,0,0,0,0,0,0,0,0,0,0,0,0,0,0,0,0,0,2585.42,0,0,0,0,0,0,0,0,0,0,0,0,0,0,0,0,0,0,0,0,0,0,0,0,0,0,0,0,0,0,0,0,0,0,0,0,0,0,0,0,0,0,0,0,0,0,0,0,0,0,0,0,0,0,0,0,0,0,0,0,0,0,0,0,0,0,0,0,0,0,0,0,0,0,0,0,0,0,0,0,0,0,0,0,0,0,0,0,0,0,0,0,0,0,0,0,0,0,0,0,0,0,0,0,0,0,0,0,8.52176,0,0,0,0,0,0,0,0,0,0,0,0,0,0,0,0,0,0,0,0,0,0,0,0,0,0,0,0,0,0,0,0,0,0,0,0,0,0,0,0,0,0,0,0,0,0,0,0,0,0,0,36.4182,0,0,27.9532,4.50595,17.9203,26.1367,0,0,20.4182,0,0,0,0,0,0,0,0,15.1536,0,52.7949,0,0,0,0,19.1028,0,0,0,27.8791,0,0,0,0,0,0,0,0,0,0,0,0,0.05891,0,0,0,0,0,2.34053,0,0,0,0,0,0,0,0,0,0,0,0,0,0,0,0,0,0,0,0,0,192.791,0,0,0,0,0,0,0,0,0,0,0,0,7.26789,0,0,0,0,0,0,0,4.78629,0,0,0,52.8753,0,0,0,22.2224,0,0,25.516,0,0,41.2309,147.882,0,0,0,0,0,0,0,0,0,0,0,0,0,0,0,0,0,0,0,0,0,0,0,0,0,0,0,0,0,0,0.37876,0,0,0,0,0,0,0,0,0,0,0,0,0,0,0,0,0,0,0,0,0,0,0,0,0,0,0,0,0,0,0,0,0,0,0,0,0,0,0,0,0,0,0,0,0,0,0,0,0,0,0,0,0,0,0,0,0,0,0,0,0,0,0,0,0,0,0,0,0,0,0,0
DIP,Ni+2,3,xtb,-96.9597,5.86101,0,1.76931,3.68327,0,5.27468,0,0,5.30657,1.09301,9.29633,0,11.731,0,8.5315,0,0,4.3255,0,0,2.78135,0,0.28714,0,1.7062,0,1.48968,0,0,12.8434,26.963,2.62426,4.58255,17.1975,0,0,0.39909,0,6.84961,0,12.6024,0,5.25278,0,0.69513,0.53017,0,0,3.8547,0,47.5728,18.9351,15.4422,0,0,0,0,43.1217,0,0,8.92125,33.4345,0,0,59.0392,35.085,0,0,0,0,50.248,0,24.5667,0,11.6553,0,8.38938,0,0,2.61214,0,0,0,0,181.538,0,68.5936,0,0,0,164.096,0,113.456,35.942,37.8201,0,0,0,158.003,0,0,48.377,0,0,0,0,0,33.5938,0,0,0,8.83904,0,0,45.5959,0,0,122.007,0,0,500.374,0,0,36.5502,0,0,116.925,0,0,102.972,49.4304,0,0,0,404.258,0,31.0997,0,0,0,0,28.3878,0,27.2948,0,0,0,0,0,0,0,0,0,0,7.86712,0,2.22428,0,0,0,0,0.79892,0,20.9625,0,0,13.9462,0,0,19.6205,0,0,0,15.5362,0,0,0,0,0,6.54687,4.54897,0,0,0,3.10035,0,0,0.93707,0,0,0,24.0627,0,5.37463,0,0,12.0546,0,0,0,2.20863,0,46.8154,2.08715,21.4886,8.38218,0,0,0,120.56,52.5789,6.36784,0,61.1476,0,0,174.339,0,0,99.6446,124.176,0,0,7.02328,3.63759,21.6269,0,0,0,13.869,0,0,0,24.5147,6.64531,0,0,0,0,74.2709,7.19082,0,5.07424,0,0,0,26.0683,23.5984,2.51159,2.50123,0,74.7521,0,21.1035,103.764,0,121.915,151.45,0,0,62.5509,0,7.70983,0,0,0,0,0,0,0,0,41.6111,0,5.93751,6.47326,0,0,0,0,28.311,0,62.0648,0,0,0,5.95212,0,0,232.246,5.82012,7.49604,6.74215,55.9261,0,0,130.093,0,0,0,0,0,0,0,0,0,0,0,0,0,0,0,0,0,0,0,0,0,0,0,0,0,0,0,411.478,0,524.897,0,0,0,0,0,0,0,255.635,0,0,0,0,0,0,0,542.352,0,0,0,0,0,0,0,0,0,0,0,0,0,0,0,0,0,0,0,0,0,0,0,0,0,0,0,0,0,0,0,0,0,0,0,0,0,0,0,0,0,0,0,0,0,0,0,0,0,0,0,0,0,0,0,0,0,0,0,0,0,0,0,0,0,0,0,0,0,0,0,0,0,0,0,0,0,0,0,0,0,0,0,0,0,0,0,0,0,0,0,0,0,0,0,0,0,0,0,0,0,0,0,0,0,0,0,0,0,0,0,0,0,0,0,0,0,0,0,0,0,0,0,0,0,0,0,0,0,0,0,0,0,0,0,0,0,0,0,0,0,0,0,0,0,0,0,0,0,0,0,0,0,0,0,0,0,0,0,0,0,0,0,0,0,0,0,0,0,0,0,0,0,0,0,0,0,0,0,0,0,0,0,0,0,0,0,0,0,0,0,0,0,0,0,0,0,0,0,0,0,0,0,0,0,0,0,0,0,0,0,30.9567,0,0,0,0,0,0,0,0,0,0,0,0,0,0,0,0,0,0,0,2.84296,0,0,0,0,0,0,13.5727,0,0.43359,5.51238,4.9343,0,31.0329,0,0,0,0,17.648,1.89575,0.51064,0,17.7316,26.6669,8.26467,25.1854,41.2096,20.7715,17.7711,0,18.1088,0,0,0,0,0,1.93647,0,0,0,0,0,0,0,0,0,0,0,0,0,0,0,0,0,0,0,0,0,0,0,0,0,141.121,0,0,0,0,0,0,0,0,0,0,0,210.259,0,0,0,0,0,0,0,0,0,0,0,0,0,0,390.945,0,23.95,0,0,0,0,0,0,0,0,0,0,135.977,0,0,0,0,0,0,0,0,0,0,0,0,0,0,0,0,0,0,0,0,0,0,0,0,0,0,57.3043,0,0,71.3214,0,0,0,0,0,0,43.2249,0,0,0,0,0,0,0,0,0,0,0,0,0,0,0,0,0,0,0,0,0,0,0,0,0,0,0,0,0,0,0,0,0,0,0,0,0,0,0,0,0,0,0,0,0,0,0,0,0,0,0,0,0,0,0,0,0,0,0,0,0,0,0,0,0,0,0,0,0,0,0,0,0,0,0,0,0,0
DKC,Ni+2,3,xtb,-98.2044,6.38961,0,4.34279,3.99078,13.0834,0.83376,4.94713,0,0.29422,0,19.4615,3.21553,0,0,5.62766,0,0,0,2.39684,6.67547,0,0,0,22.4448,4.53082,40.8999,20.3953,0,32.7638,0,0,10.3673,13.5948,6.45996,0,10.2114,0,0,16.2267,20.7276,0,15.9665,0,23.6755,0,54.3568,5.75857,0,46.8951,0,0,0,14.3497,0,0,0,0,25.0374,0,23.5766,8.4613,86.2767,4.77816,0,7.32794,0,0,0,25.7302,32.4101,0,0,20.5051,0,0,0,40.2516,57.1845,0,0,0,0,0,0,22.8389,0,0,14.7361,7.8967,0,0,0,69.4252,0,0,0,0,0,0,144.949,0,0,14.184,0,241.14,127.324,154.516,0,0,0,83.08,0,0,0,134.314,0,225.353,0,0,205.433,456.453,0,0,0,49.6523,0,0,0,76.0208,92.7245,0,0,0,0,0,0,20.3155,0,0,0,49.6569,0,0,78.6376,0,0,0,0,22.3966,0,0,0,0,0,0,0,0,6.79683,0,0,18.6531,0,0,0,10.9184,0,0,0,0,0,30.5253,15.0533,0,5.36132,0,22.0621,0,0,0,9.91348,0,0,0,0,34.7141,0,8.78009,0,0,8.45272,0,0,0,0,19.8185,0,0,4.53646,0,0,57.9355,0,34.4874,0,93.6729,0,0,0,0,0,44.9543,0,29.1497,0,0,456.496,36.7823,7.90766,35.2368,0,88.3006,0,58.9201,39.0428,0,0,12.8008,0,3.73311,0,0,12.4262,31.0247,0,17.1582,0,37.3996,0,0,0,27.197,0,0,0,11.599,58.4042,0,17.2419,43.2169,188.896,0,0,6.71028,0,0,44.2527,103.75,0,0,60.6558,0,0,9.55321,0,2.47476,0,123.943,0,0,0,0,0,0,0,0,0,0,7.9547,1.46796,0,0,0,0,0,11.9412,0,1.57951,6.55151,1.10937,0,0,0,164.885,71.4908,0,0,0,70.1177,0,67.8038,0,0,0,0,0,0,0,0,0,0,0,0,0,0,0,0,0,0,0,0,0,0,0,0,0,0,536.359,0,0,0,0,0,0,0,0,0,0,0,621.073,271.928,0,0,0,458.534,0,0,0,0,0,0,0,0,0,0,0,0,0,0,0,0,0,0,0,0,0,0,0,0,0,0,0,0,0,0,0,0,0,0,0,0,0,0,0,0,0,0,0,0,0,0,0,0,0,0,0,0,0,0,0,0,0,0,0,0,0,0,0,0,0,0,0,0,0,0,0,0,0,0,0,0,0,0,0,0,0,0,0,0,0,0,0,0,0,0,0,0,0,0,0,0,0,0,0,0,0,0,0,0,0,0,0,0,0,0,0,0,0,0,0,0,0,0,0,0,0,0,0,0,0,0,0,0,0,0,0,0,0,0,0,0,0,0,0,0,0,0,0,0,0,0,0,0,0,0,0,0,0,0,0,0,0,0,0,0,0,0,0,0,0,0,0,0,0,0,0,0,0,0,0,0,0,0,0,0,0,0,0,0,0,0,0,0,0,0,0,0,0,0,0,0,0,0,0,0,0,0,0,0,0,0,0,0,0,0,0,0,858.915,0,0,0,0,0.77387,0,5.74865,0,0,0,9.51514,0,0,38.7743,0,0,0.25799,0,0,0,0,0,0,0,0,29.6385,0,0,21.9184,12.0897,59.4888,6.91597,15.795,41.9312,0,37.8153,0,0,0,0,0,0,0,0,0,0,0,0,0,0,0,0,0,0,0,0,0,0,0,0,0,0,0,0,0,0,0,0,0,0,0,0,0,0,0,0,0,0,776.307,0,0,0,0,0,230.518,0,0,0,0,0,0,0,0,0,0,0,0,0,0,0,0,0,66.6597,0,0,0,0,0,6.60018,0,0,0,0,8.64088,0,0,55.8516,0,0,0,0,122.617,0,0,0,0,42.0197,0,0,117.929,0,0,0,0,0,0,0,0,0,0,0,0,0,0,59.4512,0,0,0,0,0,0,0,0,0,10.163,0,0,0,0,0,0,0,0,0,0,0,0,12.2365,0,0,0,0,0,0,0,0,0,0,0,0,0,0,0,0,0,0,0,0,0,0,0,0,0,0,0,0,0,0,0,0,0,0,0,0,0,0,0,0,0,0,0,0,0,0,0,0,0,0,0,0,0,0,0,0,0,0,0,0,0,0,0,0,0,0
DKN,Co+2,3,xtb,-103.43,16.1378,10.6258,0,0,0.0569,1.04352,8.1153,3.97493,0,6.82676,0,7.38404,0,0,14.4336,5.61032,0.45621,0,0,5.84259,0,1.41819,5.47232,0,8.28995,0,0,0.24742,0,15.0917,0,48.8748,7.22159,10.4866,0,0,0,0,42.2272,0,30.6903,0,7.46892,19.5235,0,9.73614,10.0623,0,0,0,0,33.3935,7.59738,0,0,81.2813,0,0,0,67.8231,0,31.3736,0,4.93175,25.5667,0,0,0,0,5.29997,0,0,20.9648,10.6313,38.9634,16.5001,82.8055,0,39.7788,29.0616,0,0,0,30.9252,0,166.399,0,0,0,0,20.4909,0,0,0,0,0,39.4096,0,0,0,3.34908,5.83387,0,0,233.307,0,64.0278,258.2,0,0,524.178,0,63.4537,0,0,0,95.2424,0,0,308.302,0,0,0,0,0,115.527,0,3.06652,0,0,0,120.054,0,0,17.252,0,0,0,0,28.2197,0,0,0,0,0,9.0326,343.919,0,280.997,0,0,0,0,0,0,0,0,2.10662,0,0,0,0,0,16.2388,0,0,8.67552,0,2.52909,0,0,30.1306,16.4728,0,0,0,0,21.1369,12.4454,0,44.7009,0,122.85,0,0,0,37.4843,0,0,42.8485,0,0,0,0,0,12.9981,0,0,54.1947,0,0,0,34.7903,27.5285,20.7173,0,53.0064,0,12.7914,9.75048,0,0,0,12.095,25.9933,169.676,0,8.51944,0,0,0,87.8172,0,0,0,0,58.8263,0,0.1732,0,12.6967,0,0,0,9.13308,0,15.6988,0,0,46.4959,0,1.53457,71.4335,59.8331,0,0,10.2643,36.1769,25.267,0,0,26.139,0,112.018,2.2322,0,0,20.5403,88.2828,0,64.1839,2.02479,0,0.85417,0,0,0,0,0,0,0,0,0,0,0,0,0,11.878,8.38879,0,0,0,1.83207,0,85.9055,0,0,0.90011,4.17995,79.9596,1.6274,144.642,0,0,0,0,0,202.872,0,0,0,0,0,0,0,0,22.3187,0,0,0,0,0,0,0,0,0,0,0,0,0,293.096,0,0,0,0,0,0,0,660.479,0,0,0,0,0,571.631,0,0,0,0,0,0,0,496.568,0,0,0,0,0,0,0,0,0,368.249,0,0,0,0,0,0,0,0,0,0,0,0,0,0,0,0,0,0,0,0,0,0,0,0,0,0,0,0,0,0,0,0,0,0,0,0,0,0,0,0,0,0,0,0,0,0,0,0,0,0,0,0,0,0,0,0,0,0,0,0,0,0,0,0,0,0,0,0,0,0,0,0,0,0,0,0,0,0,0,0,0,0,0,0,0,0,0,0,0,0,0,0,0,0,0,0,0,0,0,0,0,0,0,0,0,0,0,0,0,0,0,0,0,0,0,0,0,0,0,0,0,0,0,0,0,0,0,0,0,0,0,0,0,0,0,0,0,0,0,0,0,0,0,0,0,0,0,0,0,0,0,0,0,0,0,0,0,0,0,0,0,0,0,0,0,0,0,0,0,0,0,0,0,0,0,0,0,0,0,0,0,0,0,0,0,0,0,0,0,0,0,0,0,0,0,0,0,0,0,0,0,0,0,0,0,42.7451,0,0,0,0,0,0,0,0,0,0,0,0,11.6198,0,0,42.6098,0,0,0,26.9529,0,0,0,75.4487,31.8422,63.3382,0,78.713,0,0,0,11.5301,0,0,11.3193,13.267,3.80376,0,0,0,0,0,0,0,0,0,0,0,0,0,0,0,0,0,0,0,0,0,0,0,0,0,0,0,0,0,0,0,186.975,0,0,0,0,0,0,0,0,396.442,0,0,0,0,0,0,0,0,0,0,0,0,0,0,0,0,0,0,0,0,0,0,0,80.4745,0,0,0,0,39.6938,385.823,0,0,0,0,23.9479,0,0,0,0,47.1135,0,0,0,0,0,0,12.0999,0,141.651,0,0,0,0,0,0,0,0,0,0,0,0,0,0,0,0,0,0,0,0,0,48.2189,0,0,0,0,0,0,13.1922,0,0,16.46,0,0,0,0,0,0,0,0,0,0,0,0,0,0,0,0,0,0,0,0,0,0,0,0,0,0,0,0,0,0,0,0,0,0,0,0,0,0,0,0,0,0,0,0,0,0,0,0,0,0,0,0,0,0,0,0,0,0,0,0,0,0,0,0,0,0,0,0,0,0,0,0,0
DKR,Zn+2,3,xtb,-99.2467,20.4189,0,0,0.38426,1.17453,0,7.77086,4.72163,0,5.97334,0,0,7.57708,2.13252,3.85633,0,8.28355,0,0,5.51723,4.07391,0,29.2148,4.63622,39.3554,0,150.152,0,0,28.6004,0,17.3946,0,0,0,0,0,4.64003,24.6434,0,18.5004,0,47.7396,0,0,7.38297,0,2.95974,17.1884,28.3931,0,0,0,0,0,17.4934,0,25.3631,0,3.70241,0,19.8365,0,0,11.2009,3.40812,0,0,0,0,15.1392,0,6.59008,0,0,0,0,30.866,0,18.7624,0,0,0,0,0,0,78.6343,0,142.741,0,0,0,0,66.1804,8.40369,17.8238,0,0,0,99.7641,9.24993,0,0,0,0,45.0834,0,0,0,0,4.80193,0,27.9619,0,25.4264,0,0,5.63631,0,7.94711,0,0,77.5912,0,0,95.1681,0,0,0,0,65.3504,0,189.097,0,0,0,0,81.0551,73.6601,0,0,0,66.9849,0,0,2.98539,15.0016,0,0,0,0,0,0,0,0,0,16.0818,0,0,0,6.24543,0,0,0,0,0,20.3544,0,3.81571,0,1.39096,0,8.43129,19.9792,0,32.8866,0,30.0785,0,0,0,0,0,32.2813,0,0,0,0,0,151.916,136.01,0,72.7382,0,0,7.38034,25.4941,0,11.1289,0,0,0,19.2372,82.8368,5.46296,0,79.6547,0,10.6127,26.8537,0,0,0,28.5902,0,231.653,0,0,14.2896,23.4731,0,17.8513,0,0,0,1.42225,0,16.9867,9.03202,32.9458,0,60.2753,0,0,0,4.56124,0,3.38595,0,9.2533,87.3458,0,0,8.38608,0,4.16722,0,8.73478,0,0,0.99435,0,95.9752,12.0587,62.6979,82.0518,0,22.2407,0,569.685,7.62665,105.406,24.716,0,54.4421,0,108.84,0,0,0,0,0,0,0,0,30.9893,0,0,0,1.84928,0,0,14.6847,2.43496,0,0,4.42587,1.93493,10.9056,0,6.29761,0,0,354.109,353.004,0,0,0,22.5756,49.4349,0,0,0,0,0,0,0,0,0,681.74,0,0,0,0,0,0,0,0,636.674,0,0,0,0,0,0,0,0,0,0,0,0,0,0,0,0,0,0,0,0,767.452,0,0,454.009,0,571.758,0,0,0,0,0,0,0,0,0,0,0,0,0,0,0,0,0,0,0,0,0,0,0,0,0,0,0,0,0,0,0,0,0,0,0,0,0,0,0,0,0,0,0,0,0,0,0,0,0,0,0,0,0,0,0,0,0,0,0,0,0,0,0,0,0,0,0,0,0,0,0,0,0,0,0,0,0,0,0,0,0,0,0,0,0,0,0,0,0,0,0,0,0,0,0,0,0,0,0,0,0,0,0,0,0,0,0,0,0,0,0,0,0,0,0,0,0,0,0,0,0,0,1414.56,0,0,0,0,0,0,0,0,0,0,0,0,0,0,0,0,0,0,0,0,0,0,0,0,0,0,0,0,0,0,0,0,0,0,0,0,0,0,0,0,0,0,0,0,0,0,0,0,0,0,0,0,0,0,0,0,0,0,0,0,0,0,0,0,0,0,0,0,0,0,0,0,0,0,0,0,0,0,0,0,0,0,43.2213,0,0,0,0,0,0,0,0,0,0,0,0,0,472.358,0,0,739.915,0,0,0,0,42.9729,0,0,0,0,23.1199,0,0,0,18.325,0,89.9691,0,38.9513,52.3291,0,13.8867,8.84999,101.354,0,97.6002,0,0,0,14.1932,0,0,0,0,0,0,0,0,0,0,0,0,0,0,0,0,0,0,0,0,0,0,0,0,0,0,0,0,0,0,0,0,0,0,0,0,0,0,0,0,0,0,0,0,0,0,0,0,0,0,0,0,0,0,0,0,0,0,0,0,0,0,0,0,13.4529,0,0,2.15846,0,5.27824,0,0,0,0,1.20456,0,0,0,0,0,0,27.9027,3.83948,0,0,0,0,0,0,0,0,0,20.1589,0,0,0,0,0,0,0,0,0,0,0,9.29565,0,0,0,0,0,0,0,0,0,0,0,0,0,0,0,12.0326,0,0,0,0,0,0,0,0,0,0,0,0,0,0,0,0,0,0,0,0,0,0,0,0,0,0,0,0,0,0,0,0,0,0,0,0,0,0,0,0,0,0,0,0,0,0,0,0,0,0,0,0,0,0,0,0,0,0,0,0,0,0,0,0,0,0,0,0,0,0,0,0,0
DLC,Co+2,3,xtb,-98.8427,6.89939,0.8952,2.479,0,2.83427,0.89102,0.70427,0,0,3.81032,0,0,2.56407,10.605,7.57866,0,4.72592,6.07396,0,2.72618,0,0.35319,2.32332,4.50256,0,7.08358,5.69075,0,0,16.1769,0,0.64666,0,0,0,50.2573,0,3.38835,4.75114,0,44.1225,0,11.0348,0,10.4603,13.8065,0,23.2949,40.6033,0,0,0,79.9821,0,22.4804,0,0,15.1186,10.5138,0,0,44.0756,0,0,44.8593,0,79.8218,5.14219,0,8.12155,0,3.93863,0,0,0,0,4.66277,0,4.92317,0,20.8668,84.5788,0,0,0,0,7.25035,0,0,47.9081,0,0,4.62981,0,0,0,0,0,280.21,201.817,124.081,0,58.8053,217.189,63.1183,0,0,0,0,0,84.971,80.5294,0,0,0,16.0401,49.1817,109.814,0,0,0,0,113.438,0,0,0,0,0,132.855,0,111.602,0,0,0,0,0,0,0,0,27.4355,0,0,46.4308,0,15.8484,0,399.485,0,0,0,0,144.227,0,175.656,0,0,0,0,0,0,0,0,28.8811,0,0,1.26254,0,0,12.5619,0,0,12.5549,0,0,23.3723,0,0,1.26871,0,20.8181,0,3.89966,0,0,0,0,2.38883,0,1.43985,0,96.5166,0,0,0,3.12315,0,0,18.0641,0,0,0,0,0,90.3547,0,0,0,52.7763,0,0,68.092,0,0,14.4588,0,0,0,144.927,37.0837,0,19.5638,65.6826,100.077,0,0,6.83352,22.7637,0,0,0,0,0,52.0203,0,0,10.2248,4.61799,99.8572,72.3691,34.777,0,0,96.1335,53.2715,0,0,2.75007,0,6.9135,0,0,3.90801,54.4637,0,0,0,0,0,4.38857,9.59769,0,0,0,0,0,0,0,0,0,0,8.13948,0,0,3.95185,0,27.0022,145.287,110.222,0,14.3643,0,0,0,0,4.68193,0,98.6602,0,142.701,0,9.7469,0,76.2125,197.089,58.336,0,0,0,0,0,0,0,0,0,0,0,0,0,0,0,0,0,0,0,0,0,0,0,0,479.399,0,0,0,0,0,0,424.132,0,0,0,0,0,0,0,0,0,0,0,0,0,0,0,0,0,0,0,0,412.138,0,0,0,0,447.438,0,0,0,0,0,0,0,0,0,0,0,0,0,0,0,0,0,0,0,0,0,0,0,0,0,0,0,0,0,0,0,0,0,0,0,0,0,0,0,0,0,0,0,0,0,0,0,0,0,0,0,0,0,0,0,0,0,0,0,0,0,0,0,0,0,0,0,0,0,0,0,0,0,0,0,0,0,0,0,0,0,0,0,0,0,0,0,0,0,0,0,0,0,0,0,0,0,0,0,0,0,0,0,0,0,0,0,0,0,0,0,0,0,0,0,0,0,0,0,0,0,0,0,0,0,0,0,0,0,0,0,0,0,0,0,0,0,0,0,0,0,0,0,0,0,0,0,0,0,0,0,0,0,0,0,0,0,0,0,0,0,0,0,0,0,0,0,0,0,0,0,0,0,0,0,0,0,0,0,0,0,0,0,0,0,0,0,0,0,0,0,0,0,0,0,0,0,0,0,0,0,0,0,0,0,0,0,0,0,0,0,0,0,0,0,0,0,0,0,3.8681,6.41781,0,0,0,0,21.2134,2.41891,0,0,0,0,3.25515,46.5329,0,10.1837,0,0,1.26146,0,1.73477,0,0,0,16.3872,38.4766,80.1686,0,0,631.356,13.641,0,0,0,0,0,0,0,0,0,0,0,0,0,0,0,0,0,0,0,0,0,0,0,0,0,0,0,0,0,0,0,0,0,0,0,242.819,0,0,0,0,0,0,0,0,0,0,0,0,0,0,0,0,0,0,416.061,0,0,15.2922,0,292.923,0,0,0,0,0,0,0,0,0,22.6244,0,0,61.6912,71.8518,323.487,0,0,0,0,0,31.6098,0,0,0,0,0,0,0,0,0,0,0,0,0,22.6541,0,0,0,0,0,0,0,25.4098,0,0,0,0,0,0,0,0,0,0,20.0562,35.3484,0,0,0,0,0,0,0,0,0,0,0,0,0,0,0,0,0,0,0,0,0,0,0,0,0,0,0,0,0,0,0,0,0,0,0,0,0,0,0,0,0,0,0,0,0,0,0,0,0,0,0,0,0,0,0,0,0,0,0,0,0,0,0,0,0,0,0,0,0,0,0,0,0
DLM,Cu+2,3,xtb,-95.1882,13.506,0.81756,1.51615,0,2.35821,4.80018,5.64201,1.9975,0,14.1764,0,2.92156,0,17.0115,0,0,5.14978,1.8584,4.69918,0,1.91307,4.18705,0,0,0,3.0219,0,9.40344,11.025,0,0.77549,0,0,38.0941,0,9.95272,0,0,0,7.83539,9.42384,0,0,0,0,95.3062,0,0,32.1059,5.42292,17.2099,0,0,16.2324,0,1.71611,0,0,16.1201,5.16432,0,0,0,0,0,0,1.11898,0,6.33535,0,11.2212,0.91323,0,0,0,27.5222,0,0,0,0,0,0,0,51.3574,0,0,507.257,0,0,49.5417,9.51447,0,0,0,24.5109,0,32.5702,0,121.575,0,0,3.86686,0,0,598.973,0,0,0,77.6793,0,0,0,72.4829,38.003,0,0,0,40.5095,0,0,0,87.2849,0,0,0,0,162.783,0,0,15.0161,0,0,99.3345,0,75.1648,0,4.41751,0,0,39.7033,0,0,0,0,0,0,0,0,0,4.07525,0,0,0,0,0,0,0,0,0,0,0.23604,0,0,0,6.10457,0,0,0,14.9908,0,7.48951,0,42.2649,0,0,12.4377,7.85016,0.05273,0,0,9.42194,31.3727,0,0,0,0,0,2.57003,17.3419,2.83036,0,0,107.361,0,0,0,0,10.5311,0,4.91472,0,0,15.8951,0,41.209,74.1355,0,0,194.434,0,11.7135,0,0,50.7041,0,0,60.1898,50.0795,28.4025,100.842,87.3584,0,0,0,0,11.5413,0,0,19.0704,27.8999,0,28.9786,27.9138,4.03306,0,0,0,12.5837,0,11.6938,0,0,12.526,0,0,16.7808,0,0,146.366,0,18.9759,0,166.838,0,52.6705,0,219.662,78.6911,0,0,0,3.52761,0,0,0,0,0,0,109.793,0,0,4.49205,11.3021,0,22.9162,17.8234,0,0,0,0,0,0,2.70885,0,7.04864,0,0,254.365,5.59498,0,129.009,10.9327,0,96.9669,0,0,0,0,0,0,0,0,0,0,0,0,0,0,0,0,0,0,0,0,0,0,0,0,96.9963,0,0,0,0,0,0,0,0,204.534,0,0,0,0,0,0,0,0,88.9754,0,0,0,0,0,0,0,364.558,0,0,0,0,0,0,0,0,0,0,0,0,0,0,0,0,0,0,0,0,0,0,0,0,0,0,0,0,0,0,0,0,0,0,0,0,0,0,0,0,0,0,0,0,0,0,0,0,0,0,0,0,0,0,0,0,0,0,0,0,0,0,0,0,0,0,0,0,0,0,0,0,0,0,0,0,0,0,0,0,0,0,0,0,0,0,0,0,0,0,0,0,0,0,0,0,0,0,0,0,0,0,0,0,0,0,0,0,0,0,0,0,0,0,0,0,0,0,0,0,0,0,0,0,0,0,0,0,0,0,0,0,0,0,0,0,0,0,0,0,0,0,0,0,0,0,0,0,0,0,0,0,0,0,0,0,0,0,0,0,0,0,0,0,0,0,0,0,0,0,0,0,0,0,0,0,0,0,0,0,0,0,0,0,0,0,0,0,0,0,0,0,0,0,0,0,0,0,0,0,0,0,0,0,0,0,0,0,0,0,0,0,0,0,7.93416,0,0,0,0,0,0,0,0,0,0,0,0,0,0,0,0,34.5316,0,3.07428,0,0,18.8495,0,0,14.8941,0,0,22.8225,0,4.4506,0,0,1.09965,32.6714,0,0,5.16923,13.7297,64.4968,17.8426,19.0001,34.8819,0,0,0,1.4282,0,0,0,0,0,0,0,0,0,0,0,0,0,0,0,0,0,0,0,0,0,0,0,0,0,0,0,0,0,0,0,0,0,0,0,0,0,0,0,0,0,0,0,0,0,0,201.726,0,0,0,0,0,0,0,0,0,0,6.44806,0,0,0,0,0,177.668,0,0,0,0,0,68.338,74.1994,0,0,0,0,0,0,0,0,0,0,0,0,0,0,0,0,0,0,102.089,0,0,0,0,0,0,0,0,0,0,22.0056,166.281,0,0,0,0,0,0,0,0,0,0,0,0,0,0,0,0,0,0,0,0,0,0,0,0,0,0,0,0,0,0,0,0,0,0,0,0,0,0,0,0,0,0,0,0,0,0,0,0,0,0,0,0,0,0,0,0,0,0,0,0,0,0,0,0,0,0,0,0,0,0,0,0,0,0,0,0,0,0,0,0,0,0,0
DMS,Zn+2,3,xtb,-76.0447,14.0329,2.49478,2.75353,0,6.69445,0,0,0,0,0.09184,0,7.89459,6.89952,4.02957,0,0,0,10.4967,0,0,0,2.45636,3.27169,0,0,12.1763,18.3172,0,0,0.25513,0,0,16.7163,0,6.03912,0,0,0,4.03089,0,2.29562,0,0,0,16.0549,0,0,3.54916,0,0,0,24.0216,4.92812,0,0,26.377,0,66.935,0,56.6242,0,9.1138,0,0,0,0,0,0,30.4094,0,0,0,0,44.4445,0,12.7245,0,0,0,0,23.8616,0,0,0,0,0,0,9.15538,0,0,22.9907,0,0,0,0,20.3247,0,0,38.2124,0,0,0,22.8503,0,26.5891,0,0,0,0,0,0,0,3.81057,0,0,48.7323,0,0,0,0,0,29.5275,0,0,0,61.9836,0,18.8046,0,10.196,0,0,0,0,0,0,5.51752,0,0,0,15.1914,0,0,39.5811,0,0,0,0,0,0,0,0,6.05768,0,0,55.9552,0,0,0,0,0,0,36.9366,0,0,0,0,0,60.2315,0,0,64.0683,0,0,13.4949,0,11.0573,0,2.99096,0,0,50.1892,0,0,0,0,5.85711,0,0,84.6124,0,0,38.1548,0,0,35.0942,0,0,0,38.3249,0,0,0,0,114.929,0,10.1201,0,39.5851,171.822,0,72.5857,57.8844,0,0,0,59.2608,0,0,107.614,0,0,0,0,0,2.98713,0,36.4922,0,0,0,3.30947,31.822,0,0,0,0,0,0,48.7806,0,18.1975,0,116.661,62.3003,0,0,0,0,256.594,20.2621,0,23.148,0,124.615,33.3685,61.6879,0,53.2576,0,35.7798,342.524,0,0,0,0,0,0,0,0,0,0,0,0,0,0,1.82648,0,0,4.79923,8.92764,1.69151,4.82876,0,21.8948,0,0,0,0,0,0,0,51.5912,0,0,0,0,0,0,0,0,0,0,0,0,0,0,0,0,0,0,0,0,0,0,0,0,0,0,0,0,0,0,0,0,0,0,0,187.7,0,0,0,387.872,0,0,0,1043.17,0,0,0,0,0,0,0,0,0,0,0,0,0,0,0,0,0,0,0,0,0,0,0,0,0,0,0,0,0,0,0,0,0,0,0,0,0,0,0,0,0,0,0,0,0,0,0,0,0,0,0,0,0,0,0,0,0,0,0,0,0,0,0,0,0,0,0,0,0,0,0,0,0,0,0,0,0,0,0,0,0,0,0,0,0,0,0,0,0,0,0,0,0,0,0,0,0,0,0,0,0,0,0,0,0,0,0,0,0,0,0,0,0,0,0,0,0,0,0,0,0,0,0,0,0,0,0,0,0,0,0,0,0,0,0,0,0,0,0,0,0,0,0,0,0,0,0,0,0,0,0,0,0,0,0,0,0,0,0,0,0,0,0,0,0,0,0,0,0,0,0,0,0,0,0,0,0,0,0,0,0,0,0,0,0,0,0,0,0,0,0,0,0,0,0,0,0,0,0,0,0,0,0,0,0,0,0,105.893,0,0,0,0,0,0,142.861,0,0,118.142,0,0,0,0,0,0,0,0,0,0,0,0,0,0,0,28.3124,0,77.0084,0,0,0,0,0,80.1391,0,0,0,0,0,806.176,0,22.0806,23.5421,0,11.9791,0,11.9311,0,0,0,7.39391,0,0,0,15.0378,0,0,0,0,0,0,0,0,0,0,0,0,0,0,0,0,0,0,0,0,0,0,0,0,0,0,0,0,0,0,0,0,0,0,0,0,0,0,0,0,0,0,0,0,0,0,0,0,0,0,0,0,0,0,0,0,0,0,0,0,0,0,0,0,1.49082,0,0,0,1.63052,0,0,0,0,0,0,0,0,0,0,0,0,0,0,0,0,0,0,0,0,0,21.1075,0,0,0,0,0,0,0,0,0,0,0,0,0,0,0,0,0,0,0,0,0,0,0,0,0,0,0,0,0,0,0,0,0,0,0,0,0,0,0,0,0,0,0,0,0,0,0,0,0,0,0,0,0,0,0,0,0,0,0,0,0,0,0,0,0,0,0,0,0,0,0,0,0,0,0,0,0,0,0,0,0,0,0,0,0,0,0,0,0,0,0,0,0,0,0,0,0,0,0,0
DMY,Co+2,3,xtb,-109.382,4.51676,1.42456,0,3.36808,0,4.94019,0,10.1911,9.71305,1.34248,4.43325,0,16.1632,0,9.8209,54.8732,0,20.2126,0,0,4.03016,0,0,0.53818,0,26.6752,1.00047,0.99001,6.3907,0,0,21.444,15.22,0,0,2.63223,0,0,31.2783,8.58052,0,0,0,11.2389,3.29037,0,57.3679,0,79.0513,0,0,0,0.84836,0,0,3.37821,0,0,29.2033,0,0,9.95934,0,0,0,0,25.0329,0,11.3369,8.01214,9.22967,0,0,15.6468,0,103.754,0,0,8.85649,0,0,4.59642,0,0,0,28.4255,0,0,46.4591,4.00602,0,53.0674,0,0,5.11222,67.5646,0,0,0,302.721,155.901,36.2161,0,257.168,0,0,28.2128,5.45745,0,0,65.8779,875.2,277.802,2.67771,0,112.929,0,0,0,0,0,149.349,0,0,0,15.0673,0,0,72.8359,0,27.8777,0,44.0294,0,0,0,0,10.9537,0,0,0,46.9727,0,0,0,48.07,0,0,4.28739,0,2.50423,0,0,0,25.4905,21.6319,0,0,0,0,0,0,3.36682,17.8084,0,0,0,7.49417,0,0,0,0,15.3643,0,2.71741,2.16888,5.50491,0,0,5.43627,2.34875,0,0,0,0,1.75746,15.2912,0,0,0,1.8312,57.8056,0,10.0904,1.82987,0,0,0,0,0,0,0,0,0,70.1888,0,0,23.9444,12.767,72.8582,0,0,171.512,0,16.3331,26.4203,71.3738,0,0,0,77.9554,13.0007,0,20.7445,12.7182,0,0.57672,19.7781,5.30787,0,0,22.3561,0,0,7.5997,0,44.5463,0,28.0158,29.3532,53.4074,0,0.35043,18.1639,0,55.6462,0,35.2215,0,0,0,57.2408,99.1234,0,10.4995,44.1865,20.2322,0,0,0,0,0,0,0,0,0,0,0,0,0,0,0,0,19.8506,4.66456,196.882,0,0,1.44115,8.65501,5.34465,0,0,0,1.52841,1.70361,45.9883,0,245.88,25.3209,0,0,0,0,0,153.954,0,0,0,2.05402,0,0,0,0,0,0,0,0,0,2.26937,0,0,0,0,0,0,0,0,0,0,182.381,0,0,0,0,0,0,0,0,0,0,408.128,0,0,0,0,0,0,0,0,0,0,329.052,0,0,0,0,0,506.589,0,0,0,0,0,0,0,0,0,0,0,0,0,0,0,0,0,0,0,0,0,0,0,0,0,0,0,0,0,0,0,0,0,0,0,0,0,0,0,0,0,0,0,0,0,0,0,0,0,0,0,0,0,0,0,0,0,0,0,0,0,0,0,0,0,0,0,0,0,0,0,0,0,0,0,0,0,0,0,0,0,0,0,0,0,0,0,0,0,0,0,0,0,0,0,0,0,0,0,0,0,0,0,0,0,0,0,0,0,0,0,0,0,0,0,0,0,0,0,0,0,0,0,0,0,0,0,0,0,0,0,0,0,0,0,0,0,0,0,0,0,0,0,0,0,0,0,0,0,0,0,0,0,0,0,0,0,0,0,0,0,0,0,0,0,0,0,0,0,0,0,0,0,0,0,0,0,0,0,0,0,0,0,0,0,0,0,0,0,0,0,0,0,0,0,0,0,0,0,0,0,0,0,0,0,0,0,0,14.5261,0,0,0,0,0,0,0,0,0,0,0,0,31.6727,0,0,0,17.1324,0,0,0,0,0,0,33.3726,0,0,23.9262,18.1456,8.77747,11.9653,28.7815,0,23.2602,0,0,75.2005,0,9.51771,2.90701,0,1.68284,0,0,0,5.87279,23.4555,0,0,39.2763,20.6993,0,0,0,0,0,0,0,0,0,0,0,0,0,0,0,0,0,0,0,0,0,0,0,0,0,0,0,0,0,0,0,0,0,0,0,0,0,0,0,0,0,0,0,0,0,0,0,15.2908,0,0,0,0,0,0,0,0,47.759,115.274,0,0,0.96064,0,0,0,0,0,0,0,0,0,0,0,0,0,0,43.427,0,0,0,0,0,117.083,0,0,0,0,46.2565,0,0,0,0,0,48.2523,0,0,0,0,68.2752,0,0,24.4936,41.413,0,0,0,0,0,0,0,0,0,0,0,0,0,0,0,0,0,0,0,0,0,0,0,0,0,0,0,0,0,0,0,0,0,0,0,0,0,0,0,0,0,0,0,0,0,0,0,0,0,0,0,0,0,0,0,0,0,0,0,0,0,0,0,0,0,0,0,0,0,0,0,0,0,0,0,0,0,0,0,0,0
DNC,Cu+2,3,xtb,-94.2164,9.47948,3.59437,2.49956,1.97878,5.0193,1.36068,4.82783,3.50967,10.0879,6.76011,0,8.17022,12.8956,0,19.1756,0,2.41948,2.16678,26.4092,10.6118,3.77776,0,0,0,0,3.97954,0,0,4.24384,3.73608,5.05667,0,0,6.13176,0,0,0,5.76947,50.9304,0,0,14.6917,28.6304,19.2822,0,0,55.7668,25.862,4.38437,0,0,26.5109,0,0,41.1719,0,0,0,13.639,7.31094,0,0,0,0,9.35563,0,0,0,0,10.1049,0,0,0,0,124.988,50.1085,16.0585,0,0,0,39.6706,0,0,0,0,0,44.3752,3.2553,0,0,0,0,0,413.242,0,127.071,0,0,38.4991,0,0,346.485,27.6361,0,0,343.61,0,663.242,91.9537,0,0,0,0,36.6043,0,30.9201,325.067,0,0,0,3.8713,0,0,0,205.866,14.1336,0,0,20.3517,0,14.3609,16.8718,0,0,0,0,0,0,73.4864,0,0,0,4.85157,78.0331,0,0,0,0,0,0,0,0,0,0,0,20.3608,0,0,0,0,5.65565,0,0,24.1873,0,0,25.7445,0,0,0,0,573.503,0,0,93.6128,0,35.3676,4.61961,0,0,1.10063,0,0,0,0,0,25.0438,0,0,0,0,0,99.8453,0,0,22.7555,0,0,0,0,0,0,0,18.9471,12.4535,10.8855,0,19.0102,0,0,0,0,0,0,0,0,16.1314,0.87732,0,223.076,0,0,0,66.85,7.41401,0,0,49.4455,0,34.7395,0,69.6517,0,19.8283,14.6525,0,0,0,12.9214,74.9334,0,13.8825,0,0,0,7.62134,0,45.9805,0,0,33.2948,0,0,0,357.031,0,1.57396,0,0,0,110.083,0,0,0,0,0,0,0,0,0,55.8184,0,21.3507,0,0,27.1931,8.24871,0,0,140.889,0,0,142.476,0,0,0,0,197.117,0,0,106.314,80.0542,0,0,0,0,0,0,0,0,0,39.8053,0,0,0,0,0,0,0,0,245.934,0,0,0,0,0,0,0,0,0,0,0,0,0,0,0,0,0,0,0,0,337.795,0,0,0,0,491.372,0,0,0,0,0,0,505.319,0,0,342.899,0,0,0,0,0,0,0,0,0,0,0,0,0,0,0,0,0,0,0,0,0,0,0,0,0,0,0,0,0,0,0,0,0,0,0,0,0,0,0,0,0,0,0,0,0,0,0,0,0,0,0,0,0,0,0,0,0,0,0,0,0,0,0,0,0,0,0,0,0,0,0,0,0,0,0,0,0,0,0,0,0,0,0,0,0,0,0,0,0,0,0,0,0,0,0,0,0,0,0,0,0,0,0,0,0,0,0,0,0,0,0,0,0,0,0,0,0,0,0,0,0,0,0,0,0,0,0,0,0,0,0,0,0,0,0,0,0,0,0,0,0,0,0,0,0,0,0,0,0,0,0,0,0,0,0,0,0,0,0,0,0,0,0,0,0,0,0,0,0,0,0,0,0,0,0,0,0,0,0,0,0,0,0,0,0,0,0,0,0,0,0,0,0,0,0,0,0,0,0,0,0,0,0,0,0,0,0,0,0,0,0,0,0,0,0,0,0,0,0,0,0,0,0,0,0,0,0,0,8.95051,0,0,5.92395,0,0.40287,0,0,23.3002,0,3.26111,0,3.51714,0,0,0,4.13303,0,0,0,7.71534,0,0,0,0,0,0,0,0,0,0,0,0,0,0,0,0,0,0,0,0,0,0,0,0,0,0,0,0,0,333.71,0,0,0,0,0,0,0,0,0,0,0,0,0,0,0,0,0,0,0,0,0,82.7072,0,0,0,0,0,0,0,0,0,154.258,0,0,0,0,0,0,0,57.7813,0,0,113.546,0,0,0,0,0,0,0,0,0,6.05106,0,0,0,42.6549,0,0,0,0,0,0,0,0,0,0,0,0,0,0,20.9409,127.641,0,0,0,0,65.2561,0,0,68.4836,64.0493,0,0,29.4961,0,0,0,0,0,0,0,0,0,0,0,0,0,0,0,0,0,0,0,0,0,0,0,0,0,0,0,0,0,0,0,0,0,0,0,0,0,0,0,0,0,0,0,0,0,0,0,0,0,0,0,0,0,0,0,0,0,0,0,0,0,0,0,0,0,0,0,0,0,0,0,0,0,0,0,0,0,0,0,0
DNT,Zn+2,3,xtb,-79.2903,6.98036,0,0,0,1.77818,2.79164,0,3.18759,0,0,0,8.46807,5.69804,0.26584,1.94227,0,0,7.191,2.29742,0,0,0,21.2626,0,0.53847,0,0,0,2.8071,0.48754,2.87227,0,0,0,0,16.1922,31.7325,0,7.69432,0,10.0648,0,0,5.81167,0,0,13.9887,0,0,0,24.4665,0,0,0,35.3701,0,4.10808,0,0,7.17913,0,0,0,58.7617,0,0,0,16.7969,0,0,0,0,0,0,28.9046,0,0,0,0,43.7607,0,0,0,0,13.8224,0,39.7734,0,0,0,0,0,41.7638,0,0,154.361,0,17.4686,26.4401,0,0,0,0,0,28.0065,0,0,0,59.8638,0,0,0,0,53.5663,0,49.9368,0,0,14.3474,0,0,0,0,0,8.96645,34.3951,0,30.7885,0,0,0,0,0,113.483,0,105.423,0,0,232.073,0,0,0,0,0,191.82,0,0,60.8068,0,0,0,0,0,0,0,0,0,0,0,0,0,0,33.9925,0,0,16.044,0,0,0,0,0,0,28.1296,92.1504,0,0,0,28.486,2.53355,0,0,0,0,0,22.1081,0,22.9465,0,0,77.775,0,82.5078,0,0,15.5648,0,0,18.2486,0,0,0,0,0,0,87.5993,59.3719,0,17.7994,126.884,103.994,0,52.2081,0,0,0,0,0,18.8751,21.0933,0,8.58511,85.8898,0,103.049,0,21.1472,0,0,0,0,227.993,0,0,49.4162,0,0,0,0,0,64.6677,0,68.2924,49.4235,0,39.6137,0,0,0,19.5394,44.3331,0,0,116.418,0,12.7914,54.1935,0,0,52.499,453.729,0,0,0,0,15.2075,0,0,0,0,0,0,0,0,0,0,0,0,0,23.6575,0,19.7783,0,0,0,74.1365,0,0.5316,0,0,1.47708,0,0,57.4611,0,0,0,0,0,0,0,0,0,0,0,0,0,0,0,0,0,0,0,0,0,0,0,0,0,0,0,0,0,205.375,0,0,0,0,0,0,0,0,0,0,0,0,0,0,0,440.063,0,1150.75,0,0,0,308.051,0,0,0,0,0,0,0,0,0,0,0,0,0,0,0,0,0,0,0,0,0,0,0,0,0,0,0,0,0,0,0,0,0,0,0,0,0,0,0,0,0,0,0,0,0,0,0,0,0,0,0,0,0,0,0,0,0,0,0,0,0,0,0,0,0,0,0,0,0,0,0,0,0,0,0,0,0,0,0,0,0,0,0,0,0,0,0,0,0,0,0,0,0,0,0,0,0,0,0,0,0,0,0,0,0,0,0,0,0,0,0,0,0,0,0,0,0,0,0,0,0,0,0,0,0,0,0,0,0,0,0,0,0,0,0,0,0,0,0,0,0,0,0,0,0,0,0,0,0,0,0,0,0,0,0,0,0,0,0,0,0,0,0,0,0,0,0,0,0,0,0,0,0,0,0,0,0,0,0,0,0,0,0,0,0,0,0,0,0,0,0,0,0,0,0,0,158.393,0,0,0,0,0,0,0,0,0,0,0,0,0,0,0,0,96.6344,0,0,0,0,0,0,0,0,0,0,0,0,33.1397,104.456,0,0,0,0,0,0,0,46.2371,0,0,0,0,0,0,0,0,23.0552,0,20.4732,0,100.147,0,53.0187,0,0,378.817,0,0,14.4086,0,0,0,0,0,0,0,0,0,0,0,0,0,0,0,0,0,0,0,0,0,0,0,0,0,0,0,0,0,0,0,0,0,0,0,0,0,0,0,0,0,0,0,0,0,0,0,0,0,0,0,0,0,0,0,0,0,0,0,0,0,0,0.85804,0,0,0,240.559,0,0,7.10436,0,0,0,0,0,0,0,0,0,0,0,0,0,0,0,0,0,0,18.3247,0,13.8796,0,0,0,0,0,0,0,0,0,0,0,0,0,0,0,0,0,0,0,0,0,0,0,0,0,0,0,0,0,0,0,0,0,0,0,0,0,0,0,0,0,0,0,0,0,0,0,0,0,0,0,0,0,0,0,0,0,0,0,0,0,0,0,0,0,0,0,0,0,0,0,0,0,0,0,0,0,0,0,0,0,0,0,0,0,0,0,0,0,0,0,0,0,0,0,0,0,0
DNV,Ni+2,3,xtb,-98.0661,14.4163,5.34421,1.81192,0,0.58659,0.38624,0,3.709,2.05675,0,0,0,3.29655,0,4.96288,0,8.97514,0,13.984,0,4.3873,0,4.80885,6.2422,0,1.8309,0,0,0,4.57286,3.6826,18.3133,5.93197,0,0,1.80701,0,11.61,1.08585,16.9674,0,0,0,0,8.24977,0,0,0.21494,0,0,15.2821,9.06668,0,0,23.3501,0,25.6631,23.2428,0,0,0,0,15.8666,8.45289,8.0419,0,0,0,8.84286,0,3.14843,4.1949,0,0,81.3263,2.99869,0,19.7536,45.0975,0,0,0,94.016,0,0,52.5898,61.585,0,10.2517,0,0,0,15.9776,0,0,51.4579,0,0,0,39.868,416.839,0,24.581,0,106.395,0,0,63.4215,98.7572,0,119.83,302.578,0,0,0,0,0,17.3827,0,0,50.7938,0,0,53.4377,185.946,0,86.1531,0,0,0,10.1978,0,0,0,0,0,44.9731,0,0,0,0,402.313,0,0,0,0,0,0,0,0,406.049,0,0,0,0,0,0,0,0,0,0,0,12.8159,0,0,0,31.5182,0,0,18.0529,0,10.9243,0,29.5172,0,0,1.00769,0,1.74768,7.58411,0,0,0,4.30807,0,3.89804,0,0,69.8757,73.1268,0,0,0,0,0,0,19.9701,0,0,0,0,13.2574,0,0,15.5639,0,27.1166,0,0,6.18107,0,42.9306,0,0,117.499,0,110.078,0,119.574,0,117.313,0,5.77853,0,0,15.384,0,0,0,31.0752,0,0,0,15.7202,53.9589,0,0,146.627,0,9.78615,0,0,6.3403,0,0,0,13.1819,0,0,0,129.432,0,14.4245,11.589,0,40.1484,196.866,156.395,0,0,0,50.8948,0,0,0,0,0,0,0,0,4.07447,0,0,0,3.76263,20.1584,0,0,0,0,15.2961,0,0,0,88.3663,0,0,0,184.082,0,5.13933,5.21088,70.1098,0,0,83.3498,0,0,0,0,118.601,0,0,0,0,0,0,0,0,0,0,0,0,0,0,0,0,0,0,0,0,0,0,0,0,0,0,0,523.953,392.997,0,134.079,0,0,948.08,0,0,0,0,0,0,0,0,0,0,0,0,0,556.196,0,0,0,0,0,0,0,0,0,0,0,0,0,0,0,0,0,0,0,0,0,0,0,0,0,0,0,0,0,0,0,0,0,0,0,0,0,0,0,0,0,0,0,0,0,0,0,0,0,0,0,0,0,0,0,0,0,0,0,0,0,0,0,0,0,0,0,0,0,0,0,0,0,0,0,0,0,0,0,0,0,0,0,0,0,0,0,0,0,0,0,0,0,0,0,0,0,0,0,0,0,0,0,0,0,0,0,0,0,0,0,0,0,0,0,0,0,0,0,0,0,0,0,0,0,0,0,0,0,0,0,0,0,0,0,0,0,0,0,0,0,0,0,0,0,0,0,0,0,0,0,0,0,0,0,0,0,0,0,0,0,0,0,0,0,0,0,0,0,0,0,0,0,0,0,0,0,0,0,0,0,0,0,0,0,0,0,0,0,0,0,0,0,0,0,0,0,0,0,0,0,0,0,0,0,0,0,0,0,0,0,0,0,0,0,0,0,0,0,0,0,13.097,0,12.4246,0,0,0,0,0,13.7867,0,0,6.42764,16.3309,0,0,9.35897,0,0,0,33.2313,0,13.4107,0,0,0,29.2548,7.75878,41.2818,76.9788,0,0,0,0,0,0,0,0,0,0,0,0,0,0,0,0,0,0,679.792,0,0,0,0,0,0,0,0,0,0,0,422.739,0,0,0,0,0,0,0,0,0,0,0,0,0,0,0,0,0,0,0,0,0,0,0,0,0,0,0,0,9.18082,0,0,0,0,0,0,0,0,0,0,194.738,11.0257,23.6319,0,0,0,0,0,0,0,0,0,52.6803,0,0,0,0,0,0,0,0,0,0,0,0,14.3799,0,0,0,0,0,46.2294,0,0,0,0,67.6276,0,0,0,0,0,0,0,0,0,18.2557,0,0,0,0,0,0,0,0,0,0,0,0,0,0,0,0,0,0,0,0,0,0,0,0,0,0,0,0,0,0,0,0,0,0,0,0,0,0,0,0,0,0,0,0,0,0,0,0,0,0,0,0,0,0,0,0,0,0,0,0,0,0,0,0,0,0,0,0,0,0,0,0,0,0,0
DPS,Cu+2,3,xtb,-85.6033,4.33795,0,1.18293,3.91019,3.1406,0,0.60332,0,5.08794,0,0.36269,3.18496,0,0.57315,0.94365,0,7.04692,0,0.30401,0,3.73048,0,4.19433,0,0,0,0,7.4271,0,0,8.581,6.36919,0,0,0,4.69511,5.75686,18.5349,0,0,0,2.12866,0,0,0,5.002,2.27312,0,0,0,0,61.3869,0,0,24.138,0,15.0681,0,0,6.62781,0,22.6568,27.8019,0,0,0,0,21.553,0,0,0,0,0,0,76.0257,50.7683,0,147.484,0,3.34257,0,0,0,0,10.0181,0,0,0,0,0,0,0,0,16.1789,0,0,0,69.4318,0,0,25.9693,0,0,0,0,75.6309,0,42.8034,0,0,0,0,0,37.4141,77.7,0,0,106.936,0,0,30.349,0,0,6.36805,0,0,138.219,149.715,0,0,128.638,0,0,0,0,0,0,61.4415,0,0,0,21.2117,0,0,0,0,0,0,433.78,0,0,0,29.5331,0,328.235,0,0,0,0,22.8078,0,0,0,0,0,10.2148,15.5866,0,0,0,0,0,4.68391,0,0,0,37.5303,0,4.84205,0,0,0,0,0,5.45702,0,0,0,9.06923,0,22.5541,0,0,3.04874,0,0,0,0,0,0,0,0,31.031,66.4279,0,4.33383,0,50.4355,0,8.66672,0,0,115.815,0,53.6045,0,0,16.6518,0,130.739,155.061,37.6913,0,0,0.8134,0,0,0,0,8.4865,0,0,0,9.05326,81.9852,0,70.1377,12.733,0,0,0,48.8236,0,0,1.01405,0,0,5.6781,157.899,14.8054,0,0,5.81592,1.1001,0,0,220.568,19.4505,0,129.332,0,0,0,0,0,0,0,0,0,0,0,0,35.7064,0,0,27.2283,0,0,0,0,0,63.2869,41.7636,0,0.95078,0,138.581,125.295,0,0,60.1603,0,0,0,0,0,0,0,0,0,0,0,0,0,0,0,0,0,0,0,0,0,0,0,0,0,0,0,0,0,0,0,280.91,0,0,0,420.457,0,0,0,469.278,0,0,0,0,0,0,0,0,0,0,443.011,0,0,0,0,0,0,0,0,0,0,0,0,0,0,0,0,0,0,0,0,0,0,0,0,0,0,0,0,0,0,0,0,0,0,0,0,0,0,0,0,0,0,0,0,0,0,0,0,0,0,0,0,0,0,0,0,0,0,0,0,0,0,0,0,0,0,0,0,0,0,0,0,0,0,0,0,0,0,0,0,0,0,0,0,0,0,0,0,0,0,0,0,0,0,0,0,0,0,0,0,0,0,0,0,0,0,0,0,0,0,0,0,0,0,0,0,0,0,0,0,0,0,0,0,0,0,0,0,0,0,0,0,0,0,0,0,0,0,0,0,0,0,0,0,0,0,0,0,0,0,0,0,0,0,0,0,0,0,0,0,0,0,0,0,0,0,0,0,0,0,0,0,0,0,0,0,0,0,0,0,0,0,0,0,0,0,0,0,0,0,0,0,0,0,0,0,0,0,0,0,0,0,0,0,0,0,0,0,0,0,0,0,0,0,0,0,0,0,0,0,0,0,0,0,0,0,0,0,6.22186,0,6.92077,0,0,0,24.4883,0,0,0,15.2566,0,0,0,1.98876,0,6.45373,2.22455,0,6.3847,3.16223,0,24.8493,0,0,0,0.17621,0,0,4.45729,10.0652,0,0,0,0,533.718,0,0,0,0,0,0,0,0,0,0,0,0,0,0,0,0,0,0,0,0,0,0,0,0,0,0,0,0,0,134.086,0,0,0,0,0,515.83,0,0,0,0,0,0,0,0,0,0,0,0,0,0,0,0,0,0,0,0,0,0,0,0,0,0,69.6465,0,0,0,9.85128,0,0,72.0112,0,0,0,0,0,0,0,0,0,0,0,0,0,0,0,0,0,63.7319,0,0,0,55.5626,0,0,0,0,0,0,0,69.5484,0,0,0,0,0,0,0,0,0,0,0,0,0,0,0,0,0,0,0,0,0,0,0,0,0,0,0,0,0,0,0,0,0,0,0,0,0,0,0,0,0,0,0,0,0,0,0,0,0,0,0,0,0,0,0,0,0,0,0,0,0,0,0,0,0,0,0,0,0,0,0,0,0,0,0,0,0,0,0,0,0,0,0,0,0
EIM,Co+2,3,xtb,-103.063,13.2981,0,1.02222,0,0,5.89976,0,2.78508,0,2.68444,0,0.31705,0,0,1.1147,0.9001,3.42311,0,0.2708,0,0.08966,1.13995,0,0,1.38361,5.10897,0,1.44258,0,0,3.29339,8.21949,16.8229,0,0.17349,0,5.271,7.06749,3.49058,0,69.3688,18.4913,0,16.1478,29.4665,0,0,0,0,1.2875,5.69238,76.0949,30.6546,15.7395,0,10.1341,0,0,60.9937,0,0,13.2403,0,1.38005,0,42.7987,0,0,0,0,0,0,33.7004,0,0,0,32.1897,100.508,0,0,44.9536,0,46.6643,0,0,38.0167,0,0,24.4417,0,44.397,0,0,72.5432,0,7.50483,0,124.029,0,0,0,9.22253,125.202,0,0,0,0,3.63543,0,0,0,0,107.322,0,0,0,0,0,113.17,0,0,75.9612,132.352,0,0,0,0,37.8533,0,0,0,34.197,0,0,0,0,54.3298,0,0,0,17.0209,0,0,0,0,264.205,19.3304,1.71412,0,0,5.6693,0,0,0,2.71869,0,0,0,0,0,339.38,1.72827,0,14.76,0,0,0,12.3863,0,0,0,15.507,0,0,0,0,9.60903,0,15.3369,4.72152,0,0,0,3.43247,0,0,0,0,0,24.6021,0,0,23.3552,47.9386,19.468,0,0,0,0,0,0,5.08922,0,25.6095,0,6.66661,0,30.8543,125.4,0,40.4614,0,0,143.229,227.192,0,3.99415,0,4.88789,40.0395,0,61.8247,0,0,0,2.84607,0,0,0,32.3605,0,15.873,1.82716,84.541,0,0,0,0,18.022,19.4214,0,0,0.86575,0,5.0917,0,19.1385,0,0,0,0,4.9622,0,6.34105,0,16.3037,47.7346,0,15.1341,50.3209,0,44.713,0,94.1759,0,0,0,0,0,0,0,17.9257,21.4462,6.26789,0,0,0,0,1.14365,5.90794,3.91963,0,11.4529,0,0,0,0,36.3546,2.70274,0,6.38987,0,6.37518,0,177.619,0,0,0,44.4089,230.822,0,0,0,0,0,0,0,0,0,0,0,0,0,0,0,0,0,0,0,617.674,0,0,0,0,0,0,0,0,0,0,152.203,0,0,0,762.821,0,0,0,0,0,0,0,0,0,0,0,0,493.16,0,0,0,0,0,0,0,0,0,0,0,0,0,0,0,0,0,0,0,0,0,0,0,0,0,0,0,0,0,0,0,0,0,0,0,0,0,0,0,0,0,0,0,0,0,0,0,0,0,0,0,0,0,0,0,0,0,0,0,0,0,0,0,0,0,0,0,0,0,0,0,0,0,0,0,0,0,0,0,0,0,0,0,0,0,0,0,0,0,0,0,0,0,0,0,0,0,0,0,0,0,0,0,0,0,0,0,0,0,0,0,0,0,0,0,0,0,0,0,0,0,0,0,0,0,0,0,0,0,0,0,0,0,0,0,0,0,0,0,0,0,0,0,0,0,0,0,0,0,0,0,0,0,0,0,0,0,0,0,0,0,0,0,0,0,0,0,0,0,0,0,0,0,0,0,0,0,0,0,0,0,0,0,0,0,0,0,0,0,0,0,0,0,0,0,0,0,0,0,0,0,0,0,0,0,0,0,0,0,13.2592,0,0,0,36.5661,0,0,0,0,0,42.8658,0,0,0,0,0,19.0632,0,0,0,0,0,55.8105,51.6887,0,0,9.4263,6.07842,0,14.7417,4.90013,8.1013,0,41.8948,7.18682,0,0,39.0834,532.601,53.8211,8.87199,23.8104,0,56.8495,0,0,9.70957,0,0,0,0,0,0,0,0,0,0,0,0,0,0,0,0,1079.25,0,0,0,0,0,0,0,294.031,0,0,0,0,0,0,0,0,0,0,0,0,0,0,0,0,0,0,0,0,0,0,0,0,0,0,0,0,0,0.63269,0,0,0,0,0,0,0,0,0,46.9134,0,0,0,51.7358,0,0,0,0,200.925,0,0,0,0,0,0,0,0,0,0,0,0,0,0,0,0,0,0,0,0,0,0,0,0,0,0,0,0,0,0,0,0,0,0,0,0,0,0,2.76641,34.2194,0,0,0,13.9683,0,0,0,0,0,0,0,0,0,0,0,0,0,0,0,0,0,0,0,0,0,0,0,0,0,0,0,0,0,0,0,0,0,0,0,0,0,0,0,0,0,0,0,0,0,0,0,0,0,0,0,0,0,0,0,0,0,0,0,0,0,0,0,0,0,0,0,0,0
ELC,Ni+2,3,xtb,-97.9402,7.68743,0,0.98808,1.81736,0,0,2.8575,1.00855,5.13135,0,0,5.97688,0,5.99348,1.68458,1.81728,1.74148,0,11.3762,0,0,10.4593,0,1.40572,0,6.56434,0.96329,0,2.03889,0,0,0.88937,0.20643,0,5.23258,1.64656,0,3.9154,3.4869,0,0.77789,1.49812,0,9.01944,18.1701,0,0,30.8796,13.0643,0,0,0,39.2793,40.1845,0,0,14.646,48.0887,39.2408,0,0,0,0,0,0,1.38005,0,46.0506,0,0,134.263,0,0,0,70.3775,0,0,0,34.4268,0,0,0,0,127.276,0,46.1794,0,0,0,0,20.0852,0,0,29.1787,0,9.75139,0,0,0,16.6395,0,0,0,0,0,32.787,40.8373,0,224.461,0,102.047,30.6834,0,23.5756,0,0,235.012,0,30.7945,0,0,0,182.952,0,0,0,175.87,0,0,0,0,0,0,0,43.285,0,0,0,25.9944,0,82.3935,0,0,0,0,0,0,434,0,0,0,0,18.6515,0,0,0,0,20.2252,0,0,12.4287,0,0,0,0,265.112,40.1965,0,0,30.3209,0,0,18.9076,0,0,11.0619,0,3.88599,0,0,4.30923,55.0172,0,0,0,0,52.0529,0,0,1.69539,0,0,0,0,47.1388,0,17.8026,3.57497,0,0,0,0,0,0,0.46247,0,0,0,0,0,0,0,12.1328,0,55.8183,0,34.8586,493.991,0,9.09354,26.6246,13.4728,5.13602,0,0.06392,0,0,0,5.32939,0.13212,0,5.7677,0,0,109.13,6.02091,0,0,0,0,0,26.1438,0,0,0,4.27939,10.0512,0,0,0,18.3713,63.7095,0,16.9765,56.9283,0,132.265,0,0,35.4143,0,0,6.71229,0,0,0,0,0,0,0,0,7.17336,80.0585,91.5372,0,7.75369,0,0,0,2.12467,0,0,7.5538,0,0,115.489,0,0,17.7374,4.50418,5.25626,10.5344,5.30108,0,86.5637,75.2014,0,374.396,0,0,0,0,0,0,0,0,0,0,0,0,237.955,0,491.174,0,0,0,0,0,0,0,0,0,0,0,0,0,0,0,0,0,0,0,0,0,430.082,0,0,0,0,0,0,0,0,0,0,0,0,410.521,0,0,0,0,0,0,0,0,0,0,0,0,0,0,0,0,0,0,0,0,0,0,0,0,0,0,0,0,0,0,0,0,0,0,0,0,0,0,0,0,0,0,0,0,0,0,0,0,0,0,0,0,0,0,0,0,0,0,0,0,0,0,0,0,0,0,0,0,0,0,0,0,0,0,0,0,0,0,0,0,0,0,0,0,0,0,0,0,0,0,0,0,0,0,0,0,0,0,0,0,0,0,0,0,0,0,0,0,0,0,0,0,0,0,0,0,0,0,0,0,0,0,0,0,0,0,0,0,0,0,0,0,0,0,0,0,0,0,0,0,0,0,0,0,0,0,0,0,0,0,0,0,0,0,0,0,0,0,0,0,0,0,0,0,0,0,0,0,0,0,0,0,0,0,0,0,0,0,0,0,0,0,0,0,0,0,0,0,0,0,0,0,0,0,0,0,0,0,0,0,0,0,0,0,0,0,0,0,51.4138,0,0,0,0,30.9233,0,0,0,78.1196,0,0,0,60.9833,0,0,0,0,0,0,8.74676,0,0,0,0,19.1088,0,8.37164,0,28.3322,895.662,55.3632,0,28.731,0,0,0,0,45.3367,0,46.6508,92.5871,0,37.0621,0,17.6794,0,0,0,0,0,0,0,0,0,0,0,0,0,0,0,0,0,0,0,0,0,0,0,0,421.84,0,0,0,0,0,0,0,0,0,0,0,0,0,0,0,0,0,0,0,0,0,0,0,0,0,0,0,0,0,0,0,0,0,0,0,0,0,0,0,0,0,0,19.7189,0,0,31.3698,0,0,175.224,0,0,0,0,75.5092,0,0,32.9778,0,0,0,0,0,0,0,0,0,0,0,0,0,0,0,0,0,0,0,9.08334,0,0,0,0,0,0,0,62.571,0,0,0,0,0,0,0,0,0,0,0,0,0,0,0,0,0,0,0,0,0,0,0,0,0,0,0,0,0,0,0,0,0,0,0,0,0,0,0,0,0,0,0,0,0,0,0,0,0,0,0,0,0,0,0,0,0,0,0,0,0,0,0,0,0,0,0,0,0,0,0,0,0,0,0,0,0,0,0
ELG,Zn+2,3,xtb,-77.1683,0.83253,0.44699,0,0.95897,3.20464,0,4.50302,0,0,2.20101,1.67481,0,0,0,0,2.228,0,1.32948,0,0,3.12998,0,0,0,0,8.52407,0,6.73067,0,0,0,15.5134,0,1.46972,81.652,26.1725,0,48.9197,0,0,23.8299,1.56403,0,5.47738,0,0,0,0,0,0,24.1458,0,0,1.22612,0,0,0,0,0,0,60.1861,0,0,5.70689,39.6737,0,0,0,78.4107,0,0,0,1.79929,0,7.36927,0,0,11.9513,0,0,14.2034,0,35.3487,0,0,8.96049,0,0,0,11.2291,0,17.2053,0,0,0,21.9806,0,0,71.1317,0,0,0,0,32.9666,0,15.5097,0,0,0,0,0,0,14.25,0,0,59.7849,0,0,0,0,30.683,0,0,0,124.889,0,16.5705,0,0,0,99.6334,0,0,0,0,0,136.038,0,0,0,177.582,0,0,0,0,0,0,0,107.589,0,0,0,0,8.28906,0,0,0,0,0,152.656,0,0,0,0,44.2361,2.83991,0,0,15.0098,30.7431,0,0,0,3.70024,0,0,0,0,0,9.96241,0,2.91566,0,24.3057,0,0,0,6.058,0,4.58411,0,0,0,15.2352,40.7819,0,0,83.2489,0,0,0,45.9756,0,0,0,0,0,112.145,0,26.235,0,138.23,61.1233,0,220.535,3.15138,0,51.6365,0,11.7743,0,43.5444,0,112.771,0,0,0,15.6668,0,10.0165,0,0,93.2471,0,51.3024,0,0,0,0,120.529,0,23.3287,0,25.1545,0,0,0,0,0,49.598,202.906,0,0,0,0,13.4863,45.6241,99.6009,195.894,60.0271,10.4189,151.615,0,0,0,0,0,0,0,0,237.124,0,54.1778,0,6.38079,0,0,3.19526,0,0,0,0,4.1228,0,0.95425,0,0,0,0,0.9909,1.48501,1.29902,73.7972,5.82954,0,0,0,0,0,0,0,0,0,0,0,0,0,0,0,243.004,0,0,0,0,0,0,0,0,0,0,0,0,0,0,0,0,0,0,0,0,0,0,0,302.217,0,0,0,0,0,0,743.962,0,0,0,0,0,0,0,0,0,0,0,0,0,0,0,0,0,0,0,0,0,0,0,0,0,0,0,0,0,0,0,0,0,0,0,0,0,0,0,0,0,0,0,0,0,0,0,0,0,0,0,0,0,0,0,0,0,0,0,0,0,0,0,0,0,0,0,0,0,0,0,0,0,0,0,0,0,0,0,0,0,0,0,0,0,0,0,0,0,0,0,0,0,0,0,0,0,0,0,0,0,0,0,0,0,0,0,0,0,0,0,0,0,0,0,0,0,0,0,0,0,0,0,0,0,0,0,0,0,0,0,0,0,0,0,0,0,0,0,0,0,0,0,0,0,0,0,0,0,0,0,0,0,0,0,0,0,0,0,0,0,0,0,0,0,0,0,0,0,0,0,0,0,0,0,0,0,0,0,0,0,0,0,0,0,0,0,0,0,0,0,0,0,0,0,0,0,0,0,1049.11,0,0,0,0,0,0,0,0,0,0,0,0,0,0,0,0,0,0,0,0,0,0,0,16.2255,0,0,0,0,0,0,0,0,135.57,0,0,0,0,26.171,0,0,32.3672,0,43.3788,0,0,0,24.6913,0,12.2142,0,20.2863,0,0,6.45205,7.58968,94.4888,60.5622,53.3291,0,0,8.77508,0,0,0,0,0,0,0,0,0,0,0,0,0,0,0,0,0,0,509.688,0,0,0,0,0,0,0,0,0,0,0,0,0,0,0,0,0,0,0,0,0,0,0,0,0,0,0,0,0,0,0,0,0,0,0,0,0,0,0,0,0,0,0.33205,0,0,0,0,0,0,0,0,0,0,0,0,0,0,36.2315,0,0,0,0,0,0,0,0,0,0,0,48.5755,0,0,0,0,0,0,0,0,0,0,0,0,0,0,0,0,0,0,0,0,0,0,0,0,0,0,0,0,0,0,0,0,0,0,0,3.44823,0,0,0,0,0,0,0,0,0,0,0,0,0,0,0,0,0,0,0,0,0,0,0,0,0,0,0,0,0,0,0,0,0,0,0,0,0,0,0,0,0,0,0,0,0,0,0,0,0,0,0,0,0,0,0,0,0,0,0,0,0,0,0,0
NCE,Co+2,3,xtb,-97.0214,26.7853,0,0,0,2.82923,1.61011,9.80467,0,0,3.44155,0,15.0959,5.32777,0,5.90667,0,5.08101,0,4.55091,0,6.50288,2.33928,0,2.67972,7.7474,0,0,3.76183,18.3312,0,11.4401,0,2.42627,0,0,0,22.6649,0,50.7735,0,0,21.9781,0,0,5.30565,0,12.2598,14.0112,0,0,10.7785,0,7.68454,0,35.5855,0,0,0,15.2103,13.4728,0,0,10.6099,0,53.6497,16.3198,0,1.40443,0,0,0,0,55.3027,0,0,0,109.791,95.24,0,62.5114,0,26.7253,0,0,0,0,14.4399,117.907,0,15.2018,0,0,0,0,0,0,0,244.222,63.9762,0,620.587,169.369,0,0,47.1102,0,0,9.39621,0,0,0,0,17.185,0,93.0604,0,0,0,53.853,93.9295,0,0,0,8.68065,88.2054,0,0,0,0,15.2596,0,52.6547,0,0.90873,0,0,65.9988,0,0,0,0,0,0,0,15.6087,0,0,0,0,0,0,0,0,0,0,7.03374,0,138.85,0,0,39.3831,0,0,0,312.868,0,0,0,16.7681,35.9057,9.54686,0,0,0,0,0,0,4.61763,17.0004,12.0015,0,0,3.92053,0,0,0,0,0,0,0,0,0,0,0,10.4012,100.236,0,0,0,7.73035,0,0,0,16.5252,0,0,0,51.5346,0,6.78835,21.8415,0,13.867,0,0,31.7371,126.765,0,20.1266,0,93.1687,0,8.91614,0,0,0,20.3377,0,0,70.4177,0,9.98582,0,3.33559,0,0,4.66854,0,0,116.555,0,21.7747,0,1.85443,0,0,0,6.07302,21.3431,0,56.6064,0,145.319,15.7015,0,0,5.64245,0,0,0,0,0,0,73.6742,0,0,0,0,0,0,0,232.525,0,0,0,0,0,7.40463,2.91511,234.541,82.7146,0,12.9663,0,0,0,0,0,162.397,0,47.7352,0,0,0,32.7154,262.304,0,0,0,0,0,0,0,0,0,0,0,0,0,0,0,0,0,0,0,0,0,0,0,0,0,606.473,0,0,0,159.416,0,0,0,0,0,0,0,0,0,0,0,0,424.678,0,0,0,0,0,606.386,0,0,0,0,0,485.897,0,0,0,0,0,0,0,0,0,0,0,0,0,0,0,0,0,0,0,0,0,0,0,0,0,0,0,0,0,0,0,0,0,0,0,0,0,0,0,0,0,0,0,0,0,0,0,0,0,0,0,0,0,0,0,0,0,0,0,0,0,0,0,0,0,0,0,0,0,0,0,0,0,0,0,0,0,0,0,0,0,0,0,0,0,0,0,0,0,0,0,0,0,0,0,0,0,0,0,0,0,0,0,0,0,0,0,1406.06,0,0,0,0,0,0,0,0,0,0,0,0,0,0,0,0,0,0,0,0,0,0,0,0,0,0,0,0,0,0,0,0,0,0,0,0,0,0,0,0,0,0,0,0,0,0,0,0,0,0,0,0,0,0,0,0,0,0,0,0,0,0,0,0,0,0,0,0,0,0,0,0,0,0,0,0,0,0,0,0,0,0,0,0,0,0,0,0,0,0,0,0,0,0,0,0,0,0,24.5204,0,0,0,0,0,0,0,0,0,0,0,26.1737,0,0,0,13.7773,0,0,0,0,0,0,0,12.0076,0,897.584,0,0,0,0,43.6638,0,12.9628,0,15.7812,0,6.53224,0,0,0,0,0,0,0,0,0,0,0,0,0,0,0,0,0,0,0,0,0,0,0,0,0,0,0,0,0,0,0,0,0,0,0,0,0,0,0,702.05,0,0,0,0,0,0,0,0,0,0,0,0,0,0,0,0,0,0,0,0,0,0,0,0,12.4975,0,0,128.516,5.4229,0,0,0,0,0,0,0,0,0,0,0,0,0,0,0,44.3148,0,0,0,0,0,0,0,0,0,0,0,14.5922,0,61.5183,0,0,0,0,0,84.5741,0,0,0,0,0,0,0,0,0,10.813,37.2576,0,0,0,0,28.3934,0,0,0,0,0,0,0,0,0,0,0,0,0,0,0,0,0,0,0,0,0,0,0,0,0,0,0,0,0,0,0,0,0,0,0,0,0,0,0,0,0,0,0,0,0,0,0,0,0,0,0,0,0,0,0,0,0,0,0,0,0,0,0,0,0,0,0,0,0,0,0,0,0,0,0
NCF,Ni+2,3,xtb,-99.5586,17.4077,1.82842,0,1.62633,0,1.79101,1.72039,0,7.68139,0,0,2.05783,0,0,4.76448,0.61876,0,1.92576,0,12.8853,0,1.24636,4.60415,0,0,7.69603,0,0,5.93038,26.3273,0,10.155,0,14.3676,0,8.56044,2.56852,0,0,10.2938,0,63.06,0,37.2105,0,0,11.0256,0,39.5008,0,0,10.2059,0,0,0,28.1403,34.123,38.2589,0,7.17701,40.8694,4.60489,0,0,17.2175,0,82.056,0,0,0,0,0,0,0,0,9.39706,0,0,0,0,0,73.087,0,1.17196,0,100.162,52.9599,0,0,0,31.4219,26.988,0,0,0,0,22.1793,11.8007,0,0,35.2586,12.7805,0,0,0,66.8674,70.9965,0,305.627,594.007,0,157.714,0,0,0,101.689,0,0,0,0,54.2394,0,0,10.785,0,14.2099,0,0,0,0,0,0,0,200.946,0,61.6607,0,158.259,0,0,29.0464,33.9578,0,4.63462,0,0,0,0,0,0,0,0,240.368,0,0,12.8431,0,2.38385,0,0,0,0,10.9292,0,0,0,0.02521,11.9014,0,0,0.13349,0,0,0,0,40.6977,0.11019,0,0,3.88886,14.4604,0,0,0,0,34.3702,0,4.53919,3.17311,0,0,0,0,0,9.59042,0,56.4371,0,0,0,0,9.13835,0,7.25443,0,0,0,0.29542,0,0,48.0909,8.66218,51.2701,0,0,0,18.8178,1.20769,0,7.82746,27.6877,40.8059,0,0,0,0,40.6696,7.86904,0,0,0.35459,0,19.179,0,0,24.5743,0,24.8763,0,86.8756,0,0,105.625,0.24321,0,0,0,1.6974,32.3288,45.3315,0,0.54594,0,0,0,0,1.30039,0,0,0,58.819,0,0,0,0,81.4591,0,0,0,0,329.625,0,0,0,0,0,0,0,0,20.3705,0,0,0,78.3979,1.05119,0,0,2.97037,123.636,0,73.625,60.2012,0,0,0,119.686,0,0,0,0,0,0,0,0,0,0,0,0,0,0.19627,0,0,7.80282,0,0,0,0,0,0,0,0,0,113.386,0,0,0,0,872.655,0,0,0,263.248,0,0,0,0,0,0,0,0,0,0,0,0,0,0,0,0,0,0,0,0,419.471,0,0,0,0,0,0,0,0,0,0,0,0,0,0,0,0,0,0,0,0,0,0,0,0,0,0,0,0,0,0,0,0,0,0,0,0,0,0,0,0,0,0,0,0,0,0,0,0,0,0,0,0,0,0,0,0,0,0,0,0,0,0,0,0,0,0,0,0,0,0,0,0,0,0,0,0,0,0,0,0,0,0,0,0,0,0,0,0,0,0,0,0,0,0,0,0,0,0,0,0,0,0,0,0,0,0,0,0,0,0,0,0,0,0,0,0,0,0,0,0,0,0,0,0,0,0,0,0,0,0,0,0,0,0,0,0,0,0,0,0,0,0,0,0,0,0,0,0,0,0,0,0,0,0,0,0,0,0,0,0,0,0,0,0,0,0,0,0,0,0,0,0,0,0,0,0,0,0,0,0,0,0,0,0,0,0,0,0,0,0,0,0,0,0,0,0,0,0,0,0,0,0,0,0,0,0,0,0,0,0,37.1745,0,0,64.7032,0,0,0,0,0,0,0,0,0,0,0,0,0,0,0,28.1472,11.0247,0,5.25755,33.6869,0,23.4779,0,0,0,0,7.03926,0,0,0,0,0,0,0,0,0,0,11.0756,2.36319,32.6013,93.5609,0,43.7007,0,0,0,0,0,0,0,619.257,0,0,0,0,0,0,0,0,0,0,0,0,0,0,0,0,0,0,0,0,0,0,496.017,0,0,0,0,0,0,0,0,0,0,0,0,0,0,0,0,0,0,0,17.3032,0,0,3.0895,145.238,0,0,0,0,0,0,0,0,0,0,10.816,0,0,0,0,116.889,0,0,0,0,38.6088,0,0,0,0,0,0,0,0,0,0,0,0,20.4568,0,0,0,0,0,0,0,0,0,0,0,0,0,0,22.8576,0,0,0,0,0,0,0,14.4857,0,0,0,0,0,0,0,0,0,0,0,0,0,0,0,0,0,0,0,0,0,0,0,0,0,0,0,0,0,0,0,0,0,0,0,0,0,0,0,0,0,0,0,0,0,0,0,0,0,0,0,0,0,0,0,0,0,0,0,0,0,0,0,0,0,0,0,0,0
NCL,Co+2,3,xtb,-93.0066,3.18004,4.58185,0,3.10638,9.63449,6.18455,5.96223,0,5.02722,0,8.79408,3.47111,0,0,0,2.78602,17.2549,18.7379,0,4.56773,0,7.35124,2.12128,11.0815,0,9.44328,21.9523,0,35.7356,0,0,22.4723,0,8.59243,2.77492,0,0,0,0,3.59817,33.2326,0,4.58661,8.15028,0,0,0,19.1552,23.2012,0,0.9842,0,0,5.26916,18.2022,0,0,8.08243,0,20.9413,0,0,51.4116,9.47084,79.148,0,20.5219,0,0,20.7749,0,0,0,0,0,0,0,33.887,2.46983,0,50.5818,0,127.101,0,55.9396,0,105.785,0,0,0,0,189.514,0,0,3.65522,0,54.3779,0,48.7021,0,41.6989,0,0,84.339,0,147.281,0,30.8503,0,0,41.2547,9.88377,0,0,0,0,355.467,33.9834,0,0,0,0,0,0,0,0,128.367,0,0,217.886,0,0,179.993,138.156,0,0,0,0,0,114.615,0,145.836,0,0,295.913,0,0,0,0,0,0,0,0,59.7429,0,0,0,0,0,0,0,0,12.4028,0,0,0,13.0182,51.0005,0,0,0,15.9809,0,0,0,1.44077,0,0,0,0,0,34.3172,12.4694,0,5.95702,0,4.16647,0,0,2.03976,0,0,0,53.5215,17.9255,0,14.6853,0,0,0,0,0,5.62374,0,0,0,40.6596,0,0,0,0.6397,0,11.736,0,0,25.0272,0,0,184.175,0,6.01071,81.9822,0,48.4918,0,0,0,0,10.9611,0,0,0,1.7632,0,1.92076,0,20.5323,14.8711,0,13.4541,0,59.4421,0,14.7401,0,14.8769,0,0,3.98243,0,0,5.59132,0,0,0,55.3267,71.46,0,8.72044,0,0,5.82734,0,0,0,74.3651,0,0,0,0,0,0,7.80884,0,0,31.2227,0,0,160.959,73.1112,4.2066,0,0,186.843,0,0,0,105.433,0,5.7969,0.77597,4.98727,50.1714,0,0,164.517,0,0,0,0,0,0,68.7352,0,0,0,0,0,0,0,0,0,0,0,0,0,0,0,0,0,0,0,343.807,0,0,0,0,0,0,0,0,605.866,0,582.301,0,0,0,0,0,0,0,0,0,0,0,0,0,0,0,509.258,0,0,0,0,0,0,0,0,0,0,0,0,0,0,0,0,0,0,0,0,0,0,0,0,0,0,0,0,0,0,0,0,0,0,0,0,0,0,0,0,0,0,0,0,0,0,0,0,0,0,0,0,0,0,0,0,0,0,0,0,0,0,0,0,0,0,0,0,0,0,0,0,0,0,0,0,0,0,0,0,0,0,0,0,0,0,0,0,0,0,0,0,0,0,0,0,0,0,0,0,0,0,0,0,0,0,0,0,0,0,0,0,0,0,0,0,0,0,0,0,0,0,0,0,0,0,0,0,0,0,0,0,0,0,0,0,0,0,0,0,0,0,0,0,0,0,0,0,0,0,0,0,0,0,0,0,0,0,0,0,0,0,0,0,0,0,0,0,0,0,0,0,0,0,0,0,0,0,0,0,0,0,0,0,0,0,0,0,0,0,0,0,0,0,0,0,0,0,0,0,0,0,0,0,0,0,0,0,0,0,53.7488,0,0,0,0,24.9555,0,0,0,4.64529,0,0,0,0,0,0,46.3346,29.9474,0,0,0,8.62361,0,0,0,0,19.4119,33.6611,0,14.8303,0,0,0,0.49242,0,35.3078,0,59.1554,50.3962,73.2327,0,0,0,0,0,0,0,0,0,0,0,0,0,0,0,0,290.508,0,0,0,0,0,0,0,0,0,0,0,0,0,0,0,0,0,0,0,0,0,457.082,0,0,0,0,193.901,0,0,246.191,0,0,0,0,0,0,0,0,0,0,0,0,0,0,0,0,0,0,0,11.3562,0,0,2.59328,0,0,0,0,0,0,0,0,0,0,0,14.3043,0,0,0,0,0,214.562,0,0,0,0,0,0,0,56.9458,0,0,24.5435,0,0,0,0,0,0,27.7542,19.371,0,0,0,0,0,0,0,0,0,0,0,0,0,0,0,0,0,0,0,0,0,0,0,0,0,0,0,0,0,0,0,0,0,0,0,0,0,0,0,0,0,0,0,0,0,0,0,0,0,0,0,0,0,0,0,0,0,0,0,0,0,0,0,0,0,0,0,0,0,0,0,0,0,0,0,0,0,0,0,0,0,0,0,0
NCL,Ni+2,3,xtb,-94.1656,5.65328,4.31181,1.50287,0,0,4.01738,2.48672,4.83701,14.247,0,0,0.36428,4.78443,26.0754,0,0,5.47276,0.69585,0,34.0932,0,17.261,0,0,14.0636,0,0,0,0,15.668,4.42478,0,0,1.65358,3.03131,0,30.5977,20.2696,0.60624,0,0,5.84388,6.32657,0,0,45.5974,0,0,0,0,2.19975,8.07897,0,0,0,0,39.3401,0,0,6.53249,14.0785,0,78.5084,7.98499,0,0,0,0,17.3876,0,49.4261,0,0,0,21.0218,0,0,0,23.5229,0,20.7974,224.227,0,363.624,0,0,0,125.37,0,0,9.77311,0,193.082,0,0,0,1.61715,0,162.079,0,451.314,0,0,44.2779,0,0,13.0894,0,0,0,0,0,119.656,14.1543,0,0,56.2939,0,0,0,0,0.21307,0,52.8974,0,0,0,0,0,0,30.0698,0,0,76.0474,45.1411,0,0,18.8557,0,0,0,225.537,85.3373,0,0,0,0,0,0,0,0,0,0,0,0,0,0,0,0,0,0,0,0,0,14.5562,0,0,3.20717,0,15.6267,0,0,21.8238,0,0,0,10.7311,0,0,0,0,7.07813,32.59,0,24.9346,0,0,0.465,0,6.29189,8.47727,0,0,0,2.16846,0,0,0,14.2781,0,59.3387,0,0,0,0,0,64.3834,0,0,0,0,21.9027,0,0,7.85244,141.333,13.1695,0,24.369,0,42.6836,0,4.81866,0,1.82655,0,10.2449,2.79064,15.4789,0,0,0,0,0,13.8524,0,0,37.709,0,0,0,45.2509,21.8525,4.07521,17.2957,1.99381,0,0,0,103.261,38.8517,71.0428,0,7.6223,0,0,0,0,6.43585,3.31765,0,0,0,0,0,0,97.0726,0,0,0,0,0,7.24878,0,0,247.031,0,0,0,0,101.32,1.57355,241.2,0,1.28318,0,0,0,130.202,0.56106,147.399,2.01554,0,6.9715,0,0,0,0,0,166.045,0,0,0,0,0,0,0,0,0,0,0,0,0,0,0,0,0,565.587,0,0,0,0,0,0,0,0,0,0,361.925,0,0,0,0,0,0,0,0,0,0,0,0,0,0,613.016,0,0,0,0,432.1,0,0,0,0,0,0,0,0,0,0,0,0,0,0,0,0,0,0,0,0,0,0,0,0,0,0,0,0,0,0,0,0,0,0,0,0,0,0,0,0,0,0,0,0,0,0,0,0,0,0,0,0,0,0,0,0,0,0,0,0,0,0,0,0,0,0,0,0,0,0,0,0,0,0,0,0,0,0,0,0,0,0,0,0,0,0,0,0,0,0,0,0,0,0,0,0,0,0,0,0,0,0,0,0,0,0,0,0,0,0,0,0,0,0,0,0,0,0,0,0,0,0,0,0,0,0,0,0,0,0,0,0,0,0,0,0,0,0,0,0,0,0,0,0,0,0,0,0,0,0,0,0,0,0,0,0,0,0,0,0,0,0,0,0,0,0,0,0,0,0,0,0,0,0,0,0,0,0,0,0,0,0,0,0,0,0,0,0,0,0,0,0,0,0,0,0,0,0,0,0,0,0,0,0,0,0,0,0,0,0,0,0,0,0,0,0,75.2149,0,0,0,0,0,0,0,0,0,0,0,36.2016,18.5382,0,0,0,0,9.6025,0,53.2087,0,38.951,0,0,0,0,0,0,0,0,29.8635,76.8222,26.2318,56.0957,0,0,0,4.14595,0,0,0,0,0,0,0,0,0,0,0,0,0,0,0,0,0,0,0,0,0,0,802.106,0,0,0,0,0,0,0,0,0,398.86,0,0,0,0,0,0,0,0,0,0,0,0,0,0,0,0,0,0,23.1604,0,0,0,0,0,0,0,3.5601,0,0,0,0,0,0,0,0,35.7848,0,0,0,36.8904,0,0,0,0,0,0,0,0,0,0,0,0,0,0,58.6741,13.378,0,0,18.7753,0,20.2198,0,0,0,0,0,0,0,0,0,6.39096,0,0,31.5608,0,0,0,0,0,0,0,0,0,0,0,0,0,0,0,0,0,0,0,0,0,0,0,0,0,0,0,0,0,0,0,0,0,0,0,0,0,0,0,0,0,0,0,0,0,0,0,0,0,0,0,0,0,0,0,0,0,0,0,0,0,0,0,0,0,0,0,0,0,0,0,0,0,0,0,0,0,0,0,0
NCQ,Ni+2,3,xtb,-97.5236,29.8812,0,0,4.19283,0.44359,0,1.12736,6.14207,0,7.03301,0,8.10493,4.53842,0,15.7558,0,7.29913,11.3548,0,14.7171,0,0,7.12622,7.10591,0,0,0,21.9759,0,9.40585,3.14295,0,0,13.5104,6.38417,0,0,57.8468,0,6.58463,0,0,0,4.91482,0,51.5146,0,0,11.9739,0,2.70412,0,0,6.88691,0,0,3.63147,0,62.0563,0,60.0858,0,0,0,0,14.3085,0,22.9285,0,26.3507,22.2984,0,0,27.8757,12.7907,0,108.781,0,0,0,0,0,237.442,0,0,143.915,327.298,154.416,81.1502,0,20.9215,0,35.3009,0,0,0,0,31.3304,0,19.7787,0,47.4885,552.512,0,0,55.947,0,0,0,150.253,0,0,0,3.56851,0,149.712,51.8302,0,62.5557,55.7694,0,0,0,16.0647,0,0,9.37078,125.748,130.376,0,0,0,0,85.5161,0,0,0,0,0,0,26.5494,0,0,3.76044,0,0,0,0,0,0,0,0,17.1848,0,0,0,0,0,0,0,0.05268,0,17.1671,0,0,0,0,0,2.87925,0,38.0677,0,0,17.0313,4.28336,0,0,0,0,0,0,0,2.82674,0,0,0,0,5.3574,0,0,58.7306,0,0,0,16.268,0,0,0,0,1.20725,22.3095,0,0,26.177,32.5708,0,31.8185,16.9719,0,0,0,0,0,4.96295,23.0544,2.73878,0,25.4379,91.7332,0,43.3188,0,0,0,0,1.6482,0,4.25912,0,1.85801,0,0,0,6.11636,0,1.35596,0,74.0513,0,0,140.887,0,3.24393,0,0,34.4758,12.2099,0,35.0452,0,0,0,120.242,0,0,0,0,0,0,0,48.8391,0,94.5846,0,0,0,0,0,0,0,0,230.343,0,0,19.0805,0,0,0,0,0,0.59676,0,111.245,217.122,0,18.7396,0,0,0,117.643,0,0,0,80.853,0,116.86,0,0,0,0,0,0,0,0,0,0,0,0,0,0,0,0,0,0,0,0,0,0,0,0,0,0,0,0,0,520.648,0,0,0,0,0,0,584.068,0,0,0,0,0,0,0,622.74,0,392.857,0,580.456,0,0,0,0,0,0,0,0,0,0,0,0,0,0,0,0,0,0,0,0,0,0,0,0,0,0,0,0,0,0,0,0,0,0,0,0,0,0,0,0,0,0,0,0,0,0,0,0,0,0,0,0,0,0,0,0,0,0,0,0,0,0,0,0,0,0,0,0,0,0,0,0,0,0,0,0,0,0,0,0,0,0,0,0,0,0,0,0,0,0,0,0,0,0,0,0,0,0,0,0,0,0,0,0,0,0,0,0,0,0,0,0,0,0,0,0,0,0,0,0,0,0,0,0,0,0,0,0,0,0,0,0,0,0,0,0,0,0,0,0,0,0,0,0,0,0,0,0,0,0,0,0,0,0,0,0,0,0,0,0,0,0,0,0,0,0,0,0,0,0,0,0,0,0,0,0,0,0,0,0,0,0,0,0,0,0,0,0,0,0,0,0,0,0,0,0,0,0,0,0,0,0,0,0,0,0,0,0,0,0,0,0,0,0,0,0,0,0,0,0,0,0,22.8858,0,0,0,0,0,6.34666,27.7986,0,0,0,24.427,0,25.2621,0,0,0,0,0,0,15.7818,8.98621,7.58929,4.38786,0,0,34.8706,4.00418,0,0,0,0,0,0,0,0,0,0,0,0,0,0,0,0,0,0,0,0,0,0,0,0,0,0,0,0,0,0,0,0,0,0,0,0,0,0,0,0,0,0,0,0,0,0,0,0,0,0,0,0,0,0,0,0,0,0,0,0,0,0,0,37.2724,0,0,0,0,70.6221,144.093,0,0,3.37011,0,0,0,0,0,0,0,0,266.259,0,0,0,0,0,35.2911,0,0,0,214.922,0,0,0,0,0,0,41.5254,25.6382,0,0,52.8806,44.4157,0,0,0,0,0,0,0,0,0,0,10.0402,0,19.3223,0,0,0,0,0,0,0,0,0,0,0,0,0,0,0,0,0,0,0,0,0,0,0,0,0,0,0,0,0,0,0,0,0,0,0,0,0,0,0,0,0,0,0,0,0,0,0,0,0,0,0,0,0,0,0,0,0,0,0,0,0,0,0,0,0,0,0,0,0,0,0,0,0,0,0,0,0,0,0
NEE,Ni+2,3,xtb,-108.362,9.21462,7.56269,2.33373,0,0,3.61338,2.22414,2.506,3.06197,1.23157,0,0.88666,4.45884,4.51922,11.0071,0,2.48143,0,2.2463,1.88182,8.04897,1.17646,0,0,0,9.75345,4.92577,0,0,0,5.23891,0,13.9335,8.07347,0,0,20.2382,0.42808,0,4.26178,8.42148,0,1.0939,10.5471,29.7544,0,0,0,6.33764,0,14.9727,0,0,116.574,11.7903,0,0,0,18.8663,0,0,13.172,1.06207,0,3.06932,1.45454,0,0,18.5106,0,0,0,2.1855,0,18.5395,212.371,0,9.63454,0,0,0,0,49.0525,0,118.759,91.2733,0,38.2473,0,22.6759,0,0,0,0,13.21,0,96.7898,111.954,71.3807,0,39.7585,26.3807,125.727,0,0,0,0,0,63.9589,0,0,106.372,0,0,0,0,0,0,44.1644,175.132,97.2373,0,60.8027,0,18.9376,0,71.199,0,0,0,0,277.217,49.6756,0,0,0,441.016,0,0,0,359.635,0,115.446,0,0,0,0,0,0,20.5578,0,0,0,0,0,0,0,0,24.7473,0,17.9711,0,0,0,0,0,62.837,0,21.5041,0,0,20.8488,0,0,18.2941,0,0,4.97423,0,16.7657,0,0,0,0,2.54445,0,0,0,0,0,1.20034,0,0,18.3962,0,0,0,0,0,27.7679,10.488,34.4561,0,0,0,18.8443,0,25.3934,0,0,3.59562,0,27.3553,0,0,116.324,33.2851,64.4894,0,276.058,92.2154,80.9144,0,0,7.8672,53.5996,0,0,0,0,0,0,0,12.2436,0,0,3.57898,10.8545,74.1855,67.5863,0,0,11.3532,48.7423,238.216,0,5.65618,0,0,0,23.6437,0,0,41.6181,63.019,0,0,76.5193,126.689,0,0,72.771,0,73.3611,0,0,0,0,0,0,0,0,0,27.4737,8.19345,0,0,0,12.9393,0,0,6.41127,115.746,19.1172,0,0,36.2152,0,0,0,115.303,0,0,0,112.493,0,0,0,187.496,0,0,0,0,0,0,0,0,0,0,0,0,0,0,0,0,0,0,0,0,0,0,0,429.688,0,0,0,0,0,116.194,0,0,0,0,577.698,0,280.526,0,857.676,0,0,0,0,676.52,0,0,0,0,0,0,0,0,0,0,0,0,0,0,0,0,0,0,0,0,0,0,0,0,0,0,0,0,0,0,0,0,0,0,0,0,0,0,0,0,0,0,0,0,0,0,0,0,0,0,0,0,0,0,0,0,0,0,0,0,0,0,0,0,0,0,0,0,0,0,0,0,0,0,0,0,0,0,0,0,0,0,0,0,0,0,0,0,0,0,0,0,0,0,0,0,0,0,0,0,0,0,0,0,0,0,0,0,0,0,0,0,0,0,0,0,0,0,0,0,0,0,0,0,0,0,0,0,0,0,0,0,0,0,0,0,0,0,0,0,0,0,0,0,0,0,0,0,0,0,0,0,0,0,0,0,0,0,0,0,0,0,0,0,0,0,0,0,0,0,0,0,0,0,0,0,0,0,0,0,0,0,0,0,0,0,0,0,0,0,0,0,0,0,0,0,0,0,0,0,0,0,0,0,0,0,0,0,0,0,0,0,0,0,0,0,0,0,0,0,0,66.1096,0,0,0,21.4547,14.8182,0,0,0,0,0,0,0,31.8539,0,0,21.2231,0,1.7671,0,0,0,0,22.4734,23.7698,14.4748,0,22.5085,15.3947,0,5.66638,0,0,0,0,0,0,0,0,0,0,0,0,0,0,0,0,0,0,0,0,0,0,422.285,0,0,0,0,0,0,0,0,0,0,0,0,0,0,0,0,0,0,0,0,0,399.258,0,0,0,0,502.216,0,0,0,0,424.806,0,0,0,0,0,0,0,0,0,0,0,2.47565,0,0,0,0,0,0,227.675,0,0,0,30.4733,0,0,0,0,0,33.6265,0,28.5547,0,0,0,0,0,0,0,0,0,0,0,0,0,0,26.3698,0,0,0,0,0,38.6604,0,0,0,0,0,0,0,0,0,0,24.0903,0,0,0,0,10.9745,0,0,0,0,0,0,0,0,0,0,0,0,0,0,0,0,0,0,0,0,0,0,0,0,0,0,0,0,0,0,0,0,0,0,0,0,0,0,0,0,0,0,0,0,0,0,0,0,0,0,0,0,0,0,0,0,0,0,0,0,0,0,0,0,0,0,0,0,0,0,0,0,0
NEN,Zn+2,3,xtb,-90.1709,8.73474,2.77534,0,0.55714,0,1.87353,1.2336,4.07208,0,0.87269,1.7379,0,21.1359,5.20866,1.58404,20.397,20.2774,3.96834,0,10.7805,0,0,0,14.0881,0,0,3.41533,18.0669,0,24.017,0,24.485,8.29844,0,0,0,36.4739,0,11.111,0,0,0,25.0243,0,5.51686,0,0,24.3788,37.8377,0,0,0,0,0,11.2569,0,0,4.28271,12.1717,0,0,0,0,0,0,3.76578,0,15.7036,0,0,0,72.4124,0,0,3.48631,0,0,21.3742,0,0,140.485,61.9903,47.276,0,0,130.657,0,0,39.6202,0,0,0,24.5989,0,0,14.6272,29.2941,0,67.3176,20.3379,0,0,16.5617,0,47.3978,0,0,0,109.657,0,59.6301,0,0,0,448.314,0,69.8771,0,0,0,0,0,293.929,75.1365,0,0,83.0566,0,0,25.5119,0,0,0,0,0,14.818,0,0,0,0,18.1934,0,0,101.859,0,0,0,0,0,0,0,0,0,0,0,0,5.36098,0,0,0,12.9625,0,0,0,22.3187,0,10.7056,31.2241,0,0,0,0,0,45.8618,0,25.9797,5.50812,0,0,0,0,0,6.83605,0,0,3.21529,0,0,55.601,0,0,0,10.9762,0,0,93.2421,0,0,0,51.4277,0,0,7.64528,0,0,0,0,38.5772,0,0,3.69249,38.7245,0,25.3168,0,203.097,69.3573,0,0,36.4755,0,0,85.3197,15.3355,40.6821,0,0,60.5892,0,62.7467,0,0,0,0,0,36.965,0,13.5325,38.663,0,21.5652,19.6466,0,0,77.4526,1.46062,0,0,53.716,0,0,0,106.056,133.825,0,0,0,71.6159,0,81.5619,0,0,0,170.016,0,0,0,0,0,0,0,0,0,0,17.1172,9.2149,0,0,0,11.5822,0,0,184.703,0,130.747,0,0,10.6863,0,0,0,0,62.911,144.545,0,0,0,0,0,0,0,0,0,0,0,0,0,0,0,0,0,0,0,0,0,0,0,0,0,0,649.273,0,0,0,169.424,0,0,458.447,0,0,0,0,0,0,0,0,0,0,0,1384.53,134.374,0,0,0,0,0,0,0,0,454.174,0,0,0,0,0,0,0,0,0,0,0,0,0,0,0,0,0,0,0,0,0,0,0,0,0,0,0,0,0,0,0,0,0,0,0,0,0,0,0,0,0,0,0,0,0,0,0,0,0,0,0,0,0,0,0,0,0,0,0,0,0,0,0,0,0,0,0,0,0,0,0,0,0,0,0,0,0,0,0,0,0,0,0,0,0,0,0,0,0,0,0,0,0,0,0,0,0,0,0,0,0,0,0,0,0,0,0,0,0,0,0,0,0,0,0,0,0,0,0,0,0,0,0,0,0,0,0,0,0,0,0,0,0,0,0,0,0,0,0,0,0,0,0,0,0,0,0,0,0,0,0,0,0,0,0,0,0,0,0,0,0,0,0,0,0,0,0,0,0,0,0,0,0,0,0,0,0,0,0,0,0,0,0,0,0,0,0,0,0,0,37.3727,0,0,0,0,0,0,0,0,0,0,0,0,0,0,0,0,0,0,0,0,0,40.6,0,0,0,0,76.1524,0,0,0,0,0,0,0,0,0,0,0,0,18.5792,0,0,0,23.7871,0,27.6598,0,0,22.4723,0,9.05702,18.7103,0,12.7044,0,5.69454,0,0,0,0,0,0,0,0,0,0,0,0,0,0,0,0,0,0,0,0,0,0,0,0,0,0,0,0,0,0,0,0,0,0,0,0,0,0,0,0,0,0,0,0,0,0,0,0,0,0,0,0,0,0,0,0,0,0,0,0,0,0,0,0,0,0,0,0,0,1.38905,0,0,0,136.165,0,0,13.6433,0,20.6781,0,242.055,32.5106,0,0,0,0,0,0,0,0,23.3985,0,0,0,0,0,26.3927,0,0,0,0,0,0,0,0,0,0,0,0,0,0,0,0,0,0,0,0,0,0,22.6868,0,0,0,0,0,0,0,0,0,0,0,0,0,0,0,0,0,0,0,0,0,0,0,0,0,0,0,0,0,0,0,0,0,0,0,0,0,0,0,0,0,0,0,0,0,0,0,0,0,0,0,0,0,0,0,0,0,0,0,0,0,0,0,0,0,0,0,0,0,0,0,0,0,0
NFQ,Zn+2,3,xtb,-94.6941,8.27393,3.80397,0,5.29385,1.78571,5.41899,0,0,0.69242,4.82647,4.44837,2.16939,0,0.74317,0,0.63465,0,3.8855,5.23761,0,15.8433,0,33.5715,0,0,17.8746,0,38.6004,0,1.25254,0,9.98137,40.3936,0,0,26.3187,0,0,13.2671,0,38.1847,0,0,6.91103,0,0,8.33046,0,0,0,0,0.19951,0,8.17335,0,0,11.1732,0,0,1.3778,21.9421,0,0,0,0,0.33583,19.9466,0,0,0,0,0,31.231,0,22.4123,0,32.9468,0,20.6154,11.1858,0,0,7.3754,0,0,0,0,295.263,231.927,12.2693,0,0,44.9602,0,0,0,170.468,0,0,74.6272,3.63276,67.5236,71.7296,0,0,0,0,0,1.32278,0,35.9202,48.6567,0,0,98.2192,0,0,0,0,0,0,34.7501,115.992,38.3329,24.111,0,0,0,13.2774,0,20.408,0,0,0,0,24.9749,0,0,29.3347,0,0,23.9006,0,0,0,0,219.946,0,0,0,0,0,0,0,0,0,0,3.83528,22.2274,8.76085,0,0,0,0,0,0.29747,0,42.0231,0,15.778,5.17913,8.14043,0,0,0,22.8474,0.80479,0,0,17.9591,0,0,0,0,0,0,0,0,1.01714,10.8641,0,0,0,39.1633,0,0,152.389,0,0,0,0,0,10.3007,0,35.4727,10.1903,59.9347,0.24523,0,0,85.6975,105.933,28.4084,3.02198,0,0,42.8443,8.56384,0,0,31.6683,0,22.2304,0,0,0,24.65,0.18348,0,0,1.52695,4.35439,0,0,51.5027,0,2.14219,0,0,0,38.0541,0,0,6.01537,16.7115,0,0,4.96892,1.3896,0,55.209,28.5345,0,36.7839,0,0,1.61717,173.853,0,108.097,0,0,0,94.8349,0,0,0,0,0,0,0,0,0,0,0,0,0,0,130.979,13.1643,64.5729,0,125.205,0,52.956,0.16448,0,4.30743,0,0,195.298,30.2839,0,0,0,0,0,0,0,0,0,0,0,0,0,0,0,0,0,0.17509,0,0,10.9391,0,0,0,0,0,0,224.468,0,0,0,0,588.771,0,0,0,0,0,0,0,753.944,0,0,0,0,0,0,0,0,0,0,0,634.85,0,432.628,0,0,0,0,0,0,0,0,0,0,0,0,0,0,0,0,0,0,0,0,0,0,0,0,0,0,0,0,0,0,0,0,0,0,0,0,0,0,0,0,0,0,0,0,0,0,0,0,0,0,0,0,0,0,0,0,0,0,0,0,0,0,0,0,0,0,0,0,0,0,0,0,0,0,0,0,0,0,0,0,0,0,0,0,0,0,0,0,0,0,0,0,0,0,0,0,0,0,0,0,0,0,0,0,0,0,0,0,0,0,0,0,0,0,0,0,0,0,0,0,0,0,0,0,0,0,0,0,0,0,0,0,0,0,0,0,0,0,0,0,0,0,0,0,0,0,0,0,0,0,0,0,0,0,0,0,0,0,0,0,0,0,0,0,0,0,0,0,0,0,0,0,0,0,0,0,0,0,0,0,0,0,0,0,0,0,0,0,0,0,0,0,0,0,0,0,0,0,0,0,0,0,0,0,0,0,0,0,26.4868,0,0,0,0,0,0,0,0,0,0,0,0,0,0,0,0,23.8514,0,0,22.2155,0,0,0,0,43.535,0,39.2065,0,0,0,0,47.4397,26.4775,36.3696,0,2.29178,0,0,0,0,0,0,0,0,0,0,25.4881,6.79489,23.2649,0,106.789,0,57.0358,0,0,0,0,0,0,0,0,0,0,0,0,0,432.929,0,0,0,0,0,0,0,0,0,0,0,0,0,0,0,0,0,0,0,0,0,0,474.688,0,0,0,0,0,0,0,0,0,0,0,0,0,0,0,0,0,14.9702,0,0,0.85625,0,0,0,0,0,48.1196,0,0,0,0,0,0,0,0,0,0,0,0,0,0,0,0,0,46.801,0,0,0,0,0,0,0,0,0,0,0,0,0,45.8401,0,0,0,0,27.3245,0,0,0,0,0,0,0,0,0,0,0,0,0,0,0,0,0,0,0,0,0,0,0,0,0,0,0,0,0,0,0,0,0,0,0,0,0,0,0,0,0,0,0,0,0,0,0,0,0,0,0,0,0,0,0,0,0,0,0,0,0,0,0,0,0,0,0,0,0,0,0,0,0,0,0,0,0,0,0,0,0
NGM,Co+2,3,xtb,-86.728,5.12836,0,0.21096,5.04243,0,0,4.22491,7.31918,0,12.5382,1.73463,0,0,0,5.83637,5.8612,31.1742,2.62134,2.34289,37.6534,7.0974,0,0,13.6441,0,30.9027,3.19152,5.7909,58.2259,0,0,16.5304,14.942,0,0,0,5.33391,0,29.6165,4.13494,0,21.1459,0,0,5.03097,66.7245,0,19.8372,0,0,0,0,30.2212,0,0,2.55088,62.9501,0,0,0,43.1003,0,0,0,0,0,6.14195,0,0,0,41.2063,0,0,0,9.86264,0,0,0,0,12.6862,0,0,0,20.2665,0,0,2.13584,0,0,0,12.3851,5.83415,112.704,132.965,0,0,0,268.283,0,2.67946,0,118.37,115.888,0,175.303,0,0,0,161.507,0,0,0,0,23.6962,0,257.437,0,0,176.34,0,0,97.2007,0,0,17.1687,0,0,0,0,8.5719,0,0,0,0,0,0,17.9285,0,0,0,0,62.9637,0,0,28.4186,70.6566,0,0,0,0,0,12.4202,0,0,0,0,0,0,514.585,0,0,0,0,0,0,13.9334,4.70605,0,0,0,0,0,0,22.6162,0,0,23.8185,10.2312,1.05156,0,0,0,5.56201,0,0,0,0,0,6.18495,0,0,0,0,27.5664,0,0,58.584,0,0,0,0,13.4441,0,0,0,0,0,0,147.608,0,145.982,102.018,0,0,19.4771,15.3245,92.5403,0,9.80401,0,4.51726,0,6.80206,0,0,0,0,10.9825,0,0,0,0,0,0,0,32.9935,39.7158,0,0,14.0354,0,0.7039,34.7656,0,1.47187,0,0,6.30728,0,0,0,42.5285,1.36277,0,0,0,0,45.4075,0,0,0,0,0,0,70.1029,0,0,0,0,0,0,0,0,0,62.7224,0,0,16.9012,3.72324,6.86919,26.0552,13.3466,0,110.763,0,0,0,0,128.47,0,0,0,123.287,0,0,78.0235,0,0,0,0,245.689,0,0,0,0,0,0,0,0,0,0,0,0,739.599,0,323.678,0,0,0,0,0,0,0,0,0,0,0,0,0,0,203.743,0,0,0,0,0,872.151,0,0,0,0,0,0,0,0,0,0,0,0,0,0,0,0,0,0,0,0,0,0,0,0,0,0,0,0,0,0,0,0,0,0,0,0,0,0,0,0,0,0,0,0,0,0,0,0,0,0,0,0,0,0,0,0,0,0,0,0,0,0,0,0,0,0,0,0,0,0,0,0,0,0,0,0,0,0,0,0,0,0,0,0,0,0,0,0,0,0,0,0,0,0,0,0,0,0,0,0,0,0,0,0,0,0,0,0,0,0,0,0,0,0,0,0,0,0,0,0,0,0,0,0,0,0,0,0,0,0,0,0,0,0,0,0,0,0,0,0,0,0,0,0,0,0,0,0,0,0,0,0,0,0,0,0,0,0,0,0,0,0,0,0,0,0,0,0,0,0,0,0,0,0,0,0,0,0,0,0,0,0,0,0,0,0,0,0,0,0,0,0,0,0,0,0,0,0,0,0,0,0,0,0,0,0,0,0,0,0,0,0,0,0,0,0,0,0,0,0,0,0,0,0,0,0,0,0,16.4696,0,0,0,0,0,0,30.1437,0,24.6573,0,34.5729,0,0,0,0,0,0,0,0,0,14.4854,40.7536,0,0,0,10.6071,9.33214,0,0,0,13.1857,0,697.411,0,0,0.39298,0,4.72095,0,0,0,0,0,0,0,0,0,0,0,0,0,652.876,0,0,0,0,0,0,0,0,0,0,0,0,0,0,0,109.674,0,0,0,0,0,0,0,0,0,0,0,0,0,0,0,0,0,0,0,0,0,0,0,0,0,0,0,1.83987,0,0,0,70.8857,0,0,0,0,0,0,0,0,0,0,0,0,0,0,0,0,0,0,0,0,16.0273,96.5266,0,39.8863,0,0,140.286,0,0,0,0,0,0,0,0,0,0,0,0,0,0,0,0,0,0,34.1602,0,0,0,0,0,0,0,0,8.68025,0,0,0,0,0,0,0,0,0,0,0,0,0,0,0,0,0,0,0,0,0,0,0,0,0,0,0,0,0,0,0,0,0,0,0,0,0,0,0,0,0,0,0,0,0,0,0,0,0,0,0,0,0,0,0,0,0,0,0,0,0,0,0,0,0,0,0,0,0,0
NHC,Ni+2,3,xtb,-98.1219,9.85696,13.9861,1.70188,0,6.30259,5.41278,5.21586,8.74499,3.10807,0,0,5.89495,9.17997,0,9.29965,3.94179,0,0,1.00137,0,4.57488,7.3158,0,0,26.5682,64.3517,5.36869,0,5.22481,0,4.78046,0,0,0,12.236,5.97288,0,0,0,5.52079,10.024,0,0,6.97844,31.5877,0,3.90304,0,0,17.0612,0,31.0202,0,0,5.76295,31.3547,16.4559,0,0,95.3267,0,0,0,12.2788,15.4744,0,6.02834,0,0,0,0,0,47.7178,0,118.71,0,0,110.382,0,0,0,0,0,0,259.637,0,40.8944,0,0,78.7426,0,462.049,27.4481,0,0,0,0,107.697,0,0,0,58.2723,0,0,0,0,52.7373,0,14.0107,57.9697,0,25.0902,22.4294,0,75.3644,0,0,12.1159,0,0,0,14.2744,118.979,0,0,115.715,0,88.9815,9.0657,0,185.642,0,49.215,2.74137,0,0,0,0,0,8.8645,0,0,0,0,0,5.06998,21.8195,4.21288,0,0,419.664,0,0,0,0,0,0,0,0,0,0,0,16.9056,0,0,0,0,0,0,15.7063,5.15247,36.3635,0,13.4671,0,0,0,0,16.8344,0,30.0344,0,0,0,0,0,96.1764,0,0,0,70.3281,0,27.2446,0,0,0,0,0,0,50.4525,0,0.8613,0,0,0,0,21.9731,20.5582,0,6.32772,0,113.297,0,0,2.4846,0,15.5441,0,3.99801,200.721,109.881,0,9.2832,0,0,0,0,0,9.01247,0,12.1355,0,38.7476,0,0,13.1556,0,22.7486,0,0,0,0,39.4935,0,0,0,5.08073,69.0771,30.2188,0,91.5757,14.0511,0,0,0,158.19,0,0,85.6814,0,0,28.8229,0,0,206.267,0,0,0,0,0,0,0,11.1405,2.82652,27.3538,0,0,0,0,37.9133,0,228.023,113.889,0,0,0,0,0,0,160.921,0,0,232.589,0,166.513,0,97.5399,0,0,9.66254,0,0,0,0,0,0,0,0,0,0,0,0,0,0,0,0,0,0,0,224.2,0,0,0,0,0,0,0,0,0,0,0,0,0,0,985.602,0,0,0,0,0,237.111,0,0,0,0,0,0,0,0,0,0,0,0,0,0,0,0,0,0,0,0,0,0,0,0,0,0,0,0,0,0,0,0,0,0,0,0,0,0,0,0,0,0,0,0,0,0,0,0,0,0,0,0,0,0,0,0,0,0,0,0,0,0,0,0,0,0,0,0,0,0,0,0,0,0,0,0,0,0,0,0,0,0,0,0,0,0,0,0,0,0,0,0,0,0,0,0,0,0,0,0,0,0,0,0,0,0,0,0,0,0,0,0,0,0,0,0,0,0,0,0,0,0,0,0,0,0,0,0,0,0,0,0,0,0,0,0,0,0,0,0,0,0,0,0,0,0,0,0,0,0,0,0,0,0,0,0,0,0,0,0,0,0,0,0,0,0,0,0,0,0,0,0,0,0,0,0,0,0,0,0,0,0,0,0,0,0,0,0,0,0,0,0,0,0,0,0,0,0,0,0,0,0,0,0,0,0,0,0,0,0,0,0,0,0,0,0,0,0,0,0,0,0,0,0,0,0,0,0,0,0,0,0,0,0,0,7.55684,0,0,1615.37,428.852,0,0,0,0,21.4948,7.7384,9.11234,0,0,17.3367,0,0,10.1442,0,0,0,0,0,0,0,0,0,0,0,0,0,0,0,0,0,0,0,0,0,0,0,0,0,0,0,0,0,0,43.3404,0,0,5.95515,0,13.3827,0,0,0,0,0,0,0,0,0,0,0,0,0,0,0,0,107.356,0,0,0,0,0,0,0,0,0,0,0,0,0,0,0,0,95.6725,0,0,0,0,0,0,0,0,122.693,40.4245,0,0,0,0,0,0,0,0,78.4281,0,0,0,0,0,0,0,0,0,0,0,0,0,0,29.1183,0,0,0,0,0,46.3756,0,0,0,0,0,10.5721,53.5272,0,0,0,0,59.2479,0,0,0,0,0,0,0,0,0,0,0,0,0,0,0,0,0,0,0,0,0,0,0,0,0,0,0,0,0,0,0,0,0,0,0,0,0,0,0,0,0,0,0,0,0,0,0,0,0,0,0,0,0,0,0,0,0,0,0,0,0,0,0,0,0,0,0,0,0,0,0,0,0,0,0
NKC,Co+2,3,xtb,-101.599,22.2516,0.23426,0,7.08797,0,5.46227,17.3882,0,1.83731,3.77209,1.73553,0,1.49885,0,4.65675,0,2.41122,0,7.64842,1.6085,5.65722,1.34366,0,4.88209,0,13.4268,0,0,0,10.0424,0,4.62148,14.0957,0,0,16.4926,2.2832,0,56.1739,7.80652,0,0,12.743,43.6804,0,45.6876,50.5097,0,3.65777,5.15076,52.6346,5.89187,0,0,0,7.18187,0,0,24.6905,0,0,60.5986,0,24.9714,78.9582,0,43.2366,0,0,14.2981,0,51.8154,22.8085,0,89.5711,0,106.766,0,30.2644,0,25.7327,31.421,0,31.1913,0,0,23.6452,13.7247,0,0,0,0,27.65,0,0,0,51.6543,0,0,0,37.6986,0,0,0,0,0,0,132.054,0,136.431,94.9308,0,14.7999,0,9.86232,0,0,0,308.602,0,0,121.4,0,25.6641,165.327,0,330.362,0,283.612,0,0,0,0,0,0,0,0,0,82.7411,0,0,10.4469,0,0,0,72.2057,260.85,23.7168,0,0,0,0,0,0,0,9.69362,0,21.009,0,0,0,0,18.0474,0,0,5.92383,0,0,27.14,0,0,0,34.7704,0,189.233,0,0,62.172,0,12.5798,35.1784,0,0,0,0,0,129.207,0,3.48186,0,0,0,37.2316,0,0,0,30.7999,0,29.4187,15.3176,0,0,0,0,13.8534,0,0,43.5512,0,0,9.48672,0,0,4.32409,0,8.60329,42.149,3.253,61.2039,6.48661,78.8871,0,0,0,12.364,0,0,6.22895,0,0,2.45456,0,0,0,3.92039,0,65.5169,0,0,6.561,33.471,0,13.0873,7.2358,0,8.52309,0.50887,0,0,33.6247,22.089,0,0,240.023,0,0,0,0,3.86478,0,126.915,0.46719,0,1.3112,0,0,0,0,0,0,0,89.7032,0,3.17272,0,0,49.1675,0,213.489,0,0,0,143.548,0,0,0,4.26771,119.848,205.488,5.84279,0,207.711,0,82.73,120.155,0,0,0,0,0,0,0,0,0,0,32.3356,0,0,0,0,0,0,0,0,0,0,435.977,0,0,0,0,0,0,0,0,0,0,0,0,0,0,0,0,0,0,0,946.778,0,0,0,343.071,0,0,0,0,0,0,0,0,0,0,0,0,0,0,0,0,0,0,0,0,0,0,0,0,0,0,0,0,0,0,0,0,0,0,0,0,0,0,0,0,0,0,0,0,0,0,0,0,0,0,0,0,0,0,0,0,0,0,0,0,0,0,0,0,0,0,0,0,0,0,0,0,0,0,0,0,0,0,0,0,0,0,0,0,0,0,0,0,0,0,0,0,0,0,0,0,0,0,0,0,0,0,0,0,0,0,0,0,0,0,0,0,0,0,0,0,0,0,0,0,0,0,0,0,0,0,0,0,0,0,0,0,0,0,0,0,0,0,0,0,0,0,0,0,0,0,0,0,0,0,0,0,0,0,0,0,0,0,0,0,0,0,0,0,0,0,0,0,0,0,0,0,0,0,0,0,0,0,0,0,0,0,0,0,0,0,0,0,0,0,0,0,0,0,0,0,0,0,0,0,0,0,0,0,0,0,0,0,0,0,0,0,0,0,0,0,0,0,0,0,0,0,0,0,0,0,0,0,0,0,0,0,0,0,1.82381,5.93982,0,0,0,19.0268,0,3.21242,6.17676,25.2318,45.2718,30.307,2.28013,21.6674,92.3543,56.6303,0,0,0,0,0,0,0,0,0,1386.42,0,0,0,0,0,0,0,0,0,0,0,0,0,0,0,0,0,0,0,0,0,0,0,0,0,0,0,0,0,0,0,0,0,0,0,0,0,0,0,0,463.616,0,0,0,0,0,0,0,0,0,0,0,0,0,0,0,0,0,0,0,367.806,0,0,0,0,34.5816,14.1859,0,0,0,0,0,57.6829,610.795,41.5785,0,0,0,0,0,46.0942,0,0,0,0,0,0,0,0,0,0,0,0,0,0,20.2669,0,0,0,0,0,0,19.0171,0,0,0,0,0,0,0,0,0,37.0648,0,46.261,0,0,19.7429,0,0,0,0,0,0,0,0,0,0,0,0,0,0,0,0,0,0,0,0,0,0,0,0,0,0,0,0,0,0,0,0,0,0,0,0,0,0,0,0,0,0,0,0,0,0,0,0,0,0,0,0,0,0,0,0,0,0,0,0,0,0,0,0,0,0,0,0,0,0,0,0
NKP,Ni+2,3,xtb,-99.7336,14.6241,0.73057,4.34388,1.93844,1.15844,0,0.99773,5.63566,1.51407,0,10.7368,0,10.0505,0,0,0,10.2204,4.21712,2.05029,0,3.84658,0,2.91213,0,8.96686,13.3586,12.5589,0,1.32743,8.76361,8.72169,0,12.1767,0,29.5129,29.2293,0,4.75203,0,0,6.51148,4.13687,0.93239,0,0,0,50.5766,0,7.36914,0,51.1677,17.3507,14.9393,0,0,0,0,19.5353,0,0,10.338,0,18.7009,0,18.4219,0,40.2967,0,25.8447,0,11.44,0,0,0,0,0,0,0,0,361.257,40.0731,18.1243,0,13.6411,0,0,0,131.644,0,7.6477,0,0,0,184.307,0,0,422.193,0,0,8.88237,0,310.79,0,22.0237,0,50.9342,0,0,0,9.61215,111.968,0,8.28817,0,147.559,0,0,47.5346,0,0,3.94553,0,0,0,0,26.7517,0,0,0,0,0,0,0,0,17.2406,0,87.5725,0,0,0,0,0,0,35.4086,0,0,0,0,0,9.0994,0,0,0,2.94143,0,0,0,0,0,28.7031,0,0,69.2591,38.0025,0,16.3334,0,27.9884,0,48.3204,0,0,24.9519,0,0,40.1926,5.84754,0,0,0,0,0,8.35371,0,19.0126,0,0,14.6673,6.7243,28.6711,0,0,0,0,0,11.0206,23.6535,0,87.1363,0,11.8421,0,0,0,17.0003,0,7.46298,0,0,24.3451,0,25.3035,0,33.7793,0,0,2.61175,129.062,110.299,0,50.7242,0,0,45.6304,0,28.9298,0,0,0,6.0289,16.0432,0,20.0964,0,0,5.02257,0,29.0363,55.1562,2.43362,0,0,0,2.21747,8.77035,0,10.0211,37.5402,10.0962,8.04206,119.307,0,7.76062,64.385,44.0516,0,0,5.17292,0,0,0,12.0953,0,8.60884,229.764,23.8103,0,0,0,0,0,0,0,0,0,0,0,0,12.8029,0,0,0,14.2268,0,100.691,153.462,71.3023,1.94221,0,19.4616,128.96,0,0,128.531,0,0,0,0,0,40.9878,0,0,0,0,0,0,0,0,0,0,0,0,0,0,0,0,0,0,0,0,0,0,0,0,286.548,0,0,0,0,0,0,0,156.917,0,0,0,0,0,0,0,961.773,0,0,0,0,0,0,0,0,0,0,0,0,0,0,0,0,0,0,0,0,0,0,0,0,0,0,0,0,0,0,0,0,0,0,0,0,0,0,0,0,0,0,0,0,0,0,0,0,0,0,0,0,0,0,0,0,0,0,0,0,0,0,0,0,0,0,0,0,0,0,0,0,0,0,0,0,0,0,0,0,0,0,0,0,0,0,0,0,0,0,0,0,0,0,0,0,0,0,0,0,0,0,0,0,0,0,0,0,0,0,0,0,0,0,0,0,0,0,0,0,0,0,0,0,0,0,0,0,0,0,0,0,0,0,0,0,0,0,0,0,0,0,0,0,0,0,0,0,0,0,0,0,0,0,0,0,0,0,0,0,0,0,0,0,0,0,0,0,0,0,0,0,0,0,0,0,0,0,0,0,0,0,0,0,0,0,0,0,0,0,0,0,0,0,0,0,0,0,0,0,0,0,0,0,0,0,0,0,0,0,1886.43,0,0,0,0,0,0,0,0,0,0,0,0,0,12.1371,0,0,0,0,26.8376,0,0,0,5.45596,7.50575,51.4256,0,0,0,0,0,0,22.6764,0,20.0449,16.1171,0,4.99052,44.9727,5.9748,0,82.9047,0,0,7.98637,0,19.5353,0,18.5806,0,0,0,0,0,0,0,0,0,0,0,0,0,0,0,0,0,0,0,0,0,0,0,0,0,0,0,0,0,0,0,0,0,0,0,0,0,78.0447,0,0,0,0,0,0,0,0,0,0,0,0,0,0,0,8.53536,0,0,0,0,0,0,0,0,0,0,2.17921,0,0,0,0,0,2.61734,0,0,0,47.9334,0,0,110.656,0,0,0,0,0,0,0,135.531,0,0,0,0,0,23.0225,0,0,0,0,0,0,0,55.6437,0,0,0,0,0,0,0,0,0,50.7717,0,31.965,0,31.0957,0,0,0,0,0,0,0,0,0,0,0,0,0,0,0,0,0,0,0,0,0,0,0,0,0,0,0,0,0,0,0,0,0,0,0,0,0,0,0,0,0,0,0,0,0,0,0,0,0,0,0,0,0,0,0,0,0,0,0,0,0,0,0,0,0,0,0,0,0,0,0,0,0,0,0,0,0
NKS,Co+2,3,xtb,-97.2142,18.3905,0.35898,0,2.08773,3.25963,4.33751,0,0,10.96,0,0,3.8469,0,1.38457,0,0,2.0172,0.22841,0,8.05964,0,15.7026,0,3.70776,0,0,0,0.25873,0,5.65039,0,7.04245,0,0,6.47098,0,6.5494,0,42.9774,5.98737,0,0,8.47444,50.4783,56.1478,0,0,0,48.207,28.7045,19.2943,0,0,37.2646,24.2877,0,7.77932,43.8,29.3557,0,0,0,0,0,0,2.05632,0,0,0,0,29.7435,0,18.6779,39.2812,0,0.84463,0,11.3187,0,0,0,29.9077,0,7.57512,0,0,0,94.3106,0,26.1429,118.577,0,0,0,259.417,98.8344,45.9015,0,0,0,0,74.1997,0,0,0,0,20.8088,0,0,28.6326,0,64.8567,0,0,0,0,435.916,130.806,29.719,0,0,0,8.97395,0,0,0,0,9.22338,0,0,76.2355,0,0,0,0,0,0,0,0,0,0,20.7715,0,0,0,7.3548,0,420.106,0,0,0,0,0,0,0,0,16.4001,0,0,0,0,0,17.9524,0,0,0,0,32.3302,0,0,0,22.6519,0,0,337.231,32.7512,0,0,6.39799,0,0,0,0,0,71.8729,0.82471,22.7728,0,0,0,0,105.646,0,0,121.425,64.0284,0,0,0,21.3848,0,0,8.71278,12.1098,0,0,0,100.267,0,20.073,0,27.5838,0,19.2426,0,0,0,0,203.992,25.4445,0,0,0,0,0.4487,0,37.2501,0,6.75719,0,0,0,0,0,38.3043,0,1.16963,0,11.7655,0,0,0,0,0,5.8265,0,4.28214,296.544,0,18.0889,0,0,0.85944,0,107.509,0,28.8343,0,9.13474,0,0,89.2649,0,2.40772,0,0,0,0,0,0,0,0,81.9168,0,0,0,0,260.266,0,0,11.3474,0,0,3.43476,0,0,4.67992,9.70983,0.64679,232.362,0,0.6953,0,75.6046,0,0,0,0,0,0,39.9393,0,0,130.46,0,0,28.1401,0,0,0,0,0,0,0,0,0,0,0,0,0,0,0,200.763,0,0,0,0,0,0,0,387.187,0,566.773,0,0,0,0,0,0,0,0,0,0,0,0,614.393,0,0,0,0,0,0,0,0,0,0,0,0,0,0,0,0,0,0,0,0,0,0,0,0,0,0,0,0,0,0,0,0,0,0,0,0,0,0,0,0,0,0,0,0,0,0,0,0,0,0,0,0,0,0,0,0,0,0,0,0,0,0,0,0,0,0,0,0,0,0,0,0,0,0,0,0,0,0,0,0,0,0,0,0,0,0,0,0,0,0,0,0,0,0,0,0,0,0,0,0,0,0,0,0,0,0,0,0,0,0,0,0,0,0,0,0,0,0,0,0,0,0,0,0,0,0,0,0,0,0,0,0,0,0,0,0,0,0,0,0,0,0,0,0,0,0,0,0,0,0,0,0,0,0,0,0,0,0,0,0,0,0,0,0,0,0,0,0,0,0,0,0,0,0,0,0,0,0,0,0,0,0,0,0,0,0,0,0,0,0,0,0,0,0,0,0,0,0,0,0,0,0,0,0,88.5646,0,0,0,0,0,0,689.042,0,773.754,0,0,0,0,0,0,0,0,0,0,0,0,0,0,0,0,0,29.3483,14.0639,16.2889,0,49.4011,6.82334,22.6112,72.5077,47.8172,12.5725,0,56.0097,0,41.6866,0,0,12.5211,4.33123,0,0,0,0,0,0,0,0,0,0,0,0,0,0,0,0,0,0,0,0,0,0,0,0,0,0,0,986.598,0,0,0,0,0,0,0,0,0,0,0,0,0,0,0,0,0,0,0,0,0,0,0,0,0,0,0,0,0,0,216.39,0,0,0,0,0,0,0,0,6.67997,0,0,15.1984,0,0,0,0,0,10.8809,35.0701,0,0,0,0,23.7212,0,0,0,0,0,0,0,0,0,0,0,0,0,15.1296,0,0,0,107.556,0,0,0,0,0,0,0,0,0,0,37.8692,0,0,0,0,0,0,0,0,31.4826,0,0,0,0,0,0,0,0,10.5654,0,0,0,0,0,0,0,0,0,0,0,0,0,0,0,0,0,0,0,0,0,0,0,0,0,0,0,0,0,0,0,0,0,0,0,0,0,0,0,0,0,0,0,0,0,0,0,0,0,0,0,0,0,0,0,0,0,0,0,0,0,0,0,0,0,0
NLL,Ni+2,3,xtb,-100.342,3.81259,1.72807,0.78128,2.40588,3.51547,0,0,0.99861,0,0,0.72959,0,3.46507,1.59289,0,19.8953,0,9.15706,0,6.35312,0,25.535,0,29.6755,0,5.39587,0,3.70196,0,0,25.2634,0,3.77374,0,16.6356,3.2278,0,15.2046,0,4.94723,0,4.50499,0,3.61898,0,11.2518,22.246,0,0,19.4884,0,74.8159,0,0,48.1969,0,57.4692,0,0,0,29.0792,0,0,26.7032,0,0,11.6273,0,0,0,26.0915,0,56.0207,10.6263,42.0953,0,36.7631,8.52223,0,0.79407,63.2501,0,94.4288,0,17.9913,0,0,0,0,103.751,0,18.0857,0,0,112.079,190.914,0,54.4508,0,0,34.3371,24.7494,0,0,156.097,0,27.6426,0,0,148.705,0,0,87.1692,0,0,40.23,0,0,0,0,0,0,73.0656,30.073,0,0,0,0,0,0,51.3281,0,0,30.0512,0,0,63.2926,0,0,0,0,0,38.6609,0,0,198.662,0,0,0,0,0,0,0,0,0,0,0,0,0,121.821,49.3423,0,0,0,33.6159,0,0,0,35.9876,16.947,2.51927,0,0,472.463,0,0,8.33485,0,0,17.3806,1.68171,12.3106,0,0,0,0,3.035,0,19.362,0,35.8203,0,0,0,57.5629,0,16.2508,0,0,69.6058,0,0,0,7.63029,0,0,14.3235,0,25.1856,0,3.11053,0,0,21.2593,382.205,0,0,31.777,27.9218,4.73125,0,14.2441,0,0,0,0,0,5.86523,13.9442,0,0,0.53517,0,2.23489,0.55427,0,0,0,0,5.9099,0,2.55947,122.93,4.24194,0,26.8,0,4.36467,0,60.206,4.50204,4.99642,9.20115,0,0,0,10.1087,0.7648,0,0,10.0797,2.69148,0,0,81.921,0,0,0,0,0,7.37791,0,5.3432,40.3096,3.16309,3.58463,0,0,0,133.326,166.891,0,0,5.81186,0,0,4.05348,3.32231,3.62619,447.536,41.8114,80.3458,20.1197,0,0,0,0,0,164.5,0,0,0,506.864,0,0,247.723,0,0,0,0,0,0,0,0,0,0,0,0,0,0,0,0,0,0,0,0,0,0,740.594,0,0,0,0,0,0,0,0,0,0,0,0,0,0,0,0,589.423,0,0,0,0,0,0,0,0,0,0,0,0,0,0,0,0,0,0,0,0,0,0,0,0,0,0,0,0,0,0,0,0,0,0,0,0,0,0,0,0,0,0,0,0,0,0,0,0,0,0,0,0,0,0,0,0,0,0,0,0,0,0,0,0,0,0,0,0,0,0,0,0,0,0,0,0,0,0,0,0,0,0,0,0,0,0,0,0,0,0,0,0,0,0,0,0,0,0,0,0,0,0,0,0,0,0,0,0,0,0,0,0,0,0,0,0,0,0,0,0,0,0,0,0,0,0,0,0,0,0,0,0,0,0,0,0,0,0,0,0,0,0,0,0,0,0,0,0,0,0,0,0,0,0,0,0,0,0,0,0,0,0,0,0,0,0,0,0,0,0,0,0,0,0,0,0,0,0,0,0,0,0,0,0,0,0,0,0,0,0,0,0,0,0,0,0,0,0,0,0,0,0,0,0,0,0,1091.87,0,0,0,0,0,0,0,0,0,0,0,0,0,30.4799,24.0285,0,0,0,0,0,0,48.5565,0,0,0,0,0,0,0,17.9186,0,7.5739,0,26.5654,15.4092,61.9319,0,0,13.7568,0,0,0,560.952,90.6064,209.305,107.608,11.4551,0,0,0,0,0,0,0,0,0,0,0,0,0,0,0,0,0,0,0,0,0,0,0,0,0,720.8,0,0,0,0,0,761.419,0,0,0,0,0,0,0,0,0,0,0,0,0,21.9371,0,0,0,0,0,0,0,0,0,0,0,0,0,8.06685,0,0,0,0,0,0,0,0,0,0,0,0,0,0,0,0,0,0,0,0,0,0,0,0,0,0,0,0,0,40.2204,0,17.4634,0,0,0,0,0,0,0,0,0,0,0,0,48.1159,0,0,0,0,0,0,0,0,0,0,0,0,12.9569,16.5754,0,0,0,0,0,0,0,0,0,0,0,0,0,0,0,0,0,0,0,0,0,0,0,0,0,0,0,0,0,0,0,0,0,0,0,0,0,0,0,0,0,0,0,0,0,0,0,0,0,0,0,0,0,0,0,0,0,0,0,0,0,0,0,0,0,0,0,0,0,0,0,0
NLV,Ni+2,3,xtb,-97.1934,3.17546,0.20977,3.5691,0,1.28467,2.20424,1.89296,0,6.84916,0,10.3748,2.19979,0,0,7.20794,0,15.4967,0,1.15907,0,7.56467,0,6.73613,0,9.53809,2.89657,0,0,11.7625,19.7069,0,11.5206,0,0,9.61924,1.33917,8.73455,3.83485,0,0,0,25.7735,86.7206,5.59062,0,9.34453,0,6.27464,4.11009,0,4.91156,0,19.7825,0,0,0,0,11.4785,0,13.2567,0,0,0,7.16923,73.8472,0,19.8415,0,0,0,3.1707,0,0,31.0429,14.348,0,0,34.3003,0,133.044,0,68.6958,0,0,0,0,15.1169,192.851,0,85.8061,48.9348,0,0,13.6106,343.704,0,0,158.27,85.5528,0,0,0,71.7032,0,26.8076,0,0,175.514,0,0,0,0,0,144.056,0,72.5297,0,114.98,0,0,0,0,0,0,0,0,0,57.8767,0,0,0,73.0588,30.9366,0,0,0,0,0,0,0,0,85.9144,0,354.858,0,0,0,15.3376,0,0,0,0,0,0,0,0,0,0,4.22397,0,0,0,17.1951,0,5.57784,0,0,0,6.67987,0,0,9.90881,0,9.14937,0,0,8.60649,7.26956,0,0,2.57586,0,1.88016,0,0,2.61847,5.76027,0,0.9342,5.09438,0,29.7249,0,0,0,0,0,18.4416,0,0,21.7684,0,0,6.34254,0,0,0,55.5456,0,0,0,45.7679,0,16.6106,0,91.922,0,0,24.0983,0,33.6767,72.8136,8.75816,0,0,0,58.1011,0,0,12.2855,0,0,0,24.2826,0,5.1912,0,0,0,12.918,0,0,0,0,6.08468,0,22.2066,0,238.178,0,47.7572,16.8143,4.46508,0,0,19.3531,0,0,69.2183,98.1539,15.4702,0,0,0,0,0,0,0,0,0,0,7.88925,0,0,6.34764,0,0,0,0,20.721,0,0,0,134.114,8.80085,95.4521,0,0,2.46854,5.79566,21.147,7.14866,7.07872,7.7301,203.629,0,0,0,166.604,0,0,0,0,0,0,0,0,0,0,0,0,0,0,0,0,0,0,0,0,0,0,0,0,0,0,0,399.385,0,0,155.229,0,568.28,0,696.709,0,0,0,0,0,0,0,0,0,0,0,0,0,0,0,0,0,0,0,0,0,0,0,0,0,0,0,0,0,0,0,0,0,0,0,0,0,0,0,0,0,0,0,0,0,0,0,0,0,0,0,0,0,0,0,0,0,0,0,0,0,0,0,0,0,0,0,0,0,0,0,0,0,0,0,0,0,0,0,0,0,0,0,0,0,0,0,0,0,0,0,0,0,0,0,0,0,0,0,0,0,0,0,0,0,0,0,0,0,0,0,0,0,0,0,0,0,0,0,0,0,0,0,0,0,0,0,0,0,0,0,0,0,0,0,0,0,0,0,0,0,0,0,0,0,0,0,0,0,0,0,0,0,0,0,0,0,0,0,0,0,0,0,0,0,0,0,0,0,0,0,0,0,0,0,0,0,0,0,0,0,0,0,0,0,0,0,0,0,0,0,0,0,0,0,0,0,0,0,0,0,0,0,0,0,0,0,0,0,0,0,0,0,0,0,0,0,0,0,0,0,0,0,0,0,0,0,0,19.2953,0,0,0,0,0,0,0,0,0,0,0,0,18.5326,7.09736,29.9632,0,0,0,0,33.65,0,0,0,24.1626,0,25.9732,0,0,0,5.73986,71.8292,18.5921,15.8983,69.357,69.9892,43.3142,76.124,0,0,40.3415,0,0,0,3.91871,0,0,0,0,0,0,0,0,0,0,0,0,0,0,0,0,0,0,0,0,0,0,441.607,0,0,0,0,0,0,0,0,132.745,0,0,0,0,0,0,0,0,0,0,0,0,0,0,0,0,0,0,0,0,0,8.24322,0,0,0,0,0,0,0,0,0,0,0,0,32.222,0,19.5313,0,194.074,0,0,0,0,0,0,229.432,0,0,0,22.1303,0,0,0,0,0,0,0,0,0,0,0,0,0,0,0,0,0,0,0,20.6676,0,0,0,0,0,0,25.1791,0,0,0,0,0,0,0,0,0,0,0,0,0,0,0,0,0,0,0,0,0,0,0,0,0,0,0,0,0,0,0,0,0,0,0,0,0,0,0,0,0,0,0,0,0,0,0,0,0,0,0,0,0,0,0,0,0,0,0,0,0,0,0,0,0,0,0,0,0,0,0,0,0,0,0
NLY,Zn+2,3,xtb,-100.607,8.62338,0,2.62292,0,1.54492,0.45371,0,2.44769,0,9.22581,0.54573,7.14219,0,0,32.1038,0,0,15.9873,0,10.4155,0,1.79208,0,1.29021,2.86803,4.44405,0,0,0,0,0,40.2212,12.438,1.87504,0,16.9242,37.1093,0,46.6044,0,30.9531,15.0631,0,4.66521,0,0,13.6226,0,6.01297,0,0,0,0,0,9.5573,0,4.37196,9.58859,0,8.67463,0,0,0,0,0,13.0565,2.62108,7.21284,2.27243,0,0,0,0,6.81746,8.26275,0,23.1853,72.0217,0,133.56,0,39.2945,0,0,0,39.488,0,22.1592,0,0,41.3941,0,385.744,0,75.0116,749.215,23.5544,0,16.6074,0,0,0,0,32.6938,0,0,0,0,21.6413,42.4135,0,75.4864,0,26.769,151.328,14.4602,0,41.7515,0,0,0,0,0,0,0,79.9859,0,0,173.509,76.5004,0,0,0,0,67.1191,0,0,10.1753,0,0,0,0,0,0,0,0,0,0,27.1028,0,2.57272,0,0,34.5687,0,0,0,0,1.5424,0,0,0,4.81159,1.09223,0,19.9131,9.52842,0,0,0,7.42625,0,8.18818,0,13.4933,3.05588,10.7435,0,0,0,3.71907,0,0,0,0,0,0,1.02594,4.28544,0,1.26714,1.23838,0,0,9.67286,0,0,0,20.5564,0,8.94621,0,0,0,62.5672,17.996,0,0,0,4.56766,0,0,42.5939,0,0,236.353,0,41.309,0,0,3.21652,21.9431,0.9523,0,0,4.16491,8.54117,41.5635,0,0,0,0,13.2609,0,31.3866,0,7.5062,0,0,165.297,62.8595,19.7356,1.98657,16.1526,0,1.93644,0,0,22.6933,0,20.8169,0,129.049,0,101.142,52.8105,9.30223,26.5648,2.14778,0,0,94.3608,0,0,0,0,0,0,0,0,0,0,0,5.0678,4.51666,151.736,15.9189,67.3723,0,0,0,0,148.728,4.15553,0,0,0,199.231,76.1126,256.167,107.176,3.87972,7.72908,0,0,0,0,0,0,0,0,3.07342,0,0,0,0,0,0,0,0,0,78.0672,0,0,0,0,0,0,0,0,0,434.549,0,0,0,0,0,0,0,0,789.625,0,0,0,612.44,0,0,0,0,0,0,0,0,0,0,0,0,0,0,0,0,449.716,0,0,0,0,0,0,0,0,0,0,0,0,0,0,0,0,0,0,0,0,0,0,0,0,0,0,0,0,0,0,0,0,0,0,0,0,0,0,0,0,0,0,0,0,0,0,0,0,0,0,0,0,0,0,0,0,0,0,0,0,0,0,0,0,0,0,0,0,0,0,0,0,0,0,0,0,0,0,0,0,0,0,0,0,0,0,0,0,0,0,0,0,0,0,0,0,0,0,0,0,0,0,0,0,0,0,0,0,0,0,0,0,0,0,0,0,0,0,0,0,0,0,0,0,0,0,0,0,0,0,0,0,0,0,0,0,0,0,0,0,0,0,0,0,0,0,0,0,0,0,0,0,0,0,0,0,0,0,0,0,0,0,0,0,0,0,0,0,0,0,0,0,0,0,0,0,0,0,0,0,0,0,0,0,0,0,0,0,0,0,0,0,0,0,0,0,0,0,0,0,0,0,0,0,0,0,0,0,0,0,0,0,0,0,0,0,0,0,0,0,0,9.39676,10.0157,0,35.8614,0,0,0,2.91119,0,0,0,0,0,0,23.3945,7.4247,5.63379,24.484,0,0,0,15.7363,57.3889,0,15.371,0,42.9113,5.94722,85.359,32.8085,0,0,47.7541,31.1877,0,0,0,0,0,0,0,0,0,0,0,0,0,0,0,0,0,0,0,0,0,0,0,0,0,0,0,0,0,0,0,0,0,0,0,0,0,0,75.7604,0,0,0,0,0,0,0,0,0,0,0,0,0,0,0,0,0,0,24.6046,0,39.5995,0,0,0,0,0,0,0,0,0,71.768,0,0,63.0841,0,0,0,0,0,0,0,0,0,77.2116,0,0,0,0,30.9971,0,0,0,0,0,77.2844,0,0,0,0,0,111.306,0,0,0,0,0,0,0,0,0,0,0,0,0,0,0,0,0,0,0,0,0,0,0,0,0,0,0,0,0,0,0,0,0,0,0,0,0,0,0,0,0,0,0,0,0,0,0,0,0,0,0,0,0,0,0,0,0,0,0,0,0,0,0,0,0,0,0,0,0,0,0,0,0,0,0,0,0,0,0,0,0,0,0,0
NMF,Cu+2,3,xtb,-99.9524,19.0024,2.99298,3.42727,4.51192,2.64207,0,3.44455,5.72214,0,0,5.55949,2.0694,0,0,6.39031,0,0.41863,0,2.4376,0,0,0,0,5.89794,0,0,6.91278,0,9.58494,0,24.7765,8.77727,0,0,21.2748,0,0,0,1.08099,0,26.5968,0,0,2.10305,0,7.45464,0,11.5815,0,114.277,0,0,0,0,0,20.5033,16.2266,24.075,2.81851,0,0,35.3413,0,0,0,0,0.3927,41.6635,0,0,0,0,0,32.623,0,20.616,0,0,0,0,87.3039,0,171.722,0,0,0,2.58324,17.6121,0,0,0,0,7.57577,0,41.9007,0,145.121,171.944,31.536,138.627,5.0626,0,0,0,0,0,0,0,82.5782,0,86.6028,0,625.366,0,0,0,70.2718,46.5714,0,0,48.9396,0,0,1.51994,0,3.01794,19.0118,0,0,0,0,59.6164,53.0597,0,0,0,0,35.2248,0,0,9.98547,0,0,27.9532,0,0,0,0,0,0,0,9.6348,0,0,0,0,4.58351,0,0,9.42185,0,0,0,0,0,0,56.8791,6.31196,20.4615,0,5.68911,0,1.31498,10.4895,0,0,0.23367,0,3.35716,11.1347,30.9628,0,0,0,8.26309,0,0,4.98761,0.65125,0,0,0,5.18118,0,0.17304,0,0,32.888,0,0,0,0,0,0,0,21.5248,0,11.805,0,7.54263,6.89404,0,0,0,0,21.6048,3.6662,0,173.122,14.4383,0,0.83198,0,24.6524,0,2.91219,0,0.44842,0,0,1.12262,18.7858,0,0,0,4.38437,0,4.70181,0,40.0883,54.4397,0,0,0,152.44,0,0,3.97827,12.4271,7.56012,63.5743,0,0,0,1.9548,0.52976,17.7734,0,0,0,0,0,47.7812,0,64.0893,0,0,0,0,0,0,0,0,0,0,27.5452,4.82102,0,0.30507,20.0429,19.5618,115.929,0,144.053,104.813,45.4295,6.14185,52.866,0,76.4695,0,0,0,0,0,0,0,0,0,0,0,0,0,0,0,0,0,0,0.45543,0,0,2.59805,0,0,0,374.249,0,0,0,0,0,0,0,0,0,226.05,0,0,0,0,591.427,0,0,0,0,0,0,0,0,0,0,0,0,0,0,0,0,0,418.628,0,0,0,0,0,0,0,0,0,0,0,0,0,0,0,0,0,0,0,0,0,0,0,0,0,0,0,0,0,0,0,0,0,0,0,0,0,0,0,0,0,0,0,0,0,0,0,0,0,0,0,0,0,0,0,0,0,0,0,0,0,0,0,0,0,0,0,0,0,0,0,0,0,0,0,0,0,0,0,0,0,0,0,0,0,0,0,0,0,0,0,0,0,0,0,0,0,0,0,0,0,0,0,0,0,0,0,0,0,0,0,0,0,0,0,0,0,0,0,0,0,0,0,0,0,0,0,0,0,0,0,0,0,0,0,0,0,0,0,0,0,0,0,0,0,0,0,0,0,0,0,0,0,0,0,0,0,0,0,0,0,0,0,0,0,0,0,0,0,0,0,0,0,0,0,0,0,0,0,0,0,0,0,0,0,0,0,0,0,0,0,0,0,0,0,0,0,0,0,0,0,0,0,0,0,0,0,0,0,0,0,0,0,0,0,0,0,0,0,0,16.8731,0,30.1613,0,0,0,0,0,0,0,3.13637,0,14.8363,0,20.4413,0,0,0,0,16.9519,7.66924,0,0,41.1556,37.1464,0,0,19.5943,0,23.7622,0,0,0,0,0.42882,0,0.7742,22.6488,0,46.3526,13.1764,0,0,0,0,0,0,0,0,0,0,0,0,0,0,0,0,0,0,0,0,0,0,0,0,0,0,0,0,0,0,0,0,0,0,0,0,0,0,0,0,0,0,0,0,0,0,0,0,0,0,0,0,0,0,0,0,0,0,0,0,0,32.3972,45.534,56.5396,0,36.0772,0,0,0,0,30.4916,0,0,0,0,0,0,0,0,0,171.001,0,0,28.9469,31.6042,104.657,0,0,0,0,0,0,0,0,0,0,0,0,0,0,0,4.48965,0,0,0,0,0,0,0,0,0,0,0,0,0,0,0,0,0,0,0,0,0,0,0,0,0,0,0,0,0,0,0,0,0,0,0,0,0,0,0,0,0,0,0,0,0,0,0,0,0,0,0,0,0,0,0,0,0,0,0,0,0,0,0,0,0,0,0,0,0,0,0,0,0,0,0,0,0,0,0
NND,Cu+2,3,xtb,-100.598,8.53061,4.11459,0.49354,5.00119,2.42497,2.46366,0.42879,0,1.82932,0,3.34875,2.636,0,4.1621,9.28154,7.06172,10.081,0,2.68594,0,0,7.26305,0,14.2452,12.4995,0,0,0,0,12.0804,0,11.8931,0,18.5487,0,0,8.25869,0,17.7,0,0,0,43.1011,0,0,0,40.9056,0,33.2951,0,0,0,15.0298,0,0,8.39362,0,37.5502,63.0039,0,12.4021,0,30.7276,0,0,0,32.8353,0,0,2.27712,24.9264,0,0,0,84.1632,46.2332,0,0,0,89.1966,0,0,0,120.486,141.814,0,8.06439,0,0,58.0226,0,0,0,0,62.7603,0,0,0,53.4452,0,177.285,0,0,48.1153,45.0007,0,488.36,0,176.859,0,0,44.504,0,0,0,20.8562,0,0,0,122.039,0,0,0,74.388,561.685,2.87681,0,234.09,0,0,0,0,0,45.7944,0,91.5564,0,0,0,0,64.9564,0,13.8457,0,0,0,570.532,0,0,0,0,0,0,78.1929,0,0,0,6.33374,0,0,0,0,6.52115,0,0,93.5786,0,136.036,0,0,0,0,0,98.0869,0,0,0,0,61.2104,0,73.9751,0,0,11.6616,0,0,0,36.404,0,0,0,0,0,0,12.1189,0,0,0,0,29.024,12.1983,0,3.96421,0,9.1312,0,0,31.2084,4.90883,0,0,0,0,0,0,135.98,0,58.9365,0,223.538,0,0,0,0,7.78898,0,0,0,1.15796,0,0,0,42.6239,5.1899,3.38079,0,27.7338,0,0,0,0,7.84272,192.525,235.981,0,81.1247,0,168.961,0,264.488,37.3641,0,280.806,0,16.9126,0,33.0679,0,0,0,0,0,97.7846,0,0,0,0,0,0,0,0,0,0,0,164.886,0,39.6687,163.155,109.258,0,0,0,161.749,0,210.358,0,0,0,0,93.3489,0,0,140.726,0,0,0,0,47.402,0,0,0,0,0,0,0,0,0,0,0,0,0,0,0,0,0,0,0,0,0,0,507.06,0,0,0,0,0,0,0,0,130.515,0,0,449.413,722.897,0,0,0,0,0,0,0,0,301.192,0,457.027,0,0,0,0,0,0,0,0,0,0,0,0,0,0,0,0,0,0,0,0,0,0,0,0,0,0,0,0,0,0,0,0,0,0,0,0,0,0,0,0,0,0,0,0,0,0,0,0,0,0,0,0,0,0,0,0,0,0,0,0,0,0,0,0,0,0,0,0,0,0,0,0,0,0,0,0,0,0,0,0,0,0,0,0,0,0,0,0,0,0,0,0,0,0,0,0,0,0,0,0,0,0,0,0,0,0,0,0,0,0,0,0,0,0,0,0,0,0,0,0,0,0,0,0,0,0,0,0,0,0,0,0,0,0,0,0,0,0,0,0,0,0,0,0,0,0,0,0,0,0,0,0,0,0,0,0,0,0,0,0,0,0,0,0,0,0,0,0,0,0,0,0,0,0,0,0,0,0,0,0,0,0,0,0,0,0,0,0,0,0,0,0,0,0,0,0,0,0,0,0,0,0,0,1046.57,0,0,0,0,0,0,0,0,0,0,0,0,0,0,0,0,0,0,2.84961,0,0,0,12.8566,0,0,0,0,0,0,0,0,12.1285,0,0,0,0,0,0,2.1758,6.82261,0,1.61265,0,0,1.09782,8.44291,0,1.93212,0,0,0,0,0,0,0,0,0,0,0,0,0,0,0,0,0,0,0,0,0,0,0,0,0,0,0,0,0,0,0,0,0,0,0,0,0,539.796,0,0,0,0,0,0,0,0,0,0,0,0,0,0,0,0,0,0,0,0,0,0,0,0,0,0,0,0,0,0,0,25.1801,0,0,46.136,0,0,23.8219,110.147,0,256.293,0,2.17399,0,0,0,58.6348,0,0,0,0,0,0,0,0,0,0,60.9766,0,120.194,0,13.9246,0,0,53.484,0,0,0,0,84.6671,0,0,0,5.93239,0,0,0,0,0,0,0,0,0,0,0,0,0,0,0,0,0,0,0,0,0,0,0,0,0,0,0,0,0,0,0,0,0,0,0,0,0,0,0,0,0,0,0,0,0,0,0,0,0,0,0,0,0,0,0,0,0,0,0,0,0,0,0,0,0,0,0,0,0,0,0,0,0,0,0,0,0,0,0,0,0,0
NQC,Co+2,3,xtb,-101.566,10.8575,0,7.74795,3.20841,3.31632,0.44835,0,0,9.90212,6.78259,0,0,0,14.1583,3.21535,0.40833,7.68886,0,9.2317,0,1.98493,14.7502,0,6.83011,18.6681,6.58677,0,14.0636,0,0,19.1508,0,5.63208,25.0303,0,2.05841,4.62748,0,46.2791,0,31.203,18.0635,7.69001,0,0,0,11.2199,14.117,9.52959,0,4.91646,27.5613,6.03642,0,0,14.7066,0,11.3118,0,0,0,89.2831,0,0,0,0,35.7909,17.7452,0,55.0579,0,0,0,104.468,0,0,0,2.0002,0,150.482,198.62,0,76.1186,0,125.575,0,0,0,0,83.767,0,12.9284,0,0,18.6004,163.612,0,0,0,129.875,140.14,0,0,0,0,381.226,0,0,51.4886,0,37.8241,0,25.0553,0,9.753,29.5149,0,0,8.79798,0,0,0,85.5903,0,0,0,8.93044,102.606,0,0,0,0,0,0,0,0,268.67,29.3196,52.1833,0,0,0,0,206.285,0,0,49.4367,0,0,0,0,0,18.7836,392.014,0,0,24.0378,0,0,0,12.8515,0,0,14.8349,0,0,0,0,0,9.99703,0,0,0,0,53.6416,14.0553,0,0,0,15.7635,0,0,0,13.9686,0,0,0,0,31.4887,0,0,22.543,0,0,0,0,4.52103,0,0,0,0,35.2916,0,11.8342,39.6778,69.8698,0,0,17.9356,6.94553,0,0,4.55416,0,0,0,0,17.6416,18.9025,0,133.441,27.0917,0,12.9652,0,2.29534,0,0,0,11.1931,4.94108,8.04925,0,0,0,0,2.42371,0,21.6863,28.4021,0,0,0,0,8.80503,63.0021,0,9.49825,0,0,0,0,0,355.48,0,0,0,0,0,86.5955,53.4287,0,0,0,0,0,0,0,0,100.165,0,6.84376,0,0,0,158.647,0,10.2079,0,67.7575,0,10.5554,89.3962,162.228,0,0,169.687,0,0,100.25,119.32,0,0,83.0366,0,0,0,135.507,0,0,0,0,0,0,0,0,0,0,0,0,0,0,0,0,0,0,0,0,0,0,0,0,0,0,0,282.612,0,0,0,0,0,0,0,1347.46,0,0,0,44.6032,478.614,0,342.145,0,0,0,0,0,0,0,0,0,0,0,0,0,0,0,0,0,0,0,0,0,0,0,0,0,0,0,0,0,0,0,0,0,0,0,0,0,0,0,0,0,0,0,0,0,0,0,0,0,0,0,0,0,0,0,0,0,0,0,0,0,0,0,0,0,0,0,0,0,0,0,0,0,0,0,0,0,0,0,0,0,0,0,0,0,0,0,0,0,0,0,0,0,0,0,0,0,0,0,0,0,0,0,0,0,0,0,0,0,0,0,0,0,0,0,0,0,0,0,0,0,0,0,0,0,0,0,0,0,0,0,0,0,0,0,0,0,0,0,0,0,0,0,0,0,0,0,0,0,0,0,0,0,0,0,0,0,0,0,0,0,0,0,0,0,0,0,0,0,0,0,0,0,0,0,0,0,0,0,0,0,0,0,0,0,0,0,0,0,0,0,0,0,0,0,0,0,0,0,0,0,0,0,0,0,0,0,0,0,0,0,0,0,0,0,0,0,0,0,0,0,0,0,0,0,0,0,0,0,18.0127,0,0,0,0,1.24233,0,0,20.2046,0,0,0,0,8.76376,0,0,12.6076,0,9.38934,0,0,10.633,0.7179,7.92427,0,0,0,0,0,0.34661,0,0,0,0,0,0,0,0,0,0,0,0,0,0,0,0,0,406.119,0,556.588,0,0,0,0,0,0,0,0,0,0,0,0,0,0,0,0,0,0,0,0,0,0,0,0,0,0,340.062,0,0,0,0,239.347,0,0,0,0,0,0,0,0,0,0,0,0,0,0,0,0,203.101,0,0,69.3912,0,0,16.073,0,57.8383,0,22.0845,0,0,0,32.4989,0,0,0,0,0,44.7285,0,0,0,192.993,0,0,0,21.184,87.3197,0,12.8854,0,0,0,0,0,0,0,0,0,0,0,0,0,0,0,0,0,81.0514,0,0,0,0,0,0,0,0,0,0,0,0,0,0,0,0,0,0,0,0,0,0,0,0,0,0,0,0,0,0,0,0,0,0,0,0,0,0,0,0,0,0,0,0,0,0,0,0,0,0,0,0,0,0,0,0,0,0,0,0,0,0,0,0,0,0,0,0,0,0,0,0,0
NQD,Cu+2,3,xtb,-103.745,18.6913,8.08019,0,6.40142,0.41256,0.30929,0,3.1471,2.32054,2.64637,3.55744,3.02693,0,2.54064,0.36306,0,0.63414,7.32357,0,3.42498,4.63828,0,12.3237,0,0,52.5137,7.63476,0,6.92894,0,0,33.3619,0,2.2764,0,23.6774,10.1714,9.57065,0,0,0,10.1824,0,0,0,2.8048,8.15681,0,0,15.9992,7.54982,0,14.6521,0,0,46.6275,0,0,12.9299,0,38.8656,0,0,0,6.87363,0,0,0,0,0,0,0,109.41,0,0,20.843,11.6274,0,14.4237,52.9037,119.728,0,7.57633,0,0,0,0,0,10.3604,0,117.534,0,0,0,0,0,0,86.7556,0,10.0946,658.229,3.6107,0,0,0,0,115.68,30.6883,23.8874,0,50.2015,0,0,79.6505,123.971,0,0,0,63.9206,0,112.067,0,0,0,0,49.7125,0,1.02421,0,58.6092,44.1866,0,0,17.8957,172.409,202.848,0,0,0,45.4072,0,0,0,0,0,0,0,0,0,0,0,0,0,8.21647,0,0,0,0,0,4.9656,0,0,0,0,104.85,462.341,0,0,0,0,36.2543,29.8058,164.825,131.627,0,41.9786,69.5477,0,0,194.178,164.839,0,0,18.6404,0,0,0,0,8.42336,0,0,0,27.8558,0,0,0,23.4853,0,0,0,0,0,27.9782,29.3203,0,18.6909,0,0,0,0.99913,0,6.66446,0,15.5854,0,0.88782,24.1035,0,0,0,0,157.42,0,22.6249,0,20.3393,0,18.7367,0,0,0,0,0,32.1665,0,66.457,0,5.46356,298.707,0,0,0,14.15,16.5413,0,0,0,0,59.7292,0,16.8827,0,0,0,152.668,122.38,20.014,25.1151,64.5328,0,0,85.4717,0,0,0,0,109.932,0,0,0,0,0,133.216,0,0,18.9012,0,25.1962,0,185.692,16.4979,0,173.802,178.703,4.55456,0,0,166.041,0,0,0,138.9,0,0,55.9106,0,0,0,0,0,0,0,0,0,0,0,0,0,0,0,0,0,0,0,0,0,0,0,0,0,0,0,0,0,0,0,0,241.703,0,168.557,293.493,633.622,0,0,0,354.201,0,0,0,937.118,0,0,0,0,0,0,0,0,0,0,0,0,0,0,0,0,0,0,0,0,0,0,0,0,0,0,0,0,0,0,0,0,0,0,0,0,0,0,0,0,0,0,0,0,0,0,0,0,0,0,0,0,0,0,0,0,0,0,0,0,0,0,0,0,0,0,0,0,0,0,0,0,0,0,0,0,0,0,0,0,0,0,0,0,0,0,0,0,0,0,0,0,0,0,0,0,0,0,0,0,0,0,0,0,0,0,0,0,0,0,0,0,0,0,0,0,0,0,0,0,0,0,0,0,0,0,0,0,0,0,0,0,0,0,0,0,0,0,0,0,0,0,0,0,0,0,0,0,0,0,0,0,0,0,0,0,0,0,0,0,0,0,0,0,0,0,0,0,0,0,0,0,0,0,0,0,0,1623.98,0,0,0,0,0,0,0,0,0,0,0,0,0,0,0,0,0,0,0,0,0,0,0,0,0,0,0,0,0,0,0,0,0,0,0,0,0,0,0,0,47.1405,0,0,0,0,0,0,0,0,0,0,0,0,4.80495,0,0,0,831.056,0,0,0,0,0,0,0,0,3.81104,0,7.28843,0.33009,12.6753,0,7.1153,0,14.6717,0,14.929,0,3.31368,0,0,0,0,0,0,0,0,0,0,0,0,0,0,0,0,0,0,0,0,0,351.356,0,0,349.284,0,0,0,0,0,0,0,0,0,0,0,0,0,0,0,0,0,0,0,0,0,0,0,0,0,0,0,0,0,0,0,0,0,0,0,17.5913,0,0,0,0,0,0,0,0,0,0,94.8096,0,0,0,0,1.94733,0,15.5535,0,0,0,1.87667,0,30.4757,0,0,0,0,0,22.128,0,0,0,0,0,0,0,0,26.1416,0,0,0,75.1939,0,0,0,0,78.6486,0,88.9817,0,0,0,0,0,0,0,0,0,0,0,0,0,0,0,0,0,0,0,0,0,0,0,0,0,0,0,0,0,0,0,0,0,0,0,0,0,0,0,0,0,0,0,0,0,0,0,0,0,0,0,0,0,0,0,0,0,0,0,0,0,0,0,0,0,0,0,0,0,0,0,0,0,0,0,0,0,0,0,0,0,0,0
NQE,Co+2,3,xtb,-116.859,18.6739,0,2.62017,23.4345,0.14946,2.31622,0,0,0.63488,3.77755,0,0,7.00942,4.75559,8.41512,0,1.95704,0,20.5535,34.3109,2.86507,0,24.9345,0,11.7112,0,5.2771,0,1.31063,9.02447,0,22.8246,3.43387,0,0,0.71439,0,61.143,0,0,37.5596,0,0,16.1163,0,0.23958,10.8478,0,0,0,0,37.4217,0,4.03138,0,0,42.366,0,0,39.0656,0,0,0,8.23783,0,0,0,0,33.2343,0,0,139.825,0,11.7101,0,0,0,0,17.2189,72.9435,0,99.7538,9.90924,0,0,22.4406,0,25.9748,124.991,0,0,73.1604,0,0,38.6333,0,0,3.73944,0,53.8171,94.0015,1.71744,0,91.3406,0,85.8177,0,0,0,91.451,189.799,0,0,27.6644,632.125,0,0,4.32378,32.9635,0,0,0,0,493.145,0,66.0663,23.6428,0,0,52.5539,0,0,0,12.9239,151.365,0,189.19,161.32,0,0,45.995,0,0,500.324,0,0,0,0,160.605,0,0,126.442,15.6357,0,0,0,148.881,0,0,0,0,29.0509,15.28,0,0,0,0,0,26.7913,0,0,25.5085,0,7.13125,0,0,13.0813,0,12.8125,0,0,0.24285,0,0,0,0,31.4781,0,0,0,0,0,0,23.8368,0,36.2786,0,0,10.0774,0,0,9.24959,0,8.83949,29.7069,0,28.8837,0,0,0,0,42.9535,39.9186,63.931,0,0,0,191.474,0,0,63.3245,0,0,37.5543,85.1895,7.22243,0,17.355,0,4.88145,0,0,0,0,9.98732,103.899,0,15.7684,0,93.3053,0,63.1546,0,8.42459,5.81298,15.5435,26.7619,0,17.6722,0,42.7678,0,221.386,0,0,0,0,0,78.0845,0,4.99308,0,67.7782,52.3582,0,0,0,0,0,0,0,0,0,0,0,230.655,0,100.292,6.30935,46.6255,4.65402,0,141.791,303.343,0,0,0,165.854,0,188.993,117.595,153.828,0,0,0,0,0,198.908,0,0,0,0,0,0,0,0,0,0,0,0,0,0,552.205,0,0,0,0,0,0,0,0,0,0,0,0,0,0,0,771.376,0,0,103.513,0,901.984,0,0,0,0,0,0,0,669.692,0,0,0,0,0,0,0,0,0,0,0,0,495.302,0,0,0,0,0,0,0,0,0,0,0,0,0,0,0,0,0,0,0,0,0,0,0,0,0,0,0,0,0,0,0,0,0,0,0,0,0,0,0,0,0,0,0,0,0,0,0,0,0,0,0,0,0,0,0,0,0,0,0,0,0,0,0,0,0,0,0,0,0,0,0,0,0,0,0,0,0,0,0,0,0,0,0,0,0,0,0,0,0,0,0,0,0,0,0,0,0,0,0,0,0,0,0,0,0,0,0,0,0,0,0,0,0,0,0,0,0,0,0,0,0,0,0,0,0,0,0,0,0,0,0,0,0,0,0,0,0,0,0,0,0,0,0,0,0,0,0,0,0,0,0,0,0,0,0,0,0,0,0,0,0,0,0,0,0,0,0,0,0,0,0,0,0,0,0,0,0,0,0,0,0,0,0,0,0,0,2388.2,0,0,0,0,0,0,0,0,0,0,0,0,0,0,0,0,0,0,0,0,0,0,0,0,0,0,0,0,0,0,0,0,5.84967,0,0,2.82712,0,0,0,4.58978,0,0,0.9798,2.23939,32.0067,0,0.72671,0,0,4.49778,2.6932,8.97732,3.98119,0,3.42935,0,0,0,0,0,0,0,0,0,0,0,0,0,0,0,0,0,0,0,0,0,0,0,0,0,0,0,0,0,0,1068.16,0,0,0,0,0,0,0,0,0,0,0,0,0,0,0,0,599.338,0,0,3.89046,0,0,0,0,0,0,0,0,0,0,0,0,0,0,0,0,0,227.985,0,0,0,607.533,0,0,63.6292,0,81.4676,0,0,0,0,273.793,0,0,0,29.828,0,0,0,0,0,0,88.7264,42.0761,95.2536,36.5538,0,0,0,0,0,76.7978,0,0,0,0,0,0,0,0,0,62.3593,0,0,78.3061,0,0,0,0,0,0,0,0,0,0,0,0,0,0,0,0,0,0,0,0,0,0,0,0,0,0,0,0,0,0,0,0,0,0,0,0,0,0,0,0,0,0,0,0,0,0,0,0,0,0,0,0,0,0,0,0,0,0,0,0,0,0,0,0,0,0,0,0,0,0,0,0,0,0,0,0,0,0
NQH,Zn+2,3,xtb,-103.486,10.5955,9.60151,1.00432,2.47877,0,2.55516,3.97599,0,0,4.13144,3.91716,0,0,3.45107,6.93458,5.76495,8.40323,0,10.1966,0,2.36849,5.00219,0,0,11.7865,13.4268,1.67248,41.2965,0,27.8454,13.142,0,18.7404,22.4951,11.6135,20.0719,0,0,0,0,0,11.0091,34.6067,0,0,2.15019,0,27.4604,0,4.02758,0,20.507,9.16452,0,7.19877,48.1917,0,0,0,0,16.3126,65.9119,59.7933,0,0,12.5461,0,0,31.8556,0,0,0,118.376,0,14.3504,0,20.4916,0,0,0,0,337.784,0,72.5427,0,33.5133,0,135.53,0,40.3734,0,0,0,0,0,0,0,130.009,93.1532,30.3575,0,0,82.4837,0,0.88895,0,0,130.2,0,0,98.6365,0,0,131.094,0,71.9141,22.849,0,43.5255,0,0,0,0,45.0793,9.04883,0,0,0,0,0,0,9.65447,595.81,0,0,0,1.93541,0,0,0,0,0,24.864,0,38.472,0,0,245.589,8.0446,54.5602,0,46.4388,63.5222,0,0,0,0,0,0,0,0,23.9177,8.81885,0,0,0,84.3624,0,0,0,3.6502,40.1709,0,4.47045,0,0,0,32.3636,0,21.7191,0,0,0,0,0,22.4625,0,0,0,46.5264,9.86444,0,0,0,0,5.72165,0,1.86472,0,74.6185,93.5977,0,0,0,0,11.0519,0,55.5007,0,0,7.86623,1.02861,0,0,0,0,18.3492,0,10.6399,0,218.703,11.4909,14.4398,0,0,0,0,42.2136,0,0,0,13.0971,0,4.01948,0,0,26.2655,0,0,196.641,0,0,50.1272,0,177.744,0,45.3018,0,5.02627,93.6271,0,0,0,0,6.26827,0,0,0,4.69125,0,7.43012,0,150.793,0,0,0,0,0,0,0,0,0,0,0,10.9266,22.6681,78.4781,42.2742,87.6464,0,217.31,17.5706,0,285.094,0,163.343,0,0,120.988,184.909,0,0,0,0,43.4897,152.912,0,0,0,0,0,0,0,0,16.3691,0,0,0,0,0,0,0,0,676.523,0,0,0,0,0,713.201,0,0,0,0,0,0,0,0,0,0,0,0,540.346,0,661.201,0,0,0,0,0,0,0,0,0,0,0,0,0,0,0,0,481.792,0,0,0,0,0,0,0,0,0,0,0,0,0,0,0,0,0,0,0,0,0,0,0,0,0,0,0,0,0,0,0,0,0,0,0,0,0,0,0,0,0,0,0,0,0,0,0,0,0,0,0,0,0,0,0,0,0,0,0,0,0,0,0,0,0,0,0,0,0,0,0,0,0,0,0,0,0,0,0,0,0,0,0,0,0,0,0,0,0,0,0,0,0,0,0,0,0,0,0,0,0,0,0,0,0,0,0,0,0,0,0,0,0,0,0,0,0,0,0,0,0,0,0,0,0,0,0,0,0,0,0,0,0,0,0,0,0,0,0,0,0,0,0,0,0,0,0,0,0,0,0,0,0,0,0,0,0,0,0,0,0,0,0,0,0,0,0,0,0,0,0,0,0,0,0,0,0,0,0,0,0,0,0,0,0,0,0,0,0,0,0,0,0,0,0,0,0,0,0,0,0,0,0,0,51.4767,0,0,0,0,0,0,0,0,0,0,0,0,0,1000.25,18.8703,0,1565.36,0,0,0,0,0,0,0,0,0,0,7.16562,0,20.5012,2.55861,7.80279,7.81026,9.49567,8.49174,0,2.49415,0,0,0,0,0,0,0,0,0,0,0,0,0,0,0,0,0,0,0,0,0,0,0,0,0,0,0,0,0,0,0,0,8.00355,0,0,7.36482,0,0,0,0,0,0,0,0,0,0,0,0,0,818.45,0,0,0,0,0,0,0,0,0,0,0,107.43,0,0,0,0,0,0,0,0,0,0,0,0,0,2.4651,102.028,0,0,0,0.84211,0,0,0,103.815,0,44.6509,52.2154,0,0,0,0,0,0,0,0,0,0,0,0,65.0805,0,0,0,0,0,0,0,0,69.8403,0,0,0,15.6623,125.274,0,0,0,0,0,0,0,0,0,0,0,0,0,0,0,0,0,0,0,0,0,0,0,0,0,0,0,0,0,0,0,0,0,0,0,0,0,0,0,0,0,0,0,0,0,0,0,0,0,0,0,0,0,0,0,0,0,0,0,0,0,0,0,0,0,0,0,0,0,0,0,0,0,0,0,0,0,0,0,0,0,0
NQN,Cu+2,3,xtb,-92.8368,15.0782,3.59951,1.31774,0,1.49531,0,14.3578,0,0,0,0,7.80789,23.8596,27.3967,0,1.40927,0,8.38299,0,0,9.63111,0,0,0,0,8.3371,9.91462,0,2.2658,0,0,44.2797,0,13.1458,0,33.391,54.4948,0,0,18.4295,0,0,6.28632,22.835,0,0,17.358,41.5489,0,0,0,6.13881,0,0,0,0,3.84843,0,6.79163,0,187.456,0,0,0,37.5778,0,56.8167,0,0,27.2655,0,12.6116,0,0,54.2307,0,29.0687,0,18.3061,0,24.1903,0,0,0,0,0,54.248,0,0,0,14.5637,0,15.8813,114.332,15.606,0,44.5359,136.849,0,0,0,29.8523,0,0,0,0,219.837,109.727,0,0,0,115.635,0,0,0,0,0,16.2074,0,25.2427,53.5011,0,0,76.5108,56.7568,0,0,36.4568,0,0,111.987,0,0,0,0,0,12.4006,0,0,314.739,0,0,0,0,146.676,0,0,0,0,0,95.5468,230.794,0,0,0,0,38.9168,0,0,0,0,0,0,0,0,0,0,11.4654,20.7848,0,52.5948,12.0193,0,0,0,0,47.2455,0,0,1.52024,0,0,37.1646,0,0,0,0,0,0,0,5.65757,4.47633,0,0,0,0,0,22.5129,36.6512,115.77,0,0,0,0,395.321,0,0,0,13.2737,0,7.5273,10.4288,0,6.31555,0,4.37625,0,17.6717,0,0,22.8842,30.7889,0,0,0,1.65982,0,0,0,10.07,3.41095,24.8339,0,0,25.8794,0,0,0,0,0,0,37.7253,0,3.57927,0,58.5576,0,0,5.4433,0,12.911,0,0,0,0,16.4767,0,209.44,0,0,67.4736,0,0,0,0,107.116,0,0,0,0,0,0,0,0,9.85153,0,41.0619,6.20821,0,14.5948,208.351,160.109,0,0,133.217,0,0,94.7878,0,0,0,0,0,0,0,137.521,0,0,0,0,0,0,0,0,0,0,0,0,204.324,0,0,0,0,270.648,0,0,0,0,0,0,0,0,0,752.973,0,0,0,0,0,0,0,0,0,537.408,404.618,0,0,501.918,0,0,0,0,0,0,0,0,0,0,0,0,0,0,0,0,0,0,0,0,0,0,0,0,0,0,0,0,0,0,0,0,0,0,0,0,0,0,0,0,0,0,0,0,0,0,0,0,0,0,0,0,0,0,0,0,0,0,0,0,0,0,0,0,0,0,0,0,0,0,0,0,0,0,0,0,0,0,0,0,0,0,0,0,0,0,0,0,0,0,0,0,0,0,0,0,0,0,0,0,0,0,0,0,0,0,0,0,0,0,0,0,0,0,0,0,0,0,0,0,0,0,0,0,0,0,0,0,0,0,0,0,0,0,0,0,0,0,0,0,0,0,0,0,0,0,0,0,0,0,0,0,0,0,0,0,0,0,0,0,0,0,0,0,0,0,0,0,0,0,0,0,0,0,0,0,0,0,0,0,0,0,0,0,0,0,0,0,0,0,0,0,0,0,0,0,0,0,0,0,0,0,0,0,0,0,0,0,0,0,0,0,0,0,0,0,0,0,0,0,0,0,0,0,0,0,0,0,0,0,0,14.2306,45.7995,50.0915,0,0,0,0,0,0,0,0,6.59701,0,15.1495,0,0,10.2768,0,0,0,0,49.7505,483.644,39.4466,0,0,0,0,0,0,0,0,0,0,0,0,0,0,0,0,0,0,0,0,0,0,0,0,0,0,0,0,0,0,0,0,611.297,0,0,0,0,0,0,0,0,314.618,0,0,0,0,0,0,0,0,0,0,0,0,0,0,0,0,0,0,0,0,0,0,0,0,0,0,0,0,0,0,0,0,0,0,0,10.4457,0,0,0,0,0,0,0,0,0,0,0,25.1636,17.4631,0,0,0,37.4637,0,0,0,0,0,0,13.1012,0,0,0,0,11.5181,0,0,0,0,0,0,0,0,0,0,0,0,0,27.4623,0,0,0,0,0,0,0,0,0,0,0,0,0,0,0,0,0,0,0,0,0,0,0,0,0,0,0,0,0,0,0,0,0,0,0,0,0,0,0,0,0,0,0,0,0,0,0,0,0,0,0,0,0,0,0,0,0,0,0,0,0,0,0,0,0,0,0,0,0,0,0,0,0,0,0,0,0
NQV,Zn+2,3,xtb,-86.168,6.29784,3.52261,3.16778,0,10.8571,0,3.24138,0.3408,10.5962,3.33538,0,0,7.62739,0,14.2722,0,13.2548,16.5464,0,0,2.83162,0,0.70233,0,10.8893,0,0,0,0,13.7179,0,10.2854,0,0,31.7247,5.143,1.30636,0,30.6805,0,0,15.5107,17.412,0,28.968,2.51924,5.00493,0,0,0,0,29.8517,0,7.80729,0,45.0317,0,48.1528,0,0,0,0,0.85877,0,22.8457,0,0,0,6.12838,0,0,0,0,25.7669,0,4.88719,0,0,0,7.83054,0,2.48064,0,7.26567,185.501,0,0,0,0,0,0,24.6791,12.534,28.092,181.251,0,0,40.2107,0,0,105.775,0,82.1629,213.375,0,3.95892,0,156.972,0,0,0,0,0,80.8066,0,0,0,0,0,29.1198,0,0,63.0084,0,0,0,58.822,0,54.7194,0,0,0,25.1384,0,261.031,0,0,0,0,15.7978,0,0,24.3843,0,0,0,0,0,0,0,0,0,0,0,0,0,0,11.9266,0,0,1.43311,0,0,12.4911,0,0,0,0,2.3936,0,0,20.6936,0,11.0851,0,0,0,2.15697,17.1511,0,8.69144,58.0462,0,0,0,2.16889,0,0,1.79554,53.8509,0,0,0,23.5554,0,0,0,0,0,133.886,0,10.6369,0,0,0,80.2223,0,0,0,2.63608,0,0,0,0,124.106,39.3405,17.1269,4.65537,0,4.45401,0,2.90124,22.1582,0,0,0,0,8.09873,2.67625,0,0,74.0104,0,26.9048,4.19585,0,8.3519,0,0,0,0,0,0,0.47032,0,9.37183,4.09021,0,0,2.69231,0,41.7727,0,51.7276,29.472,6.40211,0,27.969,33.0818,190.671,0,0,161.159,0,0,0,0,0,0,0,0,6.85074,0,0,5.36872,0,0,0,0,0,3.40096,20.3164,93.3324,141.905,0,0,0,0,0,3.51571,0,115.577,2.22752,0,0,0,0,117.101,0,0,0,0,0,0,0,0,0,0,0,0,0,0,0,0,0,0,0,0,0,0,0,0,334.141,0,0,0,0,0,0,0,0,0,700.53,0,0,0,0,0,1225.63,0,0,0,0,0,0,0,345.484,0,0,0,0,0,0,0,0,0,0,0,0,0,0,0,0,0,0,0,0,0,0,0,0,0,0,0,0,0,0,0,0,0,0,0,0,0,0,0,0,0,0,0,0,0,0,0,0,0,0,0,0,0,0,0,0,0,0,0,0,0,0,0,0,0,0,0,0,0,0,0,0,0,0,0,0,0,0,0,0,0,0,0,0,0,0,0,0,0,0,0,0,0,0,0,0,0,0,0,0,0,0,0,0,0,0,0,0,0,0,0,0,0,0,0,0,0,0,0,0,0,0,0,0,0,0,0,0,0,0,0,0,0,0,0,0,0,0,0,0,0,0,0,0,0,0,0,0,0,0,0,0,0,0,0,0,0,0,0,0,0,0,0,0,0,0,0,0,0,0,0,0,0,0,0,0,0,0,0,0,0,0,0,0,0,0,0,0,0,0,0,0,0,0,0,0,0,0,0,0,0,0,0,0,0,0,0,0,0,0,0,0,0,0,0,31.2719,0,55.8933,0,0,0,0,0,0,0,0,0,51.1957,0,0,0,0,0,0,12.8532,0,0,21.5454,30.3846,16.9112,0,0,25.9708,0,0,0,0,39.1497,0,13.3198,62.7999,11.2909,53.9366,0,0,0,0,0,0,0,0,0,0,0,0,0,0,0,0,0,0,0,0,0,0,0,0,0,0,0,0,0,0,0,0,0,0,0,0,0,0,0,0,0,0,0,0,472.641,0,0,0,0,0,0,0,0,0,0,0,0,0,0,0,0,0,0,0,0,29.869,0,0,0,0,0,0,0,0,39.6614,4.23148,33.0443,0,0,0,0,0,19.7579,0,0,0,0,0,0,19.9316,0,0,0,0,0,17.5852,0,0,0,0,0,0,0,0,0,0,0,0,0,0,0,0,0,0,23.9168,0,0,0,0,0,0,0,0,0,0,0,0,0,0,0,0,0,0,0,0,0,0,0,0,0,0,0,0,0,0,0,0,0,0,0,0,0,0,0,0,0,0,0,0,0,0,0,0,0,0,0,0,0,0,0,0,0,0,0,0,0,0,0,0,0,0,0,0,0,0,0,0,0,0,0,0
NRA,Co+2,3,xtb,-99.0092,23.6174,0,1.2145,5.6613,6.33973,0,0,6.44738,1.01119,0,0,0,8.98649,23.2431,1.60517,0,26.344,0,10.8464,13.8664,0,0,0,20.9941,2.81719,0,9.73952,4.10219,3.57379,0,0,23.1015,0,20.0692,0,54.251,22.1889,0,23.7828,0,0,0,86.3782,36.8577,0,0,2.55768,2.70697,77.0824,0,5.59177,0,0,33.4526,0,0,8.78012,0,33.7277,0,0,199.666,80.2347,0,0,94.1206,66.3776,0,0,87.1367,0,0,21.2568,0,0,59.9484,0,0,8.86738,0,0,7.53389,0,0,0,0,0,0,0,79.3015,22.4432,10.7198,45.3838,0,45.6355,0,94.6933,138.307,25.639,0,0,187.947,0,34.8441,5.51847,75.0561,0,584.871,0,100.796,0,0,0,161.359,48.5726,0,0,83.4518,17.5092,0,12.4566,0,0,67.4442,0,188.841,0,0,0,269.592,0,0,0,0,0,0,92.7882,0,0,0,0,0,8.77368,0,0,0,0,35.8976,0,0,0,5.29127,0,0,0,80.4715,0,0,0,0,0,0,0,0,0,0,3.86972,0,0,0,41.3052,2.72115,0,577.096,0,0,36.104,0,0,0,0,0,0,0,7.24255,0,0,0,0,0,0.51468,0,8.65911,0,35.6484,36.1274,0,0,0,46.723,0,245.029,0,0,0,0,10.469,76.1385,0,0,130.861,152.218,30.8893,27.3789,0,298.773,28.3935,31.4094,0,14.8893,0,0,0,0,0,0,0,42.8006,0,0,1.25521,0,0,0,1.77138,0,1.3432,31.7201,6.35021,0,41.1339,0,0,0,2.20289,57.4635,0,0,106.999,0,0,0,4.98014,0,0,7.00092,199.775,0.89328,18.2888,0,88.3315,0,0,0,0,0,0,0,0,21.2178,0,0,0,0,0,0,48.6962,0,11.5739,0,148.059,153.826,0,1.01941,4.91683,0,0,98.3824,0,65.3643,90.419,0,0,0,101.087,0,0,85.0456,216.492,0,0,0,0,0,0,0,583.326,0,0,338.523,0,0,0,0,0,0,0,0,69.9796,0,0,0,0,0,0,0,0,0,0,416.799,0,0,0,0,0,0,0,0,0,0,433.39,0,0,0,0,0,0,0,0,0,0,0,0,0,0,0,0,0,0,0,0,0,0,0,0,0,0,0,0,0,0,0,0,0,0,0,0,0,0,0,0,0,0,0,0,0,0,0,0,0,0,0,0,0,0,0,0,0,0,0,0,0,0,0,0,0,0,0,0,0,0,0,0,0,0,0,0,0,0,0,0,0,0,0,0,0,0,0,0,0,0,0,0,0,0,0,0,0,0,0,0,0,0,0,0,0,0,0,0,0,0,0,0,0,0,0,0,0,0,0,0,0,0,0,0,0,0,0,0,0,0,0,0,0,0,0,0,0,0,0,0,0,0,0,0,0,0,0,0,0,0,0,0,0,0,0,0,0,0,0,0,0,0,0,0,0,0,0,0,0,0,0,0,0,0,0,0,0,0,0,0,0,0,0,0,0,0,0,0,0,0,0,0,0,0,0,0,0,0,0,0,0,0,0,0,1348.81,0,0,0,0,0,0,0,0,0,0,0,0,0,0,0,0,0,0,0,0,0,0,0,0,14.9561,23.6014,0,0,25.2642,0,0,0,1114.84,0,25.0354,19.1121,0,0,32.6662,0,0,0,4.90348,30.6271,73.0223,0,23.2363,0,0,0,0,0,0,0,22.0343,0,12.1351,0,0,0,0,0,0,0,0,0,0,0,0,0,0,0,0,0,0,0,0,0,0,0,0,0,0,0,0,0,0,0,0,0,0,0,0,0,0,0,0,0,0,0,0,0,0,0,3.35713,0,0,141.228,0,0,0,0,0,0,11.572,0,0,0,0,0,155.78,0,0,0,0,0,0,0,0,0,0,4.42506,0,0,0,0,0,0,17.2061,0,0,0,0,0,0,183.646,1.04336,0,0,0,0,0,0,7.84131,93.2674,0,0,0,0,0,0,0,0,0,0,0,0,0,0,0,0,0,0,70.6963,0,0,0,0,48.9073,0,0,0,0,0,0,0,0,0,0,0,0,0,0,0,0,0,0,0,0,0,0,0,0,0,0,0,0,0,0,0,0,0,0,0,0,0,0,0,0,0,0,0,0,0,0,0,0,0,0,0,0,0,0,0,0,0,0,0,0,0,0,0,0,0,0
NRC,Ni+2,3,xtb,-103.395,4.53766,0.10255,6.19269,10.1726,2.09272,0,1.82418,5.36386,0,7.12587,1.63185,1.29362,9.61367,1.20635,4.85172,0,0,16.8974,0,18.3191,10.1361,0,0,11.0869,25.5202,0,0,29.1869,0,16.0143,0,1.70224,64.8919,0,0,0,0,2.12069,12.8743,0,0,60.3493,58.0799,0,13.8012,15.5811,9.45042,0,25.0502,0,0,38.2933,0,0,0.81108,19.0429,0,0,18.6975,0,0,35.5196,0,1.11991,0,0,0,0,129.749,80.5085,36.9801,0,0,31.3329,0,0,69.25,0,0,474.872,0,0,0,24.377,0,15.2505,24.7682,75.8554,0,76.6329,0,0,0,0,26.7869,0,93.549,329.118,0,0,0,7.53965,0,51.0692,244.777,52.6998,0,262.818,0,0,32.9364,0,0,79.9572,11.6562,0,375.137,0,0,93.2828,0,144.906,66.068,0,0,0,0,116.316,0,33.1721,0,0,0,0,0,20.8206,0,0,0,0,0,178.691,0,0,0,0,0,0,0,0,0,0,15.3882,0,0,0,0,0,0,4.88819,0,0,14.6413,0,20.4664,0,0,0,81.4631,0,0,0,0,3.11717,37.3337,0,9.47158,0,0,3.86451,47.0846,0,0,0,0,0,0,0,0,0,17.2698,0,29.5097,0,11.7432,0,0,0,0,36.4918,0,0,0.19042,0,61.2151,0,425.013,29.4748,0,11.3568,3.94764,0,0,0,17.7102,0,138.938,17.8231,4.68738,0,0,0,0,19.5714,0,0,0,44.0315,15.9895,0,0,13.8881,0,5.22925,0,0,58.6863,0,0,1.27818,0,40.6996,0,0,31.5135,1.04141,8.23143,58.1879,0,0,27.9771,39.0812,44.8112,0,0,75.1739,0,3.46824,9.68518,0,0,3.56598,0,0,0,0,0,0,0,0,0,87.5052,0,118.748,0,0,0,1.02357,3.5099,0,0,0,0,250.292,36.239,0,0,131.891,124.449,0,0,21.6875,173.653,0,0,0,42.8788,0,0,0,166.682,0,0,0,0,0,0,0,0,0,209.315,0,0,0,0,247.824,0,0,0,0,0,0,0,0,0,315.95,0,0,0,0,220.803,0,0,0,0,0,0,0,0,0,0,0,446.663,0,0,0,0,0,0,0,0,0,0,0,0,0,0,0,0,0,0,0,0,0,0,0,0,0,0,0,0,0,0,0,0,0,0,0,0,0,0,0,0,0,0,0,0,0,0,0,0,0,0,0,0,0,0,0,0,0,0,0,0,0,0,0,0,0,0,0,0,0,0,0,0,0,0,0,0,0,0,0,0,0,0,0,0,0,0,0,0,0,0,0,0,0,0,0,0,0,0,0,0,0,0,0,0,0,0,0,0,0,0,0,0,0,0,0,0,0,0,0,0,0,0,0,0,0,0,0,0,0,0,0,0,0,0,0,0,0,0,0,0,0,0,0,0,0,0,0,0,0,0,0,0,0,0,0,0,0,0,0,0,0,0,0,0,0,0,0,0,0,0,0,0,0,0,0,0,0,0,0,0,0,0,0,0,0,0,0,0,0,0,0,0,0,0,0,0,0,0,0,0,0,0,0,0,0,0,0,0,0,0,0,0,0,0,0,0,0,0,0,0,0,0,0,39.868,15.3599,0,0,0,0,0,0,19.3109,0,0,0,30.2573,0,0,0,17.6562,0,8.9674,0,14.4468,36.2011,11.1681,7.10283,0,4.01983,10.0069,0,0,0,0,0,0,0,0,0,0,0,0,0,0,0,0,0,0,0,0,0,0,0,0,0,0,0,0,0,0,0,0,0,0,0,0,0,0,0,0,0,0,0,0,0,0,0,0,0,0,0,0,0,0,0,0,0,0,0,0,0,0,0,429.134,0,0,0,0,0,0,535.171,0,0,120.385,0,0,0,0,0,0,0,3.30829,74.9383,1.14354,0,0,0,40.8626,0,0,0,0,0,0,0,157.19,18.4838,0,4.60488,0,0,0,0,0,0,14.5957,0,0,0,22.8902,0,0,0,35.1429,0,0,0,0,0,0,0,0,0,0,0,0,0,0,0,0,13.818,0,0,0,0,0,0,0,0,0,0,0,0,0,0,0,0,0,0,0,0,0,0,0,0,0,0,0,0,0,0,0,0,0,0,0,0,0,0,0,0,0,0,0,0,0,0,0,0,0,0,0,0,0,0,0,0,0,0,0,0,0,0,0,0,0,0,0
NRE,Zn+2,3,xtb,-99.2072,15.4467,1.15491,0,5.47288,4.10303,0,0,0,3.4262,0,10.8104,6.08544,2.17095,8.05536,4.46195,11.4842,0,0,6.38817,41.2974,0,0,1.32697,5.04564,0,3.59,0,0,3.77833,8.36246,17.3624,29.2101,16.408,0,10.7376,12.9658,0,60.576,0,0,26.4215,0,0,0,0,0,0,0,21.1492,0,11.779,81.5058,0,7.4056,0,0,0,15.3081,63.2212,0,23.9077,32.907,0,0,44.135,0,61.6109,0,0,0,0,0,0,0,80.3169,100.76,121.138,0,0,0,1.39204,13.1109,0,0,0,0,0,27.2845,0,0,16.7002,44.9629,0,0,0,27.4645,60.6298,0,0,32.304,0,81.2535,0,0,19.3652,0,0,316.175,56.7958,0,0,0,0,0,73.5634,76.5662,0,0,0,38.1383,0,134.837,0,0,111.802,0,10.4307,0,0,0,30.9235,50.1959,0,0,0,170.071,0,0,0,0,60.5318,0,0,0,0,0,0,0,0,0,0,0,0,0,0,8.06318,0,0,5.29225,0,0,0,0,37.7278,0,0,0,0,0,35.7395,101.659,131.108,0,0,294.401,0,0,15.8119,2.49029,0,0,0,0,4.80431,0,16.4589,11.0101,0,0,12.3221,0,0,16.3769,0,0,0,29.8193,0,0,5.40331,20.7019,38.2954,0,0,0,0,9.50413,31.4108,0,0,418.913,0,0,0,2.3853,0,5.22122,20.3404,22.4657,0,49.0919,0,0,0,4.94979,0,0,22.8585,3.0703,10.2232,0,29.577,0.40746,0,217.762,0,3.01813,0,0,0,0,0,39.4306,0.52111,24.3441,0,46.7317,0,24.8515,0,0,49.7541,34.5985,0,0,0,0,277.474,6.71088,66.4261,3.41519,18.0275,0,140.863,101.508,0,0,0,0,0,0,0,0,0,0,0,0,11.8129,0,0,28.6875,185.25,0,9.25919,22.1283,0,0,36.072,0,24.3085,0,0,172.793,0,0,0,320.842,0,0,0,0,0,0,0,0,0,0,0,0,0,0,0,0,0,0,0,0,0,0,396.578,0,451.337,0,0,661.85,0,0,0,0,587.555,0,0,0,0,0,0,0,0,0,0,687.64,546.992,0,0,0,0,0,0,0,0,0,0,0,0,0,0,0,0,0,0,0,0,0,0,0,0,0,0,0,0,0,0,0,0,0,0,0,0,0,0,0,0,0,0,0,0,0,0,0,0,0,0,0,0,0,0,0,0,0,0,0,0,0,0,0,0,0,0,0,0,0,0,0,0,0,0,0,0,0,0,0,0,0,0,0,0,0,0,0,0,0,0,0,0,0,0,0,0,0,0,0,0,0,0,0,0,0,0,0,0,0,0,0,0,0,0,0,0,0,0,0,0,0,0,0,0,1863.96,0,0,0,0,0,0,0,0,0,0,0,0,0,0,0,0,0,0,0,0,0,0,0,0,0,0,0,0,0,0,0,0,0,0,0,0,0,0,0,0,0,0,0,0,0,0,0,0,0,0,0,0,0,0,0,0,0,0,0,0,0,0,0,0,0,0,0,0,0,0,0,0,0,0,0,0,0,0,0,0,0,0,0,0,0,0,0,0,0,0,0,0,0,53.9627,0,47.5643,0,1155.59,0,0,0,0,0,0,0,0,33.321,0,0,0,0,0,0,0,0,0,18.9355,11.6164,30.8486,0,35.1864,52.0803,0,13.4258,0,46.1998,0,0,0,0,0,0,0,0,0,0,0,0,0,0,0,0,0,0,0,0,0,0,0,0,0,0,0,0,0,0,0,0,0,0,0,0,0,0,0,0,0,0,0,0,0,0,0,0,0,0,0,0,0,0,0,0,0,0,0,0,0,0,0,0,0,0,0,15.6932,0,0,0,0,29.4846,0,32.0503,0,0,0,0,0,0,0,13.4346,0,28.1371,0,0,0,29.4547,0,0,0,30.8262,0,0,0,2.6193,0,0,0,0,0,0,16.6244,0,0,0,0,0,0,0,0,0,0,0,0,0,0,0,0,23.0977,0,0,0,0,0,0,0,0,0,0,0,0,0,0,0,0,0,0,0,0,0,0,0,0,0,0,0,0,0,0,0,0,0,0,0,0,0,0,0,0,0,0,0,0,0,0,0,0,0,0,0,0,0,0,0,0,0,0,0,0,0,0,0,0,0,0,0,0,0,0,0,0,0,0,0,0,0
NRI,Zn+2,3,xtb,-95.2088,6.82013,0,2.11018,0.6971,0,3.12366,1.38579,0,1.55486,0,0,0,0,11.8381,13.7402,0,4.11924,0,7.93939,21.5319,0,12.6355,0,9.36924,11.151,0,10.0399,3.4251,0,39.6489,0,0,5.86221,25.9263,0,22.2089,26.0396,0,2.567,18.1434,12.1,0,0,5.64028,0,0,15.723,8.6309,8.16661,0,17.3461,29.6094,0,4.12084,0,0,0,0,0,7.58841,0,18.2391,22.8645,76.6039,0,9.49757,0,0,23.4214,115.477,0,0,12.3537,0,16.1245,0,0,0,4.28962,0,0,0,10.6053,0,1.77557,0,298.639,0,0,0,0,0,33.2507,5.04325,47.5289,0,0,60.4125,17.1033,0,0,0,0,92.9011,0,66.7292,0,0,55.8909,0,7.94697,122.552,0,0,42.6719,0,0,232.573,0,0,0,63.4693,0,0,110.066,0,0,100.348,0,0,0,206.01,0,16.3981,0,0,0,0,0,0,0,20.5248,448.49,0,0,37.2843,0,0,0,0,11.4512,0,8.38485,0,0,0,0,0,0,0,0,0,7.33069,13.6067,0,27.7725,0,0,12.2963,0,0,0,16.3062,0,0,13.8803,0,0,7.34479,0,0,44.3126,130.034,0,0,0,0,0,44.5688,0,19.5561,68.4051,0,78.8443,0,47.8308,0,37.3531,10.0321,0,0,0,66.6145,34.3989,0,0,0,0,2.44191,0,6.14181,4.64692,0,0,4.0179,0,1.7271,0,24.4123,16.9241,1.5434,11.9939,24.4248,7.49531,0,0,1.97217,0,0,0,0,13.5445,33.1996,0,29.8859,0,0,0,14.7559,0,0,7.7858,6.1824,0.0877,3.73228,0,0,0,11.0204,0,44.4214,8.16143,0,0,0,0,76.0014,3.00319,44.5691,0,5.12373,1.19671,0,0,139.829,0,0,0,0,0,81.8871,12.6762,0,4.31624,0,0,0,0,3.44649,0,32.1505,0,114.595,4.85662,24.3033,0.89004,0,0,4.23768,0,10.1274,0,15.6735,0,107.216,511.39,0,0,105.211,0,0,0,0,0,0,0,0,0,0,0,0,0,0,0,671.832,0,0,419.857,0,0,0,0,0,0,0,0,0,0,0,212.632,0,0,0,0,0,0,1061.2,0,0,0,501.859,0,0,0,0,0,0,0,0,0,0,0,0,0,0,0,0,0,0,0,0,0,0,0,0,0,0,0,0,0,0,0,0,0,0,0,0,0,0,0,0,0,0,0,0,0,0,0,0,0,0,0,0,0,0,0,0,0,0,0,0,0,0,0,0,0,0,0,0,0,0,0,0,0,0,0,0,0,0,0,0,0,0,0,0,0,0,0,0,0,0,0,0,0,0,0,0,0,0,0,0,0,0,0,0,0,0,0,0,0,0,0,0,0,0,0,0,0,0,0,0,0,0,0,0,0,0,0,0,0,0,0,0,0,0,0,0,0,0,0,0,0,0,0,0,0,0,0,0,0,0,0,0,0,0,0,0,0,0,0,0,0,0,0,0,0,0,0,0,0,0,0,0,0,0,0,0,0,0,0,0,0,0,0,0,0,0,0,0,0,0,0,0,0,0,0,0,0,0,0,0,0,0,0,0,0,0,0,0,0,0,0,0,0,0,0,0,0,0,0,0,0,0,0,0,0,0,29.7372,0,0,0,28.1101,0,41.2993,0,0,0,0,0,23.363,2.24207,46.7745,71.9569,0,0,33.6117,0,68.8484,0,0,52.9345,0,35.2536,51.2732,0,6.50107,38.1534,44.8065,1.40921,0,51.5503,0,0,0,0,0,0,4.8696,0,0,0,0,0,0,0,0,0,0,0,0,0,0,0,0,0,0,0,0,0,0,0,0,0,0,0,0,0,0,0,0,0,0,496.864,0,0,0,0,0,0,0,0,0,0,0,0,0,0,0,112.245,0,0,66.996,0,0,0,194.361,0,0,0,0,0.09481,0,0,0,0,2.20563,0,0,5.82347,0,0,0,0,0,0,12.2715,11.4118,0,0,28.1484,0,0,0,0,0,0,0,9.52832,0,0,0,0,0,0,0,0,0,0,0,0,0,0,0,0,0,0,0,0,0,0,0,0,0,0,0,0,0,0,0,0,0,0,0,0,0,0,0,0,0,0,0,0,0,0,0,0,0,0,0,0,0,0,0,0,0,0,0,0,0,0,0,0,0,0,0,0,0,0,0,0,0,0,0,0,0,0,0,0,0,0,0,0,0,0,0,0,0,0,0,0,0
NRT,Cu+2,3,xtb,-101.366,8.59092,2.82797,4.53202,0.39627,0,0.62333,0,1.96881,4.04752,2.93393,9.62788,9.55443,0,3.29858,0,0.2346,1.20593,0,5.60157,0,6.59206,0,0,15.2709,36.2715,0,0,12.9185,0,8.83927,0,0,11.8362,8.32736,0,0,0,0,0.45852,0,37.2193,0,0,6.65033,0,0,0,73.4486,47.1037,0,50.26,16.3468,0,5.27337,0,0,55.2988,0,5.35697,0.64135,0,0,0,0,0,0,39.5039,0,0,18.7314,38.0051,0,0,0,0,16.7947,153.662,53.5073,0,0,97.0435,0,0,0.96744,0,37.5316,0,0,0,66.3651,0,73.6903,0,0,26.1245,40.7256,183.693,0,10.4029,0,0,0,0,0,218.403,0,0,45.7284,0,37.3206,296.865,321.931,208.675,183.667,0,43.2864,52.0861,0,0,0,156.758,0,0,0,0,0,301.127,0,0,160.139,0,0,0,0,0,1.34975,0,0.67058,0,0,0,0,0,33.4218,0,0,0,0,0,0,0,0,28.6314,0,0,0,22.2314,0,0,0,1.70206,0,24.5775,0,0,0,0,5.0461,0,0,18.9303,0,0,15.4703,0,0,32.7895,0,0,45.5699,6.51546,26.7737,0,0,0,0,0,0,44.1613,0,480.134,0,0,0,0,383.647,39.5169,0,47.8813,0,0,0,23.2017,0,0.49896,0,15.2231,0,0,120.465,0,37.7316,13.5854,0,0,17.1262,40.3445,0,172.472,0,0,29.5259,0,0,0,8.42877,103.489,23.159,5.49209,6.96213,0,38.1194,0,0.88083,0,0,0,34.0591,0,0,17.9271,29.6524,0,0,0,3.1889,3.32911,0,0,0,0,283.891,5.07778,40.7202,0,0,0,94.6943,0,13.1442,0,0,0,0,0,0,6.60538,83.5094,0,0,0,0,0,12.1958,0,0,0,206.802,0,0,27.2464,11.043,0,98.0981,0,29.3794,47.3113,0,0,5.88536,0,180.223,0,0,0,0,0,0,0,0,0,930.64,267.726,0,533.914,0,0,0,0,0,0,0,0,0,0,0,0,0,0,0,0,0,0,0,0,755.458,0,0,232.612,0,0,0,0,0,344.129,0,0,0,446.748,0,0,0,0,0,0,0,0,0,0,0,0,0,0,0,0,0,3035.81,0,0,0,0,0,0,0,0,0,0,0,0,0,0,0,0,0,0,0,0,0,0,0,0,0,0,0,0,0,0,0,0,0,0,0,0,0,0,0,0,0,0,0,0,0,0,0,0,0,0,0,0,0,0,0,0,0,0,0,0,0,0,0,0,0,0,0,0,0,0,0,0,0,0,0,0,0,0,0,0,0,0,0,0,0,0,0,0,0,0,0,0,0,0,0,0,0,0,0,0,0,0,0,0,0,0,0,0,0,0,0,0,0,0,0,0,0,0,0,0,0,0,0,0,0,0,0,0,0,0,0,0,0,0,0,0,0,0,0,0,0,0,0,0,0,0,0,0,0,0,0,0,0,0,0,0,0,0,0,0,0,0,0,0,0,0,0,0,0,0,0,0,0,0,0,0,0,0,0,0,0,0,0,0,0,0,118.127,0,0,0,0,0,0,0,0,0,0,0,0,0,0,0,0,0,48.4192,0,0,0,0,0,0,0,0,0,0,0,0,0,47.7567,0,0,0,14.9862,0,0,0,0,27.2244,0,15.7563,0,0,37.3545,10.2478,20.1594,17.0574,16.4098,0,6.8963,22.6227,36.2278,18.2284,0,0,0,0,0,0,0,0,0,0,0,0,0,0,0,0,0,0,0,0,0,0,0,0,0,0,0,0,0,0,0,0,0,0,0,0,0,0,0,0,277.269,0,0,0,0,0,0,0,0,0,179.791,0,301.362,0,0,0,0,0,0,0,0,19.8243,0,0,0,0,0,0,0,4.35481,0,0,0,35.1359,115.382,0,0,0,0,0,0,0,0,0,0,0,3.35911,5.8559,0,53.798,0,0,0,0,0,23.1016,0,0,0,0,0,0,40.0416,0,0,0,0,0,0,0,0,0,0,0,0,0,0,0,0,0,9.23989,0,0,0,0,0,0,0,0,0,0,0,0,0,0,0,0,0,0,0,0,0,0,0,0,0,0,0,0,0,0,0,0,0,0,0,0,0,0,0,0,0,0,0,0,0,0,0,0,0,0,0,0,0,0,0,0,0,0,0,0,0,0,0,0,0,0,0,0,0,0,0
NRW,Zn+2,3,xtb,-108.305,5.14995,0.02684,0,2.93214,0.67939,5.74791,0,0,2.5301,3.56428,9.82273,0,4.53833,0,13.6786,0,10.0306,0.10366,0,7.75502,4.87224,0,0,7.06075,2.20788,0,0,17.7919,12.4172,3.72509,0,0,16.0033,3.02479,0,12.9121,0,31.4591,9.24729,0,0,25.698,0,0,0,0,12.5582,0,2.08,0,0,0,9.69849,57.8829,8.96366,0,0,1.45941,31.0927,0,198.567,0,0,0,0,7.81814,0,0,0,4.71107,0,43.3195,0,21.2602,91.0499,86.2813,0,0,0,32.8408,0,0,61.5921,0,113.045,0,124.45,0,87.3916,14.9692,0,61.2304,0,0,5.26141,0,1.97738,5.10737,0,95.513,0,10.321,0,3.29145,0,0,0,0,0,0,79.1929,0,61.572,203.103,0,146.647,0,0,0,70.7245,46.8294,0,0,39.5474,0,37.4585,0,0,0,67.4048,0,106.815,0,0,0,0,0,0,90.3487,0,9.57114,28.8359,13.5459,0,0,0,0,24.4412,0,0,0,13.9007,0,0,0,0,0,0,0,0,0,0.91982,20.862,0,0,115.877,125.279,0,0,39.1264,0,11.8046,0,0.47328,0,24.7746,0,0,0.28265,0,0,19.809,0,0,0,22.0265,8.86746,0,0,10.7888,0,0,0,0,86.4375,0,14.0909,0,12.7699,5.59741,0,0.9628,0,0,0.71029,0,11.5979,11.5075,0,14.7099,0,32.8971,0,58.5727,0,3.61022,180.669,0,14.2807,14.3418,0,6.04731,0.93188,20.5323,0,10.1499,6.34397,13.3467,10.1477,0,0,7.12542,7.21365,0,0,0,0,44.0139,0,47.7976,0,0,0,0,0.03987,0,26.9284,29.4501,145.595,42.7736,0,0,100.324,0,0,0,8.62145,17.3692,0,71.741,0,10.6256,131.893,11.2596,0,108.588,0,0,0,7.02791,0,0,0,0,0,0,23.9458,0,0,0,11.4218,199.739,0,14.8087,2.85099,0,10.0804,0,0,0,3.43726,474.3,78.8715,0,0,0,0,0,0,0,0,0,0,0,0,30.3047,0,0.48784,0,0,0,0,0,0,0,13.1876,0,0,0,0,120.059,0,482.078,0,0,0,0,523.377,0,0,0,0,673.143,0,0,0,0,0,0,0,0,632.405,0,0,0,0,0,0,0,0,0,0,0,0,0,0,0,0,0,0,0,0,0,0,0,0,0,0,0,0,0,0,0,0,0,0,0,0,0,0,0,0,0,0,0,0,0,0,0,0,0,0,0,0,0,0,0,0,0,0,0,0,0,0,0,0,0,0,0,0,0,0,0,0,0,0,0,0,0,0,0,0,0,0,0,0,0,0,0,0,0,0,0,0,0,0,0,0,0,0,0,0,0,0,0,0,0,0,0,0,0,0,0,0,0,0,0,0,0,0,0,0,0,0,0,0,0,0,0,0,0,0,0,0,0,0,0,0,0,0,0,0,0,0,0,0,0,0,0,0,0,0,0,0,0,0,0,0,0,0,0,0,0,0,0,0,1624.98,0,0,0,0,0,0,0,0,0,0,0,0,0,0,0,0,0,0,0,0,0,0,0,0,0,0,0,0,0,0,0,0,0,0,0,0,0,0,0,0,0,0,0,0,0,0,0,0,0,0,0,0,0,0,0,0,0,0,0,133.964,0,13.8838,0,0,30.3508,0,0,0,0,0,0,0,0,53.7636,0,0,42.6651,21.7545,77.3417,0,0,15.9939,0,0,2.18315,13.8604,32.0669,0,0,0,0,0,0,0,0,0,34.4427,0,0,38.7782,70.9923,0,0,28.7497,0,0,0,0,0,0,0,27.4474,0,0,0,0,0,0,0,0,0,0,0,0,0,0,0,0,0,0,0,0,0,0,0,0,0,0,0,0,0,0,0,0,153.429,0,0,0,0,0,0,0,0,0,0,0.6501,0,0,23.4177,4.95333,0,0,0,0,0,49.1076,0,29.1652,0,0,0,0,0,0,0,0,0,6.15045,0,0,9.92855,0,0,0,0,21.3249,0,0,0,0,2.94189,0,0,0,0,0,0,0,0,0,0,0,0,0,0,30.3706,0,0,0,0,0,0,0,0,0,0,0,0,0,0,0,0,0,0,0,0,0,0,0,0,0,0,0,0,0,0,0,0,0,0,0,0,0,0,0,0,0,0,0,0,0,0,0,0,0,0,0,0,0,0,0,0,0,0,0,0,0,0,0,0,0,0,0,0,0,0,0,0,0,0,0,0,0,0
NSN,Co+2,3,xtb,-94.0473,8.81792,13.5108,5.56327,4.27644,10.6402,0,10.7458,0,4.72628,4.85531,14.7009,0,6.01181,0,0,0,38.5557,15.8531,0,2.56654,9.69473,0,14.9949,0,0,1.84036,13.2685,19.072,0,6.15779,1.96141,0,0,0,20.2844,0,0,0,15.0837,0,15.7628,0,0,1.99032,0,0,0,0,22.5604,0,12.5531,28.1727,25.6046,0,0,0,78.3937,0,142.038,0,0,0,11.6243,0,85.9282,0,14.2153,0,0,0,77.0923,0,12.409,95.4145,0,0,0,217.412,17.5295,0,95.3887,0,0,0,0,0,123.383,0,2.01331,0,10.6855,0,0,81.7007,34.0828,0,0,23.7661,81.8992,24.6187,0,0,0,0,100.125,0,60.5273,45.12,0,0,176.17,136.49,0,0,0,89.6164,0,0,0,153.959,0,0,0,0,0,0,59.4591,0,96.6708,0,0,0,48.6301,0,0,0,0,0,137.527,0,141.851,308.122,0,159.482,0,192.259,0,0,0,0,0,5.50226,0,0,0,0,0,0,0,0,0,0,0,0,8.32183,0,0,0,14.0995,0,0,3.84963,0,43.8297,0,9.44713,0,0,0,7.29791,0,0,0,0,388.791,0,0,0,0,0,0,0,21.8188,0,15.7547,0,1.13181,0,0,0,14.7485,0,0,0,28.9084,0,0,22.5456,57.2915,0,57.7288,0,34.6638,109.004,195.47,0,4.11389,0,0,69.7964,0,0,0,22.7412,0,0,24.0114,0,0,0,0,23.8324,0,20.8996,0,7.93079,0,0,0,1.20848,0,0,0,0,40.8884,14.8577,0,0,34.8031,0,44.4369,0,0,0,5.64483,0,34.9459,0,33.2343,0,0,0,93.9116,0,0,0,0,0,0,0,0,153.954,0,0,0,0,4.3382,0,124.269,25.3978,0,0,0,0,111.314,0,12.4095,0,95.3334,61.7013,0,0,0,0,0,86.8767,0,0,0,0,241.9,0,0,0,0,0,0,0,0,0,0,0,0,0,0,0,0,0,0,0,0,0,0,73.0362,0,0,0,0,668.825,0,0,168.365,0,0,0,0,0,0,1362.73,0,0,0,0,0,0,0,0,0,0,0,0,0,0,0,0,0,0,0,0,0,0,0,0,0,0,0,0,0,0,0,0,0,0,0,0,0,0,0,0,0,0,0,0,0,0,0,0,0,0,0,0,0,0,0,0,0,0,0,0,0,0,0,0,0,0,0,0,0,0,0,0,0,0,0,0,0,0,0,0,0,0,0,0,0,0,0,0,0,0,0,0,0,0,0,0,0,0,0,0,0,0,0,0,0,0,0,0,0,0,0,0,0,0,0,0,0,0,0,0,0,0,0,0,0,0,0,0,0,0,0,0,0,0,0,0,0,0,0,0,0,0,0,0,0,0,0,0,0,0,0,0,0,0,0,0,0,0,0,0,0,0,0,0,0,0,0,0,0,0,0,0,0,0,0,0,0,0,0,0,0,0,0,0,0,0,0,0,0,0,0,0,0,0,0,0,0,0,0,0,0,0,0,0,0,0,0,0,0,0,0,103.741,0,0,0,0,0,0,0,0,0,0,0,0,0,0,37.966,0,0,26.7713,0,0,49.0632,0,0,382.594,21.3131,0,0,0,0,0,0,0,0,0,0,0,24.6685,0,0,0,0,4.78088,0,5.63345,12.0472,0,0,0,0,0,0,0,0,0,1557.44,0,0,0,0,0,0,0,0,0,0,0,0,0,0,0,147.949,0,0,0,0,0,0,0,0,0,0,0,0,0,0,48.7972,0,0,0,0,0,0,0,0,0,0,0,0,0,0,0,0,0,0,0,0,0,0,0,0,196.523,0,0.66552,0,0,0,0,0,0,70.1046,0,0,40.2326,0,0,0,0,0,0,0,0,0,0,51.6278,0,12.4145,0,0,0,0,0,0,0,0,0,0,0,0,0,0,0,0,0,0,0,0,30.4375,0,0,23.3822,0,0,0,0,0,0,33.2581,14.2154,0,0,0,0,0,0,0,0,0,0,0,0,0,0,0,0,0,0,0,0,0,0,0,0,0,0,0,0,0,0,0,0,0,0,0,0,0,0,0,0,0,0,0,0,0,0,0,0,0,0,0,0,0,0,0,0,0,0,0,0,0,0,0,0,0,0,0,0,0,0,0,0
NTR,Co+2,3,xtb,-106.22,5.73181,0.93146,0.3934,0,3.54006,0,3.13903,14.8968,0,3.5984,5.65756,1.93574,1.9737,0,7.64056,10.3219,0,0,0,8.25756,0,2.23626,0.71578,0,4.90362,6.52028,0,0,9.01658,0,20.9905,11.7941,6.5554,2.7662,0,0,4.85206,5.21658,0,0,14.1429,0,0,2.13611,7.83077,27.9361,0,2.6951,0,37.1254,0,73.943,26.4229,19.5068,0,0,0,0,18.6487,0,29.8204,2.42925,0,0,0,0,2.69768,4.04469,0,0,29.5781,0,0,28.2403,0,0,0,66.3334,0,24.9513,0,0,114.382,0,0,0,35.6668,0,0,0,0,71.6918,13.0132,155.957,56.1475,16.0762,0,0,0,195.824,59.4178,53.3197,0,27.6026,0,0,15.5108,0,39.9419,0,0,0,59.2804,0,212.807,0,87.8461,0,36.0602,0,0,306.537,0,0,44.0388,0,0,0,16.1025,0,0,0,0,8.55817,0,152.303,0,67.6961,0,0,28.5064,0,0,26.9241,0,0,0,0,0,0,356.987,374.181,0,0,0,0,218.139,0,0,0,61.1811,0,6.23045,0,3.63313,7.8604,0,0,6.134,0,0,0,0,3.40899,0,70.5079,0,11.7065,0,34.7054,0,0,0,0,0,4.6564,0,0,107.179,274.472,0,0,1.57858,0,25.6646,0,0,0,0,0,26.8489,0,7.84041,0,0.34169,0,21.4603,0,27.4203,0,0,92.5809,0,7.25548,0,0,31.4504,9.91771,177.74,64.5436,0,7.28376,0,82.5852,0,0,0,8.08836,29.4908,0,0,0,0,13.6397,0,27.3779,1.19477,4.21869,0,0,0,0,1.00483,83.6223,0,3.18087,3.14173,0,0,37.4227,23.0963,117.364,0,0,0,23.2979,14.1262,0,0,5.82236,1.22352,64.9121,0,0,65.1116,0,0,3.66701,0,0,0,0,0,0,0,0,0,170.799,0,14.5007,36.3351,0,0,179.06,218.662,0,6.60371,0,0,2.99166,0,314.438,131.655,0,0,0,0,0,0,137.005,310.62,0,0,0,0,0,0,0,0,0,0,0,0,0,0,0,0,0,0,0,0,0,0,0,457.695,0,216.042,0,0,502.38,0,767.027,0,0,0,0,0,0,0,0,0,0,0,0,0,0,528.526,0,0,0,0,0,0,0,0,0,0,0,0,0,0,0,0,0,0,0,0,0,0,0,0,0,0,0,0,0,0,0,0,0,0,0,0,0,0,0,0,0,0,0,0,0,0,0,0,0,0,0,0,0,0,0,0,0,0,0,0,0,0,0,0,0,0,0,0,0,0,0,0,0,0,0,0,0,0,0,0,0,0,0,0,0,0,0,0,0,0,0,0,0,0,0,0,0,0,0,0,0,0,0,0,0,0,0,0,0,0,0,0,0,0,0,0,0,0,0,0,0,0,0,0,0,0,0,0,0,0,0,0,0,0,0,0,0,0,0,0,0,0,0,0,0,0,0,0,0,0,0,0,0,0,0,0,0,0,0,0,0,0,0,0,0,0,0,0,0,0,0,0,0,0,0,0,0,0,0,0,0,0,0,0,0,0,0,0,0,0,0,0,0,0,0,0,0,0,71.7052,0,0,0,0,0,0,0,0,0,0,0,0,0,0,0,0,0,641.349,0,0,0,0,0,0,0,32.7013,0,38.1958,0,0,52.3004,0,667.605,0,0,618.527,145.434,0,0,0,83.9538,0,0,0,26.8708,0,0,19.2608,0,42.8038,1637.47,104.974,78.4057,0,0,0,0,0,0,0,0,0,0,0,0,0,0,0,0,0,0,0,0,0,0,0,0,0,0,0,0,0,388.845,0,144.438,0,0,0,0,0,0,0,0,0,0,0,0,0,0,0,0,0,0,0,0,0,0,0,0,0,0,0,0,0,0,0,0,0,0,2.88902,0,0,213.059,0,0,0,0,212.806,6.65414,0,0,0,0,54.9425,2.58944,0,2.04818,0,0,0,25.4595,0,0,0,0,0,0,1.68872,0,0,0,0,0,0,0,0,37.8584,0,0,0,0,0,0,0,0,0,0,0,0,0,0,0,0,0,0,0,0,8.99108,0,0,0,0,0,0,0,0,0,0,0,0,0,0,0,0,0,0,0,0,0,0,0,0,0,0,0,0,0,0,0,0,0,0,0,0,0,0,0,0,0,0,0,0,0,0,0,0,0,0,0,0,0,0,0,0,0,0,0,0,0,0,0,0,0,0,0
NWI,Cu+2,3,xtb,-107.42,15.5517,0,0.14945,7.49601,3.38474,0,3.18523,0,2.60186,0,3.49899,7.86162,0.62507,2.70123,0,3.47237,2.20616,0,0,0,0,1.03205,0.54346,0,0,0,10.5214,0,0,6.62778,0.9881,0.35249,4.13479,4.40845,0,11.4217,0,14.7187,0,2.05973,0,6.06409,0,3.11338,0,0,3.91799,0,8.61313,0,6.48274,0,0,0,53.2222,0,16.8806,52.5331,0,0,42.928,0,0,50.8904,0,0,7.84671,0,0,0,5.69594,5.9939,0,0,0,0,0,63.6198,55.8485,12.7939,5.54065,0,0,0,77.6287,14.5991,0,0,0,0,32.164,0,0,0,0,4.76999,65.793,190.486,0,15.9544,17.9825,0,42.1077,0,37.8486,0,20.4622,0,0,0,158.577,11.8839,0,0,124.915,0,17.7354,0,0,0,0,52.1031,0,14.6182,0,0,95.1729,0,0,132.013,125.44,0,0,0,0,0,88.1231,0,46.7716,0,0,0,0,12.5838,0,24.8752,0,0,0,0,0,24.9812,0,0,0,10.4673,0,0,0,0,0,1.38735,0,34.7884,8.11754,0,0,0,0,5.20778,0.33801,0,8.8402,0,0,8.23631,45.0273,0,0,78.1772,0,0,25.4008,0,0,0,0,6.44693,10.6749,0,0,0,0,0,0,0,70.1022,0,0,0,350.612,16.1782,0,48.2294,8.60724,0,0,13.5629,210.8,42.5019,17.755,0,0,19.7539,36.0245,0,0,0,0,0,34.4836,1.28666,4.73698,0,10.9769,2.76828,0,0,0,2.21142,48.4934,3.31236,0,0,0,28.9518,0,7.98992,0,13.7415,0,17.5408,0,3.09032,75.0399,0,0,0,8.50519,7.97449,0,0,38.7186,27.7113,75.7,16.1554,6.59013,69.5935,0,0,0,0.89867,14.969,0,0,0,0,0,43.4412,35.4783,0,0,7.04153,3.49351,0,27.2533,0,0,17.4795,0,6.9628,0,0,147.99,107.878,0,0,2.06502,80.5929,14.0594,6.57917,2.62005,5.10348,0,0,0,0,0,0,0,34.0139,0,0,0,0,4.55623,0,0,0,0,0,0,0,7.14253,0,385.043,0,0,0,0,0,0,0,0,0,0,0,0,0,0,360.622,0,0,0,0,0,0,423.357,0,0,0,0,0,0,0,0,0,0,0,419.025,0,0,0,0,0,0,0,0,0,0,0,0,0,0,0,0,0,0,0,0,0,0,0,0,0,0,0,0,0,0,0,0,0,0,0,0,0,0,0,0,0,0,0,0,0,0,0,0,0,0,0,0,0,0,0,0,0,0,0,0,0,0,0,0,0,0,0,0,0,0,0,0,0,0,0,0,0,0,0,0,0,0,0,0,0,0,0,0,0,0,0,0,0,0,0,0,0,0,0,0,0,0,0,0,0,0,0,598.292,0,0,0,0,0,0,0,0,0,0,0,0,0,0,0,0,0,0,0,0,0,0,0,0,0,0,0,0,0,0,0,0,0,0,0,0,0,0,0,0,0,0,0,0,0,0,0,0,0,0,0,0,0,0,0,0,0,0,0,0,0,0,0,0,0,0,0,0,0,0,0,0,0,0,0,0,0,0,0,0,0,0,0,0,0,0,0,0,0,0,0,0,0,0,0,0,0,0,0,0,0,0,0,0,0,0,0,0,15.6851,0,0,31.4458,0,0,0,0,0,40.1488,23.2,0,0,0,0,0,0,21.1391,40.645,0,0,0,26.9919,16.9889,0,0,22.6333,25.4976,0,0,43.6307,0,70.3052,1.59989,51.2698,0,0,0,3.00596,32.1315,0,0,73.1347,0,0,9.65745,0,0,0,0,0,0,0,0,0,0,4.1547,0,0,0,0,0,0,0,0,0,0,0,0,0,0,0,0,0,0,0,0,0,0,0,0,0,0,0,0,0,0,0,0,0,0,405.06,0,0,0,0,0,0,0,0,0,0,0,0,0,21.8886,0,0,0,32.6542,0,0,0,0,0,15.449,0,0,0,0,101.677,11.0065,0,0,0,0,0,0,0,0,7.00802,0,0,0,0,0,0,0,41.7665,0,0,0,0,0,0,0,0,0,0,0,0,0,0,0,0,0,0,0,0,0,0,0,0,0,0,0,0,0,0,0,0,0,0,0,0,0,0,0,0,0,0,0,0,0,0,0,0,0,0,0,0,0,0,0,0,0,0,0,0,0,0,0,0,0,0,0,0,0,0,0,0,0,0,0,0,0,0,0,0,0,0,0,0,0,0
NWT,Ni+2,3,xtb,-110.975,5.00436,6.99529,0,2.8411,1.66448,2.08672,0,8.95314,8.33336,0,0.61994,2.30211,3.74273,0,0,0.1607,0,0,0.34373,15.2663,1.29502,0,0,8.44056,4.90666,0,0,0,17.2135,0,2.55829,0,3.27131,4.09145,0,0,0.42117,0,0.96538,0,0,5.41937,7.98497,36.3807,0,22.8443,25.6029,0,0,3.11841,0,33.2032,21.4813,0,0,4.47788,0,0,0,0,0,40.9845,0,0.09284,0,24.1138,0,0,0,39.6647,43.5817,0,0,0,12.2786,63.233,0,0,0,28.009,0,57.174,0,0,38.2133,0,21.9643,0,0,0,97.3,102.545,0,13.9666,0,13.0438,0,6.07149,53.6511,72.7459,194.795,0,0,44.2545,0,125.15,0,0,0,15.2045,0,0,0,0,21.6495,24.335,121.29,0,0,73.2984,0,0,0,0,0,0,15.2045,33.9245,0,34.1628,0.63331,0,0,143.732,0,50.9883,0,0,0,0,49.8092,0,0,0,45.9451,13.4644,0,0,245.779,0,23.844,0,0,0,0,0,0,0,0,0,0,0.21701,0,0.48289,0,0,2.75907,0,0,19.6874,0,13.5994,24.5531,0,4.01823,8.1812,65.6217,0,0,0,23.368,0,4.0058,0,0,0,0,139.427,0,0,0,0,33.1636,0,0,0,120.655,0,0,30.6439,0,0,12.9794,10.3609,61.6835,0,53.9896,165.84,22.2237,150.598,240.685,0,53.8275,19.1133,0,0,0,44.6589,0,4.62583,0,0,5.93884,0,0,0,4.63904,0,20.9032,0,1.28679,5.81757,5.79256,0,28.2173,0,0,7.13008,0,0,0,0,6.02857,0,0,64.6874,0,0,16.4804,0,45.5901,127.251,56.2491,0,0,20.5952,36.677,0,0,0,0,0,94.5916,9.42333,0,0,0.49842,0,58.3099,5.56756,0,0,0,0,0,0,42.2802,0,0,0,0,11.3163,4.80268,0,85.5699,0,1.26583,0,84.1738,67.1034,0,90.4706,0,0,0,0,0,333.42,0,51.7959,0,0,0,0,0,0.66218,0.60724,0,0,0,0,0,0,5.77244,0,0,0,0,0,0,0,0,0,499.109,0,0,0,0,0,566.421,0,0,0,0,0,0,0,0,620.599,0,0,459.303,0,0,0,0,0,0,0,0,0,0,0,0,0,0,0,0,0,0,0,0,0,0,0,0,0,0,0,0,0,0,0,0,0,0,0,0,0,0,0,0,0,0,0,0,0,0,0,0,0,0,0,0,0,0,0,0,0,0,0,0,0,0,0,0,0,0,0,0,0,0,0,0,0,0,0,0,0,0,0,0,0,0,0,0,0,0,0,0,0,0,0,0,0,0,0,0,0,0,0,0,0,0,0,0,0,0,0,0,0,0,0,0,0,0,0,0,0,0,0,0,0,0,0,0,0,0,0,0,0,0,0,0,0,0,0,0,0,0,0,0,0,0,0,0,0,0,0,0,0,0,0,0,1069.6,0,0,0,0,0,0,0,0,0,0,0,0,0,0,0,0,0,0,0,0,0,0,0,0,0,0,0,0,0,0,0,0,0,0,0,0,0,0,0,0,0,0,0,0,0,0,0,0,0,0,0,0,0,0,0,0,48.5532,0,61.0321,0,0,0,0,68.212,0,0,0,0,0,48.1934,0,0,0,0,0,0,0,0,0,0,0,0,0,0,0,0,0,0,0,0,38.804,0,0,0,40.3036,8.12049,0,0,0,187.504,504.598,0,0,28.4351,0,0,0,0,0.13408,58.2003,0,0,100.05,0,14.7299,0,0,0,0,0,0,0,0,0,0,0,0,9.07861,0,0,0,0,0,0,0,0,0,0,0,0,0,0,0,0,0,0,0,319.687,0,0,0,0,0,0,0,0,0,0,0,0,0,273.111,0,0,0,0,14.0843,0,0,0,0,2.50054,0,0,0,0,0,0,0,0,0,0,0,0,0,0,0,0,0,21.4905,0,0,7.49555,0,0,9.66479,0,0,97.2382,0,0,0,0,0,0,0,0,0,0,0,0,13.664,0,0,0,0,0,15.6782,0,0,0,0,0,0,0,0,0,0,0,0,0,0,0,0,0,0,0,0,0,0,0,0,0,0,0,0,0,0,0,0,0,0,0,0,0,0,0,0,0,0,0,0,0,0,0,0,0,0,0,0,0,0,0,0,0,0,0,0,0,0,0,0,0,0,0,0,0,0,0,0,0,0,0,0,0,0
QEC,Cu+2,3,xtb,-100.5,13.9118,4.70399,2.34901,8.92956,0.73625,0,2.73432,1.62223,0,7.53639,0,4.79293,2.13595,0,4.51739,0,3.71405,0.31973,6.39375,0,16.1516,5.01809,0,0,25.7871,0,14.2797,0,0,0,0,2.16432,0,0,28.7582,7.47366,0,0.89774,0,7.95118,19.9892,0,0,14.5096,18.5367,0,16.19,0,0,10.8867,2.21661,0,0,0,10.3966,0,39.9327,49.8864,0,86.9841,0,0,7.78506,0,0,0,0,0,0,89.4576,0,3.73398,0,0,0,25.2281,0,17.6445,0,0,0,27.5262,0,0,0,0,232.685,0,0,0,0,0,0,0,0,0,0,131.174,15.2165,0,74.3811,0,18.6588,0,113.488,186.18,0,0,230.836,0,0,0,0,0,86.2397,62.2439,0,91.7927,82.7509,0,0,0,15.9941,0,0,0,0,0,36.1893,0,0,5.06553,103.479,162.781,0,0,0,0,441.944,43.95,0,0,0,0,0,6.36405,0,0,0,396.322,16.6946,0,0,0,0,2.39315,0,0,0,300.203,0,0,0,0,265.39,3.96123,0,0,0,30.9545,0,0,1.94405,12.149,0,0,0,34.8085,0,0,0,0,0,2.79307,15.1235,0,0,0,15.7107,0,0,0,0,19.2892,0,0,0,0,0,13.0312,0,16.562,0,0,7.34774,0,0.6643,0,17.5727,0,4.51853,0,0,0,6.33605,141.208,0,0,14.1319,56.4336,169.401,0,0,34.0543,0,0,20.2156,0,21.7697,0,0,0,11.6613,0,0,0,0,65.4835,0,0,19.4716,0,4.51511,307.962,0,0,0,0,9.34933,0,0,7.13051,0,0,13.1239,79.9681,0,3.2466,0,28.6893,0,0,0,0,43.5122,0,0,0,0,0,19.7796,0,0,172.15,0,0,0,0,116.808,0,9.06085,0,39.1016,73.7926,127.575,0,0,0,104.553,0,0,178.908,0,68.9066,0,0,0,0,0,53.4718,0,0,0,0,0,0,0,0,0,0,0,0,0,118.75,0,0,0,0,0,0,0,0,0,0,0,571.479,0,0,0,0,0,0,0,0,0,342.573,0,0,0,0,529.784,0,0,0,0,0,0,0,0,352.824,0,0,0,0,0,0,0,0,0,0,0,0,0,0,0,0,0,0,0,0,0,0,0,0,0,0,0,0,0,0,0,0,0,0,0,0,0,0,0,0,0,0,0,0,0,0,0,0,0,0,0,0,0,0,0,0,0,0,0,0,0,0,0,0,0,0,0,0,0,0,0,0,0,0,0,0,0,0,0,0,0,0,0,0,0,0,0,0,0,0,0,0,0,0,0,0,0,0,0,0,0,0,0,0,0,0,0,0,0,0,0,0,0,0,0,0,0,0,0,0,0,0,0,0,0,0,0,0,0,0,0,0,0,0,0,0,0,0,0,0,0,0,0,0,0,0,0,0,0,0,0,0,0,0,0,0,0,0,0,0,0,0,0,0,0,0,0,0,0,0,0,0,0,0,0,0,0,0,0,0,0,0,0,0,0,0,0,0,0,0,0,0,0,0,0,0,0,0,0,0,0,0,0,0,0,0,0,0,0,0,0,0,0,0,0,0,0,0,0,0,0,0,8.65098,0,0,0,0,0,0,0,5.83771,0,0,0,3.72679,0,20.3639,0,12.4094,5.51183,0,4.14668,0,18.6549,10.3933,13.017,0,0,0,0,0,0,0,0,0,0,0,0,0,0,0,258.425,0,579.954,0,0,0,601.651,0,0,0,0,0,0,0,0,0,0,0,0,0,0,0,0,0,0,0,0,0,0,0,0,0,0,0,0,0,466.259,0,0,0,0,0,0,0,0,0,0,0,0,0,0,0,0,93.8552,0,0,0,0,0,0,73.2398,2.81136,0,69.8957,0,0,0,0,0,45.018,0,0,0,0.09571,0,0,0,0,0,0,0,0,0,38.2726,0,0,0,0,0,0,0,0,29.9046,0,0,0,81.1582,0,0,62.0575,0,0,0,0,0,0,0,0,0,0,0,0,0,0,0,0,0,0,0,0,0,0,0,0,0,0,0,0,0,0,0,0,0,0,0,0,0,0,0,0,0,0,0,0,0,0,0,0,0,0,0,0,0,0,0,0,0,0,0,0,0,0,0,0,0,0,0,0,0,0,0,0,0,0,0,0,0,0,0,0
QEN,Cu+2,3,xtb,-101.823,10.5483,8.38999,0.74522,2.44126,0,2.22171,1.79512,0,11.8383,0,7.11585,0,0,0,7.59052,9.80505,0,0,6.55768,5.34982,0,1.80773,0,5.66987,0,10.7592,3.1475,0,5.92598,0,0,13.4022,0,27.9092,0,0,2.90452,0,15.4362,8.27921,0,4.18441,10.3167,0,0,9.55741,0,5.95483,0,19.2271,0,0,0,0,7.69244,18.441,0,0,0,63.3686,0,11.3034,0,0,0,27.2211,0,27.8947,0,0,0,3.01765,0,0,0,19.7543,85.7529,0,42.8688,0,0,129.513,24.6925,0,159.892,0,0,0,65.7629,0,0,0,0,0,0,113.84,101.238,0,0,0,36.2997,0,50.0968,0,0,216.747,32.9313,0,38.7642,0,147.476,0,0,34.125,0,83.3353,68.5297,0,0,0,29.4653,0,0,0,0,45.5545,0,55.4381,0,0,130.911,147.97,124.981,0,15.6712,219.668,0,0,0,0,0,0,74.9282,0,0,0,0,0,0,0,0,2.77404,0,0,25.0762,0,0,0,0,0,0,0,301.458,72.7154,0,0,0,36.6802,0,0,15.0227,0,0,6.26502,0,5.12997,0,5.91104,0,2.49493,0,0,17.5876,0,0,32.464,0,0,14.3018,0,0,0,0,11.5942,0,0,14.5491,0,7.42256,16.3953,0,0,20.1159,0,0,0,14.4402,0,0,0,32.9883,0,36.5681,0,159.695,0,0,237.297,0,12.0289,92.652,47.3719,21.5114,0,0,0,14.9753,0,4.23636,0,0,0,23.4681,0,6.19775,0,15.1985,97.0404,43.2026,0,0,143.947,0,26.4295,0,0,68.9127,20.7757,10.9277,0,6.43695,0,43.7153,0,0,0,72.7613,0,35.2672,0,288.022,31.0872,93.8908,0,0,0,0,0,0,0,0,0,31.4391,0,0,0,0,91.6542,94.1302,0,117.592,0,0,306.943,0,0,0,0,0,179.581,0,0,0,0,0,0,309.782,0,0,0,0,0,0,0,0,0,0,0,0,0,0,0,0,0,0,0,0,0,0,0,0,0,0,75.4822,0,0,232.908,0,1118.53,0,412.034,0,0,0,0,547.384,0,0,0,0,0,0,0,0,0,0,0,0,0,0,0,0,0,440.746,0,0,0,0,0,0,0,0,0,0,0,0,0,0,0,0,0,0,0,0,0,0,0,0,0,0,0,0,0,0,0,0,0,0,0,0,0,0,0,0,0,0,0,0,0,0,0,0,0,0,0,0,0,0,0,0,0,0,0,0,0,0,0,0,0,0,0,0,0,0,0,0,0,0,0,0,0,0,0,0,0,0,0,0,0,0,0,0,0,0,0,0,0,0,0,0,0,0,0,0,0,0,0,0,0,0,0,0,0,0,0,0,0,0,0,0,0,0,0,0,0,0,0,0,0,0,0,0,0,0,0,0,0,0,0,0,0,0,0,0,0,0,0,0,0,0,0,0,0,0,0,0,0,0,0,0,0,0,0,0,0,0,0,0,0,0,0,0,0,0,0,0,0,0,0,0,0,0,0,0,0,0,0,0,0,0,0,0,0,0,0,0,0,0,0,0,0,0,0,0,0,0,0,0,0,0,0,0,0,0,0,0,9.83857,0,0,0,15.878,0,0,0,0,0,7.07149,0,0,0,70.4325,0,7.86971,0,0,0,0,0,7.58246,0,3.16048,16.0609,4.79445,18.5885,2.6069,0,0,0,0,0,0,0,0,0,0,0,0,0,0,0,0,0,0,0,0,0,0,0,0,0,0,0,0,0,0,212.028,792.508,0,0,0,0,0,0,0,0,0,0,0,0,0,0,0,0,0,0,0,0,0,0,0,0,0,242.662,0,94.0057,0,0,0,0,0,0,0,0,0,0,0,0,0,0,0,408.633,0,81.9507,0,17.6056,75.0994,0,0,0,0,0,0,28.7491,35.2928,0,0,0,0,0,0,0,0,0,0,0,0,48.6512,0,0,0,0,0,0,54.9928,0,0,0,0,0,0,0,0,0,0,0,0,0,0,0,0,0,0,0,0,0,0,0,0,0,0,0,0,0,0,0,0,0,0,0,0,0,0,0,0,0,0,0,0,0,0,0,0,0,0,0,0,0,0,0,0,0,0,0,0,0,0,0,0,0,0,0,0,0,0,0,0,0,0,0,0,0,0,0,0,0,0,0,0,0,0,0
QQT,Cu+2,3,xtb,-98.5932,15.367,3.12119,1.95067,0,0,5.40769,0,0,4.77922,1.27403,0.54132,1.9666,12.8273,0,0.77623,2.62567,0,18.2914,9.17728,0,0.7676,0,3.65323,8.7159,0,7.06716,0,0,3.99845,0,11.3225,0,0,0.27041,5.577,0,16.2734,2.00729,0,0,0,0,2.45013,0,16.5317,26.8724,0,22.9222,0,0,0,0,2.03397,0,48.8261,0,0,8.57257,0,10.7949,0,27.7045,0,0,0,8.39916,0,0,0,0,0,48.8169,0,0,58.1832,0,55.9686,20.7961,0,0,50.3103,0,8.81024,0,165.016,0,0,0,0,0,0,0,71.7898,0,60.1859,0,59.853,0,0,0,0,0,62.0868,0,169.165,105.947,0,81.4434,0,0,0,155.816,0,18.8553,0,0,0,10.0403,0,284.679,172.977,31.1897,86.1636,0,0,0,0,54.6458,43.6165,0,0,10.69,0,0,130.533,0,0,0,98.4943,0,0,0,0,0,0,0,0,0,0,0,0,21.5877,12.2657,0,0,0,0,0,0,0,6.10655,0,0,0,0,7.26882,0,0,222.797,0,263.926,0,0,0,0,13.6739,0,30.9841,0,0,66.8569,0,0,29.2049,17.2798,0,0,0,0,0,18.0846,0,0,0,315.698,0,10.1119,64.6004,54.5057,0,98.1492,0,35.6974,0,0,0,0,26.6655,0.44753,0,6.41773,3.16926,0,31.7462,0,0,63.4263,0,0,0,0,10.3382,0,158.335,46.6624,0,6.37992,0,0,0,0,3.50858,0,0,0,16.6376,0,0,30.073,0,0,10.7698,0.79376,47.9522,0,30.0307,0,48.3578,0,0,0,7.78478,5.69802,0,0,0,0,148.869,0,0,15.1949,0,0,0,0,0,53.9605,10.6374,0,0,0,222.761,0,0,0,0,0,0,0,0,118.311,17.405,0,210.259,20.1532,0,0.85953,0,61.3263,0,39.2767,92.3598,0,0,0,0,0,0,0,0,0,45.2725,0,0,0,0,0,0,0,0,0,0,469.054,0,0,0,0,0,0,0,0,0,0,0,0,0,0,0,0,472.315,0,0,0,0,0,309.867,0,299.298,0,0,0,0,0,556.257,0,0,0,0,0,0,0,0,0,0,0,0,0,0,0,0,0,0,0,0,0,0,0,0,0,0,0,0,0,0,0,0,0,0,0,0,0,0,0,0,0,0,0,0,0,0,0,0,0,0,0,0,0,0,0,0,0,0,0,0,0,0,0,0,0,0,0,0,0,0,0,0,0,0,0,0,0,0,0,0,0,0,0,0,0,0,0,0,0,0,0,0,0,0,0,0,0,0,0,0,0,0,0,0,0,0,0,0,0,0,0,0,0,0,0,0,0,0,0,0,0,0,0,0,896.459,0,0,0,0,0,0,0,0,0,0,0,0,0,0,0,0,0,0,0,0,0,0,0,0,0,0,0,0,0,0,0,0,0,0,0,0,0,0,0,0,0,0,0,0,0,0,0,0,0,0,0,0,0,0,0,0,0,0,0,0,0,0,0,0,0,0,0,0,0,0,0,0,0,0,0,0,0,0,0,0,0,0,0,0,0,0,0,0,21.1934,0,0,59.0129,0,0,0,0,0,7.60711,0,0,0,0,0,0,0,0,0,0,0,0,0,0,759.127,1.81456,0,0,42.409,0,8.6922,0,18.8091,9.20948,85.8161,18.1073,0,0,0,0,0,37.6661,0,0,0,0,0,0,0,0,0,0,0,0,0,0,0,0,0,0,0,0,0,0,0,0,0,0,274.086,0,0,0,0,0,0,0,0,0,0,0,0,0,0,0,0,0,0,0,0,0,0,0,0,0,0,0,0,0,0,0,0,0,0,0,0,0,0,0,0,130.681,0,9.67208,0,0,0,0,3.81834,27.1965,0,0,30.6068,0,0,0,0,36.2342,0,0,0,0,0,0,0,0,0,0,13.8642,0,0,0,0,0,0,0,46.4414,0,0,0,0,0,0,0,27.0976,0,0,0,0,0,0,0,0,0,0,0,0,0,0,0,0,0,0,0,0,0,0,0,0,0,0,0,0,0,0,0,0,0,0,0,0,0,0,0,0,0,0,0,0,0,0,0,0,0,0,0,0,0,0,0,0,0,0,0,0,0,0,0,0,0,0,0,0,0,0,0,0,0,0,0,0,0,0,0,0,0
RCF,Co+2,3,xtb,-107.439,4.04824,0.37082,6.48309,0,1.97247,0.4294,0,14.4006,0,5.43063,2.83376,4.66684,0,4.83389,0,5.77492,10.2033,9.14656,0,9.41471,7.89229,0,0,2.6027,24.091,3.50323,0,13.2299,11.4205,0,16.8689,2.60795,0,0,3.31217,0,0,8.40388,26.1257,0,1.60579,10.8753,15.4512,0,0,0,7.08287,17.6622,0,29.3437,0,28.3368,0,0,36.6619,3.56194,0,0,0,1.95878,0,0,35.441,54.876,0,4.06168,0,84.2841,0,0.71537,0,4.32346,3.34089,0,0,34.0517,0,0,0,0,0,60.348,0,8.3541,64.9216,90.1736,0,0,10.9211,248.209,0,14.7549,0,0,0,0,69.6767,0,54.7431,0,0,0,76.614,0,182.87,0,1.63714,0,14.2179,10.728,6.40378,0,0,52.7062,0,0,0,0,0,0,0,0,72.1384,0,0,23.9946,0,54.4056,0,0,196.712,0,0,71.5063,0,0,0,31.3045,296.053,0,12.3539,0,106.146,0,2.15258,0,290.881,0,0,0,0,4.08751,0,0,0,0,0,0,1.71755,0,13.0631,14.6339,0,0,0,0,0,39.0293,60.4657,59.9793,0,0,0,2.21488,19.884,0,0,0.66235,10.4106,0,0,420.028,0,30.8243,0,67.4442,0,2.51371,0,75.889,0,0,0,0,0,0,1.5717,0,3.29809,0,4.07624,0,5.09973,0,0,0,26.8361,0.47219,0,7.39762,19.6009,0,0,8.41832,0,5.35283,3.77576,0,0,2.73814,0,0,0,7.80023,0,11.6162,0,0.32272,19.8009,0,0.71417,0.021,0,23.8851,25.2039,0,2.11626,13.3516,19.3578,1.57567,10.7268,0,129.83,28.8959,0,65.7323,0,0,4.24889,0,0,44.7215,5.63059,1.50921,113.181,2.56816,0,4.90432,0,0,2.43936,26.1482,0,74.5312,0,0,0,0,0,0,0,0,0,0,0,198.273,0,236.718,0,10.0838,104.247,2.63352,6.10652,0,144.757,0,4.39039,103.036,0,0,0,0,0,54.9929,0,0,0,164.182,0,0,0,0,76.5633,0,0,0,0,0,0,0.0683,0,3.27931,0,0,0,0,0,0,0,0,0,320.938,0,0,0,0,0,0,0,612.066,0,0,0,431.808,0,0,0,735.808,0,0,0,0,0,0,0,0,0,0,0,0,0,0,0,0,0,0,0,0,0,0,0,0,0,0,0,0,0,0,0,0,0,0,0,0,0,0,0,0,0,0,0,0,0,0,0,0,0,0,0,0,0,0,0,0,0,0,0,0,0,0,0,0,0,0,0,0,0,0,0,0,0,0,0,0,0,0,0,0,0,0,0,0,0,0,0,0,0,0,0,0,0,0,0,0,0,0,0,0,0,0,0,0,0,0,0,0,0,0,0,0,0,0,0,0,0,0,0,0,0,0,0,0,0,0,0,0,0,0,0,0,0,0,0,0,0,0,0,0,0,0,0,0,0,0,0,1541.35,0,0,0,0,0,0,0,0,0,0,0,0,0,0,0,0,0,0,0,0,0,0,0,0,0,0,0,0,0,0,0,0,0,0,0,0,0,0,0,0,0,0,0,0,0,0,0,0,0,0,0,0,0,0,0,0,0,0,0,0,0,0,0,0,0,0,0,0,0,0,0,0,0,0,0,0,0,0,0,27.1944,0,0,0,0,0,7.45719,0,0,0,0,0,0,0,0,44.076,17.1608,14.4226,14.4157,0,55.2455,0,58.0659,58.2404,0,0,16.142,0,0,0,0,0,0,0,0,0,0,0,0,0,16.7097,0,50.3912,0,81.304,0,0,214.054,0,0,0,0,0,0,0,0,0,0,0,0,0,0,0,0,0,0,0,0,0,0,0,454.833,0,0,0,0,0,0,0,0,0,0,0,0,0,0,0,0,0,0,0,0,0,0,0,0,0,0,10.4746,0,0,0,0,0.75645,3.07111,0,0,11.6095,0,0,0,0,0,43.7455,82.8062,0,0,0,0,290.347,0,0,0,0,0,0,0,0,0,0,0,0,26.6592,0,0,46.2105,0,0,0,0,0,0,52.3922,0,0,0,0,0,0,0,0,0,0,0,0,0,0,0,0,0,0,0,0,0,0,0,0,0,0,0,0,0,0,0,0,0,0,0,0,0,0,0,0,0,0,0,0,0,0,0,0,0,0,0,0,0,0,0,0,0,0,0,0,0,0,0,0,0,0,0,0,0,0,0,0,0,0,0,0,0,0,0,0,0,0,0
RCW,Ni+2,3,xtb,-116.302,10.6338,3.35906,3.10806,0.61936,8.75794,1.29804,0,0.94028,7.00992,0,1.73569,1.2798,0,0,6.78621,11.7092,0,8.62908,0.43492,7.45756,0,15.3069,7.52059,0,0,7.26657,0,9.49435,13.2543,26.6125,3.51265,13.2611,0,52.4484,27.4368,0,0,10.6906,28.3635,3.6383,0,0,0,38.9838,0,0,14.6388,0,6.96048,0,1.43843,0,13.811,6.76715,14.6868,0.18212,0,0,9.62241,14.4385,0,0,10.0467,0,0,0,0,0,35.0753,5.58971,0,8.79713,22.1903,0,0,0,0.07049,36.4211,0,8.75486,6.44174,0,0,16.049,536.299,0,0,9.61433,0,44.8242,0,93.8551,0,17.9705,0,203.298,12.3462,0,0,0,15.149,51.8965,50.6182,0,3.23081,0,0,37.3687,434.452,13.174,0,0,12.2532,0,7.77987,0,0,0,18.535,0,0,77.0491,0,0,0,0,121.791,171.728,0,0,72.4452,7.42421,136.557,76.7669,65.1983,0,0,0,0,16.5018,0,23.6504,0,0,0,179.879,0,0,10.3015,0,12.2321,0,0,17.9398,0,0,0,0,0,15.8072,0,14.8272,0,0,0.88777,0,0,0,7.10034,0,0,2.21076,0,0,7.22441,2.09165,8.81614,20.9596,0,0,0,0,7.80563,0,0,0,0,0,73.4261,0,7.90646,3.65551,0,0,0,0,0,69.0139,2.45405,0,16.024,15.058,0.8628,0,4.52319,0,12.7571,0,14.269,0,15.5001,0,0,42.9668,30.8196,0,48.2281,136.742,0,4.73547,0,14.3337,0,2.58227,11.7904,0,3.56252,5.06037,22.0418,0,0,3.29443,4.76611,15.6964,0,17.6369,0,0,2.63513,160.737,0,0,0,0,0,13.9495,0,7.29274,2.3422,0,4.22688,91.9125,39.056,0,0,0,0,15.7645,9.13001,0,1.87155,0,30.0959,86.4012,0,0,0,0,0,0,5.24161,0,0,0,0,153.6,34.2457,0,458.397,0,0,0,2.859,0,0,12.3206,0,9.04626,99.7548,3.14023,230.368,0,0,17.5495,0,0,99.4462,0,0,0,0,0,0,4.27311,0,0,1.00709,0,0,0,0,0,0,0,7.10307,0,0,0,0,0,0,0,366.425,0,0,0,0,0,0,0,0,280.076,0,464.328,0,0,0,0,0,0,0,0,0,0,0,0,0,0,521.096,0,0,0,0,0,0,0,0,0,0,0,0,0,0,0,0,0,0,0,0,0,0,0,0,0,0,0,0,0,0,0,0,0,0,0,0,0,0,0,0,0,0,0,0,0,0,0,0,0,0,0,0,0,0,0,0,0,0,0,0,0,0,0,0,0,0,0,0,0,0,0,0,0,0,0,0,0,0,0,0,0,0,0,0,0,0,0,0,0,0,0,0,0,0,0,0,0,0,0,0,0,0,0,0,0,0,0,0,0,0,0,0,0,0,0,0,0,0,0,0,0,0,0,0,0,0,0,0,0,0,0,0,0,0,0,0,0,0,0,0,0,0,0,0,0,0,0,0,0,0,0,0,0,0,0,0,0,0,0,0,0,0,0,0,0,0,0,0,0,0,0,0,0,0,0,0,0,0,0,0,0,0,0,0,0,0,0,0,0,0,0,0,0,0,0,0,0,0,0,0,0,0,0,0,0,0,0,0,0,0,0,0,20.3895,0,0,0,0,0,0,76.8469,0,0,8.25382,0,9.37755,0,0,0,0,0,0,0,33.0415,0,50.2602,5.81849,12.4206,29.3122,0,0,51.1891,0,22.5964,0,0,0,0,0.71892,0,0,0,0,0,17.1184,0,34.5808,0,85.6998,0,0,0,0,15.0536,0,0,0,0,0,0,0,0,0,0,11.4667,0,0,0,0,0,0,0,0,0,0,0,0,0,0,0,0,0,0,0,0,0,0,0,0,0,0,0,0,0,0,0,164.078,0,0,118.53,0,0,0,0,0,0,2.32412,0,0,0,0,0,0,16.9362,90.3112,101.106,0,0,0,1.43822,0,0,120.351,0,72.9461,0,0,0,0,0.04094,13.8974,0,31.2013,0,0,0,0,0,0,0,0,0,0,26.0907,0,0,0,0,0,0,0,0,0,0,28.9784,0,0,0,0,0,0,0,0,0,0,0,0,0,0,0,0,0,0,0,0,0,0,0,0,0,0,0,0,0,0,0,0,0,0,0,0,0,0,0,0,0,0,0,0,0,0,0,0,0,0,0,0,0,0,0,0,0,0,0,0,0,0,0,0,0,0,0,0,0,0,0,0,0,0,0,0,0,0
RDF,Co+2,3,xtb,-119.688,3.35706,2.18447,1.30163,0.54126,3.68751,0.2838,0,0.35814,2.0444,10.1689,5.20127,0,2.14327,3.5128,0,2.21908,1.59323,6.51907,8.30445,0,0.30909,2.74003,8.95708,0,0,1.36476,0,9.28743,3.46074,0,10.465,18.7938,9.92309,2.48536,18.5948,0,0,0,17.5284,25.8699,0,2.29746,0,15.3999,0,11.746,0,0,48.8063,0,1.03054,0,13.0886,0,0,12.4039,49.709,23.1153,0,5.55982,15.1142,73.931,0,17.4806,23.9039,0,0.85606,0,3.62387,27.8798,0,0,0,0,106.924,0,15.8186,0,0,0,0,0,2.60752,0,0,55.5016,6.52604,0,0,55.0852,68.0416,88.4882,55.7391,0,0,22.5348,96.4708,0,10.203,66.5781,0,0,153.137,124.615,0,43.548,0,0,19.4979,66.6698,135.006,0,0,269.215,331.597,0,0,64.3707,28.3342,44.2578,0,0,0,0,100.032,37.246,0,52.302,53.8517,0,0,0,207.196,0,103.817,151.704,0,0,0,0,0,0,47.7171,51.3061,0,0,25.9938,0,6.11319,46.7385,0,0,0,216.818,0,0,0,0,0,0,0,0,135.17,371.013,0,0,0,0.08559,0,0,0,26.9235,0.85289,0,14.9423,0,13.6103,0.85171,0,0,18.0902,0,0,1.14406,0,11.0376,0,1.9385,0,0,0,0,0,10.6394,0,4.87628,11.176,0,0,30.4241,0,0,0,14.9681,0,0,0,2.44197,0,16.0387,15.3708,6.56138,0,0,2.3674,24.9808,9.0484,149.918,184.684,64.2827,0,3.88125,0,39.3633,0,0,0.5333,35.7063,0,0,1.49904,3.04102,0,3.75548,2.98414,25.5452,0,0,23.0065,81.9081,0,0,0,0,0,0,2.73877,167.103,56.6438,45.9949,0,0,0,31.9331,0,117.301,12.5509,0,0,12.2374,0.85566,0,93.2886,0,0,0,0,0,0,33.6069,0,0,0,0,0,0,0,0,165.512,74.668,0,0,4.1486,22.0018,0,0,5.40088,0,0,601.287,87.2341,89.1573,0,134.255,0,0,0,0,0,100.149,0,0,0,0,0,0,0,0,0,0.1776,0,2.42167,0,0,0,0,0,0,0,136.104,0,0,46.9525,0,0,0,748.575,0,0,0,0,0,0,0,0,476.535,0,0,0,638.173,0,0,0,0,0,0,0,0,0,0,0,0,0,0,0,0,0,0,0,0,0,0,0,0,0,0,0,0,0,0,0,0,0,0,0,0,0,0,0,0,0,0,0,0,0,0,0,0,0,0,0,0,0,0,0,0,0,0,0,0,0,0,0,0,0,0,0,0,0,0,0,0,0,0,0,0,0,0,0,0,0,0,0,0,0,0,0,0,0,0,0,0,0,0,0,0,0,0,0,0,0,0,0,0,0,0,0,0,0,0,0,0,0,0,0,0,0,0,0,0,0,0,0,0,0,0,0,0,0,0,0,0,0,0,0,0,0,0,0,0,0,0,0,0,0,0,0,0,0,0,0,0,0,0,0,0,0,0,0,0,0,0,0,0,0,0,0,0,0,0,0,0,0,0,0,0,0,0,0,0,0,0,0,0,0,0,0,0,0,0,0,0,0,0,0,0,0,0,0,0,0,0,0,0,0,0,0,0,0,0,1283.62,0,0,0,0,0,0,0,0,0,0,0,0,0,0,0,0,0,0,0,0,0,0,0,0,0,0,7.32392,15.365,43.2789,0,0,18.0019,0,9.34811,56.8067,33.4106,17.986,12.4209,118.542,53.1395,0,0,12.8291,9.28971,0,0,0,0,0,0,0,0,11.6849,0,37.9768,0,19.0033,0,40.8166,0,561.592,0,0,0,0,0,0,0,0,0,0,0,0,0,0,0,0,0,0,0,0,0,0,0,276.262,0,0,0,0,0,0,0,0,0,0,0,0,0,0,466.827,0,0,0,7.50484,0,0,0,7.02764,0,0,0,0,0,0,0,0,0,0,0,0,0,0,0,4.77003,60.107,67.8457,0,0,0,0,144.734,0,0,0,0,0,0,0,0,0,198.096,0,0,0,0,21.6958,0,0,0,0,0,0,0,60.8426,50.5564,0,0,0,0,0,0,0,0,0,0,0,34.8225,0,0,0,0,0,0,0,0,0,0,0,0,0,0,0,0,0,0,0,0,0,0,0,0,0,0,0,0,0,0,0,0,0,0,0,0,0,0,0,0,0,0,0,0,0,0,0,0,0,0,0,0,0,0,0,0,0,0,0,0,0,0,0,0,0,0,0,0,0,0,0,0,0
RDG,Co+2,3,xtb,-101.582,9.42617,3.32489,6.04514,0,3.02431,0,0.3986,1.41791,2.92293,3.19936,1.85895,0,6.17464,2.4581,4.16462,11.5993,5.29511,0,12.252,0,15.041,0,5.89405,0,0,0,0,26.9099,0,0,30.1089,21.6876,0,0,0,0,13.5607,16.9165,0,0,0,16.9775,169.911,8.31974,0,4.58445,0,0,24.8116,0,0,79.5862,0,27.6804,13.335,0,91.2404,0,0,12.3033,19.4474,0,0,41.6547,0,115.972,0,0,99.9609,12.18,0,0,10.9025,9.12534,0,95.9217,0,7.54816,15.6379,0,21.0238,0,0,136.019,0,30.6063,0,0,0,9.39913,0,54.699,89.0716,0,0,51.7272,0,0,63.6399,0,0,241.437,53.4829,0,307.523,102.761,0,189.705,0,22.2839,0,0,0,0,93.2396,0,0,0,144.315,226.03,0,39.2218,0,0,0,112.438,0,0,291.302,0,0,0,48.243,0,0,0,108.887,0,0,0,0,222.62,0,0,13.6964,0,0,59.9473,0,0,135.39,0,0,0,0,0,0,0,0,0,17.3847,0,0,0,0,0,30.9029,0,399.682,3.52762,12.0258,0,0,0,0,0,0,20.0863,0,0,48.8576,0,38.2809,0,0,68.2599,0,0,0,0,4.63126,0,0,0,0,0,5.54658,0,53.5669,0,0,0,0,0,45.7853,0,3.69543,0,31.0362,88.5094,0,274.354,0,0,15.9337,0,128.222,102.224,0,0,0,0,143.983,0,32.5385,0,0,0,0,0,35.079,0,0,0,25.1995,66.168,0,0,0,0.5489,6.82291,7.43616,0,73.9526,0,0,43.7729,0,0,0,24.6155,0,0,83.7926,0,0,0,21.539,0,0,1.61208,0,0,0,56.2192,0,0,0,0,0,0,0,0,0,53.349,0,13.0636,0,0,24.5211,0,4.46824,204.302,0,1.18143,0,0,10.1931,0,0,304.387,34.8494,0,0,0,92.6719,147.977,0,0,0,127.347,0,0,0,0,0,0,0,0,0,0,0,0,924.517,0,0,374.214,0,0,0,0,0,0,0,98.7045,0,0,0,0,0,0,470.74,0,0,0,0,0,0,0,0,0,0,0,0,0,0,0,0,0,0,0,0,571.41,0,0,0,0,0,0,0,0,0,0,0,0,0,0,0,0,0,0,0,0,0,0,0,0,0,0,0,0,0,0,0,0,0,0,0,0,0,0,0,0,0,0,0,0,0,0,0,0,0,0,0,0,0,0,0,0,0,0,0,0,0,0,0,0,0,0,0,0,0,0,0,0,0,0,0,0,0,0,0,0,0,0,0,0,0,0,0,0,0,0,0,0,0,0,0,0,0,0,0,0,0,0,0,0,0,0,0,0,0,0,0,0,0,0,0,0,0,0,0,0,0,0,0,0,0,0,0,0,0,0,0,0,0,0,0,0,0,0,0,0,0,0,0,0,0,0,0,0,0,0,0,0,0,0,0,0,0,0,0,0,0,0,0,0,0,0,0,0,0,0,0,0,0,0,0,0,0,0,0,0,0,0,0,0,0,0,0,0,0,0,0,0,0,0,0,0,0,0,0,0,0,0,0,0,0,0,0,0,0,0,0,0,0,0,0,0,12.1617,0,0,0,26.4908,0,1105.64,0,32.7339,0,0,27.2653,40.4775,0,0,0,43.6004,0,69.0609,0,0,0,0,0,16.7188,0,0,0,2.10986,0,0,0,907.304,0,0,0,0,0,0,0,0,0,0,0,0,0,0,0,0,0,0,0,0,0,0,0,0,0,0,0,0,0,0,0,0,0,0,0,0,0,0,0,0,0,0,0,0,0,0,0,0,0,0,0,0,67.0416,0,0,0,22.3348,0,2.01877,0,0,0,0,111.418,0,0,0,0,0,0,0,0,0,0,0,146.922,0,120.264,5.73179,0,0,0,0,0,0,0,0,0,53.3355,0,0,0,1.81377,0,0,0,58.5709,0,0,0,0,0,0,61.9725,0,0,0,0,0,0,10.6607,0,0,0,0,0,31.1175,0,0,0,18.5288,0,0,0,0,0,0,0,0,0,0,0,0,0,0,0,0,0,0,0,0,0,0,0,0,0,0,0,0,0,0,0,0,0,0,0,0,0,0,0,0,0,0,0,0,0,0,0,0,0,0,0,0,0,0,0,0,0,0,0,0,0,0,0,0,0,0,0,0
REE,Co+2,3,xtb,-126.528,15.6807,3.7386,0.97429,1.6029,7.20721,1.06109,0,0.14225,16.5194,0,4.75381,3.62626,3.48808,0,8.19285,0,0,10.2778,7.1353,1.24008,0,20.7964,4.0928,6.10345,13.5972,0,34.9327,1.59301,0.92275,0,11.8781,30.7726,9.57532,0,14.9218,0,13.1942,23.8868,9.11879,0,24.0766,5.27892,0,6.32895,10.7204,0,0,3.1366,0,5.79611,0,10.3897,0,5.88429,34.8302,0,0,0,3.95397,17.0194,0,24.2035,62.5026,0,194.422,19.5035,12.4069,0,25.3749,0,0,102.567,188.886,0,15.355,0,19.2801,2.15242,0,0,0,61.7766,0,125.907,40.4177,0,0,72.7483,0,0,187.117,25.2704,0,0,226.844,141.076,19.336,0,0,31.0607,0,0,0,109.296,0,0,119.965,47.9863,103.611,15.1216,0,40.7329,124.226,0,0,8.4149,0,75.7013,0,0,100.69,109.311,0,60.9985,396.863,0,0,27.9998,0,0,33.5542,0,0,0,91.6734,32.6873,0,53.3475,0,0,0,34.1139,0,39.1688,0,0,0,0,477.539,0,54.2987,0,0,0,29.0889,0,0,0,0,34.9305,0,0,0,0,8.43603,0,0,0,33.9748,12.0043,0,0,7.36784,296.732,0,0,71.5415,10.9349,0,18.3201,0,0,7.58264,0,0,51.424,0,25.2367,0,0,20.6405,0,0,0,35.1463,5.44492,0,0,2.79823,0,0,0,0,4.31732,0,6.24874,97.1635,248.769,7.10668,0,0,3.16097,0,30.5702,0,0,0,0,367.183,27.8525,36.0871,0,63.3212,0,0,7.56037,10.2234,0,0,1.63129,29.0703,37.0009,20.2196,102.229,41.0023,0,21.2948,0,23.3455,0,7.57896,27.5266,7.70636,0,0,0,14.4977,0,70.0258,124.619,0.92675,2.217,0,35.7664,0,45.319,75.5323,0,37.2456,0,8.91573,3.84535,8.65234,0,0,0,0,0,0,0,0,0,0,0,0,45.6922,94.7357,175.185,0,78.8565,0,25.444,119.347,120.969,56.819,26.4521,224.62,10.8016,151.852,64.7273,0,0,0,244.998,430.092,75.6075,0,0,0,0,0,0,0,0,0,0,0,0,0,0,0,0,0,0,1519.79,0,0,0,0,0,0,0,0,0,0,0,0,407.73,0,0,95.1855,0,0,0,0,669.719,0,0,0,0,0,0,0,0,0,0,0,0,564.845,0,0,0,0,0,0,0,0,533.838,0,0,0,0,0,0,0,0,0,0,0,0,0,0,0,0,0,0,0,0,0,0,0,0,0,0,0,0,0,0,0,0,0,0,0,0,0,0,0,0,0,0,0,0,0,0,0,0,0,0,0,0,0,0,0,0,0,0,0,0,0,0,0,0,0,0,0,0,0,0,0,0,0,0,0,0,0,0,0,0,0,0,0,0,0,0,0,0,0,0,0,0,0,0,0,0,0,0,0,0,0,0,0,0,0,0,0,0,0,0,0,0,0,0,0,0,0,0,0,0,0,0,0,0,0,776.012,0,0,0,0,0,0,0,0,0,0,0,0,0,0,0,0,0,0,0,0,0,0,0,0,0,0,0,0,0,0,0,0,0,0,0,0,0,0,0,0,0,0,0,0,0,0,0,0,0,0,0,0,0,0,463.568,0,0,0,0,0,0,0,0,0,0,0,0,0,0,0,0,0,0,0,0,0,0,41.0498,0,0,0,0,0,0,0,0,0,23.1029,0,0,0,0,0,0,0,0,0,4.86967,0,0,0,13.1556,0,9.69208,4.79861,8.58235,5.06953,31.0505,30.9353,4.46634,15.0734,53.3162,0,0,0,0,0,0,0,0,0,0,0,0,0,0,0,0,0,0,0,0,0,0,0,0,0,0,0,0,0,0,0,0,183.874,0,453.883,0,0,0,0,0,0,0,0,0,0,0,0,0,0,0,0,0,0,0,0,0,0,0,20.6489,0,0,0,641.15,0,0,0,0,287.891,0,0,0,106.133,8.61628,0,0,0,0,0,85.9481,0,59.4427,0,22.9031,0,0,0,0,51.3705,0,0,0,127.698,0,0,0,0,0,0,0,0,0,0,19.9698,106.753,0,0,0,0,156.988,0,86.6639,0,0,0,135.156,0,0,0,0,0,49.0979,0,0,0,0,0,0,0,0,0,0,0,0,0,0,0,0,0,0,0,0,0,0,0,0,0,0,0,0,0,0,0,0,0,0,0,0,0,0,0,0,0,0,0,0,0,0,0,0,0,0,0,0,0,0,0,0,0,0,0,0,0,0,0,0,0,0,0,0,0,0,0,0,0,0
REH,Co+2,3,xtb,-121.322,10.0515,0,0.95226,5.84388,8.6255,1.44128,6.8397,4.28325,9.19178,0,9.08023,3.18422,3.93441,3.26284,0,4.34708,1.13896,0,14.1967,0,0,0,3.07926,1.00648,4.51749,7.96717,0.36932,2.55812,0,8.52878,0,0,0,11.9813,7.88401,0,0,0,20.7078,35.0211,24.3128,0,0,20.2138,8.28827,0,15.8368,0,43.6545,22.9765,0,152.831,0,90.3177,83.217,0,24.8157,0,0,22.0261,76.2404,16.2142,51.0488,0.62179,57.3508,0,0,0,152.974,0,2.49694,0,105.607,0,57.2249,0,0,34.8869,0,10.5133,8.37691,0,0,0,0,0,0,45.0564,13.1176,167.615,0,0,0,0,0,6.61828,155.939,108.316,156.702,8.49985,0,0,78.9298,16.0988,0,0,0,24.9483,94.9985,172.116,0,0,44.9093,0,0,3.95669,74.8207,38.5166,0,342.364,0,0,38.0182,0,69.378,0,0,0,0,304.277,139.692,27.2213,0,0,143.015,0,0,121.671,0,0,121.812,18.8201,0,0,0,0,0,0,62.7396,0,0,55.715,0,5.34946,0,0,0,0,8.42345,0,0,0,14.4666,0,0,0,6.4643,0,25.6272,0,17.6766,0,0,0,0,4.85449,0,6.77812,0,0,0,0,37.0596,0,0,0,0,3.02467,2.8696,4.75825,0,0,0,0,2.30458,0,3.40665,7.05003,8.45009,0,0,0,6.63193,0,0,0,0,22.0683,14.4889,3.86541,0,0,22.0998,0,14.2956,156.971,0,24.3409,52.9976,45.3928,141.515,0,71.2907,0,1.64794,19.4999,0,7.79325,13.4459,27.4524,0,11.3837,0,13.3184,0,12.5595,0,25.132,0,0,0,94.2076,0,219.596,0,0,4.52558,78.9864,180.154,0,0,33.6609,22.1846,0,15.274,32.2279,0,3.47172,86.6687,1.00643,26.222,0,0,0,0,0,0,0,0,0,0,0,0,38.153,174.997,0,0,168.465,9.32303,0,17.3346,0,0,61.9482,251.292,8.57337,0,186.877,136.156,201.06,0,0,0,0,0,0,0,522.273,0,0,0,0,12.0379,0,0,0,0,0,0,0,0,0,0,0,0,599.175,798.515,0,0,0,0,0,0,0,0,0,0,0,0,0,0,0,0,0,0,310.274,0,0,0,0,0,0,0,0,468.328,0,0,0,0,0,466.25,0,0,0,0,0,0,0,0,0,0,0,0,0,0,0,0,0,0,0,0,0,0,0,0,0,0,0,0,0,0,0,0,0,0,0,0,0,0,0,0,0,0,0,0,0,0,0,0,0,0,0,0,0,0,0,0,0,0,0,0,0,0,0,0,0,0,0,0,0,0,0,0,0,0,0,0,0,0,0,0,0,0,0,0,0,0,0,0,0,0,0,0,0,0,0,0,0,0,0,0,0,0,0,0,0,0,0,0,0,0,0,0,0,0,0,0,0,0,0,0,0,0,2916.03,0,0,0,0,0,0,0,0,0,0,0,0,0,0,0,0,0,0,0,0,0,0,0,0,0,0,0,0,0,0,0,0,0,0,0,0,0,0,0,0,0,0,0,0,0,0,0,0,0,0,0,0,0,0,0,0,0,0,0,0,0,0,0,0,0,0,0,0,0,0,0,0,0,0,0,0,0,0,0,0,0,0,0,0,0,0,0,0,0,0,0,0,0,0,0,0,0,7.15068,0,0,0,0,0,0,0,20.2116,4.7087,0,1.72367,4.82784,0,0,0,6.46609,25.6482,5.61159,0,26.4055,29.2858,25.402,0,0,3.19295,0,0,0,0,0,0,0,0,0,0,0,0,0,0,0,0,0,0,0,0,31.4855,0,0,0,0,0,0,0,0,0,0,0,0,4.80074,0,0,0,0,0,0,0,0,0,0,0,0,0,0,0,0,0,0,0,0,0,102.012,0,47.835,0,0,0,0,0,460.745,0,0,0,101.664,0,0,0,0,130.901,18.7501,94.2037,0,56.5982,0,0,0,0,0,86.3878,0,0,0,10.4986,0,0,0,180.183,28.5521,0,0,0,0,0,0,0,0,0,0,12.939,0,0,0,78.5071,0,0,0,0,0,0,0,38.3846,62.7898,0,0,70.2733,0,0,0,0,0,0,0,0,0,0,0,0,0,0,0,0,0,0,0,0,0,0,0,0,0,0,0,0,0,0,0,0,0,0,0,0,0,0,0,0,0,0,0,0,0,0,0,0,0,0,0,0,0,0,0,0,0,0,0,0,0,0,0,0,0,0,0,0,0,0,0,0,0,0,0
REI,Ni+2,3,xtb,-113.38,23.1255,0.92824,0,0,4.05296,4.19387,2.16727,0,6.43998,0.93531,0,4.26882,0,13.609,0,1.66706,12.0795,0,10.3738,5.38464,0,6.89039,1.75165,2.00901,0,0,0,2.77022,7.54145,0,0,16.9307,0,0,5.68761,0,2.65476,0,8.6159,23.4951,5.97721,0,32.2715,0,39.0005,97.2331,0,15.6673,0,86.7566,28.1667,1.44024,7.43806,3.39217,0,0,0,84.9077,0,25.8857,0,0,15.7532,0,85.9074,22.6835,0,18.9511,0,7.24896,17.3473,0,0,9.9031,0,53.6941,71.4073,57.7399,31.8013,0,0,9.40304,0,149.83,0,0,218.85,0,0,7.90692,28.1947,0,35.346,0,0,80.3273,0,0,17.8783,0,0,0,0,0,0,35.9945,77.0188,58.4159,0,0,0,0,0,0,21.9207,44.3684,164.512,0,4.62957,0,0,0,64.7166,0,0,0,0,0,0,0,40.7495,18.4586,0,0,141.576,97.4294,0,0,0,177.019,0,318.066,0,0,0,0,0,0,0,0,0,0,0,0,18.5041,5.1226,15.1029,0,412.887,0,13.0287,0,0,0,0,23.1777,0,24.5764,21.861,0,0,37.6559,0,0,0,0,93.224,32.2726,0,109.475,13.6132,0,0,0,0,268.129,0,0,56.9716,23.9226,0,0,0,9.49112,0,0,39.9001,70.8666,12.0328,0,0,21.7767,0,0,11.8978,15.0937,0,20.1038,0,6.29301,0,0,78.9604,52.6453,0,173.503,0,33.7309,0,0,95.5177,5.49266,0,0,14.688,6.37174,0,3.91688,5.52321,0,0,22.7782,10.1258,0,7.41108,0,48.533,0,0,3.43814,0,170.661,110.183,0,0,0,10.6576,13.2506,1.67246,0,10.9825,0,0,7.06942,11.7494,0,0,57.056,0,50.7225,2.7561,28.549,2.04966,57.1159,46.4621,0,0,0,0,0,0,65.0549,2.87386,0,3.39536,0,20.3993,60.5043,0,0,0,0,5.16083,0,0,18.718,19.6652,19.7112,0,2.01873,7.13175,0,56.8265,31.7183,0,0,0,222.382,0,154.072,509.445,0,0,0,0,0,0,0,0,0,0,0,472.173,0,0,0,0,0,0,0,0,0,703.22,0,0,0,1031.25,0,113.897,0,0,0,0,0,0,0,0,0,0,511.262,0,0,0,0,0,0,0,0,0,0,0,0,0,0,0,0,0,0,0,0,0,0,0,0,0,0,0,0,0,0,0,0,0,0,0,0,0,0,0,0,0,0,0,0,0,0,0,0,0,0,0,0,0,0,0,0,0,0,0,0,0,0,0,0,0,0,0,0,0,0,0,0,0,0,0,0,0,0,0,0,0,0,0,0,0,0,0,0,0,0,0,0,0,0,0,2943.79,0,0,0,0,0,0,0,0,0,0,0,0,0,0,0,0,0,0,0,0,0,0,0,0,0,0,0,0,0,0,0,0,0,0,0,0,0,0,0,0,0,0,0,0,0,0,0,0,0,0,0,0,0,0,0,0,0,0,0,0,0,0,0,0,0,0,0,0,0,0,0,0,0,0,0,0,0,0,0,0,0,0,0,0,0,0,0,0,0,0,0,0,0,0,0,0,0,0,0,0,0,0,0,0,0,0,0,0,0,0,0,0,0,0,36.1987,0,0,0,0,0,0,0,0,0,57.1626,0,0,0,57.3917,0,0,0,0,0,0,0,17.513,0,0,0,0,43.4635,0,0,0,51.4482,51.5126,42.6032,17.7561,0,31.7532,70.0249,0,0,26.9848,6.5911,0,50.8878,52.044,0,83.948,0,0,24.5811,12.3317,0,0,589.171,0,0,0,0,0,0,0,0,0,0,0,0,0,0,0,0,0,0,0,0,820.832,0,0,0,0,0,0,0,0,0,0,0,0,0,668.727,0,0,0,0,0,0,0,0,0,0,0,0,25.2943,0,0,0,0,0,0,0,0,0,2.2171,0,0,0,0,0,0,0,0,0,0,0,0,0,0,0,0,0,0,36.2563,0.94223,0,0,0,55.531,0,0,0,0,0,0,0,0,0,0,19.3467,0,0,0,0,0,0,0,0,0,0,0,0,0,0,44.1059,0,0,0,0,0,0,21.8058,0,0,0,0,0,10.4728,0,0,0,0,0,0,0,0,0,0,0,0,0,0,0,0,0,0,0,0,0,0,0,0,0,0,0,0,0,0,0,0,0,0,0,0,0,0,0,0,0,0,0,0,0,0,0,0,0,0,0,0,0,0,0,0,0,0,0,0,0,0,0,0,0,0
RFE,Cu+2,3,xtb,-112.877,2.98543,1.39801,0.17646,0,4.38571,0,0.10357,0.92136,2.89742,0,0.10704,0.99983,0,0,1.43075,3.39854,2.56881,3.42808,4.4232,2.34567,11.5451,0,17.0572,0,0,5.81926,3.26754,0,2.48615,4.00928,0,0,0,5.83995,0.32561,0,0,2.70628,0,0,9.70545,0,1.82495,17.2638,0,14.9023,4.44453,39.7104,0,0,7.44264,0,15.3027,0,0,0,37.7906,0,0,0,3.01528,0,0,0,27.8723,5.30748,15.3721,0,0,60.3243,0,0,0,0,5.27749,9.55811,0,0,0,10.8714,0,0,0,217.521,19.1257,32.0821,11.9765,0,31.4508,74.1548,0,0,42.9881,0,15.864,0,0,76.663,0,146.448,6.20807,0,57.5511,83.088,16.9047,0,0,0,74.9773,96.0763,0,0,0,0,0,12.2681,89.9672,33.2082,0,0,0,0,33.7452,21.5037,0,128.15,241.943,12.3025,0,0,0,146.927,0,0,0,0,0,37.7591,22.2684,0,0,0,0,20.4165,117.948,0,0,0,0,0,0,35.0774,0,0,0,6.44806,0,0,3.04613,0,0,11.1545,0,19.2351,0,0,0,1.53379,0,2.05398,0,8.96332,8.82018,0,3.1394,0,0,5.48175,271.643,0,0,0,0,0,0,0,15.2096,9.35498,5.04391,0,0,14.035,6.20412,0,0,0,5.65477,10.7042,0,0,0,0,0,44.6346,10.3334,35.7989,0,0.92271,0,12.0894,4.82038,20.1626,0,49.7968,31.9503,80.4137,4.23835,0,50.9237,0,0,193.66,17.7162,23.9085,0,6.81185,0.41365,0,0,0,8.65406,33.0361,6.86441,0,0,0,2.94511,35.452,0,0,9.15983,6.84118,0,12.2894,54.2092,5.99894,0,0,23.1168,146.878,12.3707,195.638,35.3944,0,6.49546,5.86923,10.4863,136.612,0,62.3369,0.32702,0,4.82818,0,0,0,74.178,0,0,0,0,0,0,0,26.9222,0,0,0.36476,0,0,36.8009,10.3644,45.532,119.291,43.7829,30.8505,131.173,0,0,0,0,161.599,308.77,0,0,0,0,0,0,0,0,0,0,0,0,0,0,0,0.54827,0,6.90098,0,0,0,0,0,769.016,0,0,0,0,0,0,155.782,0,0,0,0,70.748,0,0,0,0,0,915.353,0,0,0,511.065,0,0,0,0,0,0,0,0,0,0,0,0,0,0,0,0,0,0,0,0,0,0,0,0,0,0,0,0,0,0,0,0,0,0,0,0,0,0,0,0,0,0,0,0,0,0,0,0,0,0,0,0,0,0,0,0,0,0,0,0,0,0,0,0,0,0,0,0,0,0,0,0,0,0,0,0,0,0,0,0,0,0,0,0,0,0,0,0,0,0,0,0,0,0,0,0,0,0,0,0,0,0,0,0,0,0,0,0,0,0,0,0,0,0,0,0,0,0,0,0,0,0,0,0,0,0,0,0,1936.63,0,0,0,0,0,0,0,0,0,0,0,0,0,0,0,0,0,0,0,0,0,0,0,0,0,0,0,0,0,0,0,0,0,0,0,0,0,0,0,0,0,0,0,0,0,0,0,0,0,0,0,0,0,0,0,0,0,0,0,0,0,0,0,0,0,0,0,0,0,0,0,0,0,0,0,0,0,0,0,0,0,0,0,0,8.23397,0,0,0,0,0,0,0,0,0,0,0,0,0,32.5719,0,0,0,0,0,0,0,0,0,11.463,0,0,0,23.0272,0,0,23.8156,0,20.6706,0,6.43413,0,44.8253,5.24249,0,23.5432,0,0,4.85561,0,0,4.82112,0,0,0,21.7417,0,0,0,0,0,26.6413,0,0,23.5081,23.4421,0,0,0,0,0,0,0,0,0,0,0,0,0,0,0,0,0,0,0,0,0,0,0,0,0,0,0,0,0,0,0,0,0,0,0,0,420.46,0,0,295.537,0,0,0,0,0,0,0,0,0,0,0,0,0,0,0,6.45294,30.2307,0,0,59.1041,59.8736,0,0,0,0,4.69411,0,0,0,0,0,0,0,0,19.4047,0,0,0,0,0,0,0,0,0,0,0,14.5485,0,0,0,0,0,0,62.1606,0,0,0,56.6561,0,0,0,0,0,0,0,0,0,0,0,0,0,0,0,0,0,0,0,0,0,0,0,0,0,0,0,0,0,0,0,0,0,0,0,0,0,0,0,0,0,0,0,0,0,0,0,0,0,0,0,0,0,0,0,0,0,0,0,0,0,0,0,0,0,0,0,0,0,0,0,0,0,0,0,0,0,0,0,0
RFS,Zn+2,3,xtb,-95.0021,7.34864,2.66488,1.93487,1.77297,0,0.90111,2.27871,0,4.16304,5.03487,0,0,2.97329,7.2165,6.72751,2.46002,0,2.94485,0,10.2866,24.4491,0,6.5516,0,0,0,2.38963,0,8.84587,12.4301,0.51674,0,0.70604,14.0374,0,0,24.0258,16.5629,0,33.3794,0,0,22.2973,0,0,2.13734,0,0,22.329,0,99.7184,0,0,4.27418,0,1.69435,0,0,3.17154,0,2.32378,18.1473,17.385,0,0,0.43129,0,0.84055,0,0,0,20.5883,0,40.3321,0,0,0,30.4134,0,0,0,75.4668,0,10.0268,0,0,0,0,120.405,0,0,11.5758,0,83.5789,0,0,0,35.1693,0,24.0094,0,0,38.8283,0,0,0,0,0,10.659,3.37847,0,0,122.663,0,0,0,22.2857,0,0,365.488,0,0,0,33.4128,8.73133,0,0,0,0,0,200.807,0,19.1892,0,0,0,0,0,2.6057,0,0,14.3284,0,38.9183,376.542,0,0,0,0,8.50419,0,0,0,0,0,0,53.1082,0,201.632,0,0,0,0,0,0,21.8441,7.15876,2.25109,0,0,0,31.7811,3.31927,0,0,0,34.1219,0,0,0,1.14672,22.8414,0,0,0,12.3729,0,1.07515,0,5.68617,0,0,0,0,21.9046,0,0,0,0,0,12.3083,30.8687,0,0,0,0,44.7132,2.49371,0,127.621,131.47,0,0,38.7617,0,53.2319,0,227.269,0,17.9018,0,0,0,0,1.04572,0,0.3466,0,53.0674,0,32.0961,0,0,11.676,0,20.9592,0,0,75.4084,3.78796,2.43802,0,9.0122,0,0,0,0,0,1.65219,0,6.44915,84.2879,32.3509,0,12.4093,163.309,0,82.7945,7.4452,0,13.9427,0,0,7.85175,0,0,0,10.5154,0,0,0,0,0,0,0,0,106.099,8.65996,1.54647,0,4.67718,0,35.6925,132.595,0,9.1177,0,4.53414,0,38.8306,0,384.066,68.427,0,0,0,0,0,0,0,0,0,0,0,0,0,0,0.64782,0,0,6.89114,0,312.411,0,0,0,0,0,0,0,0,260.688,793.703,0,0,0,0,0,0,0,0,422.03,0,0,0,0,0,0,0,0,0,0,0,0,0,0,0,0,0,0,0,0,0,0,0,0,0,0,0,0,0,0,0,0,0,0,0,0,0,0,0,0,0,0,0,0,0,0,0,0,0,0,0,0,0,0,0,0,0,0,0,0,0,0,0,0,0,0,0,0,0,0,0,0,0,0,0,0,0,0,0,0,0,0,0,0,0,0,0,0,0,0,0,0,0,0,0,0,0,0,0,0,0,0,0,0,0,0,0,0,0,0,0,0,0,0,0,0,0,0,0,0,0,0,0,0,0,0,0,0,0,0,0,0,0,0,0,0,0,0,0,0,0,0,0,0,0,0,0,0,0,0,0,0,0,0,0,0,0,0,0,0,0,0,0,0,0,0,0,0,0,0,0,0,0,0,0,0,0,0,0,0,0,0,0,0,0,0,0,0,0,0,0,0,0,0,0,0,0,0,0,0,0,0,0,0,0,0,0,0,0,0,0,0,0,0,0,0,0,0,98.0656,0,0,0,0,0,0,141.519,0,0,0,0,0,0,0,0,0,0,0,16.5229,0,0,9.44459,0,0,0,0,57.5091,0,48.032,0,0,0,11.4056,30.8329,0,36.4613,0,0,27.9769,0,0,0,17.2553,14.33,0,0,0,0,0,0,0,0,0,10.8767,7.32667,63.2252,0,40.4368,22.7551,0,0,0,0,0,0,0,0,0,0,0,0,0,0,0,0,0,0,0,0,0,0,0,0,0,0,0,0,0,0,0,0,0,0,0,0,128.618,0,0,0,0,0,0,0,112.83,0,0,260.392,0,0,0,0,40.268,0.57576,0,0,0,0,0,12.9539,0,0,0,0,0,0,19.8949,0,0,0,0,3.35945,0,2.83921,0,0,0,0,0,0,0,0,0,0,0,0,0,0,0,0,0,0,0,0,0,0,0,0,0,0,0,42.4089,0,0,0,0,0,0,0,0,0,0,0,0,0,0,0,0,0,0,0,0,0,0,0,0,0,0,0,0,0,0,0,0,0,0,0,0,0,0,0,0,0,0,0,0,0,0,0,0,0,0,0,0,0,0,0,0,0,0,0,0,0,0,0,0,0,0,0,0,0,0,0,0,0,0,0,0,0,0,0
RGE,Co+2,3,xtb,-104.877,14.7856,0,2.85111,4.09721,0,6.337,11.9,0,4.11764,1.90345,7.62076,4.04659,0,6.69148,5.58623,5.6998,0,4.86207,10.0134,1.34639,16.2994,0,2.75779,0,0,0,11.9449,7.29474,0,0,3.95015,24.4037,0,0,10.8559,0,0,63.3338,18.8035,0,0,0,26.4455,0,38.8849,0,7.97403,0,0,0,10.1198,64.8439,0,0,0,56.2322,0,141.952,37.4846,0,26.2144,0,0,110.774,24.7495,66.4495,0,42.4454,0,0,0,2.11938,44.7432,0,12.687,0,0,0,108.975,75.3134,62.4378,0,0,48.5927,0,0,0,29.5262,0,0,0,119.606,15.1144,57.1484,0,0,0,5.92052,0,31.7745,88.7339,0,0,0,0,10.7173,29.4175,19.9406,9.97749,0,0,377.539,34.2859,0,246.207,0,167.123,56.5514,116.948,0,0,0,0,0,0,81.0301,0,0,0,0,114.581,0,0,0,3.64589,0,55.2134,0,0,24.2543,0,0,0,0,0,0,0,0,0,27.1835,0,51.9944,0,0,0,0,0,0,50.7222,15.6824,0,0,0,4.55471,0,0,16.6036,0,0,0,378.703,0,7.44316,0,0,0,18.088,0,0,0,0,0,275.561,0,62.6695,71.1989,0,0,0,6.02414,138.034,0,0,36.8784,0,0,11.1762,27.3137,0,0,0,0,2.51274,2.1865,0,74.093,15.7074,0,2.35872,0,0,0,41.3906,0,55.9439,0,133.582,0,0,0,31.3968,2.11857,0,0,23.9126,10.7852,0,0,0,4.51545,0,2.80487,33.2244,0,0,0,0,7.32639,0,0,116.566,9.71966,7.77332,0,0,0,0,0,0,21.3893,13.4533,14.2301,0,4.88169,0,0,41.0536,1.59214,0,0,4.03469,0,39.6987,0,0,32.1351,346.567,0,0,0,0,0,0,142.566,0,0,131.134,90.4959,0,0,0,16.3648,0,21.7637,9.72276,0,43.2699,29.4052,166.713,0,65.391,0,115.325,136.934,0,0,0,414.013,252.539,0,0,0,0,0,0,0,0,0,0,0,0,0,0,0,0,621.903,0,0,0,877.142,0,0,0,391.287,0,0,0,766.774,0,0,0,0,0,0,0,0,0,0,0,0,0,0,0,0,0,0,0,0,0,0,0,427.565,0,0,0,0,0,0,0,0,0,0,0,0,0,0,0,0,0,0,0,0,0,0,0,0,0,0,0,0,0,0,0,0,0,0,0,0,0,0,0,0,0,0,0,0,0,0,0,0,0,0,0,0,0,0,0,0,0,0,0,0,0,0,0,0,0,0,0,0,0,0,0,0,0,0,0,0,0,0,0,0,0,0,0,0,0,0,0,0,0,0,0,0,0,0,0,0,0,0,0,0,0,0,0,0,3608.14,0,0,0,0,0,0,0,0,0,0,0,0,0,0,0,0,0,0,0,0,0,0,0,0,0,0,0,0,0,0,0,0,0,0,0,0,0,0,0,0,0,0,0,0,0,0,0,0,0,0,0,0,916.901,0,0,0,0,0,0,0,0,0,0,0,0,0,0,0,0,0,0,0,0,0,0,0,0,0,0,0,0,0,1161.49,0,0,0,0,0,0,0,0,0,0,0,0,0,0,0,0,0,0,0,0,0,0,0,0,0,0,0,0,9.88585,0,115.284,0,0,0,0,0,0,0,0,11.4341,0,0,12.7458,29.7435,0,0,43.2781,41.3268,0,10.4285,0,8.72225,11.2999,21.2128,23.753,0,0,6.85519,0,0,0,0,0,0,0,0,0,0,0,0,0,0,0,0,0,0,0,0,0,0,0,0,0,1300.14,0,0,0,0,0,0,0,0,0,0,0,0,0,0,0,0,0,0,0,0,0,0,0,0,0,0,0,0,0,11.591,0,0,0,0,0,0,6.39063,0,0,0,0,0,0,0,65.9529,0,0,0,0,0,0,0,0,0,0,0,0,68.2372,0,0,0,51.4049,0,0,0,0,0,67.65,0,0,0,0,0,27.6072,0,55.7858,0,0,0,0,0,0,0,0,0,0,39.9431,30.9974,0,24.8125,59.3468,0,0,0,0,0,0,0,0,0,0,0,0,0,0,0,0,0,0,0,0,0,0,0,0,0,0,0,0,0,0,0,0,0,0,0,0,0,0,0,0,0,0,0,0,0,0,0,0,0,0,0,0,0,0,0,0,0,0,0,0,0,0,0,0,0,0,0,0,0,0,0,0,0,0,0,0
RHC,Zn+2,3,xtb,-97.8762,9.14906,1.12793,0,0,2.24636,4.84586,0,2.65389,1.87173,10.4096,4.70598,0.92586,13.0722,3.57216,0,0,1.24642,10.3758,16.2932,2.82225,0,32.926,0,0,2.85143,1.96018,0,0,7.69154,7.40521,0,9.48794,0,0,10.0067,0,0,27.617,2.78394,0,8.65454,0,38.5359,0,6.72658,6.92076,9.51122,0,44.243,0,0,4.66361,13.4003,6.3095,0,0,160.896,0,39.8315,0,16.0915,0,0,0,64.8798,0,0,0,0,0,43.1185,0,0,8.37912,180.533,0,0,0,0,0,0,0,0,0,0,136.071,0,63.6102,0,0,0,0,11.1128,67.8607,0,0,0,0,82.4877,53.1734,0,0,0,0,14.4597,0,0.40893,0,0,9.31126,0,0,86.7644,9.92995,0,0,125.002,86.682,104.586,0,32.8499,0,0,0,6.04285,14.4552,54.0634,0,0,0,0,66.5331,0,0,111.839,0,0,2.32896,0,0,224.215,0,0,0,0,9.61555,0,0,17.4583,13.3004,32.2965,0,0,0,71.7376,0,0,0,0,0,39.3424,0,42.8028,0,117.092,0,58.2646,0,0,0,14.1778,1.1995,1.17313,0,0,0,5.25546,21.5902,0,0,0,0,0,0,25.4605,0,0,37.2214,0,0,0,0,2.35712,0,0,14.18,0,103.1,17.7903,0,0,0,4.65767,0,0,8.84084,0,33.126,8.69812,2.98549,0,0,0,0,0,0,0,11.3263,255.861,0,54.5663,0,35.9989,16.0164,13.3337,0,33.2669,0,3.31097,0,2.84481,1.80101,0,0,0,13.8405,71.1934,0,0,12.532,0,0,0,12.8943,5.54526,0,0,2.21713,0,5.58597,0,16.5221,39.0421,0,0,184.645,0,0,0,0,0.92394,10.4773,5.06584,0,0,0,0,0,218.497,0,267.987,0,0,0,0,9.69455,0,0,0,17.4906,11.2588,0,0,15.0347,7.08501,182.848,10.5016,0,30.9558,0,0,0,0,0,0,0,539.495,0,0,60.9865,94.9467,0,15.4239,0,0,0,0,0,0,0,0,0,0,0,0,0,0,0,0,514.251,0,0,0,0,0,0,0,0,0,0,92.2487,631.486,0,0,0,0,440.762,0,0,0,0,0,0,0,0,0,0,0,0,0,0,0,0,0,0,0,0,0,0,0,0,0,0,0,0,0,0,0,0,0,0,0,0,0,0,0,0,0,0,0,0,0,0,0,0,0,0,0,0,0,0,0,0,0,0,0,0,0,0,0,0,0,0,0,0,0,0,0,0,0,0,0,0,0,0,0,0,0,0,0,0,0,0,0,0,0,0,0,0,0,0,0,0,0,0,0,0,0,0,0,0,0,0,0,0,0,0,0,0,0,0,0,0,0,0,0,0,0,0,0,0,0,0,0,0,0,0,0,0,0,0,0,0,0,0,0,0,0,0,0,0,0,0,0,0,0,0,0,0,0,0,0,0,0,0,0,0,0,0,0,0,0,0,0,0,0,0,0,0,0,0,0,0,0,0,0,0,0,0,0,0,0,1849.84,0,0,0,0,0,0,0,0,0,0,0,0,0,0,0,0,0,0,0,0,0,0,0,0,0,0,0,0,0,0,0,0,36.0373,0,0,0,0,0,0,0,0,0,0,5.91338,0,0,0,43.3902,15.3966,0,0,0,0,0,0,0,0,0,16.124,0,0,5.77416,35.7165,0,4.30134,11.3689,0,1.54017,0,9.78987,6.29169,0,14.0713,0,0,0,0,0,0,0,0,0,0,0,0,0,0,0,0,0,0,0,0,0,272.257,0,0,754.195,0,0,0,0,0,0,0,11.2186,2.39388,0,0,0,0,0,0,0,0,0,0,0,0,0,0,0,0,0,0,0,0,0,0,0,0,0,0,0,0,0,0,0,0,0,0,0,388.269,0,2.47366,0,0,14.6672,0,67.4128,0,0,0,0,0,0,0,0,35.7763,54.7952,0,0,8.20204,0,14.6699,0,0,0,0,0,0,0,0,0,0,0,8.18153,0,0,0,0,0,27.684,0,0,0,0,0,0,0,0,0,0,0,0,0,0,0,0,0,0,0,0,0,0,0,0,0,0,0,0,0,0,0,0,0,0,0,0,0,0,0,0,0,0,0,0,0,0,0,0,0,0,0,0,0,0,0,0,0,0,0,0,0,0,0,0,0,0,0,0,0,0,0,0,0,0,0,0,0,0,0,0,0,0,0,0,0
RHE,Cu+2,3,xtb,-111.383,42.2547,0,2.28893,0,4.17941,0,9.88142,9.08111,11.794,2.80608,7.15914,0,0,8.48143,14.302,9.59511,10.1792,0,0,38.2697,27.9257,0,0,4.6802,16.6836,0,7.75705,0,7.82591,0,0,1.40658,0,3.23795,0,0,0,45.1262,0,0,26.8002,7.30859,0,13.2101,0,21.0452,2.28285,0,0,0,0,0,17.8032,0,0,3.32434,0,0,0,0,2.97753,7.07889,7.59207,0,0,0.34393,0,0,129.094,0,6.49528,0,0,5.43885,0,0,0,124.814,82.1354,0,0,0,0,77.8335,27.5809,52.7669,148.136,77.7159,0,0,98.8928,25.4698,0,0,0,0,0,0,0,0.48435,26.4691,237.056,64.0262,0,19.9769,0,0,0,0,7.57312,5.42178,0,0,48.7909,0,0,19.1285,90.0091,0,0,0,18.7988,0,47.1656,0,0,32.6372,0,0,0,206.718,0,87.0943,0,0,15.1082,0,0,12.4444,0,24.3658,0,0,0,0,5.81801,9.72784,0,103.368,49.6291,0,17.3592,0,0,0,0,0,0,0,0,0,14.6647,0,27.1922,0,0,11.6655,0,17.0582,1.44525,0,0,0,115.049,0,12.995,210.64,0,13.8545,0,0,0,0,0,10.3328,21.4595,0,9.43873,4.07357,0,0,5.69677,0,0,1.77273,16.3417,0,26.1221,0,59.556,0,0,0,5.02111,0,0,57.9061,3.01518,0,0,13.1497,0,0,0,7.73775,73.6646,133.243,48.5928,50.0987,0,70.9356,79.191,0,12.8608,0,6.33299,0,1.50489,4.4941,0,9.67947,0,0,0,43.3484,120.814,0,125.398,0,0,0,72.9827,33.468,0,14.6487,0,258.708,0,0,0,0,0,19.7925,86.9838,0,0,0.73286,0,0,68.8636,0,0,8.80671,0,0,0,0,0,0,324.058,0,67.9472,26.2299,25.8866,0,12.5921,0,0,17.5401,0,0,8.78277,68.0337,161.079,165.564,0,29.1539,32.9561,0,0,0,0,0,0,0,0,0,0,0,0,0,0,0,19.7138,0,0,658.506,0,0,0,0,0,0,0,455.637,0,0,0,0,0,0,0,0,0,0,0,0,0,0,0,0,0,0,151.916,0,0,0,975.364,0,0,0,0,452.79,136.461,0,0,0,0,0,0,0,0,0,0,0,0,0,0,0,0,0,0,0,0,0,0,0,0,0,0,0,0,0,0,0,0,0,0,0,0,0,0,0,0,0,0,0,0,0,0,0,0,0,0,0,0,0,0,0,0,0,0,0,0,0,0,0,0,0,0,0,0,0,0,0,0,0,0,0,0,0,0,0,0,0,0,0,0,0,0,0,0,0,0,0,0,0,0,0,0,0,0,0,0,0,0,0,0,0,0,0,0,0,0,0,0,0,0,0,0,0,0,0,0,0,0,0,0,0,0,0,0,0,0,0,0,0,0,0,0,0,0,0,0,0,0,0,0,0,0,0,0,0,0,0,0,0,0,0,0,0,0,0,0,0,0,0,0,0,0,0,0,0,0,0,0,0,0,0,0,0,0,0,0,0,0,0,0,0,0,0,4411.99,0,0,0,0,0,0,0,0,0,0,0,0,0,0,0,0,0,0,0,0,0,0,0,0,0,0,0,0,0,0,0,0,0,0,0,0,0,0,1.92114,0,2.84547,0,0,0,1.63778,0,0,0,0,0,0,13.9316,11.9457,7.62354,0,0,6.89951,5.03924,0,5.72334,1.73013,2.19484,0,0.70948,0.39396,4.55318,0,30.8734,0,0,0,0,0,0,0,0,0,0,0,0,0,0,0,0,0,0,0,0,0,0,0,0,7.07273,0,0,0,0,0,0,18.6017,0,0,0,0,0,0,0,0,0,0,354.489,0,0,0,0,0,0,0,0,0,0,0,0,0,0,0,0,0,0,0,23.6464,0,80.6974,0,0,17.796,0,0,0,0,0,73.7262,0,0,0,0,97.8104,0,35.5872,0,0,0,0,138.971,0,0,0,0,47.905,0,0,0,0,58.4803,0,0,0,67.7593,0,43.0577,0,0,0,0,0,0,0,0,0,0,0,0,0,0,0,0,0,0,0,69.9231,0,0,0,0,0,0,0,0,0,0,0,0,0,0,0,0,0,0,0,0,0,0,0,0,0,0,0,0,0,0,0,0,0,0,0,0,0,0,0,0,0,0,0,0,0,0,0,0,0,0,0,0,0,0,0,0,0,0,0,0,0,0,0,0,0,0,0,0,0
RHR,Ni+2,3,xtb,-127.749,7.65507,1.33063,4.28105,0.99256,1.59604,2.28993,0,2.02963,6.47916,2.75408,5.52211,0,1.47926,15.4754,0,5.9702,0,11.8964,0.60472,0,0,16.6685,15.1334,0,18.6299,0,30.7044,0,5.60142,14.3964,0,17.8936,26.6258,1.49806,0,46.5885,31.3795,23.0634,3.77484,7.52828,16.0675,0,24.9382,0,0,75.2543,0,35.8816,46.8029,0,14.5804,0,21.854,13.31,5.0504,17.7517,0,61.0351,67.9099,49.4598,0,0,0,0,3.06643,0,120.222,18.6727,39.7708,0,54.5931,93.4139,0,90.9589,105.702,0,161.272,0,0,0,229.569,0,0,0,447.382,0,0,20.9242,51.5705,0,0,0,29.5037,16.0233,0,0,37.1808,153.298,0,417.404,0,0,0,822.877,0,0.51805,0,6.30215,66.0585,0,31.9072,0,0,0,35.9732,44.7151,0,0,0,5.24457,0,10.563,0,28.2064,113.123,21.2678,0,0,123.983,96.4365,0,0,112.691,0,125.76,0,0,0,0,0,0,0,0,0,0,1.87927,0,20.6469,0,0,45.7569,0,0,2.42955,23.6639,0,0,0,56.0093,0,0,0,0,32.6721,15.482,0,117.721,0,66.5138,0,122.237,178.376,0,0,23.5363,0,0,36.4616,0,11.4884,0,89.8858,0,0,0,0,0,19.2707,16.5623,60.1538,0,0.90752,23.8126,0,0,11.386,12.9453,0,31.4347,0,0,0,0,32.8466,57.482,0,7.57942,14.5654,0,0,0,17.1978,0,18.4669,0,8.77656,0,22.5821,232.969,0,15.5918,10.8685,0,0,5.26192,23.2251,4.30477,9.14478,0,20.939,0,35.2169,0,0,0,21.8309,63.9651,0,0,1.45445,0,0,0,12.2019,9.77463,8.53522,32.4034,0.52376,0,41.5496,9.31967,80.1311,57.1716,74.2719,62.2562,4.58943,0,40.2932,5.88467,3.00591,0,3.8349,14.1362,0,0,0,0,0,0,0,0,0,97.0536,0,0,0,4.58717,0,267.556,5.5957,0,38.2428,77.8102,7.85139,62.4537,9.97708,1.73575,123.388,0,0,212.09,225.198,0,0,456.818,0,81.1958,0,0,0,456.28,0,10.0995,0,0,0,225.96,0,0,0,0,0,0,557.82,0,0,0,0,0,1285.98,0,0,0,0,0,0,0,180.489,0,0,0,0,525.405,0,0,0,0,0,0,0,0,0,0,0,0,0,0,0,0,0,0,0,0,0,0,0,0,0,0,0,0,0,0,0,0,0,0,0,0,0,0,0,0,0,0,0,0,0,0,0,0,0,0,0,0,0,0,0,0,0,0,0,0,0,0,0,0,0,0,0,0,0,0,0,0,0,0,0,0,0,0,0,0,0,0,0,0,0,0,0,0,0,0,0,0,0,0,0,0,0,0,0,0,0,0,0,0,0,0,0,0,0,0,0,0,0,0,0,0,0,0,0,0,0,0,0,0,0,0,0,0,0,0,0,0,0,0,0,0,0,0,0,0,0,3586.85,0,0,0,0,0,0,0,0,0,0,0,0,0,0,0,0,0,0,0,0,0,0,0,0,0,0,0,0,0,0,0,0,0,0,0,0,0,0,0,0,0,0,0,0,0,0,0,0,0,0,0,0,0,0,0,0,0,0,0,0,0,0,0,0,0,0,0,0,0,0,0,0,0,0,0,0,2315.6,0,0,0,0,0,0,0,0,0,0,0,0,0,0,0,0,20.2923,0,0,14.9583,0,0,0,0,0,53.0136,20.5948,0,0,0,0,0,34.9038,0,22.5874,15.7942,15.0037,10.7583,44.6265,0,0,12.8485,21.0988,0,0,20.7997,12.5028,0,0,0,0,0,0,0,0,0,0,0,0,0,0,0,0,0,0,0,0,0,0,0,24.0739,0,787.447,0,0,0,0,0,0,0,11.629,0,0,0,0,0,0,0,0,0,0,0,0,0,0,0,0,0,0,0,0,0,0,0,0,0,0,0,0,0,0,0,0,0,0,0,0,0,2.07175,0,0,0,9.9644,139.673,46.8554,0,17.1117,0,77.2417,0,0,3.70513,0,0,14.647,0,0,0,0,0,146.902,0,0,0,0,0,7.86272,111.803,0,34.0313,0,0,0,0,69.4042,28.8403,0,0,58.1677,0,18.1805,0,38.1,0,0,0,0,0,0,0,0,0,0,0,0,0,0,0,0,0,0,0,0,0,0,0,0,0,0,0,0,0,0,0,0,0,0,0,0,0,0,0,0,0,0,0,0,0,0,0,0,0,0,0,0,0,0,0,0,0,0,0,0,0,0,0,0,0,0,0,0,0,0,0,0,0,0,0,0
RIF,Zn+2,3,xtb,-100.387,6.24509,2.45864,0,5.84131,1.42238,2.81071,0,2.22775,2.66961,3.86426,2.24812,0,0,1.70783,0,2.46231,2.44444,0,2.93627,0,10.4742,2.3421,4.65756,0,0,0,3.83993,19.275,2.05588,35.1024,0,13.4087,0,19.9015,0,40.593,0.83828,10.5766,0,0,17.5744,1.62591,0,29.6258,0.4485,0,29.416,10.3869,0,17.9877,0,0,0,0,7.49157,0,0,0,0,8.65602,0,0,0,4.30943,0,17.4196,1.43996,0,0,0,7.78904,0,0,13.4603,0,12.4235,20.4007,0,0,0,61.4136,96.8529,0,0,0,0,0,14.7633,0,12.4441,0,17.7043,0,0,0,45.4751,0,0,38.4031,0,309.625,60.3072,0,0,0,40.1052,0,8.45485,0,8.70429,0,0,0,53.7266,0,0,215.955,0,0,0,13.9878,5.21476,0,0,0,11.0117,0,0,17.1144,0,0,133.1,0,0,4.47687,0,0,28.4025,0,207.359,156.623,0,0,0,0,0,0,0,0,0,0,42.6042,0,0,409.538,4.02034,0,0,192.324,0,0,0,0,0,1.87674,0,17.4124,8.31689,25.4913,0,0,1.96828,16.8195,0,0,0,0,2.78839,8.80545,0,0,0,8.13562,0,20.7666,0,5.71355,6.51651,0,53.1529,0,0,0,70.9366,0,0,18.0966,0,0,0,12.2986,1.48834,0,7.13641,0,0,0,39.8905,0,13.741,0,0,10.794,7.93751,17.8693,0.97057,0,2.82709,0,23.3684,0,0,0,0,6.76431,0,12.318,0,2.17034,0,0.10987,0,0,0,0.78698,1.02671,5.8211,0,0,21.9142,0,0,28.5488,2.22353,0,0,1.21249,0,15.9462,0,0,80.5322,13.0875,2.44475,0,28.6591,50.161,2.42136,29.5045,0,30.8194,229.743,0,3.52716,57.9324,0,0,0,0,1.6866,0,31.5248,0,2.99409,0,0,0,0.16594,0,0,22.883,0,8.03502,0,17.8999,2.78343,3.34505,8.83562,0,22.5703,25.0331,73.4457,0,3.09795,53.9806,0,0,0,0,0,0,0,0,0,0,315.286,0,0.21567,268.971,0,12.4337,0,0,0,0,0,0,0,0,0,547.232,0,0,0,613.728,0,0,0,0,945.492,0,0,0,0,0,0,0,0,0,0,0,0,0,0,0,0,0,0,0,0,0,0,0,0,0,0,0,0,0,0,0,0,0,0,0,0,0,0,0,0,0,0,0,0,0,0,0,0,0,0,0,0,0,0,0,0,0,0,0,0,0,0,0,0,0,0,0,0,0,0,0,0,0,0,0,0,0,0,0,0,0,0,0,0,0,0,0,0,0,0,0,0,0,0,0,0,0,0,0,0,0,0,0,0,0,0,0,0,0,0,0,0,0,0,0,0,0,0,0,0,0,0,0,0,0,0,0,0,0,0,0,0,0,0,0,0,0,0,0,0,0,0,0,0,0,0,0,0,0,0,0,0,0,0,0,0,0,0,0,0,0,0,0,0,0,0,0,0,0,0,0,0,0,0,0,0,0,0,0,0,0,0,0,0,0,0,0,0,0,0,0,0,0,0,0,0,0,0,0,0,0,0,0,0,0,0,0,0,0,0,0,0,1308.75,0,0,0,0,0,0,0,0,0,0,0,0,0,0,0,0,0,0,0,0,0,0,0,0,0,0,0,0,0,121.042,701.814,0,103.994,24.3435,47.4763,180.356,0,52.0493,0,26.1983,0,27.1334,38.3647,0,59.8957,0,0,0,59.3582,0,44.4122,0,63.0044,44.6147,0,0,42.726,0,14.2797,0,0,0,18.2673,42.8023,0,0,58.8265,0,0,0,11.8917,0,0,0,0,0,0,0,0,0,0,0,0,0,0,0,0,0,0,0,0,0,0,0,0,0,0,0,0,0,0,0,0,0,0,0,0,0,0,0,0,0,0,0,0,0,387.53,0,0,0,0,0,0,3.17132,0,0.32955,0,0,0,0,0,0,153.727,0,0,0,0,0,0,0,0,0,61.6571,0,0,0,0,0,0,13.737,0,0,0,0,0,0,0,0,0,0,49.3469,0,0,0,0,0,0,0,0,0,0,0,0,0,0,0,0,0,0,0,0,0,0,0,0,0,0,0,0,0,0,0,0,0,0,0,0,0,0,0,0,0,0,0,0,0,0,0,0,0,0,0,0,0,0,0,0,0,0,0,0,0,0,0,0,0,0,0,0,0,0,0,0,0,0,0,0,0,0,0,0,0,0,0,0,0,0,0
RKL,Zn+2,3,xtb,-98.3731,11.5358,2.95688,0,1.87307,10.2903,3.14111,3.06364,0.77547,3.14844,0,0,2.17931,0.4686,0,5.68063,7.50424,0,1.00301,5.95136,22.1327,0,6.72283,0,18.0773,9.47555,0,14.1936,0,0,43.7281,0,18.3073,0,18.0487,0,17.9452,47.1708,0,0,27.023,0,32.5114,0,0,0,51.4196,0,0,6.55227,5.19511,0,29.4716,0,0,8.33594,0,0,12.0738,0,0,3.95651,0,5.02246,0,125.313,0,1.80345,0,0,3.71248,0,0,0,12.0102,0,0,223.061,0,0,2.13604,6.40303,0,0,0,5.84291,18.7856,0,0,0,74.4566,0,0,0,0,0,0,0,0,51.7451,47.5277,2.39561,4.76678,12.6865,0,0,0,0,98.7859,0,0,0,0,0,0,0,3.93978,0,40.8962,0,0,115.564,67.2024,0,0,0,0,29.8473,0,0,11.2761,0,131.689,0,0,0,15.659,0,0,0,0,0,148.258,0,0,0,0,12.9686,0,0,0,0,8.44232,0,0,0,0,107.991,0,0,25.8045,0,7.17563,0,6.911,0,0,41.3777,16.3575,0,0,0,22.2974,0,0,0,0,34.7491,0,0,34.1642,0,7.33679,53.7783,0,0,0,0,17.3715,0,13.1474,2.06614,0,0,0,15.0957,0,0,2.11602,0,93.0608,0,9.01713,17.3234,0,0,0,5.61963,0,0,4.77047,13.3566,0,15.3141,0,12.9436,61.9504,26.9919,205.168,8.63284,0,0,0,2.04812,75.4486,27.9054,0,3.07438,0,5.37062,0,0,10.6398,3.75134,8.20008,0,0,4.71367,19.2622,0,0,0,4.82803,12.3168,41.7866,0,26.1777,103.578,25.3498,6.81557,0,0,0,135.27,0,4.88884,148.6,0,6.7483,69.0696,21.2146,93.2951,0,76.5235,10.7596,2.75218,0,0,0,0,0,0,0,7.22128,0,0,8.54126,0,0,0,0,158.235,0,2.70378,0,13.4688,2.77659,0,4.08902,132.697,3.58922,143.539,0,187.947,6.36365,0,0,0,0,0,0,0,0,0,29.5425,0,0,0,0,0,0,0,0,0,0,0,0,0,0,0,0,0,0,0,0,0,685.277,0,237.426,0,763.021,0,0,0,0,0,0,0,0,0,0,0,0,751.138,0,0,0,0,0,0,0,0,0,0,0,0,0,0,0,0,0,0,0,0,0,0,0,0,0,0,0,0,0,0,0,0,0,0,0,0,0,0,0,0,0,0,0,0,0,0,0,0,0,0,0,0,0,0,0,0,0,0,0,0,0,0,0,0,0,0,0,0,0,0,0,0,0,0,0,0,0,0,0,0,0,0,0,0,0,0,0,0,0,0,0,0,0,0,0,0,0,0,0,0,0,0,0,0,0,0,0,0,0,0,0,0,0,0,0,0,0,0,0,0,0,0,0,0,0,0,0,0,0,0,0,0,0,0,0,0,0,0,0,0,0,0,0,0,0,0,0,0,0,0,0,0,0,0,0,0,0,0,0,0,0,0,0,0,0,0,0,0,0,0,0,0,0,0,0,0,0,0,0,0,0,0,0,0,0,0,0,0,0,0,0,1952.7,0,0,0,0,0,0,0,0,0,0,0,143.265,0,0,0,0,0,0,0,0,0,0,0,0,0,0,0,18.9814,0,0,0,0,89.2385,70.067,63.1889,0,0,0,0,5.51688,0,67.5808,0,0,0,15.8715,0,56.2184,69.2257,107.434,0,43.2489,0,33.1758,0,31.2917,45.9545,0,19.6957,59.7636,39.516,38.3644,64.6228,0,6.59738,0,0,0,0,0,0,0,0,5.22472,0,0,0,0,0,0,0,0,0,0,0,0,0,0,0,0,0,0,0,0,0,0,0,0,0,0,0,0,0,0,0,0,0,0,0,0,0,0,0,0,0,0,0,0,0,0,0,0,0,199.111,0,0,0,0,0,0,0,0,13.5397,0,2.92421,0,0,1.29636,31.1268,20.6608,0,0,0,0,0,0,0,0,0,5.55719,0,0,0,0,0,0,0,0,0,0,0,3.30466,0,0,0,0,0,0,0,0,0,0,0,0,0,0,0,0,0,20.8979,0,0,0,0,0,0,0,0,0,0,0,0,0,0,0,0,0,0,0,0,0,0,0,0,0,0,0,0,0,0,0,0,0,0,0,0,0,0,0,0,0,0,0,0,0,0,0,0,0,0,0,0,0,0,0,0,0,0,0,0,0,0,0,0,0,0,0,0,0,0,0,0,0,0,0,0
RLA,Ni+2,3,xtb,-99.953,8.92304,2.24517,0.65396,0,0.54593,1.37883,5.74141,6.64866,1.89155,0,4.32829,0,5.00819,0,0,7.87237,4.76489,4.30509,0,11.064,0,0,0,4.31837,0,7.13487,0,0,7.02827,0,2.34673,0.27644,0,3.3678,9.33079,0,2.20842,8.42612,0,10.3338,0,4.37828,8.11945,0,23.7082,4.85919,0,0,9.89609,0,14.2874,0,14.2722,76.8423,0,0,0,1.1707,15.5794,0,0,18.4725,0,77.3817,16.6596,0,0,11.6914,67.2651,0,2.30659,0,31.481,0,0,0,3.30593,0,0,351.09,0,49.5911,0,0,0,0,43.8245,0,128.165,42.6724,0,0.81717,0,0,29.189,0,0,84.9703,0,0,48.9061,0,0,699.689,0,8.95227,0,0,0,0,0,23.3713,0,0,0,0,24.1874,36.2836,156.253,0,0,0,0,49.6938,0,0,0,0,0,0,0,0,0,11.1962,0,0,51.6835,29.2862,6.16749,0,0,0,0,0,0,0,0,0,0,0,0,211.9,0,1.40133,0,0,0,0,0,64.7345,0,0,0,23.9702,0,0,0,0,0,0,9.72593,48.8013,0,0,0,0,0.3308,14.974,0,19.9035,19.9597,0,246.64,0,0,0,4.50716,17.8812,0,5.62927,0,0.52965,0,0,0,2.65433,27.4218,20.4343,0,0,33.4523,0,0,0,0,2.94421,0,2.79503,0.46831,0,6.60947,0,0,22.8146,2.97406,0,0,33.0639,0,4.47003,21.5754,0,0,19.6518,0,0,4.96324,0,0,8.93189,33.184,24.9043,350.94,0,0,0,0,0,34.6061,0,0,0,16.557,0,15.0776,21.9507,0,34.6217,0,0,26.8513,0,2.1867,7.4761,0,28.1669,27.1117,53.3389,125.154,0,0,6.68704,8.57593,0,0,0,10.6262,0,0,0,0,5.92159,0,0,4.52982,0,0,0,0,0,183.218,0,0,20.4162,18.3948,11.1751,0,9.47814,0,0,27.979,315.591,101.536,0,0.958,113.351,0,0,138.674,0,0,0,0,0,0,0,0,0,0,0,0,0,0,0,0,0,0,0,0,0,0,0,0,0,0,843.409,0,0,412.837,0,714.268,0,0,0,0,0,0,0,0,427.856,0,0,0,0,0,0,0,0,0,0,0,0,0,0,0,0,0,0,0,0,0,0,0,0,0,0,0,0,0,0,0,0,0,0,0,0,0,0,0,0,0,0,0,0,0,0,0,0,0,0,0,0,0,0,0,0,0,0,0,0,0,0,0,0,0,0,0,0,0,0,0,0,0,0,0,0,0,0,0,0,0,0,0,0,0,0,0,0,0,0,0,0,0,0,0,0,0,0,0,0,0,0,0,0,0,0,0,0,2535.9,0,0,0,0,0,0,0,0,0,0,0,0,0,0,0,0,0,0,0,0,0,0,0,0,0,0,0,0,0,0,0,0,0,0,0,0,0,0,0,0,0,0,0,0,0,0,0,0,0,0,0,0,0,0,0,0,0,0,0,0,0,0,0,0,0,0,0,0,0,0,0,0,0,0,0,0,0,0,0,0,0,0,0,0,0,0,0,0,0,0,0,0,0,0,0,0,0,0,0,0,0,0,0,0,0,0,0,0,63.5526,0,72.4035,0,0,0,0,0,0,55.515,0,3.5699,0,0,0,27.0919,43.0108,0,0,0,66.3179,0,0,0,58.7236,0,0,0,0,0,0,13.3015,0,32.3175,0,0,7.77458,94.9486,95.7969,33.9943,34.0341,2.94836,0,13.768,1.14941,0,0,0,0,0,9.57171,0,0,0,0,0,0,0,0,0,0,0,0,0,0,0,0,0,0,0,0,751.081,0,0,0,0,0,0,0,0,0,0,0,0,0,0,0,0,0,0,0,0,0,0,0,0,0,0,0,0,0,0,18.4233,8.52551,0,0,0,0,0,0,0,0,0,0,0,2.95661,352.34,0,3.74743,0,0,0,0,0,0,0,0,3.64612,0,0,0,0,0,0,0,0,42.1031,0,0,2.75502,0,0,0,0,0,51.4939,0,0,14.2152,0,0,0,0,0,0,0,0,0,0,0,0,0,17.7628,0,0,0,0,0,0,0,0,0,0,0,0,0,0,0,0,0,0,0,0,0,0,0,0,0,0,0,0,0,0,0,0,0,0,0,0,0,0,0,0,0,0,0,0,0,0,0,0,0,0,0,0,0,0,0,0,0,0,0,0,0,0,0,0,0,0,0,0,0,0,0
RLR,Ni+2,3,xtb,-123.829,15.7942,0.17291,2.22535,2.09025,0.16338,0,3.44087,3.09052,4.24769,4.33208,0,0.8058,2.87953,7.20295,0,0,1.55279,10.1799,9.86336,3.36593,0,0.81525,2.03905,7.33194,33.6347,8.34585,7.59709,34.4695,0,37.237,19.0668,9.15567,0,0,0,12.7156,0,2.37633,0,17.6189,58.2887,6.56978,47.6745,65.5676,37.9672,25.288,0,51.2448,0,127.427,0,8.17059,0,0,0,8.24526,0,17.4933,0,83.8808,0,2.66617,7.29269,46.5629,11.4364,0,27.2048,0,20.6323,0,0,0,0,112.776,143.352,0,70.7235,77.6762,0,40.9842,34.2151,0,0,0,61.2477,0,81.7666,0,0,92.6842,0,0,8.76448,22.9123,57.5104,0,0,512.718,0,167.816,0,0,70.6483,229.631,0,0,0,0,0,279.819,0,0,24.3444,62.0376,0,0,0,12.459,0,9.14191,0,0,0,0,142.617,0,0,60.9009,0,437.139,0,0,92.7086,0,0,0,268.624,0,0,0,429.015,0,0,159.242,0,205.428,416.421,0,0,0,53.8732,0,0,0,0,0,8.90665,0,0,0,0,16.4956,8.03344,0,0,22.6768,0,1.25662,0,0,1.58575,0,322.788,16.9337,0,29.0034,77.6294,0,0,0.94224,0,0,11.5357,0,0,0,2.26386,0,4.34347,0,1.46286,6.62696,0,12.2804,9.98697,28.2929,0,0,0,7.48417,0,0,27.4167,0,0,2.05318,0,0,11.1447,16.4055,12.5636,38.5885,3.73295,0,0,36.7571,0,7.68026,3.88551,7.59767,0,4.6916,45.9067,0,44.9428,0,16.86,25.4513,8.74004,12.9881,0,4.99965,4.39416,0,1.54354,1.59214,0,31.9005,7.96958,0,0,92.1908,0,0,0,27.0907,165.242,0,0,41.0972,68.7866,0,48.0747,0,0,4.58369,27.3399,97.9793,0,141.224,0,5.66478,0,9.39328,0,0,0,0,0,0,0,0,3.55573,0,210.672,36.8643,0,0,0,0,162.144,0,0,78.8361,0,204.734,31.7585,0,238.757,12.6327,277.387,151.585,0,347.008,37.9977,0,0,0,0,0,956.831,0,0,0,0,0,0,0,0,0,0,0,0,0,0,0,0,0,0,0,0,0,0,97.8837,0,0,0,391.874,730.575,0,0,0,0,0,0,670.926,0,0,0,0,0,0,0,0,0,0,0,0,0,0,0,0,0,0,0,0,0,0,0,0,0,0,0,0,0,1311.85,0,0,0,0,0,0,0,0,0,0,0,0,0,0,0,0,0,0,0,0,0,0,0,0,0,0,0,0,0,0,0,0,0,0,0,0,0,0,0,0,0,0,0,0,0,0,0,0,0,0,0,0,0,0,0,0,0,0,0,0,0,0,0,0,0,0,0,0,0,0,0,0,0,0,0,0,0,0,0,0,0,0,0,0,0,0,0,0,0,0,0,0,0,0,0,0,0,0,0,0,0,0,0,0,0,0,0,0,0,0,0,0,0,0,0,0,0,0,0,0,0,0,0,0,0,0,0,0,0,0,0,0,0,0,0,0,0,0,0,0,0,0,0,0,0,0,0,0,0,0,0,0,0,0,0,0,0,0,0,0,0,0,0,0,0,0,0,0,0,0,0,0,0,0,0,0,0,0,0,0,0,0,0,0,0,0,0,0,0,0,0,0,0,0,0,0,0,0,0,0,0,61.2816,0,0,0,0,0,50.6262,0,0,24.9701,0,0,0,2.68008,25.3745,21.1244,32.7497,12.2553,14.9253,0,0,68.1418,34.6411,0,39.3931,0,62.1842,4.34239,44.8478,0,0,22.0299,31.0758,0,27.9335,20.285,0,0,0,0,0,0,0,737.946,0,0,0,0,0,0,0,0,0,0,464.227,0,0,0,0,0,0,0,0,291.805,0,0,0,0,0,0,0,0,0,0,0,0,0,0,0,0,0,0,120.472,0,0,0,0,0,0,0,0,0,0,0,0,11.4948,0,0,0,0,0,6.03765,0,0,0,0,0,0,8.87477,5.66056,0,1.37034,0,0,0,7.26106,0,0,2.80093,0,0,0,0,0,0,75.2296,6.1563,108.969,0,0,0,0,0,0,0,0,69.5148,31.6134,0,0,0,0,0,0,12.0739,61.9273,0,33.2719,0,0,0,0,0,0,0,0,0,0,0,0,0,0,0,0,0,0,0,0,0,0,0,0,0,0,0,0,0,0,0,0,0,0,0,0,0,0,0,0,0,0,0,0,0,0,0,0,0,0,0,0,0,0,0,0,0,0,0,0,0,0,0,0,0,0,0,0,0,0,0,0,0,0,0,0
RMS,Cu+2,3,xtb,-87.7372,6.14233,0,8.12731,0,0,2.85881,0,3.15104,3.74993,0,0,2.02092,0.62342,2.43877,0,5.33322,0,0,0,2.34663,0,6.08419,0,2.01108,0,0,0,6.60037,0,0,0,1.46256,0,0,14.4597,9.62933,3.08379,7.96976,0,13.1567,0,17.788,0,8.60762,0,0,20.3971,0,0,0,5.60076,0,0,0,0,0,0,0,22.7308,0,10.7925,0,0,0,0,0,7.3218,15.1064,0,0,0,0,49.5448,0,44.7621,0,0,0,31.7021,0,0,0,81.5065,0,12.357,0,0,32.1357,0,2.88274,0,33.2423,36.5294,0,0,0,54.9156,0,0,0,22.7462,0,0,0,0,0,0,24.7837,0,11.528,0,0,0,0,0,0,11.3926,0,0,16.8927,0,0,13.324,0,0,0,0,0,36.0092,0,0,0,0,10.3799,0,5.57816,0,2.811,0,0,22.133,0,9.68195,0,0,0,0,0,490.543,3.465,0,12.107,0,0,0,0,0,0,0,0,0,0,1.83492,10.8266,0,0,0,0,0,56.9394,0,19.9822,0,36.5749,0,0,0,0,0,0,0,95.3055,0.86508,0,18.2923,0,0,0,0,0,8.29251,0,154.036,0,11.05,0,0,0,11.7517,10.0297,0,0,0,25.1493,0,0,20.7467,2.68913,74.3398,0,0,20.3004,8.27573,6.8202,0,0,12.5321,0,20.9724,0,0,0,14.5392,0,7.979,0,0,22.2448,0,20.2767,0,0,11.5933,0,18.2866,0,0,6.54944,8.50058,4.1871,1.41682,1.93163,0,0,0.91394,0,5.93742,0,0,0,0,0,39.9386,0,15.4861,6.68228,0,37.213,14.4238,0,57.1698,0,129.394,346.799,0,0,0,0,0,0,88.6646,0,0,0,0,0,0,0,257.748,1.0747,4.04986,0,0,11.155,0,3.37203,11.392,0,11.3556,0,115.188,33.5172,0,0,0,0,0,0,0,0,0,0,0,0,0,0,0,0,0,0,792.154,0,0,0,0,0,0,0,0,0,0,0,0,0,0,0,0,0,370.717,0,0,0,0,0,0,796.141,0,0,0,0,658.516,0,0,0,0,0,0,0,0,0,0,0,0,0,0,0,0,0,0,0,0,0,0,0,0,0,0,0,0,0,0,0,0,0,0,0,0,0,0,0,0,0,0,0,0,0,0,0,0,0,0,0,0,0,0,0,0,0,0,0,0,0,0,0,0,0,0,0,0,0,0,0,0,0,0,0,0,0,0,0,0,0,0,0,0,0,0,0,0,0,0,0,0,0,0,0,0,0,1643.44,0,0,0,0,0,0,0,0,0,0,0,0,0,0,0,0,0,0,0,0,0,0,0,0,0,0,0,0,0,0,0,0,0,0,0,0,0,0,0,0,0,0,0,0,0,0,0,0,0,0,0,0,0,0,0,0,0,0,0,0,0,0,0,0,0,0,0,0,0,0,0,0,0,0,0,0,0,0,0,0,0,0,0,0,0,0,0,0,0,0,0,0,0,0,0,0,0,0,0,0,0,0,0,0,0,0,0,0,0,0,28.6414,0,0,0,0,99.8988,0,0,0,0,0,0,0,0,0,104.837,130.468,0,0,0,0,0,65.4935,48.8873,0,0,0,0,79.7097,0,0,0,0,21.9346,37.0885,48.4118,0,0,0,38.9544,7.05334,17.8149,0,0,11.9963,0,0,2.93501,0,0,0,14.524,0,0,0,0,0,0,0,0,0,0,0,0,0,0,0,0,0,467.771,0,0,0,0,0,0,0,0,0,0,0,0,0,0,0,0,0,0,0,0,0,0,0,0,0,0,0,0,0,0,0,0,0,0,0,0,0,0,0,0,0,0,0,0,0,0,0,0,4.00563,0,0,0,17.8546,0,9.13482,0,0,0,0,0,0,0,0,0,0,0,0,0,0,0,2.80113,0,0,0,0,0,0,0,0,0,0,0,0,0,0,0,0,0,0,0,0,0,0,0,0,0,0,0,0,0,0,0,0,0,0,0,0,0,0,0,0,0,0,0,0,0,0,0,0,0,0,0,0,0,0,0,0,0,0,0,0,0,0,0,0,0,0,0,0,0,0,0,0,0,0,0,0,0,0,0,0,0,0,0,0,0,0,0,0,0,0,0,0,0,0,0,0,0,0,0,0,0
RMS,Zn+2,3,xtb,-84.4179,2.45068,0,5.0859,1.61106,0,0,0,12.658,0.41199,1.615,0,0,13.6322,0.70251,0,5.41624,13.1915,0,7.54184,0,0,3.85462,12.6087,21.7593,0,5.3714,2.57415,0,0,2.32094,0,0,9.28564,0,0,13.0567,20.0726,0,20.8958,0,0,0,7.65697,10.0312,0,0,4.02804,0,2.01803,0,0,0,1.86455,0,21.8257,0,0,0,21.1253,0,25.4706,0,0,0,35.5816,0,0,0,0,0,0,0.28461,0,62.4407,13.1501,0,0,0,27.1487,4.02762,0,0,0,0,0,0,0,0,70.1242,0,0,23.3098,0,0,0,0,15.5186,0,19.5379,0,0,0,0,0,0,0,10.2896,0,0,0,65.3698,0,0,0,0,43.3729,90.8457,26.2402,0,0,0,0,14.527,99.6495,0,0,4.71585,0,0,78.8338,0,0,0,94.2298,0,0,5.06518,0,83.6364,0,204.489,0,0,0,160.986,0,0,0,0,6.12107,0,0,0,0,0,0,0,6.82076,0,0,29.8754,0,0,0,0,0,0,2.63109,0,0,0,1.89024,29.0504,0,0,0,5.14742,0,0,44.6888,2.53544,0.29399,0,0,5.41434,0,0,9.89617,0,0,0,0,24.3586,0,0,33.0499,38.4757,33.1203,0,0,17.8037,1.42642,0,0,0,0,5.70481,0,0,3.65246,111.834,10.3407,0,0,15.5246,0,0,13.905,24.0343,52.6048,0,0,62.1326,0,0,19.3185,113.889,0,0,0,7.66158,0,3.86677,0,1.8764,136.344,0,0,3.07455,1.13558,4.61302,0,0,0,14.576,3.85221,4.15191,0,0,22.2372,4.93186,0,10.1194,0,4.98861,95.5563,0,2.72182,0,22.7887,0,32.2124,0,219.179,151.29,0,0,0,0,0,0,0,0,0,0,0,0,3.60863,3.57604,0,6.09454,0,0,159.95,6.54759,0,48.6883,1.01646,0,20.2244,0,59.188,102.724,0,0,0,0,0,0,0,0,0,0,0,0,0,0,0,0,0,0,0,0,0,0,0,0,0,0,0,0,0,0,584.213,0,0,437.908,0,0,0,405.882,0,0,0,0,0,712.556,0,0,0,0,0,0,0,0,0,0,0,0,0,0,0,0,0,0,0,0,0,0,0,0,0,0,0,0,0,0,0,0,0,0,0,0,0,0,0,0,0,0,0,0,0,0,0,0,0,0,0,0,0,0,0,0,0,0,0,0,0,0,0,0,0,0,0,0,0,0,0,0,0,0,0,0,0,0,0,0,0,0,0,0,0,0,0,0,0,0,0,0,0,0,0,0,0,0,0,0,0,0,0,0,0,0,0,0,0,0,0,0,0,0,0,0,0,0,0,0,0,0,0,0,0,0,0,0,0,0,0,0,0,0,0,0,0,0,0,0,0,0,0,0,0,0,0,0,0,0,0,0,0,0,0,0,0,0,0,0,0,0,0,0,0,0,0,0,0,0,0,0,0,0,0,0,0,0,0,0,0,0,0,0,0,0,0,0,0,0,0,0,0,0,0,0,0,0,159.796,0,0,0,0,0,0,0,0,0,0,0,180.598,0,0,0,0,0,0,0,0,0,0,0,0,0,110.718,0,93.9352,0,0,129.454,0,0,0,0,0,24.6951,0,0,0,0,0,20.8735,159.907,0,0,0,20.2319,0,15.8712,0,0,54.9504,0,10.0245,13.3899,0,3.68307,14.3543,7.93602,0,0,0,0,7.72342,0,0,0,0,0,0,0,0,0,0,0,0,0,0,0,0,0,0,0,0,0,0,0,0,0,0,0,0,0,0,0,0,0,144.626,0,0,0,0,0,0,0,0,0,0,0,0,0,332.742,0,0,0,0,0,0,0,0,0,0,25.1575,279.65,33.065,0,0,0,0,0,1.37812,0,0,0,0,0,0,0,0,0,0,0,0,0,0,0,0,0,0,0,5.63827,0,0,0,0,0,0,0,0,0,0,0,0,0,0,0,0,0,0,0,0,0,0,0,0,0,0,0,0,0,0,0,0,0,0,0,0,0,0,0,0,0,0,0,0,0,0,0,0,0,0,0,0,0,0,0,0,0,0,0,0,0,0,0,0,0,0,0,0,0,0,0,0,0,0,0,0,0,0,0,0,0,0,0,0,0,0,0,0,0,0,0,0,0,0,0,0,0,0,0,0,0,0,0
RNE,Co+2,3,xtb,-117.655,10.4121,3.81107,0,0.8461,5.9015,0,10.136,0,9.86167,1.93678,0,0,4.99185,2.30627,0,0.97101,4.72968,0.65105,6.82453,0,0,0.41062,0,1.33736,0.47461,0,2.39473,9.27292,0,1.55389,2.52692,1.11301,0.81852,33.0161,0,0,0,25.5182,0,0,12.6104,1.81722,18.3389,0,0,0,5.22551,6.15526,9.59209,0,0,16.711,0,31.3696,31.725,0,16.9815,0,30.1174,0,33.1562,0,0,24.4389,0,65.9537,0,0,27.984,84.9756,12.7835,0,150.81,0,0,0,7.81411,27.4039,0,248.269,0,0,1.29565,0,21.2482,0,186.331,0,2.05097,31.092,5.82267,0,115.748,0,38.6034,0,0,0,0,0,18.5576,7.76748,185.384,32.9215,29.7679,0,31.3377,58.4132,26.3028,231.46,0,0,0,0,96.4474,0,0,0,3.7906,0,124.563,0,0,0,0,0,77.7425,28.7562,0,0,0,9.9803,0,0,71.1751,0,597.121,0,0,0,0,237.824,0,0,0,0,0,0,0,21.0343,0,0,0,0,193.543,0,331.055,187.867,0,55.7837,0,0,28.0673,6.41873,0,0,0,0,326.327,0,157.455,0,0,67.3746,42.5289,13.0931,26.8224,0,7.18291,6.88214,0,0,0,0,0,0,0,16.3849,0,0,0,0,18.7102,0,44.7662,0,9.3408,14.7133,0,0,0,41.1527,0,39.871,3.35269,0,9.44352,192.841,4.15048,5.49786,0,0,20.1172,11.5069,38.3776,104.716,57.8066,0,0,49.9092,0,0,0,6.29678,0,15.7996,49.1343,0,0,22.0676,0,0,0,2.74706,20.1043,0,0,0,74.8475,42.6051,84.6442,0,206.348,8.48715,28.1343,192.722,48.1489,0,0,0.4843,0,0,12.4996,0,4.64623,22.0403,148.936,1.78283,0,0,0,20.2452,45.5553,0,0,60.6477,0,0,0,0,0,0,0,0,0,291.863,259.433,0,3.40322,7.8426,5.61703,75.6041,0,103.485,0,223.223,120.687,184.47,0,0,0,0,0,0,0,0,166.363,0,0,0,192.784,0,0,0,0,0,0,0,0,0,0,0,0,0,0,0,0,0,262.32,0,0,0,0,267.87,0,0,0,0,0,0,343.511,0,0,490.772,0,475.29,0,0,0,0,0,0,0,0,0,0,0,0,0,0,0,0,500.994,0,0,0,0,0,0,0,0,0,0,0,0,0,0,0,0,0,0,0,0,0,0,0,0,0,0,0,0,0,0,0,0,0,0,0,0,0,0,0,0,0,0,0,0,0,0,0,0,0,0,0,0,0,0,0,0,0,0,0,0,0,0,0,0,0,0,0,0,0,0,0,0,0,0,0,0,0,0,0,0,0,0,0,0,0,0,0,0,0,0,0,0,0,0,0,0,0,0,0,0,0,0,0,0,0,0,0,0,0,0,0,0,0,0,0,0,0,0,0,0,0,0,0,0,0,0,0,0,0,0,0,0,0,0,0,0,0,0,0,0,0,0,0,0,0,0,0,0,0,0,0,0,0,0,0,0,0,0,0,0,0,0,0,0,0,0,0,0,0,0,0,0,0,0,0,0,0,0,0,0,0,0,0,0,1181.96,0,0,0,0,0,0,0,0,0,0,0,0,0,0,0,0,0,0,0,0,0,0,0,0,0,0,0,11.3573,0,0,0,0,0,5.51455,16.8544,0,343.237,0,0,0,0,20.8349,50.955,1001.5,0,0,0,13.1392,0,0,41.9779,0,33.7021,0,20.3349,0,0,10.3524,13.6435,0,10.4732,0,0,555.726,0,0,0,0,0,0,0,0,0,0,0,0,0,0,0,0,0,0,0,0,0,0,0,0,0,0,0,0,0,0,0,0,0,0,0,0,0,0,0,0,0,0,0,0,0,0,0,0,0,0,0,18.0145,0,273.13,97.9476,0,0,0,0,0,0,0,0,0,0,0,0,15.7791,0,0,0,58.4715,0,0,56.1355,65.1774,0,0,0,21.0404,0,0,0,0,0,0,0,0,0,0,0,18.1624,0,0,0,0,0,0,80.5358,0,0,0,0,240.655,0,0,0,58.6003,0,0,0,0,0,27.8824,0,0,0,0,0,0,0,0,0,0,0,0,0,0,0,0,0,0,0,0,0,0,0,0,0,0,0,0,0,0,0,0,0,0,0,0,0,0,0,0,0,0,0,0,0,0,0,0,0,0,0,0,0,0,0,0,0,0,0,0,0,0,0,0,0,0,0,0,0,0,0,0,0,0,0
RNH,Co+2,3,xtb,-117.542,18.3724,0,3.33032,2.40109,0,5.33682,12.5881,3.25894,4.31187,8.90713,0,5.11198,5.54544,0.58486,14.5645,9.24986,1.64973,0,5.29179,0,4.05783,4.96625,1.41769,2.48608,1.46276,1.73137,2.70118,0,0,49.9203,33.82,0,11.5747,6.20071,29.6652,0,39.3604,12.97,0,0,25.323,17.6077,0.04752,18.949,0,0,8.11727,0,6.33588,0,24.355,0.31182,0,0.65014,41.6769,51.7949,23.8877,0,0,0,0,184.021,43.1506,15.9418,0,62.8155,86.293,0,13.1042,0,170.054,23.0513,0,0,189.026,0,0,0,3.17502,0,106.082,0,12.563,0,53.8463,0,0,0,37.5831,124.885,0,11.7133,0,45.3803,0,0,85.8977,0,27.5698,76.5569,32.5774,0,0,216.388,0,0,9.48637,0,201.578,68.9693,260.511,0,1.67782,20.139,0,0,0,0,10.6999,0,28.7581,85.18,460.752,0,78.4267,0,0,13.7983,0,0,0,0,0,38.0906,7.04367,0,0,0,42.0543,0,0,171.463,19.9806,0,0,0,0,0,16.7507,0,0,0,3.27188,4.56205,0,0,0,0,0,65.0381,0,1.74378,0,0,0,28.7904,0,25.8012,34.184,0,49.6696,0,172.135,0,60.6137,0,0,0,0,196.894,0,25.8241,0,0,0,0,22.1279,0,0,0,1.62743,0,0,0,27.8807,0,9.48339,0,0,117.783,0,3.48735,7.10612,0,0,1.73886,0,3.88391,17.6393,0,1.07027,0,0,0,0,51.6271,0,0,345.776,0,12.7737,0,0,2.15157,27.2401,5.47154,0,81.9494,0,64.9598,11.7066,0,0,0,34.0094,0,16.4165,0,0,0,28.6622,4.39703,0,0,0,25.4408,8.99094,31.6603,47.3921,0,110.654,14.1205,32.7573,0,0,3.04649,31.0046,0,11.7942,0,0,0,72.8981,0,0,0,0,3.30197,0,149.09,0,0,0,0,0,126.643,150.579,0,0,2.75223,0,116.65,277.831,0,0,187.002,37.3158,0,194.767,0,0,290.284,0,0,0,0,81.0355,28.2388,0,0,0,0,0,0,540.938,0,0,0,0,0,0,0,0,139.267,965.085,0,0,0,0,0,0,0,0,0,0,0,0,0,0,0,364.513,0,0,0,0,0,0,0,0,0,643.011,0,0,368.534,0,0,0,0,0,0,0,0,0,0,0,0,0,0,0,0,0,0,0,0,0,0,0,0,0,0,0,0,0,0,0,0,0,0,0,0,0,0,0,0,0,0,0,0,0,0,0,0,0,0,0,0,0,0,0,0,0,0,0,0,0,0,0,0,0,0,0,0,0,0,0,0,0,0,0,0,0,0,0,0,0,0,0,0,0,0,0,0,0,0,0,0,0,0,0,0,0,0,0,0,0,0,0,0,0,0,0,0,0,0,0,0,4129.7,0,0,0,0,0,0,0,0,0,0,0,0,0,0,0,0,0,0,0,0,0,0,0,0,0,0,0,0,0,0,0,0,0,0,0,0,0,0,0,0,0,0,0,0,0,0,0,0,0,0,0,0,0,0,0,0,0,0,0,0,0,0,0,0,0,0,0,0,0,0,0,0,0,0,0,0,0,0,1559.01,0,0,0,0,0,0,0,0,0,0,0,0,0,0,0,0,0,0,0,0,0,0,0,0,0,0,0,0,0,0,0,0,0,0,0,0,22.3927,0,0,0,7.79918,0,0,13.4564,0,0,0,0,19.7211,0,0,3.41638,9.14585,0,0,0,9.20514,0.35833,17.2013,0,4.25144,4.79757,0,0,0,0,0,0,0,0,0,0,0,0,0,0,0,0,20.2619,0,0,0,0,0,0,0,0,0,0,18.8294,0,0,0,0,0,0,0,0,0,0,0,0,0,601.657,0,0,0,0,0,0,0,0,0,0,0,0,0,0,0,0,0,0,0,0,0,0,0,2.86552,0,0,80.7689,0,0,0,0,3.14243,0,0,0,484.637,0,72.6467,0,0,0,48.4695,0,0,0,0,26.7224,80.0511,0,0,0,0,0,0,0,0,31.4284,40.5803,0,0,0,0,0,0,34.3284,80.6099,0,0,48.4667,64.7168,0,0,14.907,56.4951,0,0,0,0,0,0,0,0,0,0,0,0,0,0,0,0,0,0,0,0,0,0,0,0,0,0,0,0,0,0,0,0,0,0,0,0,0,0,0,0,0,0,0,0,0,0,0,0,0,0,0,0,0,0,0,0,0,0,0,0,0,0,0,0,0,0,0,0,0,0,0,0,0,0,0,0,0
RPM,Zn+2,3,xtb,-96.1554,6.65656,0,0,2.70789,0,1.40326,0,0.77961,0,1.62339,3.20169,7.23053,0,2.18092,0,0,1.69579,2.90508,0,11.7235,3.90165,1.61191,0,1.25317,0,0,4.93607,32.422,91.6487,108.281,0,0,14.8775,0,0,0,33.7353,0,0,17.8853,0,63.7423,0,2.19,0,22.3605,0,11.7402,0,0,26.6753,0,24.0714,27.7619,0,0,0,13.9961,0,24.4765,0,7.89122,0,27.3278,39.2301,0,0,0,16.2379,0,0,14.0927,0,0,0,0,0,0,4.88899,54.3731,0,0,0,68.6998,0,0,0,14.005,0,18.0426,0,0,0,0,14.9012,0,0,221.982,0,173.926,0,72.9058,0,0,16.034,0,0,0,0,163.154,0,7.76484,0,37.5515,0,0,94.8813,0,28.2847,0,0,69.59,0,0,0,0,6.709,0,0,45.2754,0,0,0,20.055,16.7727,100.566,0,0,0,0,22.0462,0,0,16.4331,0,227.998,0,0,0,0,15.335,0,0,0,0,111.878,0,0,0,0,6.56802,0,9.06847,0,7.01233,0,0,4.84551,0,23.153,0,4.99197,0,0,0,3.46895,0,0,1.26907,0,0,26.2432,4.59855,0,0,0,12.3249,0,0,19.2108,4.69056,10.183,0,0,7.70588,15.2096,0,6.80637,0,0,0,22.9344,0,0,1.65595,0.70994,0,0,0,52.2988,1.19428,84.2788,0,35.0695,30.0871,0,0,5.71671,0,0,116.972,0,0,0,41.6874,0,0,0,0,2.47122,0,42.5146,33.0982,20.1583,0,18.7383,0,8.06326,14.0052,7.06665,0,3.30892,12.8535,0,7.44414,0,1.75584,0,0,0.4859,301.891,0,24.7494,97.942,2.46664,9.13489,0,0,0,90.0012,0,85.4605,0,0,19.0225,0,0,0,0,0,0,0,0,0,0,0,0,0,61.5117,0,7.64786,14.8668,18.7155,27.0705,23.8479,31.9593,0,2.5556,72.9433,0,0,183.724,353.252,0,191.041,0,0,0,0,0,0,0,0,0,0,0,0,0,0,0,0,0,517.283,0,0,0,0,1020.76,0,0,0,0,0,0,0,0,364.994,0,0,0,0,0,609.533,0,0,0,0,0,0,0,0,0,0,0,0,0,0,0,0,0,0,0,0,0,0,0,0,0,0,0,0,0,0,0,0,0,0,0,0,0,0,0,0,0,0,0,0,0,0,0,0,0,0,0,0,0,0,0,0,0,0,0,0,0,0,0,0,0,0,0,0,0,0,0,0,0,0,0,0,0,0,0,0,0,0,0,0,0,0,0,0,0,0,0,0,0,0,0,0,0,0,0,0,0,0,0,0,0,0,0,0,0,0,0,0,0,0,0,0,0,0,0,0,0,0,0,0,0,0,0,0,0,0,0,0,0,0,0,0,0,0,0,0,0,0,0,0,0,0,0,0,0,0,0,0,0,0,0,0,0,0,0,0,0,0,0,0,0,0,0,0,0,0,0,0,0,0,0,0,0,0,0,0,0,0,0,0,0,0,0,0,0,0,0,0,0,0,0,0,0,0,0,0,0,0,0,0,0,0,0,0,0,0,0,0,0,0,0,0,0,0,0,0,0,0,0,0,0,0,0,0,0,0,0,0,0,1162.57,207.903,0,0,0,0,9.45745,0,0,0,0,41.7526,13.0902,0,0,0,4.80508,39.1715,33.1815,0,0,0,23.334,0,0,37.596,0,0.68706,70.8018,10.0525,0,7.92323,13.4895,8.77568,0,0,0,0,1.759,0,0,0,0,0,0,0,0,0,988.016,0,0,0,0,0,0,0,0,0,0,0,0,0,0,0,0,0,0,0,0,0,0,0,0,0,0,0,0,0,0,0,0,0,0,0,0,0,0,0,0,0,0,0,0,0,0,0,0,0,0,0,10.8782,0,60.3919,3.94231,0,0,0,0,3.16379,0,0,0,0,0,0,0,0,0,0,0,0,17.9575,0,0,0,0,0,0,0,0,0,0,0,7.30953,68.6498,0,0,0,0,25.5352,0,0,0,0,0,0,0,38.9184,0,0,0,0,0,0,0,0,0,0,0,0,0,0,0,0,0,0,0,0,0,0,0,0,0,0,0,0,0,0,0,0,0,0,0,0,0,0,0,0,0,0,0,0,0,0,0,0,0,0,0,0,0,0,0,0,0,0,0,0,0,0,0,0,0,0,0,0,0,0,0,0,0,0,0,0,0
RPQ,Co+2,3,xtb,-117.759,20.3455,2.028,10.3088,0,0.8489,3.97399,8.55461,0,9.88905,0,0,3.36269,0.69006,0,15.9297,1.24019,0,7.71264,1.94247,11.8062,1.05275,0,10.044,25.4764,20.8629,6.76377,0,0,2.22462,17.272,0,20.1895,43.7105,26.312,49.593,31.1927,50.7805,45.5507,61.4688,0,74.1924,5.318,58.2279,0,0,86.9416,0,17.8424,0,0,0,131.112,3.73832,0,0,31.5368,0,24.554,18.2662,0,64.7984,9.65405,17.2966,0,0,15.1616,16.5651,123.098,0,70.6801,0,0,28.0427,83.68,0,19.2435,0,0,0,45.7684,0,4.34851,0,0,0,0,103.651,188.905,0,0,0,0,266.12,64.1363,0,0,43.9832,32.7623,45.7475,0,0,0,38.6865,0,0,0,10.586,86.317,0,85.5001,19.9692,0,45.2138,0,33.1171,30.4348,0,0,0,78.6837,16.7905,0,0,34.8071,29.3656,70.0514,0,0,188.17,0,0,245.082,0,0,0,500.587,0,0,57.8038,0,0,0,0,0,0,0,5.80539,91.1798,0,0,311.31,102.454,0,0,34.2764,0,282.75,0,0,0,81.114,0,0,0,0,19.2159,0,0,0,0,10.5399,0,6.07933,0,7.35034,0,0,7.70102,0,0,3.56537,0,0,0,28.6517,0,0,2.39353,0,1.15133,0,18.0839,0,0,0,0,21.4646,0,7.59847,16.3656,0,0,40.7627,0,0,6.09438,0,21.052,7.35272,9.7008,5.53125,0,0,0,4.32963,0,29.0459,220.794,0,60.3914,0,46.0833,14.8628,0,1.43373,0,0,35.1532,29.7593,0,69.7867,13.9133,0,9.75727,0,29.5017,49.6741,0,7.36932,0,60.4126,0,0,58.074,16.1466,0,14.0223,11.7138,12.1885,0,113.397,0,112.517,9.39418,1.12533,0,0,0,22.7582,0,27.253,0,39.3402,0,0,0,0,0,0,0,0,0,0,0,0,0,30.7594,61.8471,0,34.1811,11.702,133.498,221.728,257.321,0,418.785,46.9659,0,245.824,182.019,151.625,0,0,0,92.5488,0,0,0,0,0,0,0,0,0,0,0,0,0,0,0,0,0,0,1314.21,0,0,0,0,0,287.888,399.081,0,0,692.714,0,0,0,0,0,0,0,0,0,584.287,0,0,0,0,0,0,0,0,0,0,0,0,0,0,0,0,0,0,0,0,0,0,0,0,0,0,0,0,0,0,0,0,0,0,0,0,0,0,0,0,0,0,0,0,0,0,0,0,0,0,0,0,0,0,0,0,0,0,0,0,0,0,0,0,0,0,0,0,0,0,0,0,0,0,0,0,0,0,0,0,0,0,0,0,0,0,0,0,0,0,0,0,0,0,0,0,0,0,0,0,0,0,0,0,0,0,0,0,0,0,0,0,0,0,0,0,0,0,0,0,0,0,0,0,0,0,0,0,0,0,0,0,0,0,0,0,0,0,0,0,0,0,0,0,0,0,0,0,0,0,0,0,0,0,0,0,0,0,0,0,0,0,0,0,0,0,0,0,0,0,0,0,0,0,0,0,0,0,0,0,0,0,0,0,0,0,0,0,0,0,0,0,0,0,0,0,0,0,0,0,0,0,0,0,0,0,0,0,0,0,0,0,0,0,0,0,0,0,0,0,0,0,0,0,0,0,0,0,0,0,0,0,0,0,49.605,0,22.8844,0,0,13.1892,0,0,0,0,0,18.9413,0,25.9661,0,420.461,7.38188,974.431,33.9314,0,38.5467,43.6434,0,15.0981,8.0688,0,33.8986,0,8.38726,59.7195,0,43.918,38.0338,0,0,0,0,0,0,0,0,0,0,0,0,0,0,0,0,0,0,0,0,0,0,0,0,0,0,0,0,0,581.236,0,0,0,0,0,0,0,0,0,0,0,0,0,0,0,0,0,0,139.075,0,0,0,0,0,26.3861,0,0,577.569,0,0,0,0,0,0,0,0,0,9.5602,0,0,0,0,0,0,0,176.44,62.0212,0,0,0,0,29.9253,0,0,0,188.435,0,0,0,0,0,0,0,226.52,24.1039,0,0,0,27.2398,0,0,0,0,295.22,395.707,0,48.6688,0,0,0,65.975,0,22.5426,0,0,0,0,0,0,0,0,0,0,0,0,0,0,0,0,0,0,0,0,0,0,0,0,0,0,0,0,0,0,0,0,0,0,0,0,0,0,0,0,0,0,0,0,0,0,0,0,0,0,0,0,0,0,0,0,0,0,0,0,0,0,0,0,0,0,0,0,0,0,0,0,0,0,0,0,0
RQD,Ni+2,3,xtb,-113.607,5.65413,1.30291,1.0606,0.58629,6.05,0,3.43342,1.10291,2.76527,4.4017,0,10.8576,0,0,5.6207,0,7.17288,0,2.64423,0.83212,0,0,2.41709,0,0,15.1789,4.36993,0,17.3527,0,0,0,2.68035,5.63969,0,25.2921,5.89717,0,3.24414,0,0,0,5.58721,2.35122,0,6.85197,0,9.63425,0,9.07966,15.1739,24.349,0,27.9708,38.9185,0,0,5.31414,0,26.0727,21.7171,76.735,0,0,52.4291,35.0562,0,0,85.1839,0,15.676,0,0,83.2277,0,0,0,113.716,51.7899,0,28.387,0,0,0,38.4984,0,0,4.40881,0,0,0,76.954,0,8.08054,0,0,0.77355,80.5984,0,0,0,120.515,0,64.4966,3.49139,0,48.2329,0,3.28582,0,63.3274,0,52.1252,0,0,21.198,0,3.23955,0,132.862,411.934,0,0,103.684,92.43,0,123.905,55.7131,43.7569,0,0,20.6261,0,0,0,0,0,0,175.001,0,0,0,128.267,0,0,0,0,0,0,0,0,0,0,0,0,37.1211,0,202.057,0,0,0,368.88,0,0,124.083,4.42747,0,0,14.3113,0,0,0,0,0,64.3302,0,0,56.1058,287.486,0,69.9381,0,9.04119,1.24096,0,0,0,0,1.71529,0,0,0,115.626,0,0,0,71.7577,2.54793,0,0,69.2689,8.43158,14.5055,0,0.22527,122.088,0,22.6146,0,236.037,0,3.60843,132.571,0,0,5.44219,0,20.0438,2.18832,0,0,121.652,8.30008,155.551,0,0,7.53049,3.61245,36.4408,0,78.8851,9.6023,0,0,0,0,94.2324,0,0,143.398,0,0,0.76653,0,65.8519,6.69149,55.8037,0,7.05863,0,6.83893,81.3006,79.8547,3.78771,87.8065,104.298,0,553.976,185.259,5.87412,0,102.585,0,4.11723,0,0,0,0,0,0,0,0,0,0,0,0,0,39.8847,0,0,7.97569,0,0,0,68.0806,0,73.9748,176.955,2.95276,0,28.9839,0,0,130.61,183.239,0,0,0,0,261.288,0,96.3689,0,0,0,0,0,0,0,0,0,0,0,0,218.315,0,0,0,0,0,0,0,339.167,0,0,0,0,0,616.839,0,0,0,0,0,0,537.577,0,0,0,0,0,0,0,0,0,0,0,0,0,0,0,0,0,0,0,0,0,0,0,0,0,0,0,0,0,0,0,0,0,0,0,0,0,0,0,0,0,0,0,0,0,0,0,0,0,0,0,0,0,0,0,0,0,0,0,0,0,0,0,0,0,0,0,0,0,0,0,0,0,0,0,0,0,0,0,0,0,0,0,0,0,0,1296.77,0,0,0,0,0,0,0,0,0,0,0,0,0,0,0,0,0,0,0,0,0,0,0,0,0,0,0,0,0,0,0,0,0,0,0,0,0,0,0,0,0,0,0,0,0,0,0,0,0,0,0,0,0,0,0,0,0,0,0,0,0,0,0,0,0,0,0,0,0,0,0,0,0,0,0,0,0,0,0,0,0,0,0,0,0,0,0,0,0,0,0,2397.5,0,0,0,0,0,0,0,0,0,0,0,0,0,0,0,0,0,0,0,0,0,0,0,0,0,0,0,0,0,0,0,0,0,0,0,0,0,0,0,0,0,0,11.9327,0,0,0,0,1223.42,0,0,0,0,0,0,0,0,0,14.9608,0,0,0,0,0,0,46.9087,0,1.03686,0,0,43.7438,27.7525,10.0384,0,0,33.8114,40.4262,20.9365,0,0,15.699,11.1781,0,6.41709,0,0,0,0,0,0,0,0,0,0,0,0,0,0,0,0,0,0,0,0,0,0,0,0,0,0,0,0,0,0,0,0,0,0,0,0,0,0,0,0,0,0,0,0,0,0,0,0,0,0,0,0,0,0,0,0,91.1793,314.588,0,0,0,0,0,0,0,0,0,0,0,0,7.37532,0,0,0,8.82776,0,0,0,0,0,0,0,0,3.25708,0,0,2.34306,0,0,10.1483,0,0,2.9351,0,40.5569,0,0,0,22.6182,0,0,0,0,0,0,37.6904,0,39.8239,0,0,0,0,0,0,0,0,0,0,0,0,0,16.8169,0,0,0,0,0,0,0,0,0,0,0,0,0,0,0,0,0,0,0,0,0,0,0,0,0,0,0,0,0,0,0,0,0,0,0,0,0,0,0,0,0,0,0,0,0,0,0,0,0,0,0,0,0,0,0,0,0,0,0,0,0,0,0,0,0,0,0,0,0,0,0
RRN,Ni+2,3,xtb,-118.85,11.6942,1.88955,10.9446,2.95343,0,2.0886,5.28398,5.12842,0.87135,0.28689,7.66411,0,2.52487,0,13.2179,0.67054,13.4603,11.3437,0,4.1688,0,0,10.1574,3.33475,0,24.9291,3.25773,0,1.57541,20.1177,0,0,0,29.8532,27.6505,26.5497,54.3935,0,0,0,10.0846,0,0,0,16.1328,11.4517,18.0652,22.2765,8.26833,0,0,8.34134,7.29311,19.5301,0,77.0467,0,16.523,46.8882,52.6422,57.7674,38.2014,0,37.4168,0,34.3141,52.4008,0,0,77.3566,0,0,10.802,89.1292,0,55.9215,104.887,0,0,43.4873,0,65.1514,157.351,0,0,0,121.097,0,0,84.2641,215.815,6.13691,0,17.249,0,14.7745,57.6971,0,0,36.9208,0,19.234,0,0,0,87.222,28.6411,12.1727,41.0293,0,0,63.5295,46.1176,0,0,0,33.3385,64.7243,0,0,81.4486,10.6541,292.077,0,0,0,132.499,0,0,0,418.155,239.164,0,0,0,0,45.814,0,0,78.603,0,0,28.2066,0,0,0,40.1474,140.126,0,64.5532,0,0,0,264.976,0,0,0,0,0,0,0,0,24.867,336.199,0,0,0,12.4683,0,22.9474,20.1049,0,10.3216,21.6522,0,0,0,8.93474,0,3.51771,0,0,0,5.4959,0,11.6703,0,0,0,16.4975,0,0,0,0,0,5.56448,3.41039,41.6593,0,18.1168,1.9111,4.9135,0,0,114.079,0,20.2179,16.18,0,0,0,18.1048,0,0,3.52302,0,128.827,0,13.1683,0,0,51.5858,0,6.94487,16.2148,79.8703,0,0,0,445.971,0,4.32998,200.459,0,0,42.4105,11.0351,0,304.816,0,0,7.36801,34.739,0,161.983,1.45472,60.96,62.436,0,0,0,10.6135,43.1368,12.373,0,0,0,0,14.2315,84.2083,43.5902,75.8389,20.4236,0,22.119,0,0,0,0,0,0,0,0,0,0,0,0,13.8683,0,2.39364,0,102.789,10.0318,0,149.907,130.866,0,4.15673,0,3.13146,56.3868,294.392,0,136.564,0,708.614,875.969,0,0,0,73.3111,0,0,0,0,0,0,0,0,0,0,0,0,0,0,0,0,0,0,0,0,0,678.566,0,0,0,0,0,0,0,809.301,0,0,398.018,557.79,0,0,0,0,0,0,0,0,0,0,0,0,0,0,0,0,0,0,0,0,0,0,0,1844.89,0,0,0,0,0,0,0,0,0,0,0,0,0,0,0,0,0,0,0,0,0,0,0,0,0,0,0,0,0,0,0,0,0,0,0,0,0,0,0,0,0,0,0,0,0,0,0,0,0,0,0,0,0,0,0,0,0,0,0,0,0,0,0,0,0,0,0,0,0,0,0,0,0,0,0,0,0,0,0,0,0,0,0,0,0,0,0,0,0,0,0,0,0,0,0,0,0,0,0,0,0,0,0,0,0,0,0,0,0,0,0,0,0,0,0,0,0,0,0,0,0,0,0,0,0,0,0,0,0,0,0,0,0,0,0,0,0,0,0,0,0,0,0,0,0,0,0,0,0,0,0,0,0,0,0,0,0,0,0,0,0,0,0,0,0,0,0,0,0,0,0,0,0,0,0,0,0,0,0,0,0,0,0,0,0,0,0,0,0,0,0,0,0,0,0,0,0,0,0,0,0,0,0,0,0,27.1566,0,8.55262,115.48,0,0,0,0,0,885.183,0,0,1170.43,27.9916,0,0,0,14.9221,0,27.7585,6.99846,0,51.6987,52.543,12.9917,31.2933,0,31.3341,0,0,0,0,0,0,0,8.46492,0,0,0,0,0,0,0,0,0,0,0,0,0,0,0,0,0,0,0,0,0,0,0,0,0,568.154,0,0,0,0,0,0,0,0,0,0,0,0,0,0,0,0,0,0,0,0,0,0,0,0,0,0,0,0,385.699,0,0,0,4.96803,0,0,0,0,37.0084,0,0,0,79.9431,0,0,0,0,2.98968,0,0,0,0,0,0,13.5633,0,0,0,2.75736,8.5135,4.11557,0,0,0,8.81284,0,0,80.7458,0,0,3.76628,0,0,0,0,0,0,0,0,0,0,0,0,0,0,36.3036,0,0,22.0649,0,0,0,0,0,0,0,0,0,0,0,0,0,0,0,0,0,0,0,0,0,0,0,0,0,0,0,0,0,0,0,0,0,0,0,0,0,0,0,0,0,0,0,0,0,0,0,0,0,0,0,0,0,0,0,0,0,0,0,0,0,0,0,0,0,0,0,0,0,0,0,0,0,0,0,0,0
RSF,Co+2,3,xtb,-113.294,5.09746,0,0.25627,1.5141,0.77073,4.13878,0,1.57117,4.5485,0,4.23195,7.33218,0,3.3457,0,1.91235,0,1.2254,10.8318,0,20.8191,0,0.08872,0,12.428,3.32862,9.239,0,1.46528,7.43318,0,7.47989,18.0219,3.24574,9.55009,0,25.3543,0,0,52.1834,0.18367,16.8945,0,9.66321,0,0,62.3464,0,27.5863,0,11.2511,29.7024,0,0,5.96287,101.562,0,0,15.3495,1.88528,0,6.62531,0,30.8573,41.3886,0,8.45292,25.2161,0,37.8664,0,0,0,0,8.02477,0,0,0,37.475,52.5243,0,0.37289,0,0,9.54141,12.1005,21.6566,101.98,0,0,0,325.943,0,109.732,67.5853,0,0,54.2906,41.4979,0,0,0,37.511,16.8148,0,43.2324,0,613.314,6.39483,127.202,161.227,0,0,0,0,187.527,0,0,0,10.113,0,0,82.0105,0,0,66.4448,0,0,41.3263,0,0,0,150.304,119.148,0,0,15.7396,0,0,0,0,3.9412,0,0,67.453,40.2725,0,0,182.359,21.3151,0,0,82.8961,0,0,0,0,212.202,0,0,0,0,0,0,5.4634,0,3.30263,0,9.53711,0,9.10628,7.22701,0,5.59062,5.8189,0,0,0.70136,0,0,0,13.82,0,0,0,0,0,1.08898,2.54223,124.552,0,0,0,0,3.57178,0,0,11.4649,0,0,39.434,0,0,10.8254,0,54.6996,0,15.1737,2.7336,0,30.6852,22.7326,0,0,41.1554,115.851,2.90642,94.4578,0,0,4.83403,0,0,13.8372,0,30.2475,5.1618,23.7399,0,0,0,1.76112,5.94857,0,13.8632,3.75223,0,0,0,2.7592,0,90.105,0,13.7041,7.29134,0,11.3284,1.62429,11.326,9.13347,0,0,0,0,1.60612,0,35.2315,0,61.2016,0,30.2336,0,0,0,7.8016,0,0,0,0,0,0,0,0,511.169,0,0,0,0,2.37409,0,0,0,30.1246,1.19247,0,0.60768,184.387,0,47.079,9.91411,1.88684,175.834,0,47.8123,142.207,0,35.1101,0,0,0,0,0,0,0,0,0,0,0,0,0.21541,0,4.90794,0,313.772,0,0,0,0,0,0,0,0,0,0,0,0,0,661.17,0,0,0,0,0,303.89,0,0,0,0,0,0,0,0,0,0,0,0,0,0,574.766,0,0,0,0,0,0,0,0,0,0,0,0,0,0,0,0,0,0,0,0,0,0,0,0,0,0,0,0,0,0,0,0,0,0,0,0,0,0,0,0,0,0,0,0,0,0,0,0,0,0,0,0,0,0,0,0,0,0,0,0,0,0,0,0,0,0,0,0,0,0,0,0,0,0,0,0,0,0,0,0,0,0,0,0,0,0,0,0,0,0,0,0,0,0,0,0,0,0,0,0,0,0,0,0,0,0,0,0,0,0,0,0,0,0,0,0,0,0,0,0,0,0,0,0,0,0,0,0,0,0,0,0,0,0,0,0,0,0,0,0,0,0,0,0,0,0,0,0,0,0,0,0,0,0,0,0,0,0,0,0,0,0,0,0,0,0,0,0,0,0,0,0,0,0,0,0,0,0,0,0,0,0,0,0,0,0,0,0,0,0,0,0,0,0,0,0,0,0,0,0,1026.51,0,0,0,51.821,0,0,0,0,87.6678,0,66.2811,0,0,0,17.5033,0,35.9513,0,0,0,0,0,0,36.2617,0,0,0,0,0,0,0,39.4533,0,19.7582,0,0,16.5229,24.0545,56.1974,0,0,19.8658,0,0,0,0,0,0,13.4323,0,0,0,0,0,16.3896,0,62.969,0,58.207,10.885,0,0,0,0,0,0,0,0,0,584.331,0,0,0,294.591,0,0,0,0,0,0,0,0,0,0,0,0,0,0,0,0,0,0,0,0,0,0,0,0,0,0,0,0,0,0,0,0,0,0,0,0,163.269,0,92.8993,0,0,6.55756,0,0,81.0177,0,0,0,0.48815,0,0,0,0,36.9665,0,0,0,0,0,0,0,0,0,4.73802,0,0,0,0,0,0,0,0,0,0,45.5658,0,0,0,0,0,0,0,60.4727,0,0,0,0,0,0,30.3143,19.0984,0,27.2454,0,0,0,0,0,0,0,0,0,0,0,0,0,0,0,0,0,0,0,0,0,0,0,0,0,0,0,0,0,0,0,0,0,0,0,0,0,0,0,0,0,0,0,0,0,0,0,0,0,0,0,0,0,0,0,0,0,0,0,0,0,0,0,0,0,0,0,0,0,0,0,0,0,0
RSW,Ni+2,3,xtb,-116.854,4.20813,2.66978,0,0.79994,0,0.72327,0,2.64161,0.0458,3.66689,3.12759,0,0,3.44172,0,8.51911,2.63722,5.84612,0,0,1.11031,0,0,13.8374,0,0.48944,0.75162,3.36241,0,0,27.477,2.79687,43.9492,10.2829,6.18492,0,0,0,5.86461,0,5.65101,0,0,35.587,0,0,26.5141,29.0248,6.23486,0,30.4968,51.6596,51.9631,45.9307,0,7.01725,40.1983,0,0,13.6466,0,0,0,0,0,68.4062,0,0,82.3015,6.23767,20.8192,0,0,15.7325,0,0,0,10.533,0,98.8997,0,0,0,163.837,18.3845,0,9.43867,0,42.4192,0,21.3738,248.31,0,0,0,0,23.6598,0,0,13.0017,17.7129,0,12.1408,0,15.8857,0,0,0,7.22613,0,739.522,0,0,0,39.6763,12.637,0,0,0,0,0,0.41603,0,78.6816,0,0,58.3248,0,44.6216,32.3411,5.10465,0,0,173.963,0,0,0,60.679,0,23.8605,0,0,0,0,14.6778,0,0,456.145,0,0,57.4864,101.844,0,41.4458,0,0,0,0,0,0,0,1.05214,4.26629,0.19531,0,5.60459,0,0,0,1.33695,0,0,0,5.64603,0.02837,0,0,28.5044,33.7978,11.0191,0,0,21.272,0,0,0,14.6233,0,41.6415,0,0,0,0,0,0,189.073,0,8.89763,0,11.9717,84.1126,0,77.1866,15.3872,0,4.26554,306.219,0,35.357,0,0,10.0312,0,0,7.26403,0,42.0646,0,11.5427,0,8.08389,37.128,0,7.03228,0,10.6828,4.44285,1.92281,12.5503,0,0,60.0098,0,0,8.36915,0,38.3255,78.7557,0,0,0,0,0.67076,1.5807,0,0,14.993,0,49.5896,20.5742,0,34.2911,0,6.33779,0,0,0,55.916,18.8314,106.232,3.19771,0,26.9225,93.2516,0,605.133,0,0,0,13.1272,0,0,0,0,0,0,34.9584,0,0,0,275.707,0,40.4057,0,0,181.705,77.3585,26.6104,0,11.7015,174.743,0,0,66.2427,0,0,165.411,0,0,0,0,0,0,0,0,0,2.70815,0,0,0,0,0,0,318.432,7.75949,0,0,0,0,0,0,0,0,0,662.796,0,0,0,0,458.595,0,0,0,0,0,0,0,0,0,0,0,0,0,0,0,0,0,0,0,0,0,0,0,0,0,0,0,0,0,0,0,0,0,0,0,0,0,0,0,0,0,0,0,0,0,0,0,0,0,0,0,0,0,0,0,0,0,0,0,0,0,0,0,0,0,0,0,0,0,0,0,0,0,0,0,0,0,0,0,0,0,0,0,0,0,0,0,0,0,0,0,0,0,0,0,0,0,0,0,0,0,0,0,0,0,0,0,0,0,0,0,0,0,0,0,0,0,0,0,0,0,0,0,0,0,0,0,0,0,0,0,0,0,0,0,0,0,0,0,0,0,0,0,0,0,0,0,0,0,0,0,0,0,1249.66,0,0,0,0,0,0,0,0,0,0,0,0,0,0,0,0,0,0,0,0,0,0,0,0,0,0,0,0,0,0,0,0,0,0,0,0,0,0,0,0,0,0,0,0,0,0,0,0,0,0,0,0,0,0,0,0,0,0,0,0,0,118.117,0,0,0,0,0,0,0,145.998,0,124.851,0,0,0,0,0,0,62.9219,0,0,0,86.0657,0,0,0,0,56.449,41.0119,0,0,0,0,0,0,25.04,0,65.2074,0,13.8886,35.4945,0,0,58.8675,0,0,8.78863,0,0,0,0,0,0,0,0,0,0,23.0595,0,57.6737,0,120.808,0,0,0,32.7462,0,0,0,0,0,0,0,395.843,0,0,0,0,0,0,2.41688,0,0,0,0,0,0,0,0,0,0,0,0,0,0,0,0,0,0,0,0,317.298,0,0,0,0,0,0,0,0,0,20.6208,0,0,0,0,0,0,0,0,63.8651,189.665,12.6891,0,116.663,0,17.4794,0,0,0,0,0,0,0,0,0,0,0,0,0,188.394,0,0,0,6.16925,0,0,0,6.13291,0,0,16.177,0,0,0,0,0,0,0,0,0,0,0,33.3793,0,0,0,0,0,0,0,0,0,0,0,0,0,0,0,0,0,0,0,0,0,0,0,0,0,0,0,0,0,0,0,0,0,0,0,0,0,0,0,0,0,0,0,0,0,0,0,0,0,0,0,0,0,0,0,0,0,0,0,0,0,0,0,0,0,0,0,0,0,0,0,0,0,0,0,0,0,0,0,0,0,0,0
RSY,Zn+2,3,xtb,-99.0707,9.01814,2.20735,6.22916,4.97021,1.46364,0,0,0,3.53901,1.73127,0,2.66338,5.4208,0,0,11.4961,0,0,6.59518,0,4.10599,8.30772,0,2.29519,0,0,2.37164,0,17.254,0,0,20.7157,0,0,15.9884,0,0,0,0,0,0,2.44921,9.40972,0,3.86285,0,5.52549,14.8812,14.9336,0,27.5656,20.0971,0,0.83491,0,9.72423,0,14.5233,0,49.6134,0,0,12.7581,0,0,35.9481,0,0,0,0,71.3959,0,14.8223,7.831,0,0,10.0489,150.662,0.67399,0,0,0,59.501,3.98714,0,0,0,0,14.8287,0,131.675,0,0,3.88374,8.52886,0,0,0,88.977,0,0,0,9.40909,3.64345,0,0,0,17.8741,0,48.8413,0,0,0,15.5272,0,0,0,0,92.4567,0,49.2163,0,0,4.74317,0,0,5.25422,0,0,0,113.845,0,0,24.4185,0,0,0,348.815,0,0,0,0,0,0,19.068,121.875,0,0,184.376,0,0,0,41.8879,0,0,0,0,0,0,0,103.905,0,0,5.87357,1.29997,10.8874,0,0,0,0,0,0.43997,18.2659,0,36.0061,4.40282,12.757,0,0,0,22.9677,0,0,10.0723,0,0,612.323,0,0,0,1.43271,0,0,4.77652,0,0,0,47.7567,19.2032,8.42794,0,20.3313,0,124.682,0,3.34403,0,0,18.4963,0,24.2223,0,0,5.00968,4.19576,18.3907,0,0,0,15.3524,206.889,21.409,0,0,0,0,33.1335,21.859,31.9747,0,12.3073,4.19711,0,58.0907,0,0,0,0,9.9697,0,0,0,0,31.1257,0,208.844,75.9236,9.65372,121.232,47.3158,0,36.9687,0,51.6195,0,0,0,90.1716,0,26.699,67.9595,158.111,3.55859,0,0,0,0,0,0,0,0,0,0,0,331.94,0,36.992,104.022,0,0,0,0,0,4.22692,4.05302,5.08473,0,173.446,0,0,207.547,0,0,107.278,0,0,0,0,0,0,0,0,0,0,0,0,0,19.1872,0,0,0,0,0,80.8451,0,0,617.134,0,0,0,0,0,0,0,0,0,0,0,0,0,0,0,0,0,285.859,0,0,0,933.175,0,0,0,498.038,0,0,0,0,0,0,0,0,0,0,0,0,0,0,0,0,0,0,0,0,0,0,0,0,0,0,0,0,0,0,0,0,0,0,0,0,0,0,0,0,0,0,0,0,0,0,0,0,0,0,0,0,0,0,0,0,0,0,0,0,0,0,0,0,0,0,0,0,0,0,0,0,0,0,0,0,0,0,0,0,0,0,0,0,0,0,0,0,0,0,0,0,0,0,0,0,0,0,0,0,0,0,0,0,0,0,0,0,0,0,0,0,0,0,0,1441.49,0,0,0,0,0,0,0,0,0,0,0,0,0,0,0,0,0,0,0,0,0,0,0,0,0,0,0,0,0,0,0,0,0,0,0,0,0,0,0,0,0,0,0,0,0,0,0,0,0,0,0,0,0,0,0,0,0,0,0,0,0,0,0,0,0,0,0,0,0,0,0,0,0,0,0,0,0,0,0,0,0,0,0,0,0,0,0,0,0,0,0,0,0,0,0,0,0,0,0,0,0,0,0,0,0,0,0,0,0,0,0,0,0,48.4185,0,0,0,874.051,0,122.922,33.5273,0,35.2052,0,0,8.12459,69.5321,0,38.3831,0,0,13.6435,0,0,0,18.8803,0,0,0,0,0,26.3391,0,0,57.3121,0,0,0,0,13.3501,0,0,0,0,17.3144,0,0,0,0,0,0,0,0,0,0,0,0,0,0,0,0,0,0,0,0,0,0,0,0,0,0,0,0,0,0,0,0,0,0,0,0,0,0,0,0,0,0,0,0,0,0,0,0,3.76942,15.7986,95.8946,0,0,0,0,0,0,0,0,14.7974,0,0,0.54778,0,0,0,2.86088,0,0,0,0,0,0,0,0,0,0,3.04954,0,0,22.5004,0,0,0,64.8321,0,0,0,0,0,0,0,0,0,0,0,0,0,0,0,0,0,0,0,0,0,0,0,0,0,0,0,0,0,0,0,0,0,0,0,0,0,0,0,0,0,0,0,0,0,0,0,0,0,0,0,0,0,0,0,0,0,0,0,0,0,0,0,0,0,0,0,0,0,0,0,0,0,0,0,0,0,0,0,0,0,0,0,0,0,0,0,0,0,0,0,0
RTW,Co+2,3,xtb,-119.095,5.7936,6.38297,0.44887,0,2.17011,1.12616,0.6963,0,2.37044,4.37842,9.01413,0,6.3138,2.28186,1.72598,7.98325,0,0.79094,3.09784,0,2.44903,0,0,3.22881,0,5.20444,1.09708,8.23428,11.4181,0,0,21.5432,0,0.64925,16.6303,0,7.86761,1.1495,60.9565,0,0,9.37803,0,1.85248,5.17476,0,7.07902,5.95496,15.7945,23.683,27.9185,2.02974,0,0,10.0585,0,0.27835,0,0,0,0,28.9639,0,8.07346,0,13.2943,6.24263,0,3.32411,12.2898,16.1465,0,62.8689,0,0,0,123.76,0,50.3333,44.6592,0,74.3838,36.1156,241.524,0,0,0,12.3219,0,21.9495,0,0,0,74.7388,89.6494,0,214.871,111.392,18.6395,5.89049,166.322,35.7085,0,14.3571,0,0,21.5942,0,3.04537,66.0429,0,0,0,0,0,4.46464,0,85.9539,0,245.619,164.171,155.299,0,0,0,0,0,0,0,34.7607,16.9778,0,0,0,22.8784,0,0,0,0,0,28.6506,13.6032,0,82.3107,16.3956,0,0,0,54.6293,484.623,0,25.921,0,0,0,0,0,0,17.0043,0,0,0.83632,3.96055,0.07559,0,0,25.1356,0,0,0,0.12921,0,55.0154,0,0.08634,9.67971,0,0,29.0525,0,9.29981,0,0,0,0,136.805,0,95.5363,19.8012,0,0,0,0,15.4292,0,0,0,4.34431,0,9.10563,0,17.2342,0,0,23.2921,0,27.0744,0,8.4159,32.2026,0,0,44.4696,36.3737,94.6583,61.063,13.8638,0,134.658,0,0,12.9999,36.5461,15.9552,0,0,1.45017,9.91965,0,0,27.0863,1.13619,0,2.86258,0,41.6109,0,95.2054,0,0,1.61481,0,0,0,4.51844,0,0,27.9336,0,41.6596,41.6519,104.693,0,0,0,6.42326,0.44354,35.4132,102.752,0,0,55.6384,0,22.5762,0,0,0,4.97144,223.14,0,0,0,0,0,0,0,31.8955,0,5.82578,15.9014,0,82.284,0,0,2.93845,0,0,9.59902,3.82805,115.906,242.505,0,0,56.4608,0,0,206.329,0,0,0,127.65,0,0,0,0,0,0.82956,0,1.55326,0,0,0,0,0,0,7.74208,0,0,0,0,440.883,0,0,0,0,0,0,0,0,0,500.641,0,0,0,0,0,0,477.797,0,0,0,0,0,370.557,0,0,0,0,0,0,0,0,0,0,0,0,0,0,0,0,0,0,0,0,0,0,0,0,0,0,0,0,0,0,0,0,0,0,0,0,0,0,0,0,0,0,0,0,0,0,0,0,0,0,0,0,0,0,0,0,0,0,0,0,0,0,0,0,0,0,0,0,0,0,0,0,0,0,0,0,0,0,0,0,0,0,0,0,0,0,0,0,0,0,0,0,0,0,0,0,0,0,0,0,0,0,0,0,0,0,0,0,0,0,0,0,0,0,0,0,0,0,0,0,0,0,0,0,0,0,0,0,0,0,0,0,0,0,0,0,0,0,0,0,0,0,0,0,0,0,0,0,0,0,0,0,0,0,0,0,0,0,0,0,0,0,0,0,0,0,0,2012.72,0,0,0,0,0,0,0,0,0,0,0,0,0,0,0,0,0,0,0,0,0,0,0,0,0,0,0,0,0,0,0,0,170.13,0,0,0,0,0,0,0,0,0,0,0,0,0,0,70.3442,0,0,7.24251,0,57.6162,0,0,0,0,0,0,0,0,0,47.9316,0,0,0,77.1303,0,0,0,0,2.34488,51.5688,0,0,15.3256,0,27.4039,0,0,39.7773,0,18.6986,0,0,0,0,27.3977,0,0,0,21.476,0,38.6058,0,80.2428,0,56.8485,0,0,0,0,0,0,0,0,0,0,0,0,0,0,0,0,1.079,0,0,0,0,0,0,0,0,0,0,0,554.947,0,0,0,0,0,0,0,0,0,0,0,0,0,0,0,0,0,0,0,0,27.4328,0,1.73693,0.38539,0,0,0,0,0,0,0,0,0,21.0822,0,29.1609,0,0,0,0,31.5733,0,0,6.16284,0,0,0,0,0,6.43056,0,207.777,0,0,0,2.05769,0,0,0,0,0,0,0,0,0,0,0,0,0,0,0,26.0695,0,0,0,0,16.8884,0,0,0,0,0,0,0,0,0,0,0,4.84616,0,0,0,0,0,0,0,0,0,0,0,0,0,0,0,0,0,0,0,0,0,0,0,0,0,0,0,0,0,0,0,0,0,0,0,0,0,0,0,0,0,0,0,0,0,0,0,0,0,0,0,0,0,0,0,0,0,0,0,0,0,0,0
RWF,Zn+2,3,xtb,-113.487,6.75317,0,0.78512,0.82277,0,2.99321,0.47173,1.035,4.29471,2.20965,0,0,2.09004,0,0.10793,9.5367,10.2644,0,0,0,14.3825,0,0,4.75131,0,4.69916,11.458,0,0,0,0,12.9999,10.5351,82.7263,0,0,2.74536,0,14.6793,0,0,0,9.80897,0,0,12.1406,0,0,0,5.11708,0,0,6.82472,0,3.02125,7.80156,4.63137,0,0,63.6323,68.4793,31.275,44.8952,0,51.2912,1.59583,0,30.3224,0,52.8821,5.6679,0,0,0,0,0,31.4681,0,0,2.45386,31.4693,0,84.5969,0,2.0683,21.781,0,0,19.2678,0,67.3513,0,51.7341,0,3.39187,0,0,0,7.78035,9.09394,13.6987,8.23417,0,0,22.7861,0,0,0,0.02081,0,0,24.8533,0,50.3271,8.11139,0,0,67.3887,0,0,3.56751,0,0,0.86563,177.103,0,0,89.8925,37.7504,0,63.2272,0,144.933,0,88.9685,0,0,0,0,244.47,0,26.4258,0,21.1734,0,5.91533,0,3.63957,0,0,14.4164,19.2358,0,0,0,0,15.2975,0,0,0.32272,0,0.07751,0,0,1.29966,0,14.8536,0,0,0,2.02026,15.5593,0,0,24.0447,6.0506,0.11602,0.02015,0,0,2.37014,0,0,6.66729,0,3.9446,6.93606,0,5.8646,19.3678,0,0,0,46.2964,113.99,112.184,0,0,0,0,42.1239,0,4.45694,14.6928,19.1235,0,8.51733,19.2572,0,0,4.75763,60.651,0,0,0,49.6732,40.2104,0,0,87.5342,14.9938,3.11866,0,0.44809,2.13042,0,0.90701,0,0,29.3765,20.9676,22.3837,5.32045,0,13.0972,6.41378,15.8641,0,20.1644,0,0,9.9086,0,7.51211,94.2195,0,0,10.7361,0,55.0219,0,0,0.96365,82.658,0,14.8426,10.1917,0,5.19224,10.4033,0,0,23.6254,188.405,0,0,0,75.8967,0,5.38738,0,0,0,0,0,0,35.796,0,1.12195,0,538.422,0,225.935,33.2057,43.2186,0,108.634,301.178,21.4659,44.4315,0,0,0,0,691.329,0,446.851,0,0,0,0,0,0,0,0,1.24517,1.40798,0,0.5135,0,0,12.5032,0,6.55955,0,0,0,0,0,0,0,0,0,0,0,0,0,423.561,0,0,510.214,0,0,0,0,0,658.276,0,0,0,0,0,0,1457.1,0,0,0,0,0,0,0,0,0,0,0,0,0,0,0,0,0,0,0,0,0,0,0,0,0,0,0,0,0,0,0,0,0,0,0,0,0,0,0,0,0,0,0,0,0,0,0,0,0,0,0,0,0,0,0,0,0,0,0,0,0,0,0,0,0,0,0,0,0,0,0,0,0,0,0,0,0,0,0,0,0,0,0,0,0,0,0,0,0,0,0,0,0,0,0,0,0,0,0,0,0,0,0,0,0,0,0,0,0,0,0,0,0,0,0,0,0,0,0,0,0,0,0,0,0,0,0,0,0,0,0,0,0,0,0,0,0,0,0,0,0,0,0,0,0,0,0,0,0,0,0,0,0,0,0,0,0,0,0,0,0,0,0,0,0,0,0,0,0,0,0,0,0,0,0,0,0,0,0,0,0,0,0,0,0,0,0,0,0,0,0,0,0,0,0,0,0,0,0,0,0,0,0,0,0,0,0,0,0,0,0,0,0,0,0,0,0,0,0,0,37.6549,75.0368,58.0976,0,0,0,0,0,49.6669,0,0,0,0,55.9395,0,0,0,0,0,0,0,24.7089,35.8704,81.6112,0,15.6421,0,14.6041,0,0,0,0,0,0,2.8151,0,0,32.4405,0,3.87483,44.6097,36.8225,0,147.44,28.1961,52.0863,0,0,0,0,0,0,0,0,0,0,15.6441,0,0,0,0,0,0,0,0,0,0,0,0,0,0,0,0,0,0,0,0,0,0,0,0,0,0,0,0,0,0,0,102.469,0,0,0,0,0,155.279,0,0,0,0,0,0,1.30875,0,0,0,0,0,37.1926,3.10964,0,0,22.7496,0,0,0,0,0,0,0,0,5.33041,0,7.70709,0,0,0,0,0,0,0,0,0,0,0,0,0,0,0,0,0,0,0,0,0,0,0,0,0,0,7.64065,0,0,0,0,0,0,0,0,0,0,0,0,0,0,0,0,0,0,0,0,0,0,0,0,0,0,0,0,0,0,0,0,0,0,0,0,0,0,0,0,0,0,0,0,0,0,0,0,0,0,0,0,0,0,0,0,0,0,0,0,0,0,0,0,0,0,0,0,0,0,0,0,0,0,0,0,0
RWS,Cu+2,3,xtb,-111.096,9.85326,3.47859,0,0,0,6.6333,0,3.81427,1.56412,0,0,10.804,13.6238,5.14241,0,7.34683,1.19709,0,0,0,0.83182,0,4.47623,0,6.15618,0,2.27514,0,0.15165,0,0,0,6.39867,0,0,43.6513,0,0,9.27701,0,0,12.6751,81.1435,0,0,0,20.2852,7.96529,0,9.53553,9.17366,0,29.7473,37.2463,0,2.90447,24.2626,0,48.9262,0,36.3467,0,47.9787,0,0,44.1514,0,0,0,16.5545,9.63092,0,0,0,0,49.1155,0,0,68.0288,6.13097,0,0,29.2538,51.5299,0,143.033,17.2544,0,0,0,0,47.2731,30.6702,0,0,12.9869,11.7952,0,95.2768,0,5.57756,0,0,1.63061,0,14.2728,0,41.221,0,0,73.2835,0,31.6873,38.7848,0,51.4685,0,0,298.945,99.6627,0,13.8557,0,0,0,0,152.745,0,0,0,7.46564,0,4.38311,0,19.7478,0,0,337.086,0,1.9982,0,0,0,0,23.1779,0,232.965,0,0,0,17.2636,0,10.9327,0,0,0,0,0,0,0,0,8.69634,24.0136,0.02868,0,4.78199,0,20.8207,0,0,0.12895,38.723,0,0,0.02275,0,9.57118,0,0,376.265,74.1065,0,0,0,5.64487,0,0,0,0,0,9.4859,0,0,0,0,12.7559,0,0,0,30.9018,0,7.9324,0,36.5893,17.8041,0,0,16.8916,0,0,35.0693,171.459,92.0779,68.7118,0,0,0,0,12.033,23.0107,0,0,7.53557,0,0.21414,0,8.9501,15.5959,20.318,0,0,41.2655,23.9998,0,36.8835,0,0,3.75823,21.2874,0,2.21002,0,17.7406,12.5328,0,6.08782,0,0,0,0,33.3455,12.6081,0,30.7624,18.2602,0,34.4552,40.7094,0,0,0,104.083,0,19.3343,0,0,0,0,0,6.10928,0,0,0,0,0,0,162.655,0,0,1.61802,8.84339,0,0,0,5.3366,164.044,11.2785,0,15.1519,7.95153,0,194.146,0,0,258.844,0,0,0,0,0,0,43.8495,0,0,0,0,0.57089,4.41212,0,0,0,0,259.042,0,0,10.8209,0,0,0,0,623.957,0,463.531,0,0,0,0,0,0,0,0,0,0,0,0,0,0,0,0,0,0,0,0,0,0,0,0,0,584.622,0,0,0,0,0,0,0,0,0,0,0,0,0,0,0,0,0,0,0,0,0,0,0,0,0,0,0,0,0,0,0,0,0,0,0,0,0,0,0,0,0,0,0,0,0,0,0,0,0,0,0,0,0,0,0,0,0,0,0,0,0,0,0,0,0,0,0,0,0,0,0,0,0,0,0,0,0,0,0,0,0,0,0,0,0,0,0,0,0,0,0,0,0,0,0,0,0,0,0,0,0,0,0,0,0,0,0,0,0,0,0,0,0,0,0,0,0,0,0,0,0,0,0,0,0,0,0,0,0,0,0,0,0,0,0,0,0,0,0,0,0,0,0,0,0,0,0,0,1696.23,0,0,0,0,0,0,0,0,0,0,0,0,0,0,0,0,0,0,0,0,0,0,0,0,0,0,0,0,0,0,0,0,0,0,0,0,0,0,0,0,0,0,0,0,0,0,0,0,0,0,0,0,53.9892,0,0,0,0,0,0,0,0,74.9483,0,0,0,0,0,0,0,0,40.4681,0,0,0,0,11.7854,14.8213,0,58.353,0,87.1945,0,0,0,30.4412,0,0,0,0,0,0,47.1829,15.0593,0,0,0,5.96829,6.67732,0,0,0,0,0,0,0,0,24.337,0,86.7702,0,68.2105,0,0,0,0,0,0,0,0,0,0,0,0,0,0,0,0,4.58755,0,0,0,0,0,0,0,0,0,0,0,0,0,0,0,0,0,0,0,0,0,0,0,0,0,0,0,0,0,0,0,0,0,0,0,0,127.327,0,0,0,1.59561,3.59149,59.1026,0,0,0,0,0,0,7.62352,0,0,0,108.645,0,7.01041,0,19.6167,0,0,0,12.334,0,0,0,0,0,0,0,0,0,0,0,0,0,0,0,0,0,0,0,0,0,0,63.4832,0,0,0,0,0,0,0,0,0,0,0,0,0,0,0,0,0,0,0,0,0,0,0,0,0,0,0,0,0,0,0,0,0,0,0,0,0,0,0,0,0,0,0,0,0,0,0,0,0,0,0,0,0,0,0,0,0,0,0,0,0,0,0,0,0,0,0,0,0,0,0,0,0,0,0,0,0,0,0,0
RWT,Ni+2,3,xtb,-120.006,10.5371,4.14263,0.77821,6.05745,4.74231,1.6018,0,7.64975,0,5.20517,0,1.28205,0,6.42448,0,3.18064,0,0,7.28644,6.65537,0,0.14672,1.30722,0,4.53906,4.25665,0,0,0.85125,0,0,0,11.7822,25.2139,19.7995,23.2112,7.45075,0.48698,0,1.29007,0,60.8322,13.6394,0,28.4949,19.9057,0,0,12.853,10.0536,32.1169,0,6.27492,0,0,18.1028,0,0,13.6791,0,26.0352,0,25.7836,71.8032,0,6.32132,0,22.4401,0,12.9449,0,14.1651,0,0,0,0,0,0,0,68.0489,128.248,0,7.34937,9.61972,0,0,29.0001,0,0,72.4226,7.62635,96.2882,0,82.0027,0,50.3459,4.98228,0,36.8381,0,12.4523,0,3.87171,0,0,0,0,123.845,0,0,0,47.667,0,0,90.4819,158.335,0,0,0,0,121.202,0,0,36.6122,0,2.27225,0,0,0,0,47.6721,0,0,26.8064,181.184,0,0,15.0671,0,0,157.359,0,0,8.73017,0,2.58668,38.6081,0,0,344.375,0,11.9882,0,0,0,0,0,267.272,0,0,0,44.2783,25.5888,0,0,0,0,5.28737,0.61072,0,0,0,5.60374,14.6628,0,0,0,0,0,28.64,32.0164,20.3382,0,0,0,0,0,0,203.867,0,34.5005,0,0,66.1168,0,111.291,0,0,0,25.3684,0,0,27.8496,0,25.8355,25.2791,52.7258,49.661,33.5922,0,34.5174,186.877,0,0,0,17.3194,57.314,157.332,0,3.95885,0,0,0,6.49883,0,14.0685,1.73868,0,42.1982,0,0,51.9787,2.04798,3.10604,0,0,0,0.45796,34.4745,29.4948,10.7982,0,26.9875,0,0,0,0,1.87228,0,37.4421,0,10.2327,0,70.0204,17.8229,0,23.6596,0,96.0512,4.39029,0,60.0849,17.2904,0,22.8158,3.58923,0,0,0,0,12.7662,0,83.2538,0,0,2.70423,0,34.5308,0,0,0,0,241.621,0,0,15.3375,3.901,0,12.5435,0,11.1384,0,0,212.177,0,102.927,0,0,0,0,0,0,0,0,397.37,1.27882,0,0.53357,0,0,0,0,0,0,4.67305,0,502.95,485.051,0,0,0,0,0,0,0,0,354.065,0,0,0,0,0,0,0,0,0,0,0,0,716.2,0,0,0,0,0,0,0,0,0,0,0,0,0,0,0,0,0,0,0,0,0,0,0,0,0,0,0,0,0,0,0,0,0,0,0,0,0,0,0,0,0,0,0,0,0,0,0,0,0,0,0,0,0,0,0,0,0,0,0,0,0,0,0,0,0,0,0,0,0,0,0,0,0,0,0,0,0,0,0,0,0,0,0,0,0,0,0,0,0,0,0,0,0,0,0,0,0,0,0,0,0,0,0,0,0,0,0,0,0,0,0,0,0,0,0,0,0,0,0,0,0,0,0,0,0,0,0,0,0,0,0,0,0,0,0,0,0,0,0,0,0,0,0,0,0,0,0,0,0,0,0,0,0,0,0,0,0,0,0,0,0,0,0,0,0,0,0,0,0,0,0,0,0,0,0,0,0,0,0,0,0,0,0,0,0,0,0,0,0,5.04634,0,0,0,0,0,0,0,0,0,75.2023,0,0,0,0,0,0,0,0,0,0,0,0,0,0,0,0,0,0,0,0,0,0,43.8929,0,0,755.161,0,0,0,0,0,0,0,0,0,0,0,0,57.3478,0,30.5498,0,22.7609,90.5429,0,1042.81,0,0,0,16.511,0,0,74.2395,0,51.3451,17.7562,39.1772,0,0,0,11.8527,65.4621,0,0,149.67,0,0,40.0887,0,0,0,0,0,0,0,0,0,0,0,18.1156,0,0,0,0,0,0,0,0,0,569.605,0,0,0,0,0,0,0,0,0,0,0,0,0,0,0,0,0,0,0,0,0,0,0,0,14.6644,0,0,0,0,0,0,0,0,0,0,17.0967,0,11.8781,0,0,0,0,0,0,0,0,0,1.52564,4.77517,0,136.877,0,0,0,0,0,5.19924,1.02334,0,22.539,0,0,0,0,0,0,0,0,0,0,68.8456,0,0,0,0,0,0,0,0,32.5789,0,0,0,0,0,0,0,0,0,0,0,0,0,0,0,0,0,0,0,0,0,0,0,0,0,0,0,0,0,0,0,0,0,0,0,0,0,0,0,0,0,0,0,0,0,0,0,0,0,0,0,0,0,0,0,0,0,0,0,0,0,0,0,0,0,0,0,0,0,0,0,0,0,0,0,0,0,0,0,0,0
SEE,Cu+2,3,xtb,-86.3617,7.41546,1.69756,0.07598,0,0,0,0.48956,14.0511,0,0,10.2342,0,0,0,6.1944,1.53002,0,0,0.70508,0,0,0,4.91163,0,12.5528,0.45315,0,0,10.4488,0,0,0,7.80017,0,0,19.7183,0,37.1537,0,0,28.9544,0,22.901,0,0,0,46.0163,0,0,25.9771,0,0,0,16.8548,29.0841,0,0,0,6.74034,2.32728,0,0,55.2627,0,69.3671,0,0,0,0,0,41.7182,0,90.9067,20.1547,0,0,0,0,0,22.2248,0,9.4933,0,0,0,0,0,0,0,98.2352,0,0,121.072,355.45,0,38.3513,0,0,0,22.3242,0,0,0,0,0,0,0,14.2988,0,0,0,6.46972,10.5826,0,0,0,0,0,22.28,0,60.3373,0,0,39.389,0,364.903,0,0,0,0,37.656,58.5862,0,59.4333,0,0,0,0,0,0,0,0,0,48.6998,0,0,0,0,0,0,0,12.1117,0,0,0,12.1127,0,0,0,0,0,59.6259,0,0,0,0,0,0,0,0,34.557,0,93.6275,0,33.7352,0,0,301.562,105.599,0,0,13.403,0,0,0,0,66.3033,0,51.9673,0,0,0,0,82.8972,0,0,34.3692,0,0,0,0,0,0,74.7935,0,31.6338,25.4464,0,73.3689,0,71.7451,108.937,0,0,480.509,0,54.6535,0,0,24.9804,0,0,0,3.5588,11.8272,0,0,0,0,3.19431,0,268.222,36.1997,0,0,3.93406,0,61.2755,0,0,0,42.6685,164.81,0,0,0,25.8291,0,0,0,95.7342,0,0,0,0,42.6381,0,3.22551,0,0,251.826,0,0,0,0,0,0,0,0,0,88.7633,0,0,21.1672,0,0,0,0,0,0,0.61049,0,9.31633,0,0,0,0,0,0,0,0,0,0,0,0,0,30.1739,0,0,0,0,0,0,0,0,0,0,0,0,0,0,0,0,0,0,729.003,0,0,0,0,0,0,0,776.567,0,0,0,0,0,0,0,0,0,639.283,0,0,0,0,0,0,0,0,0,411.605,0,364.951,0,0,0,0,0,0,0,0,0,0,0,0,0,0,0,0,0,0,0,0,0,0,0,0,0,0,0,0,0,0,0,0,0,0,0,0,0,0,0,0,0,0,0,0,0,0,0,0,0,0,0,0,0,0,0,0,0,0,0,0,0,0,0,0,0,0,0,0,0,0,0,0,0,0,0,0,0,0,0,0,0,0,0,0,0,0,0,0,0,0,0,0,0,0,0,0,0,0,0,0,0,0,0,0,0,0,0,0,0,0,0,0,0,0,0,0,0,0,0,0,0,0,0,0,0,0,0,0,0,0,0,0,0,0,0,0,0,0,0,0,0,0,0,0,0,0,0,0,0,0,0,0,0,0,0,0,0,0,0,0,0,0,0,0,0,0,0,0,0,0,0,0,0,0,0,0,0,0,0,0,0,0,0,0,0,0,0,0,0,0,0,0,0,0,0,0,0,0,0,0,0,0,0,0,0,0,0,0,0,0,0,802.548,0,0,38.2503,0,0,53.6563,0,0,80.461,0,49.2871,0,0,41.5468,0,0,0,0,0,0,0,0,0,0,23.9809,25.2189,18.569,0,0,33.9063,38.5307,0,0,28.5042,0,0,0,0,10.1455,0,0,0,0,0,0,0,0,0,0,0,0,0,0,0,0,0,0,0,0,0,0,0,0,0,0,0,0,0,0,0,0,0,0,0,0,0,0,0,0,0,0,0,0,0,0,0,0,0,0,0,0,0,0,0,0,0,0,0,0,0,0,0,0,0,0,0,0,3.27456,0,0,0,0,0,0,0,0,3.10958,0,0,0,0,16.2586,0,0,0,0,0,0,0,0,0,0,29.7423,0,0,0,0,0,0,0,0,0,0,0,0,0,0,0,0,0,0,0,0,0,0,0,0,0,0,0,0,0,0,0,0,0,0,0,0,0,0,0,0,0,0,0,0,0,0,0,0,0,0,0,0,0,0,0,0,0,0,0,0,0,0,0,0,0,0,0,0,0,0,0,0,0,0,0,0,0,0,0,0,0,0,0,0,0,0,0,0,0,0,0,0,0,0,0,0,0,0,0,0
SES,Zn+2,3,xtb,-73.6849,15.0066,0,0,0,0.52938,0.45501,0,9.10305,0,0,0,0,12.5973,1.61428,0,0,3.71915,0,8.56815,0,21.919,0,0,0,2.77038,0,7.524,0,0,0,2.01576,3.50352,0,0,0,0,14.8535,0,6.43731,0,0,0,1.87749,0,37.4198,0,11.4981,0,39.8736,0,0,0,6.44025,0,0,0,0,0,0,0,25.0634,0,28.63,0,0,0,76.9361,0,0,0,36.1423,0,0,0,0,5.70181,24.1931,0,0,0,0,0,140.267,0,0,0,5.93437,0,0,0,0,24.1356,0,0,0,0,23.9489,0,0,0,0,28.1827,0,0,0,0,28.8534,0,0,0,0,0,0,0,29.4274,0,67.9223,0,0,145.053,0,0,0,0,5.30228,0,0,0,81.525,0,0,7.16745,0,0,0,13.1532,0,0,1.06608,0,0,0,0,0,0,0,12.5338,0,0,0,0,0,60.9128,0,0,0,0,0,0,3.79852,0,0,0,0,0,0,0,0,0,0,19.2595,0,0,15.0355,0,20.7512,0,0,49.1914,0,0,0,0,0,0,0,0,0,0,0,29.2929,0,188.115,0,0,7.31349,4.88991,0,0,0,0,0,0,0,94.1027,252.732,0,0,58.6421,0,166.293,0,0,22.7128,70.7651,0,105.902,0,0,0,19.6267,0,12.8035,0,0,0,0,0,0,267.803,0,17.8963,0,367.192,0,0,48.3893,0,11.5267,0,31.9418,0,9.61982,0,0,0,0,0,11.6807,82.5194,30.2049,0,0,0,0,0,4.93331,0,46.177,48.3871,0,0,26.3038,142.675,0,0,0,0,0,0,0,0,0,0,0,25.8776,85.9275,0,0,0,0,0,0,0,0,5.15861,0,0,39.0471,0,0,14.4703,0,66.8482,0,0,0,0,0,0,0,0,0,0,0,0,0,0,0,0,0,0,0,0,0,0,0,0,0,0,0,0,0,0,0,0,0,647.501,0,0,0,0,637.742,0,0,0,0,0,0,0,0,0,0,0,360.145,0,0,492.182,0,0,0,0,0,0,0,0,0,0,0,0,0,0,0,0,0,0,0,0,0,0,0,0,0,0,0,0,0,0,0,0,0,0,0,0,0,0,0,0,0,0,0,0,0,0,0,0,0,0,0,0,0,0,0,0,0,0,0,0,0,0,0,0,0,0,0,0,0,0,0,0,0,0,0,0,0,0,0,0,0,0,0,0,0,0,0,0,0,0,0,0,0,0,0,0,0,0,0,0,0,0,0,0,0,0,0,0,0,0,0,0,0,0,0,0,0,0,0,0,0,0,0,0,0,0,0,0,0,0,0,0,0,0,0,0,0,0,0,0,0,0,0,0,0,0,0,0,0,0,0,0,0,0,0,0,0,0,0,0,0,0,0,0,0,0,0,0,0,0,0,0,0,0,0,0,0,0,0,0,0,159.743,178.501,0,0,0,0,0,0,0,0,0,0,210.964,0,0,146.696,0,0,0,0,0,0,0,0,0,117.529,0,0,0,0,0,0,0,0,91.5106,0,0,0,0,0,0,0,0,0,0,0,0,0,0,0,0,0,1.21203,0,0,0,27.8398,22.1053,0,15.4733,0,0,0,0,0,7.94977,0,0,0,0,0,0,0,0,0,0,0,0,0,0,0,0,0,0,0,0,0,0,0,0,0,0,0,0,0,0,0,0,0,0,0,0,0,0,0,0,0,0,0,0,0,0,0,0,0,0,0,0,0,0,0,0,0,0,0,0,0,0,0,0,0,0,0,0,41.1746,0,0,3.50625,0,0,0,2.47299,0,0,0,0,0,0,0,0,0,16.7024,0,0,0,0,0,0,0,0,21.4272,0,0,0,0,0,0,0,0,0,0,0,0,0,0,0,0,0,0,0,0,0,0,0,0,0,0,0,0,0,0,0,0,0,0,0,0,0,0,0,0,0,0,0,0,0,0,0,0,0,0,0,0,0,0,0,0,0,0,0,0,0,0,0,0,0,0,0,0,0,0,0,0,0,0,0,0,0,0,0,0,0,0,0,0,0,0,0,0,0,0,0,0,0,0,0,0,0,0,0,0,0
SIV,Co+2,3,xtb,-95.655,5.1169,0,1.48994,0,1.71887,0.81434,3.92555,0,0.2852,5.05219,1.83826,0,0,23.2029,0,0,19.7016,4.63331,0,4.7771,5.14777,12.0649,0,9.93137,4.55657,33.3332,0,0,2.18736,16.5655,0,0,0,5.11404,4.88204,0.37094,0,0.98104,0,26.6116,0,0,30.0692,48.9296,0,43.9378,0,10.8137,0,53.4618,0,34.037,0,0,0,5.22248,19.6858,0,10.8706,0,0,59.8039,0,0,42.8173,43.4279,0,0,0,1.86844,51.3218,0,0,0,0,11.641,0,0,0,0,0,0,28.2045,185.764,24.6918,0,0,46.1636,0,0,0,0,37.2936,109.861,0,0,17.3835,0,168.226,0,0,0,82.5111,0,294.064,35.733,0.66832,409.852,0,0,154.889,0,139.582,31.9565,0,50.5749,0,0,0,0,0,77.3919,0,0,0,0,0,77.6616,0,48.407,0,0,96.2567,0,0,0,0,0,0,214.429,0,142.285,0,0,0,0,0,0,0,0,0,0,0,0,0,6.46345,0,1.24577,0,0,0,0,0,0,1.07806,0,0,9.29916,0,0,0,0,3.95085,0,0,0,0,0,28.5104,0,82.9852,0,0,0,0,0,1.87063,1.68671,1.33969,0,21.8865,10.8069,0,0,0,0,0,0,0,7.92661,0,17.9754,0,0,26.5918,0,0,8.6473,0,0,75.4009,25.4017,2.72721,3.04641,0,92.8304,0,127.144,0,0,39.8709,0,8.74213,0,0,0,4.05636,11.9962,8.83876,3.0138,3.17228,16.4722,0,0,0,13.0093,3.82507,0,52.3115,0,0,0,0,43.3037,0,0,0,168.845,0,27.6915,2.6629,0,9.9882,0,0,3.75537,0,7.55282,4.77938,0,0,0.3681,0,0,0,0,0,0,0,0,0,0,167.652,0,50.13,57.2671,0,234.671,0,0,0,0,107.808,0,16.1133,0,170.169,2.28801,291.366,4.59462,51.7498,16.7185,3.12385,4.13102,0,0,0,351.763,0,0,0,0,0,0,0,0,0,0,0,0,0,0,0,0,0,0,0,0,0,0,0,0,0,0,0,0,0,0,0,361.515,0,0,0,0,0,429.513,0,0,0,0,0,0,0,0,0,0,0,0,407.673,0,0,0,0,0,0,0,0,0,0,0,0,0,0,0,0,0,0,0,0,0,0,0,0,0,0,0,0,0,0,0,0,0,0,0,0,0,0,0,0,0,0,0,0,0,0,0,0,0,0,0,0,0,0,0,0,0,0,0,0,0,0,0,0,0,0,0,0,0,0,0,0,0,0,0,0,0,0,0,0,0,0,0,0,0,0,0,0,0,0,0,0,0,0,0,0,0,0,0,0,0,0,0,0,0,0,0,0,0,0,0,0,0,0,0,0,0,0,0,0,0,0,0,0,0,0,0,0,0,0,0,0,0,0,0,0,0,0,0,0,0,0,0,0,0,0,0,0,0,0,0,0,0,0,0,0,0,0,0,0,0,0,0,0,0,0,0,0,0,0,0,0,0,0,0,0,0,0,0,0,0,0,0,0,0,0,0,0,0,0,0,0,0,0,0,0,0,0,0,0,0,0,0,0,0,27.8894,0,0,0,0,0,0,0,38.3424,0,0,0,0,0,0,0,0,0,0,7.52179,0,48.1639,0,0,0,5.48637,0,23.2838,0,0,0,0,0,20.3394,0,0,13.4198,0,0,48.9174,0,0,0,17.8052,80.1162,55.6665,48.3118,60.4589,0,0,0,0,0,0,0,0,0,0,0,0,0,0,0,0,0,0,0,0,0,0,0,0,0,0,0,0,62.4529,0,0,0,0,0,0,0,0,0,0,0,0,0,0,0,0,0,0,0,0,0,0,0,0,0,0,0,0,0,0,0,0,0,0,0,0,8.34454,64.4579,0,124.581,0,0,0,0,57.9063,0,0,0,0,45.1316,0,0,0,0,193.634,0,0,0,0,0,0,0,0,0,0,0,61.642,0,141.662,0,0,0,36.5738,0,0,66.5787,0,0,0,0,0,0,0,39.1194,0,0,0,0,0,0,0,0,0,0,0,0,0,0,0,0,0,0,0,0,0,0,0,0,0,0,0,0,0,0,0,0,0,0,0,0,0,0,0,0,0,0,0,0,0,0,0,0,0,0,0,0,0,0,0,0,0,0,0,0,0,0,0,0,0,0,0,0,0,0,0,0,0,0,0,0
SLE,Co+2,3,xtb,-102.805,2.93171,1.99581,2.28893,2.20104,0,0.39082,1.49973,4.3467,0,8.52636,6.18716,0.77726,0,13.2769,0,2.16046,4.17359,17.2904,9.28264,0,10.3619,1.00364,0,22.5762,0,0,5.20045,3.01578,34.3043,2.88744,0,5.68838,6.44355,0,2.6566,0,0,14.5921,0,11.8467,0,47.2557,0,20.6577,0,40.3835,0,0,0,20.5335,0,97.1535,9.04576,0,5.74901,0,0,0,0,16.8703,0,0,32.1878,0,0.41404,23.7612,0,108.131,0,0,0,6.78334,0,0,177.647,0,8.20661,0,0,0,0,5.80824,0,0,78.5175,0,6.36288,0,111.141,0,210.36,0,0,72.9336,0,12.2893,254.958,0,0,0,200.306,0,72.6075,0,9.09573,0,0,0,257.887,34.2854,78.6454,0,0,376.739,0,0,18.1166,0,0,43.2081,0,27.6076,0,0,0,0,14.195,0,0,164.842,0,0,0,0,7.33912,0,0,0,0,46.3415,19.4583,0,0,0,0,0,0,0,0,0,0,0,0,92.8695,0,0,0,0,303.857,0,0,0,0,0,50.5028,4.16032,0,0,14.2265,0,0,0,0,0,0,3.61778,0,0,0,80.8176,18.4403,146.849,37.2266,0,0,0,0,0,0,0,6.67665,0,20.4922,0,0,0,0,0,0,7.87557,0,0,26.2614,0,92.2947,0,61.5543,0,0,39.6741,0,0,0,2.54965,6.19365,0,5.48548,0,31.1987,75.4544,48.9995,0,0,47.3889,0,0,2.849,8.6748,0,0,20.8458,0,39.044,0,42.4918,38.3738,10.3925,82.0046,0,0,28.4262,0,211.096,0,0,148.045,37.0463,0,0,0,0,50.8176,0,0,9.32211,22.1017,0,12.0801,0,0,0,3.28316,0,0,0,0,0,0,0,0,146.817,0,0,189.092,0,7.67752,0,0,30.6912,0,5.0073,0,0,3.15146,11.3295,195.207,0,128.384,0,217.381,113.918,10.011,5.56563,0,0,0,0,0,333.807,0,0,0,0,0,0,0,0,0,0,0,0,0,0,0,0,0,0,0,0,0,0,0,0,0,0,0,0,0,0,0,0,0,0,216.261,0,0,642.515,0,0,0,0,302.803,0,544.347,0,0,0,0,0,0,0,0,0,0,0,0,0,0,0,0,0,0,0,0,0,0,0,0,0,0,0,0,0,0,0,0,0,0,0,0,0,0,0,0,0,0,0,0,0,0,0,0,0,0,0,0,0,0,0,0,0,0,0,0,0,0,0,0,0,0,0,0,0,0,0,0,0,0,0,0,0,0,0,0,0,0,0,0,0,0,0,0,0,0,0,0,0,0,0,0,0,0,0,0,0,0,0,0,0,0,0,0,0,0,0,0,0,0,0,0,0,0,0,0,0,0,1874.09,0,0,0,0,0,0,0,0,0,0,0,0,0,0,0,0,0,0,0,0,0,0,0,0,0,0,0,0,0,0,0,0,0,0,0,0,0,0,0,0,0,0,0,0,0,0,0,0,0,0,0,0,0,0,0,0,0,0,0,0,0,0,0,0,0,0,0,0,0,0,0,0,0,0,0,0,0,0,0,0,0,0,0,0,0,0,0,0,0,0,0,0,61.0722,0,0,0,0,0,0,0,0,0,24.4,0,4.21397,0,0,0,0,22.5348,0,31.5199,0,0,0,4.98288,0,33.1889,0,17.2576,0,2.69549,0,0,0,9.3634,3.68688,0,14.9532,1.26791,131.231,0,18.4203,0,56.4644,159.281,0,0,0,0,0,0,0,0,0,0,0,0,0,0,0,0,0,0,0,0,0,0,446.384,0,0,0,0,0,0,0,0,0,0,0,0,0,0,0,0,0,0,0,0,0,0,0,0,0,0,0,0,0,0,0,0,0,0,499.81,0,0,61.3216,10.212,0,0,0,0,0,0,0,0,0,0,0,0,0,0,20.3671,0,45.3568,0,0,0,0,0,0,0,0,0,0,0,0,74.8594,0,0,0,0,38.965,0,0,87.49,0,0,0,58.6454,0,0,0,56.1828,0,0,32.9202,0,0,0,0,0,0,0,0,0,0,0,0,0,0,0,0,0,0,0,0,0,0,0,0,0,0,0,0,0,0,0,0,0,0,0,0,0,0,0,0,0,0,0,0,0,0,0,0,0,0,0,0,0,0,0,0,0,0,0,0,0,0,0,0,0,0,0,0,0,0,0,0,0,0,0,0,0
SQE,Zn+2,3,xtb,-87.7149,12.5071,0,2.10407,5.54521,0,0.27295,0.58396,0,3.01673,0,0,2.51193,6.21611,1.15587,0,0,8.2491,0,6.10194,0,0,0.45719,0,0,2.10876,0,14.2549,0,0,0,16.9652,23.0352,0,1.98096,4.2793,0,0,4.95553,21.4099,0,30.0761,0,0,41.4592,0,0,0,11.3273,0,71.1662,7.91116,66.0418,0,22.813,0,0,0,0,0,0,0,12.523,0,0,4.24227,0,0,0,0,0,43.3615,0,0,0,22.1209,0,11.2649,0,0,0,57.2197,0,0,120.573,0,0,38.3272,0,0,16.8618,0,0,0,22.0269,0,0,20.6044,0,0,37.6859,0,0,0,131.916,0,0,37.1187,0,320.469,0,0,70.6283,0,0,0,0,189.349,0,80.7782,0,0,0,54.8126,0,0,115.477,0,24.1446,31.1122,103.172,0,0,0,112.01,0,0,28.4504,0,0,0,0,0,0,0,0,0,0,0,4.9152,0,0,17.9521,0,0,0,25.606,0,0,0,0,0,0,0,0,0,8.74238,0,0,25.7463,0,0,9.76543,0,0,0,0,11.6752,0,9.20561,0,0,0,0,0,0,0,0,5.8631,0,0,18.211,0,0,0,1.94971,0,0,0,229.841,15.0286,0,0,0,0,6.08546,0,0,0,22.3507,16.7595,2.76398,28.7846,0,113.124,21.3936,0,46.944,0,0,10.6579,268.094,0,47.48,0,0,6.22938,0,0,0,12.1782,8.96984,0,0,0,0,79.9942,0,21.4883,0,28.0166,14.193,0,2.039,0,0,0,35.7936,208.713,39.8234,0,0,0,0,0,132.65,27.1407,1.43967,7.65556,63.1719,0,237.945,26.0319,0,0,0,0,0,0,0,0,0,0,38.9339,0,68.5733,0,0,0,0,0,0,0,17.0126,14.408,23.4218,54.6019,0,119.248,0,0,0,37.2737,46.9009,0,0,0,0,0,0,0,0,0,0,0,0,0,0,0,0,0,0,0,0,0,0,0,0,0,0,0,0,0,0,0,0,0,0,0,0,0,658.581,0,0,274.562,236.156,0,0,0,0,88.8781,0,1301.93,0,0,0,0,0,0,0,0,0,0,0,0,0,0,0,0,0,0,0,0,0,0,0,0,0,0,0,0,0,0,0,0,0,0,0,0,0,0,0,0,0,0,0,0,0,0,0,0,0,0,0,0,0,0,0,0,0,0,0,0,0,0,0,0,0,0,0,0,0,0,0,0,0,0,0,0,0,0,0,0,0,0,0,0,0,0,0,0,0,0,0,0,0,0,0,0,0,0,0,0,0,0,0,0,0,0,0,0,0,0,0,0,0,0,0,0,0,0,0,0,0,0,0,0,0,0,0,0,0,0,0,0,0,0,0,0,0,0,0,0,0,0,0,0,0,0,0,0,0,0,0,0,0,0,0,0,0,0,0,0,0,0,0,0,0,0,0,0,0,0,0,0,0,0,0,0,0,0,0,0,0,0,0,0,0,0,0,0,0,0,0,0,0,0,0,0,0,0,0,0,0,0,0,0,105.781,0,0,0,0,0,0,0,0,0,0,0,99.7513,0,0,0,0,0,16.2822,0,68.1331,0,0,0,0,0,0,0,0,0,0,0,0,0,0,0,0,3.04393,0,45.7731,0,22.6274,0,20.1536,28.4406,0,5.95133,1.50013,0,0,0,0,0,0,0,0,0,0,0,0,0,0,0,0,0,0,0,6.18294,0,0,0,0,0,0,0,0,0,0,0,0,0,0,0,0,0,0,0,0,0,0,0,0,0,0,0,0,0,0,0,0,0,0,0,0,0,0,0,0,0,0,0,198.18,0,0,3.28794,441.836,0,7.67485,0,8.99493,0,0,0,0,0,40.4612,0,0,0,0,38.9669,0,0,0,0,0,0,0,0,0,6.97953,0,0,0,0,0,0,0,0,0,0,0,0,0,0,0,0,0,0,0,0,0,0,40.395,0,0,0,0,0,0,0,0,0,0,0,0,0,0,0,0,0,0,0,0,0,0,0,0,0,0,0,0,0,0,0,0,0,0,0,0,0,0,0,0,0,0,0,0,0,0,0,0,0,0,0,0,0,0,0,0,0,0,0,0,0,0,0,0,0,0,0,0,0,0,0,0,0,0,0,0,0,0,0,0,0
SQN,Zn+2,3,xtb,-83.9349,7.54213,0,14.2132,0,0.8309,16.1437,4.26501,0,5.14638,0,4.725,0,0.56674,4.95298,6.22642,0,25.0015,27.6152,5.53581,0,10.3194,11.8013,0,0,0,0,11.108,0,0,16.7099,0,0,16.9703,0,0,8.47517,0,11.4453,0,30.9644,0,0,0,0,0,0,0,14.1333,0,0,10.174,0,4.84007,16.3077,0,0,0,0,14.1187,0,0,0,0,0,4.76074,0,0,0,0,15.7995,0,125.307,0,13.5031,0,70.0414,0,0,76.6839,4.96076,180.156,0,183.9,0,0,0,0,0,0,9.75281,0,0,28.999,16.5828,0,14.6169,87.3738,0,0,53.4318,0,158.39,0,0,20.7963,35.7982,0,0,0,0,64.7729,12.114,0,0,0,0,0,0,81.6282,0,0,0,35.1542,0,0,0,0,0,240.293,0,0,0,0,0,0,20.5393,0,0,258.978,0,0,38.0143,0,0,21.682,0,0,0,0,0,0,0,0,8.89737,0,0,0,46.6388,10.6362,0,11.7063,0,0,0,0,0,0,0,26.6363,47.7054,0,39.5561,0,0,0,0,0,0,0,0,0,3.22174,0,13.9705,0,0,11.1617,0,1.89377,0,0,8.19148,0,0,0,9.22075,0,0,0,123.482,11.0607,0,0,130.318,0,0,5.26251,0,4.24277,0,0,88.2714,0,0,14.6806,0,0,83.8368,0,79.6427,0,186.765,0,0,0,0,8.062,9.47864,0,0,0,0,0,31.3101,0,27.1057,31.1583,1.38739,0,10.8565,0,0,6.21851,0,0,0,135.561,0,0,8.28907,0,0,172.529,0,129.897,92.0446,0,0,81.7275,0,40.7405,0,183.297,0,0,0,0,21.9388,0,0,0,0,0,0,0,0,0,0,0,17.2264,0,0,107.325,47.9229,58.2107,4.28155,0,0,13.4236,0,0,0,0,166.559,83.059,0,0,0,0,0,0,0,0,0,0,0,0,0,0,0,0,0,0,0,0,0,0,0,0,0,0,0,0,0,0,0,0,0,0,431.648,0,0,166.351,610.324,0,0,0,610.433,0,0,581.559,0,0,0,0,0,0,0,0,0,0,0,0,0,0,0,0,0,0,0,0,0,0,0,0,0,0,0,0,0,0,0,0,0,0,0,0,0,0,0,0,0,0,0,0,0,0,0,0,0,0,0,0,0,0,0,0,0,0,0,0,0,0,0,0,0,0,0,0,0,0,0,0,0,0,0,0,0,0,0,0,0,0,0,0,0,0,0,0,0,0,0,0,0,0,0,0,0,0,0,0,0,0,0,0,0,0,0,0,0,0,0,0,0,0,0,0,0,0,0,0,0,0,0,0,0,0,0,0,0,0,0,0,0,0,0,0,0,0,0,0,0,0,0,0,0,0,0,0,0,0,0,0,0,0,0,0,0,0,0,0,0,0,0,0,0,0,0,0,0,0,0,0,0,0,0,0,0,0,0,0,0,0,0,0,0,0,0,0,0,0,0,0,0,0,0,0,0,0,136.938,0,0,0,0,0,0,0,0,0,0,0,0,0,0,0,0,0,0,0,83.3547,0,0,0,0,0,0,0,19.13,0,0,0,62.4871,0,0,0,0,0,0,0,0,0,0,0,6.15315,0,15.7153,0,0,0,36.9213,0,13.3998,23.299,4.45486,5.65404,0,0,0,0,0,0,0,0,0,0,0,0,0,0,0,0,0,0,0,0,0,0,0,0,0,0,0,0,0,0,0,0,0,0,0,0,0,0,0,0,0,0,0,0,0,0,384.534,0,0,0,0,0,0,0,0,0,0,0,65.0747,2.54064,0,0,0,0,0,0,4.42171,0,0,0,0,0,0,0,0,0,0,0,0,56.6172,0,0,0,0,0,0,20.5108,19.4241,0,0,0,0,0,0,0,0,0,0,0,0,0,27.0477,0,0,0,0,0,0,0,0,0,0,0,0,51.5659,0,0,0,0,0,0,0,0,0,0,0,0,0,0,0,0,0,0,0,0,0,0,0,0,0,0,0,0,0,0,0,0,0,0,0,0,0,0,0,0,0,0,0,0,0,0,0,0,0,0,0,0,0,0,0,0,0,0,0,0,0,0,0,0,0,0,0,0,0,0,0,0,0,0,0,0,0,0,0,0,0
VGW,Co+2,3,xtb,-101.582,5.34631,2.20088,0,3.03102,1.31177,0,13.9372,0.91672,4.31272,0,0,11.7023,0,0,1.3914,0,0.27673,2.73441,3.10218,0,0,3.77009,37.5511,16.9493,15.5229,0,7.34682,0,7.41908,0,1.36106,0,8.20175,11.0419,0,12.862,0,0,4.45896,0,7.17462,6.99707,0,0,7.87055,0,14.2026,60.6406,15.2095,0,78.46,0,5.61873,0,0,34.846,0,3.13144,0,0,0,12.3189,0,95.9201,0,0,0,90.0628,0,2.80117,0,50.7638,12.1463,10.1672,0,35.3803,0,0,9.63639,0,145.495,0,0,0,0,10.4342,302.911,0,0,516.458,6.5785,0,56.697,0,0,0,8.32471,0,0,56.1656,118.16,0,10.7016,0,0,27.5252,0,95.0669,0,0,0,22.7744,0,0,0,21.3348,47.3556,82.7408,0,0,0,39.5563,14.442,0,0,0,0,0,159.637,0,32.3537,0,329.662,0,0,28.1751,0,0,0,76.3779,10.6287,0,0,0,8.41585,0,6.69882,0,0,24.0938,0,0,0,0,0,0,0,20.4081,31.7922,0,0,3.73237,0,0,339.002,0,0,0,0,0,0,3.3016,0,0,0,0.05879,0,0,0,4.44089,3.92134,0,0,0,6.07549,0,7.24294,2.10076,16.2778,0,0,0,0,10.5981,0,0,0,0,0,12.3196,0,0,10.109,2.70136,4.12153,10.072,0,0,20.4686,0,19.4152,19.2339,0,0,0,0,0,200.72,18.5827,0,0,7.38198,7.57362,5.75666,0,29.3028,0,4.52186,0,0,7.45779,0,0.5678,0,47.1057,0,1.30435,0,15.8771,0,26.3308,0,0,11.7264,0,0,0,0,54.3062,4.60456,52.267,0,64.627,0,0,0,6.96311,171.307,0,0,0,0,0,52.358,0,0,0,0,41.6459,0,0,0,6.54992,0,0,37.7542,0,15.1737,52.5439,0,0,6.13226,0,190.058,0,0,21.2838,0,0,41.7516,16.884,34.651,86.3532,236.703,0,0,0,0,0,0,11.7914,332.877,0,0,0,0,18.324,0,0,0,0,0,0,12.0145,0,0,0,0,0,0,0,0,224.145,0,0,0,0,0,80.82,0,0,0,0,0,0,0,0,0,0,0,0,0,273.664,0,0,0,0,0,0,0,0,0,0,0,0,0,0,0,0,0,0,0,0,0,0,0,0,0,0,0,0,0,0,0,0,0,0,0,0,0,0,0,0,0,0,0,0,0,0,0,0,0,0,0,0,0,0,0,0,0,0,0,0,0,0,0,0,0,0,0,0,0,0,0,0,0,0,0,0,0,0,0,0,0,0,0,0,0,0,0,0,0,0,0,0,0,0,0,0,0,0,0,0,0,0,0,0,0,0,0,0,0,0,0,0,0,0,0,0,0,0,0,0,0,0,0,0,0,0,0,0,0,0,0,0,0,0,0,0,0,0,0,0,0,0,0,0,0,0,0,0,0,0,0,0,0,0,0,0,0,0,0,0,0,0,0,0,0,0,0,0,0,0,0,0,0,0,0,0,0,0,0,0,0,0,0,0,0,0,0,0,0,0,0,0,0,0,0,0,0,0,0,0,0,0,0,0,0,0,0,0,0,0,0,0,0,0,0,0,0,0,0,0,0,0,0,0,0,227.182,0,0,0,0,7.13755,20.679,0,0,0,0,16.9942,0,0,5.87689,0,0,0,8.20174,0,0,0,9.30684,10.2335,8.8043,0,42.4056,0,0,0,24.5082,0,10.1812,0,29.0246,11.7411,20.9416,0,4.7119,0,46.8299,0,61.3667,0,0,0,0,0,0,0,0,17.0015,0,0,0,0,0,0,0,0,0,0,0,0,139.736,0,0,0,0,0,0,0,0,0,0,0,0,0,0,0,0,0,0,0,0,59.9358,0,0,0,0,0,0,0,37.6627,0,0,0,0,0,0,0,0,0,0,0,0,57.9246,0,0,0,84.7844,0,0,0,0,0,0,0,0,41.488,0,23.9691,0,0,0,0,0,0,0,0,0,0,0,0,0,0,0,95.7857,0,187.858,0,41.8216,115.337,0,0,25.6737,0,0,0,0,0,0,0,0,0,0,0,0,0,0,0,0,0,0,0,0,0,0,0,0,0,0,0,0,0,0,0,0,0,0,0,0,0,0,0,0,0,0,0,0,0,0,0,0,0,0,0,0,0,0,0,0,0,0,0,0,0,0,0,0,0,0,0,0,0,0,0,0,0,0,0,0,0
VHC,Ni+2,3,xtb,-94.7925,6.16028,0.87574,2.26602,0,1.85311,0.60451,0,1.19517,0,3.32909,0,5.83341,0,0,5.31995,0,0,3.36475,2.13993,5.99651,0,7.588,0,0,10.6656,4.56585,6.29135,4.734,0,1.1559,0,9.57311,0,18.419,4.95809,4.23253,0,0,0,0,4.46448,0.84755,0,6.70545,0,1.61695,0.86639,0,19.3807,12.0346,0,70.7121,54.4263,7.5617,0,3.75428,0,18.7136,0,20.0059,0,0,31.9771,0,15.7463,0,0,0,0,11.1471,0,30.3642,23.6898,0,0,0,4.3887,0,0,0,17.0923,20.0675,0,0,0,10.2097,0,0,0,218.136,0,364.383,0,0,0,0,0,42.1219,0,0,0,0,0,0,0,76.3921,0,606.786,34.1996,0,64.2078,0,0,13.5111,0,0,0,66.5027,0,4.11884,0,0,0,0,0,0,58.9871,17.4305,0,241.893,0,0,143.25,0,95.2579,0,0,0,0,0,0,0,0,0,8.45676,27.9431,9.99879,0,0,0,12.2932,0,0,0,0,0,0,0,5.97664,0,0,0,22.5755,0,5.02951,0,0,0,0,0,1.49441,0,0,0,0,16.6363,0,37.1248,0,0,4.36836,3.49246,0,0,0,20.1446,9.18907,5.73826,0,0,0,0,0,9.35712,0,153.094,0,0,0,0,11.7021,0,0,0,0,0,0,59.6202,0,22.5793,36.8275,17.3307,0,0,0,0,0,15.446,177.964,0,38.2226,8.26571,0,20.2391,0,0,10.8789,0,0,0,10.6552,11.8776,0,0,0,0,39.5132,0,34.4567,0,0,165.187,6.61092,0,0,11.52,0.12381,0,0,8.14734,0,0,2.77999,1.50279,2.21386,0,0,0,0,3.32526,8.98432,0,0,0,0,0,0,0,0,0,0,248.427,1.65396,7.72933,0,119.73,0,0,13.8231,0,0,0,0,208.741,0,0,0,0,1.04789,0,163.701,89.4783,96.735,0,0,0,0,46.7905,0,0,0,9.63601,0,0,0,0,0,0,0,0,0,0,294.02,0,0,0,0,0,0,0,0,0,0,0,0,0,0,0,0,0,0,323.063,0,0,0,0,0,0,0,0,0,0,0,0,0,0,0,0,0,0,0,0,422.685,0,0,0,0,0,0,0,0,0,0,0,0,0,0,0,0,0,0,0,0,0,0,0,0,0,0,0,0,0,0,0,0,0,0,0,0,0,0,0,0,0,0,0,0,0,0,0,0,0,0,0,0,0,0,0,0,0,0,0,0,0,0,0,0,0,0,0,0,0,0,0,0,0,0,0,0,0,0,0,0,0,0,0,0,0,0,0,0,0,0,0,0,0,0,0,0,0,0,0,0,0,0,0,0,0,0,0,0,0,0,0,0,0,0,0,0,0,0,0,0,0,0,0,0,0,0,0,0,0,0,0,0,0,0,0,0,0,0,0,0,0,0,0,0,0,0,0,0,0,0,0,0,0,0,0,0,0,0,0,0,0,0,0,0,0,0,0,0,0,0,0,0,0,0,0,0,0,0,0,0,0,0,0,0,0,0,0,0,0,0,0,0,0,0,0,0,0,0,0,0,0,0,0,0,0,0,0,0,0,0,0,0,0,0,0,0,0,2.87471,0,0,0,0,4.0833,14.3905,0,0,0,25.4287,14.6822,0,10.3811,4.71836,0,0,808.938,0,0,0,0,9.38277,0,23.406,13.4334,74.6262,0,26.5836,0,0,6.88032,29.0045,0,0,0,0,0,0,0,0,0,0,0,0,0,0,0,0,0,0,0,0,0,0,6.25141,0,0,381.325,1.0575,0,0,0,0,0,0,0,0,0,0,0,0,0,0,0,0,0,0,0,0,0,0,0,0,0,0,0,0,0,0,0,0,0,0,2.88476,0,0,0,0,0.87911,0,53.4071,0,0,0,77.8856,0,0,0,0,0,0,68.384,0,0,0,0,0,0,0,0,0,0,0,102.213,0,0,0,0,15.1654,19.247,0,0,0,0,0,0,0,0,44.7367,0,41.9856,0,0,0,0,0,0,0,0,0,0,0,0,0,0,0,0,0,0,0,0,0,0,0,0,0,0,0,0,0,0,0,0,0,0,0,0,0,0,0,0,0,0,0,0,0,0,0,0,0,0,0,0,0,0,0,0,0,0,0,0,0,0,0,0,0,0,0,0,0,0,0,0,0,0,0,0,0,0,0
VIK,Zn+2,3,xtb,-85.9879,12.4391,0.47108,0.57985,3.64092,0,1.66592,1.05295,3.31209,0,6.10099,0,1.04821,8.81424,0,0,5.40031,6.72134,0,0,0,0,5.0781,0,0,0,0,5.30855,3.35374,0,16.5922,0,11.8955,5.86928,1.82671,0,1.20548,0,0.86672,0,9.90121,0,16.0289,0,11.0562,0,5.18876,0,0,10.6408,0,38.3127,13.4953,0,0,0,0,9.8993,13.4707,13.4696,0,0,6.27346,0,45.6804,0.5644,0,0,0,0,10.5872,0,0,0,4.46801,0,13.0126,0,22.8267,0,0,11.3525,0,0,0,33.4065,0,0,1.86731,0,0,0,44.0369,0,0,0,0,13.4419,0,0,0,0,0,14.4123,0,0,0,0,0,93.6717,0,30.3745,0,57.1452,0,0,0,28.9642,0,0,0,0,0,64.6932,0,0,92.5916,0,0,0,0,0,20.7208,0,0,0,0,41.6084,0,0,38.8086,0,0,0,38.0405,0,0,0,0,0,0,0,0,226.975,0,0,0,0,10.8871,0,0,13.5685,0,0,0,0,8.75244,0,0.37055,0,0,0,0,37.2019,0,26.4073,0,0,0,0,2.82681,7.44101,0,80.6119,0,5.46917,0,0,33.9244,15.8045,34.5796,0,0,0,18.6422,0,5.10091,0,0,0,116.562,0,0,0,99.05,3.2794,0,15.4781,3.92678,0,0,27.5787,7.30505,0,25.3883,0,1.66785,0,168.911,108.087,0,0,3.57593,0.4823,2.3075,7.88159,0,0,4.05409,0,0,10.6094,9.17616,0,5.4739,7.98064,0,3.34512,0,0,0,10.1497,25.5881,19.178,0,0,0,81.4538,0,12.1071,96.6605,0,37.7607,0,6.55379,0,87.2462,64.0002,20.3886,102.526,150.784,0,14.6079,5.92785,0,0,4.36703,0,0,0,0,0,4.76946,0.92514,8.14325,3.42563,0,0,0,0,0,0,0,0,1.41481,2.35793,0,0,7.67621,6.72925,1.48446,15.8166,2.24254,11.0969,101.815,10.6651,0,0,0,103.038,0,0,0,0,0,0,0,0,0,0,0,0,0,0,0,0,0,0,0,0,0,0,0,0,0,0,0,0,0,0,280.325,755.244,0,0,0,0,0,0,0,0,695.17,0,0,0,0,0,0,0,0,0,0,0,0,0,0,0,0,0,0,0,0,0,0,0,0,0,0,0,0,0,0,0,0,0,0,0,0,0,0,0,0,0,0,0,0,0,0,0,0,0,0,0,0,0,0,0,0,0,0,0,0,0,0,0,0,0,0,0,0,0,0,0,0,0,0,0,0,0,0,0,0,0,0,0,0,0,0,0,0,0,0,0,0,0,0,0,0,0,0,0,0,0,0,0,0,0,0,0,0,0,0,0,0,0,0,0,0,0,0,0,0,0,0,0,0,0,0,0,0,0,0,0,0,0,0,0,0,0,0,0,0,0,0,0,0,0,0,0,0,0,0,0,0,0,0,0,0,0,0,0,0,0,0,0,0,0,0,0,0,0,0,0,0,0,0,0,0,0,0,0,0,0,0,0,0,0,0,0,0,0,0,0,0,0,0,0,0,0,0,0,0,0,0,0,0,0,0,0,1552.83,0,0,0,0,0,0,0,0,0,0,0,24.6123,0,0,0,0,0,64.341,36.7028,0,0,0,0,42.4415,0,0,0,30.533,0,0,0,0,0,0,0,2.22598,32.9931,1.92081,69.4621,0,34.9479,97.3266,28.8414,63.1395,80.6634,0,0,88.369,72.1969,31.899,5.93706,73.4042,43.8633,11.0764,10.5912,0,0,0,0,0,0,0,0,0,0,0,0,0,0,0,0,0,0,0,0,0,0,0,0,0,0,0,0,0,0,0,0,0,0,0,0,0,0,0,0,0,0,0,0,0,0,0,0,0,0,0,0,0,0,0,0,0,0,0,24.8803,0,3.24144,0,0,0.36665,0,0,0,39.2134,0,0,0,0,0,0,0,0,0,0,0,0,0,0,0,0,0,0,0,0,0,0,0,0,0,0,0,0,0,0,0,0,0,0,0,0,0,26.8938,0,0,0,0,0,0,0,0,0,0,0,0,0,0,0,0,0,0,0,0,0,0,0,0,0,0,0,0,0,0,0,0,0,0,0,0,0,0,0,0,0,0,0,0,0,0,0,0,0,0,0,0,0,0,0,0,0,0,0,0,0,0,0,0,0,0,0,0,0,0,0,0,0,0,0,0,0,0,0,0,0
VLI,Ni+2,3,xtb,-96.9804,7.95079,1.34381,0,0.19449,2.14329,0.58373,0,0.47727,0.93489,5.33497,3.72226,0,0,0,1.19275,0.29741,0,3.50842,0,3.52974,0,0,4.59109,0,0,2.59503,0,14.8048,1.01895,5.4424,0,0.23709,9.50449,32.5558,34.6874,0,17.6273,0,0.23397,41.0345,2.65538,3.43304,0,0,15.9126,23.8119,0,0,0,0,35.9842,6.23884,8.39572,0,0,0,1.24238,0,0,0,1.62756,0,0,9.57987,4.19073,0,52.992,0,46.7421,12.212,0,5.35514,0,0,23.7831,0.95691,0,0,57.8092,0,0,12.9858,0,0,0,27.8893,0,3.73963,0,0,0,228.041,0,0,100.632,25.9196,0,0,0,28.626,0,0,0,0,0,0,0,14.9503,0,0,0,37.2841,0,0,0,0,291.579,0,0,40.9266,0,0,0,66.2529,0,0,55.3027,0,112.992,0,0,0,0,144.807,36.5411,0,0,0,0,11.3334,0,0,0,0,0,0,0,0,0,0,0,0,0,5.00711,0,0,0,405.059,0,2.2146,7.21257,0,0,0,21.8989,0,0,3.9228,0,0,0,0,0,0,0,5.77629,0,0,0,24.5576,2.12892,8.28699,2.8674,0,0,14.0182,0,17.7121,1.43086,19.1924,0,0,0,0,0,3.59178,0,0,0,22.0206,0,0,17.5414,0,0,0,12.9855,13.5683,86.4876,0,3.59613,0.19955,0,156.757,43.7599,6.28152,0,0,0,0,66.2298,5.87232,0,0,5.63928,0.80185,2.9034,0,22.0686,0,1.49626,2.13322,0,8.89131,0,0,0,0,5.54216,0,0,13.8251,4.77188,0,3.12395,0,3.31614,3.84029,0,0,1.07091,0,317.056,0,0,21.7647,63.2619,35.9127,0,0,3.29958,0,26.5434,0,56.6435,0,0,0,0,0,0,9.95932,1.63858,7.75955,8.83822,0,0,0,0,0,0,0,0,0,7.87747,0,3.55742,2.89462,6.36369,6.34411,99.6453,6.89123,0,4.05218,0,0,106.405,0,63.2561,256.368,0,0,0,0,0,0,0,0,0,0,0,0,0,0,0,0,0,0,0,0,948.767,0,0,212.122,0,0,0,0,0,0,567.515,0,0,0,0,0,0,0,0,0,0,0,0,0,0,0,0,0,0,0,0,0,0,0,0,0,0,0,0,0,0,0,0,0,0,0,0,0,0,0,0,0,0,0,0,0,0,0,0,0,0,0,0,0,0,0,0,0,0,0,0,0,0,0,0,0,0,0,0,0,0,0,0,0,0,0,0,0,0,0,0,0,0,0,0,0,0,0,0,0,0,0,0,0,0,0,0,0,0,0,0,0,0,0,0,0,0,0,0,0,0,0,0,0,0,0,0,0,0,0,0,0,0,0,0,0,0,0,0,0,0,0,0,0,0,0,0,0,0,0,0,0,0,0,0,0,0,0,0,0,0,0,0,0,0,0,0,0,0,0,0,0,0,0,0,0,0,0,0,0,0,0,0,0,0,0,0,0,0,0,0,0,0,0,0,0,0,0,0,0,0,0,0,0,0,0,0,0,0,0,0,0,0,0,0,0,0,0,0,0,0,0,0,0,0,0,0,0,0,0,0,0,0,0,0,0,0,0,0,0,0,0,0,0,72.9551,15.372,0,0,0,60.1981,0,44.4687,3.99467,12.4346,0,68.5443,0,0,0,0,43.8162,38.0941,0,4.21659,0,20.7919,0,0,0,0,0,0,0,0,10.833,133.067,54.7366,160.983,55.26,29.5151,49.4582,3.13039,59.5236,0,0,0,0,0,0,0,0,0,0,0,0,424.274,0,0,0,0,0,0,0,0,0,0,0,0,0,185.763,0,0,0,0,0,0,764.998,0,0,0,0,0,0,0,0,0,0,0,0,0,0,0,0,0,3.63853,0,0,0,0,0,0,0,0,0,0,0,0,0,0,0,0,46.2165,0,0,0,0,0,0,0,188.825,0,0,0,0,0,0,0,0,0,0,0,0,0,0,0,0,0,0,0,0,0,0,0,0,0,0,0,0,0,0,0,0,11.0962,0,0,14.914,0,0,0,0,0,0,12.0772,0,0,0,0,0,0,0,0,0,0,0,0,0,0,0,0,0,0,0,0,0,0,0,0,0,0,0,0,0,0,0,0,0,0,0,0,0,0,0,0,0,0,0,0,0,0,0,0,0,0,0,0,0,0,0,0,0,0,0,0,0,0,0,0,0,0,0,0
